locus,CHR,START,STOP,phen1,phen2,rho,rho.lower,rho.upper,r2,r2.lower,r2.upper,p
2351,19,45040933,45893307,AD,Any_AMD,-0.341655,-0.4249,-0.26055,0.116728,0.06788,0.18054,2.43148e-15
2415,20,51533751,52411532,AD,Any_AMD,-0.533474,-0.7919,-0.31156,0.284594,0.09707,0.62711,8.75957e-06
2031,14,105091341,106347143,AD,Any_AMD,1,0.38814,1,1,0.15065,1,1.32448e-05
1037,6,106053916,107309327,AD,Any_AMD,-0.898222,-1,-0.51396,0.806802,0.26416,1,2.4869e-05
2405,20,41351515,42185671,AD,Any_AMD,0.804185,0.44607,1,0.646714,0.19898,1,4.77202e-05
1358,8,133461552,134509448,AD,Any_AMD,-0.775798,-1,-0.3879,0.601863,0.15047,1,0.000130178
1608,10,133818037,134856054,AD,Any_AMD,-0.626126,-1,-0.31964,0.392034,0.10217,1,0.000136085
1834,12,104140832,105079100,AD,Any_AMD,1,0.37654,1,1,0.14179,1,0.000207115
1916,13,76671494,77460044,AD,Any_AMD,-0.990799,-1,-0.45398,0.981683,0.20609,1,0.000239028
1577,10,99367801,100337830,AD,Any_AMD,0.515807,0.25358,0.83806,0.266057,0.0643,0.70234,0.000246226
967,6,32682214,32897998,AD,Any_AMD,-0.510311,-0.78923,-0.2611,0.260417,0.06817,0.62288,0.000258363
2337,19,30375793,31763008,AD,Any_AMD,0.597171,0.29327,1,0.356613,0.08601,1,0.00026297
1977,14,44623274,45817082,AD,Any_AMD,0.967719,0.44017,1,0.93648,0.19375,1,0.000289018
1801,12,66114644,67183620,AD,Any_AMD,0.534425,0.25336,0.97445,0.28561,0.06419,0.94955,0.000339591
2075,15,73375719,74458113,AD,Any_AMD,-0.636843,-1,-0.29462,0.405569,0.0868,1,0.000504529
1022,6,89974268,91097024,AD,Any_AMD,-0.838994,-1,-0.36606,0.703911,0.134,1,0.000617298
833,5,67096192,68006993,AD,Any_AMD,0.522075,0.22719,0.94006,0.272562,0.05161,0.88371,0.000618292
2195,17,25872111,27344401,AD,Any_AMD,0.479436,0.20236,0.80715,0.229859,0.04095,0.65149,0.000969244
2447,21,32202240,33270272,AD,Any_AMD,0.499167,0.20277,0.83839,0.249168,0.04111,0.7029,0.00115426
1401,9,24757730,25957606,AD,Any_AMD,0.507894,0.20971,0.99422,0.257957,0.04403,0.98847,0.00125696
272,2,65938003,67224027,AD,Any_AMD,0.647072,0.26482,1,0.418702,0.07013,1,0.00127975
1538,10,55867695,57044845,AD,Any_AMD,0.658669,0.28529,1,0.433845,0.08139,1,0.00131034
2471,22,26166935,27192923,AD,Any_AMD,0.542274,0.21614,0.98934,0.294061,0.04672,0.9788,0.00140222
2209,17,45883902,47516224,AD,Any_AMD,-0.937011,-1,-0.38987,0.87799,0.15222,1,0.00148087
2225,17,68176220,69245590,AD,Any_AMD,0.818281,0.31735,1,0.669584,0.10071,1,0.00167709
2105,16,3379997,4816145,AD,Any_AMD,0.993483,0.34106,1,0.987008,0.11632,1,0.00167943
2452,21,38046450,39252059,AD,Any_AMD,-0.525292,-1,-0.20098,0.275931,0.04039,1,0.00178153
251,2,45850048,46499326,AD,Any_AMD,-0.461784,-0.78292,-0.18582,0.213244,0.03453,0.61297,0.00178698
1187,7,100849308,101950748,AD,Any_AMD,0.407855,0.15619,0.70722,0.166346,0.0244,0.50017,0.00194586
317,2,124730992,125741528,AD,Any_AMD,-1,-1,-0.34005,1,0.11563,1,0.00199383
2063,15,57641165,58712954,AD,Any_AMD,0.367051,0.14065,0.61165,0.134726,0.01978,0.37412,0.00202561
2073,15,70767984,72058129,AD,Any_AMD,-0.579034,-1,-0.22582,0.33528,0.051,1,0.00204446
1544,10,62626466,64069687,AD,Any_AMD,-0.483216,-0.84476,-0.18445,0.233498,0.03402,0.71362,0.00225448
744,4,162239290,163245541,AD,Any_AMD,-0.728196,-1,-0.28132,0.53027,0.07914,1,0.00234142
1938,13,99402295,100470868,AD,Any_AMD,0.898952,0.32706,1,0.808114,0.10721,1,0.00243948
966,6,32629240,32682213,AD,Any_AMD,-0.288398,-0.47158,-0.10576,0.0831733,0.01119,0.22238,0.00248098
1694,11,87676871,88359287,AD,Any_AMD,1,0.30731,1,1,0.0951,1,0.00249168
865,5,107265912,108641784,AD,Any_AMD,-0.548391,-0.98351,-0.2063,0.300733,0.04256,0.96728,0.00257149
1043,6,113705004,115062811,AD,Any_AMD,0.494308,0.18545,0.88093,0.244341,0.03439,0.77603,0.00263418
1971,14,38722115,40343754,AD,Any_AMD,0.607871,0.22602,1,0.369507,0.05108,1,0.00268519
155,1,201067953,202583884,AD,Any_AMD,-0.407808,-0.69876,-0.14721,0.166307,0.02167,0.48826,0.00282642
1199,7,116835337,118342090,AD,Any_AMD,-1,-1,-0.19645,1,0.04167,1,0.00287869
362,2,178149982,179224870,AD,Any_AMD,-0.783538,-1,-0.29351,0.613931,0.08615,1,0.00302434
410,2,234115093,234945577,AD,Any_AMD,-0.735212,-1,-0.27455,0.540537,0.07555,1,0.003029
1879,13,36579414,37499810,AD,Any_AMD,0.504082,0.19427,1,0.254099,0.03782,1,0.00308542
982,6,47313444,48393981,AD,Any_AMD,0.704217,0.25835,1,0.495921,0.06696,1,0.00324389
249,2,44104111,45189468,AD,Any_AMD,0.525289,0.19258,0.99596,0.275929,0.03709,0.99193,0.00345655
738,4,155044410,156520288,AD,Any_AMD,0.512639,0.1802,1,0.262799,0.03247,1,0.00402824
2176,17,2699136,3430440,AD,Any_AMD,-0.598246,-1,-0.1883,0.357899,0.03588,1,0.00440402
1686,11,79802287,80726012,AD,Any_AMD,-0.671277,-1,-0.2281,0.450613,0.05226,1,0.0045037
2373,20,3736552,4591847,AD,Any_AMD,-0.544907,-1,-0.18183,0.296924,0.03318,1,0.00456983
2033,14,106876549,107289435,AD,Any_AMD,0.7929,0.25781,1,0.62869,0.06705,1,0.00459383
628,4,29758400,30455555,AD,Any_AMD,0.569981,0.19719,1,0.324878,0.03891,1,0.00467897
832,5,65606871,67096191,AD,Any_AMD,-0.393806,-0.68858,-0.12302,0.155083,0.01517,0.47415,0.0049267
1336,8,107787164,108647463,AD,Any_AMD,-0.729185,-1,-0.24574,0.531711,0.06052,1,0.00513513
422,3,795747,1440048,AD,Any_AMD,-0.761189,-1,-0.21717,0.579409,0.04849,1,0.00525105
508,3,101906990,103450271,AD,Any_AMD,-0.410963,-0.74231,-0.12712,0.16889,0.01617,0.55102,0.00525126
1129,7,31730555,32460228,AD,Any_AMD,-0.370126,-0.67341,-0.11009,0.136994,0.0122,0.45349,0.00526852
617,4,17290237,18753263,AD,Any_AMD,0.530994,0.17522,1,0.281955,0.03103,1,0.00530282
890,5,135344944,136949853,AD,Any_AMD,0.59134,0.19317,1,0.349683,0.03744,1,0.00539004
1964,14,30831155,32382245,AD,Any_AMD,-0.760924,-1,-0.23968,0.579006,0.05829,1,0.00554271
2068,15,63218979,64339945,AD,Any_AMD,0.519101,0.16738,1,0.269466,0.0281,1,0.00563223
1080,6,156762741,158220143,AD,Any_AMD,-0.760148,-1,-0.21983,0.577824,0.04915,1,0.0057624
2124,16,24014706,25235251,AD,Any_AMD,0.463422,0.13984,0.9223,0.21476,0.01956,0.85063,0.00589997
1162,7,67474723,68569224,AD,Any_AMD,-0.525231,-1,-0.16112,0.275868,0.0262,1,0.00631352
2208,17,44865833,45883901,AD,Any_AMD,-1,-1,-0.19686,1,0.04086,1,0.0065369
4,1,2983520,3582047,AD,Any_AMD,-0.461138,-0.91281,-0.13433,0.212648,0.01812,0.83323,0.00681841
498,3,87411259,88375763,AD,Any_AMD,0.980164,0.27216,1,0.960722,0.07409,1,0.00691691
2260,18,26861068,27823155,AD,Any_AMD,1,0.19401,1,1,0.03992,1,0.00718315
374,2,191051955,193033982,AD,Any_AMD,0.670066,0.19184,1,0.448989,0.03725,1,0.00753356
914,5,165289212,166863413,AD,Any_AMD,-0.87725,-1,-0.20254,0.769567,0.04121,1,0.00755929
1498,10,10969482,11856924,AD,Any_AMD,0.367906,0.1002,0.69384,0.135355,0.01015,0.48142,0.00758636
2316,19,8199017,9105577,AD,Any_AMD,-0.324158,-0.58748,-0.08867,0.105078,0.00789,0.34513,0.00794916
649,4,49325139,53879571,AD,Any_AMD,-0.300424,-0.53483,-0.08349,0.0902543,0.00707,0.28605,0.00801272
483,3,71223282,72334704,AD,Any_AMD,0.361042,0.102,0.67297,0.130351,0.01055,0.45289,0.00801952
60,1,69438910,70992905,AD,Any_AMD,-0.791914,-1,-0.22321,0.627128,0.05029,1,0.0082521
1023,6,91097025,92015279,AD,Any_AMD,0.57627,0.16306,1,0.332088,0.02701,1,0.00867718
2196,17,27344402,29783141,AD,Any_AMD,0.895111,0.21973,1,0.801223,0.04945,1,0.00876381
395,2,218396259,219678783,AD,Any_AMD,0.49785,0.1437,1,0.247855,0.0212,1,0.00896266
1610,11,87150,1061399,AD,Any_AMD,1,0.13048,1,1,0.0199,1,0.00918225
901,5,151892618,152878627,AD,Any_AMD,1,0.11516,1,1,0.01802,1,0.0093221
2319,19,11681979,13213186,AD,Any_AMD,-0.388502,-0.7268,-0.11083,0.150934,0.01234,0.52823,0.00971313
1940,13,101573737,103050417,AD,Any_AMD,0.667556,0.18309,1,0.445631,0.03472,1,0.0100569
672,4,78967716,79880101,AD,Any_AMD,-0.473791,-1,-0.1217,0.224478,0.01547,1,0.0103486
2301,18,73568261,74471745,AD,Any_AMD,-0.553073,-1,-0.14003,0.30589,0.0204,1,0.0107328
1791,12,53039988,54371448,AD,Any_AMD,0.334244,0.07874,0.60865,0.111719,0.00661,0.37046,0.0109752
1490,10,3880323,4813182,AD,Any_AMD,0.423516,0.10694,0.92301,0.179365,0.01197,0.85195,0.0109846
673,4,79880102,81206182,AD,Any_AMD,0.831839,0.18861,1,0.691957,0.03755,1,0.0113115
1300,8,63253463,64215358,AD,Any_AMD,-0.980101,-1,-0.26847,0.960597,0.07394,1,0.0115591
176,1,226534712,228045554,AD,Any_AMD,-0.595528,-1,-0.14425,0.354653,0.02221,1,0.0118139
2046,15,35118928,36583327,AD,Any_AMD,-0.692742,-1,-0.16713,0.479891,0.03011,1,0.0118168
1431,9,86769887,87815449,AD,Any_AMD,0.611301,0.15331,1,0.373688,0.02398,1,0.0118307
2239,18,848351,1940211,AD,Any_AMD,-0.457663,-1,-0.09537,0.209455,0.00992,1,0.012228
2353,19,46765061,47752727,AD,Any_AMD,-0.234749,-0.42168,-0.05427,0.0551072,0.0032,0.17782,0.0123068
1474,9,130902728,132193798,AD,Any_AMD,0.682383,0.14538,1,0.465646,0.02492,1,0.0123383
803,5,30416067,31679464,AD,Any_AMD,-0.520274,-1,-0.11662,0.270685,0.01499,1,0.0123836
1536,10,53919162,55104428,AD,Any_AMD,-0.409171,-0.84544,-0.10364,0.167421,0.01103,0.71476,0.0124181
1172,7,81533567,82759283,AD,Any_AMD,0.407808,0.10643,0.78798,0.166307,0.01146,0.62091,0.0124828
1765,12,25058715,25990813,AD,Any_AMD,0.41768,0.0971,0.84004,0.174457,0.00952,0.70566,0.0127816
1740,12,60317,1078397,AD,Any_AMD,-0.459222,-1,-0.10484,0.210885,0.01161,1,0.0127925
964,6,32539568,32586784,AD,Any_AMD,-0.202036,-0.36068,-0.04366,0.0408184,0.00196,0.13009,0.0133719
2272,18,42974166,44300145,AD,Any_AMD,-0.380084,-0.72085,-0.08665,0.144464,0.00783,0.51962,0.0134392
850,5,89584467,90793804,AD,Any_AMD,0.752811,0.17793,1,0.566724,0.03275,1,0.0135832
1367,8,142611890,143611461,AD,Any_AMD,-0.611973,-1,-0.13521,0.374511,0.01968,1,0.0136244
148,1,193575517,194365688,AD,Any_AMD,-0.263886,-0.47736,-0.05896,0.0696356,0.00386,0.22788,0.0136598
1896,13,54684857,55576912,AD,Any_AMD,-0.841269,-1,-0.19187,0.707733,0.03858,1,0.0139373
828,5,60930754,62180368,AD,Any_AMD,-0.478773,-1,-0.10878,0.229223,0.01332,1,0.0143736
2081,15,79998207,81077025,AD,Any_AMD,0.490762,0.11302,1,0.240848,0.01357,1,0.0146613
974,6,38688721,39785907,AD,Any_AMD,-0.761098,-1,-0.14889,0.57927,0.0241,1,0.0146866
1159,7,65294278,66453993,AD,Any_AMD,-0.747111,-1,-0.19381,0.558175,0.04051,1,0.0149078
1382,9,9170121,9920258,AD,Any_AMD,-1,-1,-0.12915,1,0.02307,1,0.0155958
1547,10,66510388,67146043,AD,Any_AMD,-0.9562,-1,-0.20242,0.914318,0.04941,1,0.0163914
1616,11,4946052,5533057,AD,Any_AMD,-0.602109,-1,-0.14178,0.362536,0.02191,1,0.0167101
1572,10,92911507,94503299,AD,Any_AMD,-0.548411,-1,-0.10288,0.300755,0.01271,1,0.0177179
83,1,95122542,96147576,AD,Any_AMD,-1,-1,-0.12887,1,0.0213,1,0.0179639
829,5,62180369,63214089,AD,Any_AMD,-0.746798,-1,-0.15718,0.557707,0.0293,1,0.0182055
2006,14,76694202,77425453,AD,Any_AMD,0.278275,0.04442,0.52727,0.0774371,0.00259,0.27801,0.0185117
1829,12,97814022,99244337,AD,Any_AMD,1,0.05987,1,1,0.00919,1,0.0187009
1720,11,113889020,114742317,AD,Any_AMD,0.391936,0.07303,0.88117,0.153614,0.00631,0.77646,0.0188794
1773,12,31797153,32368905,AD,Any_AMD,-0.753402,-1,-0.15774,0.567615,0.02768,1,0.019024
368,2,184148656,184866232,AD,Any_AMD,0.640641,0.11697,1,0.410421,0.01713,1,0.0191209
207,2,4016105,4766969,AD,Any_AMD,0.69258,0.10869,1,0.479667,0.01656,1,0.0191885
2110,16,7704355,8341012,AD,Any_AMD,-0.627914,-1,-0.11053,0.394276,0.0153,1,0.0194444
2462,22,16050213,17587474,AD,Any_AMD,0.437323,0.07141,1,0.191251,0.00686,1,0.0201885
759,4,177129679,178314527,AD,Any_AMD,-0.351533,-0.71651,-0.05212,0.123575,0.00371,0.51338,0.0202185
972,6,36346354,37570051,AD,Any_AMD,0.770368,0.12342,1,0.593468,0.0191,1,0.0204565
48,1,55727135,56799636,AD,Any_AMD,-0.466565,-1,-0.07874,0.217683,0.0086,1,0.0206115
2256,18,21622717,22746153,AD,Any_AMD,-0.407473,-0.95535,-0.07111,0.166034,0.00724,0.9127,0.0206295
14,1,11709174,13481025,AD,Any_AMD,0.427804,0.07026,0.93564,0.183016,0.00578,0.87543,0.021083
2363,19,54602371,55182973,AD,Any_AMD,-0.33674,-0.77139,-0.04677,0.113394,0.00364,0.59504,0.021605
2069,15,64339946,66355634,AD,Any_AMD,-0.818773,-1,-0.11861,0.670388,0.01763,1,0.0218667
346,2,160200380,161432089,AD,Any_AMD,0.44139,0.07046,0.96113,0.194825,0.00678,0.92377,0.0218798
2268,18,38498382,39410165,AD,Any_AMD,0.436711,0.0764,0.9578,0.190716,0.00669,0.91739,0.0220289
382,2,203639687,205038119,AD,Any_AMD,-1,-1,-0.13603,1,0.02549,1,0.0221865
2040,15,27563173,29141035,AD,Any_AMD,-0.345482,-0.75327,-0.04665,0.119358,0.00346,0.56741,0.0222096
125,1,167163955,168179086,AD,Any_AMD,-1,-1,-0.02446,1,0.00587,1,0.0222731
5,1,3582048,4281476,AD,Any_AMD,-0.304168,-0.61064,-0.03987,0.0925181,0.00221,0.37289,0.0225017
2291,18,63109756,64253143,AD,Any_AMD,-0.444681,-1,-0.0674,0.197741,0.00669,1,0.0226132
2473,22,27952442,29457601,AD,Any_AMD,-0.613799,-1,-0.08559,0.376749,0.01042,1,0.0227983
28,1,27992666,29188426,AD,Any_AMD,1,0.09011,1,1,0.01394,1,0.0229089
1004,6,71610788,72290723,AD,Any_AMD,-0.609023,-1,-0.10768,0.370908,0.01482,1,0.0231063
2169,16,86748868,87669168,AD,Any_AMD,-0.411456,-1,-0.06458,0.169296,0.00586,1,0.0231226
390,2,213194363,214044566,AD,Any_AMD,0.617683,0.09733,1,0.381532,0.0123,1,0.0231465
907,5,157191082,158484775,AD,Any_AMD,-0.368603,-0.72163,-0.05319,0.135868,0.00368,0.52074,0.0234506
1419,9,72288879,73915494,AD,Any_AMD,0.959504,0.16214,1,0.920648,0.03249,1,0.0235917
956,6,30070718,30715006,AD,Any_AMD,-0.39842,-0.83594,-0.06658,0.158739,0.00533,0.69879,0.0236775
52,1,59889046,61377615,AD,Any_AMD,0.431151,0.05726,1,0.185891,0.00557,1,0.0241603
1597,10,123856185,124894142,AD,Any_AMD,0.16385,0.02106,0.30922,0.0268467,0.00073,0.09562,0.0241944
151,1,196179111,197935821,AD,Any_AMD,-0.180413,-0.34188,-0.02096,0.0325487,0.00086,0.11688,0.0242136
2099,15,99925973,100742117,AD,Any_AMD,-0.552479,-1,-0.07856,0.305233,0.00887,1,0.0242347
1914,13,74437636,75882384,AD,Any_AMD,-0.461675,-1,-0.06899,0.213143,0.00696,1,0.024372
1397,9,20483881,21674032,AD,Any_AMD,0.514265,0.08057,1,0.264469,0.00978,1,0.0245302
1440,9,94924483,95854925,AD,Any_AMD,-0.380814,-0.859,-0.05733,0.145019,0.00498,0.73788,0.0245773
2175,17,1480057,2699135,AD,Any_AMD,-0.525633,-1,-0.07759,0.27629,0.0092,1,0.0252054
623,4,24764725,25832018,AD,Any_AMD,0.423886,0.05541,1,0.17968,0.00556,1,0.0255489
2161,16,80559686,81437861,AD,Any_AMD,-0.416767,-0.93406,-0.05413,0.173695,0.00459,0.87248,0.0255492
1990,14,58447799,59447537,AD,Any_AMD,-0.423271,-0.94275,-0.0521,0.179158,0.00488,0.88878,0.0257543
2198,17,31318754,32356061,AD,Any_AMD,0.455064,0.05911,1,0.207083,0.00588,1,0.0259901
2116,16,11916632,12793149,AD,Any_AMD,-0.383814,-0.8386,-0.04715,0.147313,0.00396,0.70325,0.0262756
1270,8,24863244,25859277,AD,Any_AMD,-0.371867,-0.75653,-0.04786,0.138285,0.0038,0.57234,0.0264538
1495,10,7659873,8771920,AD,Any_AMD,0.371106,0.04791,0.75577,0.13772,0.00387,0.57119,0.0267702
1908,13,69004703,69751491,AD,Any_AMD,0.625729,0.0892,1,0.391537,0.01312,1,0.0270523
892,5,139408117,141253830,AD,Any_AMD,0.364738,0.05287,0.75821,0.133034,0.00424,0.57489,0.0271923
1953,13,114302562,115109851,AD,Any_AMD,-0.555981,-1,-0.07491,0.309114,0.00893,1,0.0274071
1708,11,100423902,101152831,AD,Any_AMD,-1,-1,-0.02037,1,0.00827,1,0.0275158
160,1,208162952,209711169,AD,Any_AMD,-0.540562,-1,-0.06652,0.292207,0.0079,1,0.027886
767,4,183603893,184338584,AD,Any_AMD,0.405987,0.05449,1,0.164826,0.00461,1,0.028012
21,1,19238925,20556202,AD,Any_AMD,0.341008,0.0423,0.73222,0.116286,0.00297,0.53615,0.0283346
468,3,54892587,55616625,AD,Any_AMD,0.268117,0.03222,0.51759,0.0718867,0.002,0.2679,0.0283851
953,6,28666365,29529755,AD,Any_AMD,0.300403,0.03381,0.57374,0.0902419,0.00203,0.32918,0.028515
141,1,186179448,187072605,AD,Any_AMD,-0.652245,-1,-0.08373,0.425424,0.01078,1,0.0287174
1117,7,17596579,19131026,AD,Any_AMD,-0.509422,-1,-0.06532,0.259511,0.00756,1,0.0295796
1315,8,81340232,82878769,AD,Any_AMD,0.404317,0.04936,0.99955,0.163472,0.00398,0.9991,0.0298555
475,3,62609819,63670803,AD,Any_AMD,-0.546488,-1,-0.06593,0.298649,0.00717,1,0.0301387
1253,8,12947936,13395051,AD,Any_AMD,0.512035,0.07534,1,0.26218,0.00812,1,0.0302055
968,6,32897999,33194975,AD,Any_AMD,-0.298464,-0.58079,-0.03177,0.089081,0.00223,0.33731,0.0302297
232,2,29627933,30575619,AD,Any_AMD,-0.413045,-1,-0.03816,0.170606,0.00403,1,0.0303214
128,1,170193208,171044255,AD,Any_AMD,0.499002,0.05558,1,0.249003,0.00633,1,0.03037
1044,6,115062812,116132147,AD,Any_AMD,0.393408,0.04766,0.84739,0.15477,0.00372,0.71807,0.0306082
61,1,70992906,72513119,AD,Any_AMD,0.710854,0.07668,1,0.505314,0.01294,1,0.0306607
1353,8,128073655,129291118,AD,Any_AMD,-0.955481,-1,-0.09002,0.912944,0.01248,1,0.030954
1842,12,113947984,114685670,AD,Any_AMD,0.46953,0.05013,1,0.220458,0.00483,1,0.0310038
333,2,142494981,143259780,AD,Any_AMD,0.893319,0.0866,1,0.798018,0.01253,1,0.0312574
1168,7,76451929,77663964,AD,Any_AMD,0.619939,0.07125,1,0.384325,0.01064,1,0.0321614
1101,7,6020654,6716905,AD,Any_AMD,0.503959,0.05537,1,0.253974,0.00708,1,0.0323798
2106,16,4816146,5782968,AD,Any_AMD,0.66338,0.07115,1,0.440073,0.00995,1,0.0325687
2318,19,10028841,11681978,AD,Any_AMD,-0.411546,-0.8975,-0.03298,0.16937,0.004,0.80551,0.032606
1458,9,113646150,114443475,AD,Any_AMD,0.881518,0.0765,1,0.777075,0.01324,1,0.0327795
2392,20,21682378,22780956,AD,Any_AMD,-0.487845,-1,-0.03365,0.237993,0.00428,1,0.0331011
204,2,1875061,2680063,AD,Any_AMD,0.296674,0.03189,0.57868,0.0880153,0.0019,0.33487,0.0335294
524,3,118903054,119759983,AD,Any_AMD,0.522546,0.05293,1,0.273054,0.00603,1,0.0335687
2060,15,54332800,55136717,AD,Any_AMD,-0.705642,-1,-0.08144,0.49793,0.0127,1,0.0337153
2226,17,69245591,70495119,AD,Any_AMD,-0.943618,-1,-0.07707,0.890415,0.01133,1,0.0341597
399,2,222327714,223353965,AD,Any_AMD,-0.250393,-0.49583,-0.01883,0.0626965,0.0012,0.24585,0.0352707
1400,9,23859375,24757729,AD,Any_AMD,0.676782,0.05773,1,0.458034,0.00903,1,0.0352773
731,4,146174872,147161042,AD,Any_AMD,-0.295718,-0.60171,-0.0182,0.087449,0.00166,0.36205,0.0372202
2089,15,89385188,90632718,AD,Any_AMD,-0.248556,-0.49271,-0.01737,0.0617803,0.00107,0.24276,0.0373276
1304,8,68683824,70004665,AD,Any_AMD,0.53227,0.0297,1,0.283312,0.00499,1,0.0373977
41,1,45167236,47257261,AD,Any_AMD,0.434508,0.03255,0.97993,0.188797,0.00389,0.96027,0.037517
1110,7,11855414,12694915,AD,Any_AMD,-0.524194,-1,-0.03588,0.27478,0.00424,1,0.0376725
197,1,245970506,246610290,AD,Any_AMD,-0.525059,-1,-0.024,0.275687,0.00454,1,0.0378046
462,3,44141694,45844191,AD,Any_AMD,-0.757395,-1,-0.04947,0.573648,0.01039,1,0.0386634
1257,8,14872768,15359692,AD,Any_AMD,1,-0.08305,1,1,0,1,0.038776
1573,10,94503300,95528160,AD,Any_AMD,-0.289303,-0.57417,-0.02109,0.0836961,0.00133,0.32967,0.0388879
129,1,171044256,172465153,AD,Any_AMD,-0.505745,-1,-0.03655,0.255778,0.00467,1,0.0389282
377,2,196446300,198140350,AD,Any_AMD,0.796694,0.05093,1,0.634721,0.00815,1,0.0391206
2162,16,81437862,82310204,AD,Any_AMD,-0.398708,-1,-0.00915,0.158968,0.00252,1,0.0397705
1857,12,129170297,129887418,AD,Any_AMD,-0.365158,-0.91537,-0.0218,0.133341,0.00232,0.83791,0.0399689
1512,10,24489448,25577761,AD,Any_AMD,0.513843,0.04133,1,0.264035,0.00585,1,0.0401648
2194,17,21432874,25872110,AD,Any_AMD,0.496789,0.03202,1,0.2468,0.00373,1,0.0402007
1735,11,130500784,131424361,AD,Any_AMD,0.4727,0.03029,1,0.223445,0.00414,1,0.0403198
1481,9,137593528,138202112,AD,Any_AMD,0.351006,0.02061,0.84192,0.123205,0.00212,0.70884,0.0408606
1959,14,24906057,25585041,AD,Any_AMD,-0.52647,-1,-0.03553,0.27717,0.0047,1,0.0410753
2103,16,1049080,1996492,AD,Any_AMD,-0.295447,-0.64332,-0.01011,0.0872887,0.00147,0.41386,0.0412473
2278,18,49790997,50372823,AD,Any_AMD,0.400043,0.01833,0.89888,0.160035,0.00259,0.80798,0.0413448
2053,15,46022643,46884071,AD,Any_AMD,-0.748652,-1,-0.02997,0.560479,0.00657,1,0.0414999
2055,15,47693317,49260006,AD,Any_AMD,-0.384205,-1,-0.0137,0.147614,0.00241,1,0.0429498
1841,12,111592382,113947983,AD,Any_AMD,0.482993,0.01964,1,0.233282,0.00411,1,0.0430582
2090,15,90632719,91593623,AD,Any_AMD,-0.31629,-0.74366,-0.02082,0.100039,0.00153,0.55303,0.0435203
1027,6,95176338,96480153,AD,Any_AMD,-0.60283,-1,-0.03139,0.363404,0.00731,1,0.0443525
2343,19,36638123,38472870,AD,Any_AMD,-0.328871,-0.8024,-0.01812,0.108156,0.00175,0.64385,0.0445109
1195,7,110479480,111795299,AD,Any_AMD,-0.306518,-0.66026,-0.01042,0.0939532,0.00135,0.43594,0.0447305
882,5,125131721,126054697,AD,Any_AMD,-0.343625,-0.71708,-0.01086,0.118078,0.00137,0.5142,0.0448369
597,4,812416,1529267,AD,Any_AMD,-1,-1,0.01816,1,0,1,0.0450026
906,5,156345452,157191081,AD,Any_AMD,-0.283611,-0.57816,-0.01072,0.0804353,0.00109,0.33427,0.0457327
925,5,179794711,180902886,AD,Any_AMD,0.382555,0.00542,1,0.146348,0.0022,1,0.0459243
2201,17,34474612,36116884,AD,Any_AMD,-0.286673,-0.60312,-0.00815,0.0821815,0.00119,0.36375,0.0460565
853,5,93814605,95117259,AD,Any_AMD,-0.326131,-0.73198,-0.0083,0.106361,0.00147,0.53579,0.0471723
920,5,173606996,174662885,AD,Any_AMD,-0.379571,-0.98986,-0.00777,0.144074,0.00194,0.97982,0.0476825
1750,12,10176714,10946140,AD,Any_AMD,0.341729,0.00797,0.77849,0.116779,0.00151,0.60604,0.0481021
2381,20,11257013,12353961,AD,Any_AMD,-0.395905,-1,-0.00388,0.156741,0.00217,1,0.0486293
456,3,35913034,36840136,AD,Any_AMD,-0.555758,-1,-0.01156,0.308867,0.00426,1,0.0489436
2018,14,90662837,92101228,AD,Any_AMD,0.333612,0.00342,0.80546,0.111297,0.00162,0.64876,0.0495023
2111,16,8341013,9104469,AD,Any_AMD,-0.505569,-1,-0.00825,0.2556,0.00334,1,0.0495137
644,4,43192425,43962561,AD,Any_AMD,0.747435,0.04098,1,0.558659,0.00748,1,0.0496346
662,4,66597447,67616362,AD,Any_AMD,0.33044,0.00161,0.71169,0.109191,0.00149,0.5065,0.0498382
49,1,56799637,57529670,AD,Any_AMD,-0.673725,-1,-0.01285,0.453905,0.00575,1,0.0499903
1377,9,4596615,5437591,AD,Any_AMD,0.442377,-0.00053,1,0.195698,0,1,0.0502202
2025,14,98885323,99474533,AD,Any_AMD,0.432312,0.00496,1,0.186893,0.00236,1,0.0504895
840,5,77290256,79005158,AD,Any_AMD,-0.429122,-1,-0.00174,0.184145,0.00238,1,0.0507814
1999,14,68976913,69794542,AD,Any_AMD,0.187109,0.00531,0.37472,0.0350099,0.00049,0.14042,0.0509679
848,5,86493764,87943482,AD,Any_AMD,0.471775,0.01142,1,0.222572,0.00371,1,0.0513309
2364,19,55182974,55714085,AD,Any_AMD,-0.551005,-1,6e-05,0.303606,0,1,0.0519534
2281,18,52512524,53762996,AD,Any_AMD,-0.445962,-1,-0.01546,0.198882,0.00298,1,0.0519689
2412,20,48212976,49236418,AD,Any_AMD,-0.275672,-0.57378,-0.00297,0.0759952,0.00108,0.32922,0.052024
2413,20,49236419,50653620,AD,Any_AMD,-0.336096,-0.84999,-0.00277,0.11296,0.00129,0.72248,0.0536128
1962,14,27720241,29029224,AD,Any_AMD,-0.355018,-0.78894,-0.00046,0.126037,0.00145,0.62242,0.053753
1052,6,122929291,123854857,AD,Any_AMD,-0.529038,-1,-0.00235,0.279881,0.0034,1,0.0540813
2168,16,86058598,86748867,AD,Any_AMD,0.841902,-0.00349,1,0.708798,0,1,0.0541379
1920,13,80778340,81724089,AD,Any_AMD,-0.34807,-0.77069,0.00635,0.121153,0,0.59397,0.0542408
516,3,110935509,111693782,AD,Any_AMD,-0.849911,-1,0.01279,0.722349,0,1,0.0546528
1757,12,17374896,18470023,AD,Any_AMD,-1,-1,0.1056,1,0,1,0.0550882
400,2,223353966,224123079,AD,Any_AMD,0.422092,0.00216,1,0.178161,0.00209,1,0.0554629
1463,9,117989018,119001227,AD,Any_AMD,-0.355271,-0.91547,0.00636,0.126218,0,0.83809,0.0555444
2476,22,31904550,32662293,AD,Any_AMD,-0.28167,-0.60053,0.00225,0.0793382,0,0.36063,0.0558976
869,5,111983116,113121555,AD,Any_AMD,0.525719,0.003,1,0.276381,0.00379,1,0.0560272
1026,6,93696826,95176337,AD,Any_AMD,-0.875794,-1,0.00245,0.767014,0,1,0.0562194
1805,12,70097806,71177961,AD,Any_AMD,-0.390169,-0.90679,0.00228,0.152232,0,0.82226,0.0564543
1142,7,46247336,47253454,AD,Any_AMD,-0.35567,-0.80157,0.00243,0.126501,0,0.64252,0.0571208
286,2,79900056,80737811,AD,Any_AMD,-0.589122,-1,0.00941,0.347064,0,1,0.0582178
939,6,16566883,17391994,AD,Any_AMD,-0.424009,-1,0.0142,0.179784,0,1,0.0583782
2265,18,34153298,36056932,AD,Any_AMD,-0.389721,-0.90509,0.01158,0.151882,0,0.81918,0.0587222
945,6,21295865,22199713,AD,Any_AMD,-0.42795,-1,0.00395,0.183141,0,1,0.0588429
1292,8,55275355,56346878,AD,Any_AMD,0.63015,-0.0021,1,0.397089,0,1,0.0590298
1084,6,160583919,161371014,AD,Any_AMD,0.514578,-0.00785,1,0.264791,0,1,0.0598156
1369,8,144934289,146303787,AD,Any_AMD,-0.414549,-1,0.018,0.171851,0,1,0.0598563
430,3,7529555,8664892,AD,Any_AMD,0.501728,-0.01572,1,0.251731,0,1,0.060436
2056,15,49260007,50195876,AD,Any_AMD,-0.880933,-1,-0.00171,0.776043,0.00856,1,0.060643
13,1,10753428,11709173,AD,Any_AMD,0.286869,-0.01166,0.70136,0.0822936,0,0.4921,0.0608707
1267,8,21650454,22895018,AD,Any_AMD,-0.364531,-1,0.0139,0.132883,0,1,0.060931
1126,7,27351287,28890886,AD,Any_AMD,-0.410397,-1,0.00652,0.168425,0,1,0.0615959
2435,21,19479025,20407307,AD,Any_AMD,0.421206,-0.01297,1,0.177415,0,1,0.0619284
2446,21,30847297,32202239,AD,Any_AMD,-1,-1,0.07713,1,0,1,0.0627369
2354,19,47752728,48573065,AD,Any_AMD,-0.306908,-0.81317,0.01493,0.0941922,0,0.66641,0.0627991
2014,14,86653344,87350275,AD,Any_AMD,-0.539115,-1,0.0157,0.290645,0,1,0.063129
2100,15,100742118,101550750,AD,Any_AMD,0.322756,-0.02029,0.70759,0.104172,0,0.50109,0.0631305
1869,13,24818334,25977140,AD,Any_AMD,-0.414531,-1,0.02379,0.171836,0,1,0.0637234
2293,18,65294196,66407960,AD,Any_AMD,-0.354922,-0.95275,0.021,0.12597,0,0.90773,0.0639531
2098,15,98828262,99925972,AD,Any_AMD,-0.275768,-0.603,0.01421,0.0760482,0,0.36361,0.0641015
626,4,28177793,28927438,AD,Any_AMD,-0.655309,-1,0.02407,0.42943,0,1,0.0642459
224,2,20064518,21084898,AD,Any_AMD,0.287995,-0.01805,0.62127,0.0829409,0,0.38598,0.0649255
2036,15,24099947,24531187,AD,Any_AMD,0.698823,-0.0368,1,0.488354,0,1,0.0651062
809,5,37925488,39438985,AD,Any_AMD,-0.286161,-0.67389,0.02062,0.0818881,0,0.45413,0.0651151
133,1,176449097,177746472,AD,Any_AMD,-0.462086,-1,0.01707,0.213523,0,1,0.0653401
2221,17,63548725,64438387,AD,Any_AMD,-0.359384,-1,0.02481,0.129157,0,1,0.0653763
1143,7,47253455,48363585,AD,Any_AMD,-0.283131,-0.62678,0.02419,0.0801629,0,0.39285,0.065682
522,3,117241645,118086929,AD,Any_AMD,0.584476,-0.00317,1,0.341612,0,1,0.0657386
2477,22,32662294,33501725,AD,Any_AMD,0.199058,-0.01637,0.41849,0.0396242,0,0.17513,0.0662805
2024,14,98268392,98885322,AD,Any_AMD,-0.550997,-1,0.02987,0.303598,0,1,0.0670722
1944,13,106313848,107037864,AD,Any_AMD,0.389147,-0.02822,1,0.151435,0,1,0.0678635
950,6,25684630,26396200,AD,Any_AMD,0.389814,-0.03206,0.87876,0.151955,0,0.77222,0.0678773
779,5,2960069,3677595,AD,Any_AMD,-0.319793,-0.82762,0.02605,0.102267,0,0.68496,0.0681878
782,5,5828695,6936733,AD,Any_AMD,0.438536,-0.02952,1,0.192314,0,1,0.0686352
264,2,56394699,57433653,AD,Any_AMD,-0.391088,-1,0.01784,0.15295,0,1,0.0686819
1558,10,78665482,79952996,AD,Any_AMD,0.491997,-0.02346,1,0.242061,0,1,0.0686991
905,5,155459557,156345451,AD,Any_AMD,-0.404568,-1,0.04181,0.163676,0,1,0.0687983
1016,6,83571954,85038134,AD,Any_AMD,0.474906,-0.04159,1,0.225536,0,1,0.0690094
1998,14,67891840,68976912,AD,Any_AMD,-0.168776,-0.35473,0.0102,0.0284853,0,0.12583,0.0693147
371,2,187498048,188895310,AD,Any_AMD,0.269495,-0.02001,0.58706,0.0726274,0,0.34464,0.0696354
2023,14,97174315,98268391,AD,Any_AMD,0.505353,-0.03105,1,0.255382,0,1,0.0697447
1427,9,81161598,82601465,AD,Any_AMD,-0.184162,-0.38908,0.00717,0.0339156,0,0.15138,0.070429
570,3,168972663,170174578,AD,Any_AMD,-0.290393,-0.65782,0.03261,0.0843282,0,0.43272,0.0718153
2436,21,20407308,21632916,AD,Any_AMD,0.492819,-0.04723,1,0.24287,0,1,0.0718796
2317,19,9105578,10028840,AD,Any_AMD,0.305426,-0.02282,0.67181,0.0932853,0,0.45132,0.0729219
1993,14,61652817,62717985,AD,Any_AMD,-0.236513,-0.51307,0.01632,0.0559382,0,0.26325,0.0730852
1956,14,21982655,22760700,AD,Any_AMD,0.354612,-0.02769,0.95716,0.125749,0,0.91615,0.0731708
1131,7,33159278,34114532,AD,Any_AMD,0.578497,-0.04656,1,0.334659,0,1,0.0734246
2020,14,93386329,94892240,AD,Any_AMD,-0.250903,-0.54375,0.02986,0.0629525,0,0.29566,0.0741342
2133,16,50467034,52041336,AD,Any_AMD,-0.343981,-0.87748,0.0297,0.118323,0,0.77266,0.0750315
479,3,66702085,67454740,AD,Any_AMD,-0.744252,-1,0.05925,0.553912,0,1,0.0755454
511,3,104878978,106174685,AD,Any_AMD,-0.415491,-1,0.0504,0.172633,0,1,0.0756953
1783,12,43980532,44923825,AD,Any_AMD,-0.206013,-0.45039,0.02079,0.0424412,0,0.20285,0.0759427
159,1,205917549,208162951,AD,Any_AMD,-0.189657,-0.40162,0.01638,0.0359696,0,0.1613,0.0760829
1478,9,135135888,136042490,AD,Any_AMD,0.277044,-0.02734,0.67764,0.0767536,0,0.4592,0.0762146
726,4,138537345,139553760,AD,Any_AMD,0.652903,-0.04608,1,0.426282,0,1,0.076349
2043,15,32177321,33484267,AD,Any_AMD,-0.557282,-1,0.04914,0.310563,0,1,0.0769356
647,4,46358361,47408265,AD,Any_AMD,0.859979,-0.05708,1,0.739565,0,1,0.0770582
572,3,171134850,172004760,AD,Any_AMD,0.265349,-0.03198,0.62366,0.0704103,0,0.38902,0.0772481
2454,21,40480832,41344742,AD,Any_AMD,-1,-1,0.06997,1,0,1,0.077771
1550,10,68623275,69904170,AD,Any_AMD,-0.419288,-1,0.03982,0.175803,0,1,0.0778688
2312,19,4741719,5478684,AD,Any_AMD,-0.230543,-0.49948,0.02278,0.05315,0,0.24948,0.0778892
1898,13,56434008,58245843,AD,Any_AMD,0.343389,-0.04306,0.82307,0.117916,0,0.68242,0.0782201
1349,8,122622805,124001019,AD,Any_AMD,-0.397582,-1,0.03865,0.158071,0,1,0.0783627
641,4,40590542,41360937,AD,Any_AMD,-0.396459,-1,0.05327,0.15718,0,1,0.0785538
1305,8,70004666,70872088,AD,Any_AMD,0.306493,-0.03629,0.81616,0.0939378,0,0.66612,0.0785582
1260,8,16988031,17492672,AD,Any_AMD,-0.272387,-0.62661,0.0304,0.0741946,0,0.39264,0.0788886
2255,18,20009697,21622716,AD,Any_AMD,0.495726,-0.04207,1,0.245745,0,1,0.0802811
1108,7,10481678,11232447,AD,Any_AMD,0.697069,-0.05728,1,0.485906,0,1,0.0804189
2027,14,100786190,102004377,AD,Any_AMD,0.218205,-0.03645,0.47733,0.0476136,0,0.22784,0.0830854
1549,10,67769823,68623274,AD,Any_AMD,-0.371417,-1,0.04652,0.137951,0,1,0.0835277
2264,18,32458908,34153297,AD,Any_AMD,0.623917,-0.07109,1,0.389273,0,1,0.0836661
1727,11,122589225,123398882,AD,Any_AMD,-0.275571,-0.63709,0.03928,0.0759391,0,0.40588,0.0837815
2206,17,42348004,43460500,AD,Any_AMD,-0.497295,-1,0.06317,0.247303,0,1,0.0842422
2350,19,43960959,45040932,AD,Any_AMD,-0.207997,-0.47815,0.03109,0.0432626,0,0.22863,0.0847371
2475,22,30962256,31904549,AD,Any_AMD,-0.245488,-0.53503,0.03232,0.0602646,0,0.28625,0.0848165
455,3,35009560,35913033,AD,Any_AMD,-0.648166,-1,0.07766,0.420119,0,1,0.0854214
1177,7,87836642,89330087,AD,Any_AMD,0.457776,-0.06637,1,0.209558,0,1,0.0854779
2421,20,56172844,56951773,AD,Any_AMD,-0.239523,-0.55702,0.04376,0.0573712,0,0.31027,0.0869427
137,1,181324206,182420540,AD,Any_AMD,-0.280872,-0.63734,0.04254,0.0788891,0,0.40621,0.0869601
1295,8,58675118,59555977,AD,Any_AMD,0.459758,-0.07612,1,0.211377,0,1,0.0878217
1659,11,48066367,48765366,AD,Any_AMD,-0.745289,-1,0.0767,0.555455,0,1,0.0880503
1251,8,11466762,12296849,AD,Any_AMD,0.408032,-0.07315,1,0.16649,0,1,0.0899863
73,1,84728348,86017267,AD,Any_AMD,0.860958,-0.06154,1,0.741249,0,1,0.0904434
1213,7,136113468,137657459,AD,Any_AMD,-0.396088,-1,0.07534,0.156886,0,1,0.0907086
47,1,54771294,55727134,AD,Any_AMD,-0.286558,-0.76136,0.04795,0.0821155,0,0.58132,0.0907752
1227,7,154407488,155280610,AD,Any_AMD,-0.482225,-1,0.06789,0.232541,0,1,0.0910119
1114,7,15013695,15877564,AD,Any_AMD,-0.258139,-0.60921,0.04622,0.0666357,0,0.37114,0.0911984
2358,19,51259179,51903804,AD,Any_AMD,-0.629231,-1,0.07487,0.395931,0,1,0.0913755
1814,12,80952473,81843890,AD,Any_AMD,-0.58517,-1,0.07795,0.342423,0,1,0.0918825
618,4,18753264,20086838,AD,Any_AMD,0.338898,-0.05467,0.82778,0.114852,0,0.68557,0.0925585
1883,13,40091624,41003943,AD,Any_AMD,-0.60708,-1,0.0897,0.368546,0,1,0.0927645
1402,9,25957607,26747214,AD,Any_AMD,0.398057,-0.07376,1,0.158449,0,1,0.0933627
894,5,142532957,143605908,AD,Any_AMD,0.226329,-0.04089,0.51667,0.0512249,0,0.26695,0.0935291
367,2,183352291,184148655,AD,Any_AMD,-0.378422,-1,0.07159,0.143203,0,1,0.0936105
381,2,202504863,203639686,AD,Any_AMD,0.243061,-0.04152,0.5449,0.0590789,0,0.29691,0.0938444
1764,12,23923799,25058714,AD,Any_AMD,0.781226,-0.10704,1,0.610314,0,1,0.0943686
295,2,97339302,98989360,AD,Any_AMD,-0.407698,-1,0.05845,0.166218,0,1,0.0950445
2044,15,33484268,34410072,AD,Any_AMD,-0.41268,-1,0.07621,0.170305,0,1,0.0950877
327,2,135160198,137061003,AD,Any_AMD,0.246196,-0.03442,0.57145,0.0606123,0,0.32656,0.0954961
70,1,80781443,82123368,AD,Any_AMD,-0.311994,-0.90253,0.05997,0.0973402,0,0.81574,0.0957567
2013,14,85562937,86653343,AD,Any_AMD,-0.478554,-1,0.0874,0.229013,0,1,0.0957888
2360,19,52678749,53431217,AD,Any_AMD,-0.456433,-1,0.08058,0.208331,0,1,0.0959336
2058,15,51605478,53263126,AD,Any_AMD,-0.399865,-1,0.06666,0.159892,0,1,0.0970784
1235,8,1628040,2070902,AD,Any_AMD,0.410688,-0.07957,1,0.168665,0,1,0.0972595
2390,20,18959420,19957928,AD,Any_AMD,-0.339245,-0.89228,0.0542,0.115087,0,0.79616,0.0980228
15,1,13481026,14720131,AD,Any_AMD,-0.440725,-1,0.0674,0.194238,0,1,0.0980523
2487,22,43574018,44409533,AD,Any_AMD,-0.185978,-0.41938,0.03221,0.0345879,0,0.17588,0.0980716
980,6,45408422,46430701,AD,Any_AMD,0.346108,-0.06799,0.98596,0.119791,0,0.97308,0.0981248
2070,15,66355635,67396520,AD,Any_AMD,0.27565,-0.05173,0.6617,0.0759827,0,0.43785,0.0984375
171,1,220978152,221856864,AD,Any_AMD,-0.343132,-1,0.0682,0.117739,0,1,0.0987758
2379,20,9279551,10279603,AD,Any_AMD,0.32329,-0.06834,0.95215,0.104517,0,0.9066,0.0989182
2440,21,24055942,25247986,AD,Any_AMD,0.719988,-0.094,1,0.518383,0,1,0.0990832
1771,12,30358378,31067298,AD,Any_AMD,-0.740168,-1,0.13972,0.547848,0,1,0.0996309
1701,11,94384536,95327210,AD,Any_AMD,0.357777,-0.07289,1,0.128004,0,1,0.100051
408,2,231847387,233352722,AD,Any_AMD,-0.636612,-1,0.10763,0.405274,0,1,0.100138
650,4,53879572,54659778,AD,Any_AMD,-0.519297,-1,0.09289,0.26967,0,1,0.100598
913,5,163781269,165289211,AD,Any_AMD,-0.556123,-1,0.09463,0.309273,0,1,0.101778
2386,20,15962577,16661516,AD,Any_AMD,0.268188,-0.04537,0.62974,0.0719248,0,0.39657,0.10204
2419,20,54743695,55448075,AD,Any_AMD,0.513314,-0.09664,1,0.263491,0,1,0.102147
1641,11,28577719,29530460,AD,Any_AMD,-0.781753,-1,0.14824,0.611137,0,1,0.102282
2012,14,84087373,85562936,AD,Any_AMD,-0.362082,-0.91301,0.077,0.131103,0,0.83652,0.102356
34,1,35201627,36855139,AD,Any_AMD,0.358134,-0.07752,1,0.12826,0,1,0.103167
300,2,103305258,105120578,AD,Any_AMD,-0.673701,-1,0.11181,0.453874,0,1,0.103983
963,6,32454578,32539567,AD,Any_AMD,-0.297938,-0.65432,0.06061,0.0887673,0,0.42813,0.104169
534,3,129091976,130242360,AD,Any_AMD,0.393354,-0.09103,1,0.154727,0,1,0.104189
1960,14,25585042,26395690,AD,Any_AMD,0.694807,-0.1103,1,0.482757,0,1,0.104261
2126,16,26154123,27443061,AD,Any_AMD,0.278081,-0.06323,0.71426,0.0773288,0,0.51113,0.104799
2083,15,82191078,84209760,AD,Any_AMD,0.425639,-0.08495,1,0.181169,0,1,0.10503
2104,16,1996493,3379996,AD,Any_AMD,-0.289749,-0.86528,0.07632,0.0839547,0,0.76383,0.10504
651,4,54659779,55681701,AD,Any_AMD,0.242562,-0.05186,0.61353,0.0588363,0,0.37684,0.105321
1928,13,88029524,88968400,AD,Any_AMD,0.520257,-0.08747,1,0.270668,0,1,0.106543
444,3,23426045,24270189,AD,Any_AMD,-0.228247,-0.52442,0.04271,0.0520968,0,0.27502,0.106574
1593,10,119528731,120592839,AD,Any_AMD,0.349989,-0.06958,1,0.122492,0,1,0.106776
1559,10,79952997,81190573,AD,Any_AMD,-0.267878,-0.62849,0.05086,0.0717588,0,0.395,0.106807
394,2,217566012,218396258,AD,Any_AMD,-0.447678,-1,0.09056,0.200416,0,1,0.106841
2284,18,55809316,56832312,AD,Any_AMD,0.55542,-0.09071,1,0.308491,0,1,0.107076
541,3,137372142,138693846,AD,Any_AMD,0.425281,-0.09215,1,0.180864,0,1,0.107449
1624,11,11632651,12470449,AD,Any_AMD,0.273952,-0.07087,0.66369,0.0750496,0,0.44049,0.107521
1603,10,129831970,130694008,AD,Any_AMD,-0.356451,-1,0.07461,0.127057,0,1,0.108614
1259,8,15999329,16988030,AD,Any_AMD,-0.462576,-1,0.10437,0.213977,0,1,0.108944
679,4,88502718,89244554,AD,Any_AMD,-0.297635,-0.8295,0.08192,0.0885866,0,0.69095,0.10929
2152,16,74135276,74889127,AD,Any_AMD,0.289081,-0.0741,0.78404,0.0835679,0,0.61472,0.110227
156,1,202583885,204092537,AD,Any_AMD,0.197929,-0.042,0.45199,0.0391758,0,0.2043,0.110529
2414,20,50653621,51533750,AD,Any_AMD,0.464309,-0.10926,1,0.215583,0,1,0.11169
1301,8,64215359,66018204,AD,Any_AMD,0.40913,-0.10195,1,0.167387,0,1,0.111853
1705,11,98145571,98929380,AD,Any_AMD,-1,-1,0.2017,1,0,1,0.112176
270,2,63672119,64696089,AD,Any_AMD,0.537672,-0.10329,1,0.289091,0,1,0.112454
181,1,232177705,232954942,AD,Any_AMD,-0.83989,-1,0.10008,0.705414,0,1,0.113406
426,3,4109394,4835083,AD,Any_AMD,0.319898,-0.08223,0.91955,0.102335,0,0.85753,0.114132
1242,8,4893121,5566269,AD,Any_AMD,0.462508,-0.12058,1,0.213913,0,1,0.114168
122,1,164726580,165553812,AD,Any_AMD,-0.386336,-1,0.08903,0.149255,0,1,0.11432
1357,8,132534637,133461551,AD,Any_AMD,-0.356358,-1,0.07225,0.126991,0,1,0.114401
298,2,101556800,102494487,AD,Any_AMD,-0.453883,-1,0.12075,0.20601,0,1,0.11507
1348,8,121554391,122622804,AD,Any_AMD,0.302142,-0.07577,0.88223,0.0912896,0,0.77833,0.115418
806,5,33971057,35157146,AD,Any_AMD,-0.242966,-0.58242,0.06347,0.0590323,0,0.33922,0.116655
1571,10,91960436,92911506,AD,Any_AMD,-0.390233,-1,0.09864,0.152282,0,1,0.116655
1191,7,105312564,106399739,AD,Any_AMD,0.270364,-0.07434,0.68058,0.0730965,0,0.46319,0.117158
830,5,63214090,64438518,AD,Any_AMD,-0.344579,-0.98677,0.08874,0.118735,0,0.97372,0.117172
1913,13,73114510,74437635,AD,Any_AMD,-0.217183,-0.51293,0.05186,0.0471686,0,0.2631,0.119132
147,1,192468374,193575516,AD,Any_AMD,0.137823,-0.03511,0.30987,0.0189951,0,0.09602,0.119811
2339,19,33028100,33785835,AD,Any_AMD,-0.238452,-0.55912,0.05748,0.0568593,0,0.31261,0.121323
2142,16,62607091,64207176,AD,Any_AMD,0.328469,-0.09539,0.95485,0.107892,0,0.91373,0.121575
1630,11,18740268,19780784,AD,Any_AMD,-0.297679,-0.9061,0.09363,0.0886127,0,0.82216,0.122825
1521,10,32457294,33655458,AD,Any_AMD,-0.350543,-0.96952,0.09699,0.122881,0,0.93998,0.123205
2007,14,77425454,78374053,AD,Any_AMD,0.519568,-0.129,1,0.269951,0,1,0.123272
2457,21,43081435,43812791,AD,Any_AMD,-0.313673,-0.81603,0.09044,0.0983906,0,0.6659,0.123939
2309,19,2253175,3085446,AD,Any_AMD,-0.301824,-0.92189,0.08835,0.0910978,0,0.85046,0.124006
1785,12,46037745,47499603,AD,Any_AMD,0.572086,-0.12905,1,0.327282,0,1,0.124152
1407,9,29596502,30410078,AD,Any_AMD,-0.666406,-1,0.16829,0.444097,0,1,0.124228
96,1,109271450,110224230,AD,Any_AMD,0.634985,-0.11739,1,0.403207,0,1,0.124442
463,3,45844192,47588461,AD,Any_AMD,-0.313392,-0.86607,0.10567,0.0982148,0,0.75536,0.126644
1670,11,59256233,60515105,AD,Any_AMD,0.267119,-0.08738,0.77506,0.0713527,0,0.60106,0.126831
1014,6,81567707,82388204,AD,Any_AMD,-0.312354,-0.91711,0.09652,0.097565,0,0.84179,0.127226
1680,11,72875069,74399331,AD,Any_AMD,-0.203331,-0.47291,0.05921,0.0413436,0,0.22364,0.127275
2439,21,23266942,24055941,AD,Any_AMD,-0.385241,-1,0.127,0.148411,0,1,0.127346
1529,10,43769843,44893846,AD,Any_AMD,0.348696,-0.10252,1,0.121589,0,1,0.127482
35,1,36855140,38474036,AD,Any_AMD,0.322765,-0.10159,0.89654,0.104177,0,0.80379,0.127489
2037,15,24531188,25384327,AD,Any_AMD,0.366701,-0.11456,1,0.13447,0,1,0.127564
605,4,7726035,8309826,AD,Any_AMD,0.289787,-0.08418,0.77578,0.0839764,0,0.60183,0.128373
784,5,8079416,9203855,AD,Any_AMD,0.270297,-0.08484,0.70915,0.0730604,0,0.50335,0.1284
2138,16,57119890,58508978,AD,Any_AMD,0.953419,-0.19283,1,0.909008,0,1,0.128401
86,1,99425001,100269207,AD,Any_AMD,-0.359664,-1,0.10234,0.129358,0,1,0.128405
2426,20,60125334,60766557,AD,Any_AMD,0.28516,-0.08923,0.81646,0.0813164,0,0.66748,0.128507
1072,6,149278799,150635315,AD,Any_AMD,-0.387886,-1,0.13159,0.150455,0,1,0.128857
2222,17,64438388,65582327,AD,Any_AMD,-0.318026,-1,0.08994,0.101141,0,1,0.129303
2144,16,65072404,65882820,AD,Any_AMD,0.261771,-0.07412,0.65385,0.0685241,0,0.42753,0.129484
1897,13,55576913,56434007,AD,Any_AMD,0.754387,-0.17274,1,0.569099,0,1,0.129546
450,3,29877023,31269697,AD,Any_AMD,-0.296664,-0.77338,0.08543,0.0880093,0,0.59812,0.13015
2004,14,74245429,75699501,AD,Any_AMD,-0.289581,-0.74159,0.08255,0.083857,0,0.54995,0.130863
852,5,91956906,93814604,AD,Any_AMD,-0.268592,-0.70245,0.07306,0.0721419,0,0.49344,0.131649
683,4,92219193,93451599,AD,Any_AMD,-0.441223,-1,0.12952,0.194678,0,1,0.131679
1077,6,153791462,154462010,AD,Any_AMD,0.58279,-0.16483,1,0.339645,0,1,0.132066
281,2,75942398,76649030,AD,Any_AMD,0.452471,-0.1292,1,0.20473,0,1,0.132639
1345,8,118300069,119423298,AD,Any_AMD,-0.295488,-0.7795,0.08985,0.0873133,0,0.60762,0.133214
2188,17,14508611,15308722,AD,Any_AMD,0.309245,-0.10485,0.96674,0.0956322,0,0.93816,0.133282
1375,9,3079046,4025355,AD,Any_AMD,0.279603,-0.09226,0.9337,0.0781777,0,0.8718,0.133803
743,4,161666202,162239289,AD,Any_AMD,-1,-1,0.46331,1,0,1,0.134604
2443,21,27774351,28616539,AD,Any_AMD,-0.240103,-0.63954,0.07824,0.0576493,0,0.40902,0.134778
510,3,104116564,104878977,AD,Any_AMD,-0.7082,-1,0.18281,0.501547,0,1,0.134813
1130,7,32460229,33159277,AD,Any_AMD,1,-0.245,1,1,0,1,0.134971
1561,10,81763231,82378048,AD,Any_AMD,0.405568,-0.13115,1,0.164485,0,1,0.135243
328,2,137061004,138073791,AD,Any_AMD,-0.327013,-0.9356,0.10896,0.106937,0,0.87536,0.135783
2306,19,64705,762046,AD,Any_AMD,-0.19698,-0.48156,0.06837,0.0388012,0,0.2319,0.136261
1832,12,101825062,102966633,AD,Any_AMD,-0.595932,-1,0.15547,0.355135,0,1,0.13709
2302,18,74471746,75240760,AD,Any_AMD,-0.15849,-0.37433,0.05305,0.0251191,0,0.14013,0.137092
2252,18,13641480,14439251,AD,Any_AMD,0.398068,-0.1198,1,0.158458,0,1,0.139542
22,1,20556203,21416121,AD,Any_AMD,0.341422,-0.12483,1,0.116569,0,1,0.139582
1494,10,6897038,7659872,AD,Any_AMD,0.142201,-0.04308,0.33546,0.0202211,0,0.11254,0.139594
2113,16,9754797,10351808,AD,Any_AMD,0.614807,-0.24089,1,0.377988,0,1,0.13966
746,4,163937104,164781847,AD,Any_AMD,0.407754,-0.13621,1,0.166263,0,1,0.139976
1256,8,14389306,14872767,AD,Any_AMD,-0.264186,-0.68383,0.09489,0.0697942,0,0.46762,0.140055
2307,19,762047,1515920,AD,Any_AMD,-0.143352,-0.33922,0.04808,0.0205498,0,0.11507,0.140539
495,3,84698481,85807679,AD,Any_AMD,0.401934,-0.1457,1,0.161551,0,1,0.140559
2425,20,59560458,60125333,AD,Any_AMD,-0.642302,-1,0.1668,0.412552,0,1,0.141342
1455,9,111368108,112076381,AD,Any_AMD,-0.353725,-1,0.13168,0.125122,0,1,0.141374
226,2,22429641,23538527,AD,Any_AMD,0.186842,-0.06256,0.44823,0.0349098,0,0.20091,0.141461
242,2,37603361,38887393,AD,Any_AMD,-0.492118,-1,0.16453,0.24218,0,1,0.142141
1732,11,127306872,128262550,AD,Any_AMD,-0.320164,-1,0.11514,0.102505,0,1,0.143221
1599,10,125798320,126875816,AD,Any_AMD,0.199284,-0.06993,0.48156,0.0397143,0,0.2319,0.143337
1307,8,72013185,72917489,AD,Any_AMD,-0.196292,-0.47469,0.07093,0.0385306,0,0.22533,0.144298
1840,12,110111515,111592381,AD,Any_AMD,-0.577086,-1,0.17481,0.333029,0,1,0.144461
940,6,17391995,18208676,AD,Any_AMD,-0.207789,-0.49779,0.08296,0.0431765,0,0.2478,0.144462
1567,10,87287936,88443652,AD,Any_AMD,-0.593443,-1,0.22923,0.352175,0,1,0.144914
1472,9,128785783,129617771,AD,Any_AMD,-0.168155,-0.40088,0.06019,0.0282762,0,0.1607,0.145147
1609,10,134856055,135524372,AD,Any_AMD,-0.361238,-1,0.12808,0.130493,0,1,0.145865
1095,7,617320,1366972,AD,Any_AMD,0.27027,-0.09613,0.85182,0.0730459,0,0.72894,0.146311
373,2,189882703,191051954,AD,Any_AMD,0.226536,-0.08541,0.56795,0.0513185,0,0.32257,0.146925
336,2,145977921,147252196,AD,Any_AMD,-0.675226,-1,0.18135,0.455931,0,1,0.147077
871,5,113998533,115117631,AD,Any_AMD,0.356149,-0.12413,1,0.126842,0,1,0.14725
209,2,5568654,6306606,AD,Any_AMD,0.498497,-0.16794,1,0.2485,0,1,0.147263
1174,7,83953010,85356715,AD,Any_AMD,-0.569246,-1,0.19614,0.324041,0,1,0.147903
1322,8,90364150,91457962,AD,Any_AMD,-0.27364,-0.7024,0.10061,0.074879,0,0.49337,0.148512
152,1,197935822,199263389,AD,Any_AMD,-0.112768,-0.26836,0.04095,0.0127166,0,0.07202,0.148572
2285,18,56832313,57635821,AD,Any_AMD,0.254355,-0.09219,0.66851,0.0646966,0,0.44815,0.149073
598,4,1529268,2468935,AD,Any_AMD,-0.3078,-1,0.1255,0.0947411,0,1,0.149365
580,3,181424324,183203155,AD,Any_AMD,-0.384436,-1,0.13558,0.147791,0,1,0.149412
1893,13,50419897,51554236,AD,Any_AMD,0.473985,-0.17754,1,0.224662,0,1,0.150117
562,3,160584962,161628883,AD,Any_AMD,-0.873054,-1,0.28031,0.762223,0,1,0.150226
646,4,45186768,46358360,AD,Any_AMD,0.573702,-0.18921,1,0.329134,0,1,0.150788
68,1,79065287,80099353,AD,Any_AMD,-0.732244,-1,0.17943,0.536182,0,1,0.151748
1870,13,25977141,26681709,AD,Any_AMD,0.486093,-0.15622,1,0.236286,0,1,0.151755
2427,20,60766558,61470768,AD,Any_AMD,0.175135,-0.06649,0.42566,0.0306723,0,0.18118,0.152272
340,2,152497376,153999309,AD,Any_AMD,-0.244453,-0.69068,0.09916,0.0597574,0,0.47715,0.152753
1518,10,29393750,30000223,AD,Any_AMD,-0.358185,-1,0.14688,0.128297,0,1,0.15311
1398,9,21674033,23091193,AD,Any_AMD,0.222278,-0.08472,0.56231,0.0494075,0,0.31619,0.154123
355,2,170865766,171566482,AD,Any_AMD,0.382864,-0.1644,1,0.146585,0,1,0.154564
65,1,76097248,76977915,AD,Any_AMD,-0.836048,-1,0.23247,0.698976,0,1,0.154641
777,5,1206610,2106885,AD,Any_AMD,0.505564,-0.17033,1,0.255595,0,1,0.154782
307,2,113930669,115203835,AD,Any_AMD,-0.503776,-1,0.18182,0.25379,0,1,0.155507
1627,11,15126768,16383386,AD,Any_AMD,0.245594,-0.1048,0.74208,0.0603162,0,0.55169,0.156166
2177,17,3430441,4463971,AD,Any_AMD,0.795002,-0.18878,1,0.632028,0,1,0.15656
2191,17,17326541,18900978,AD,Any_AMD,-0.290817,-1,0.11456,0.0845745,0,1,0.156791
1355,8,130383564,131545725,AD,Any_AMD,-0.408429,-1,0.1635,0.166814,0,1,0.15713
1983,14,51418372,52206122,AD,Any_AMD,-0.363938,-1,0.16698,0.132451,0,1,0.15723
1452,9,108203096,109150717,AD,Any_AMD,-0.30429,-1,0.13088,0.0925926,0,1,0.157378
1056,6,128763381,129850178,AD,Any_AMD,0.478591,-0.21471,1,0.229049,0,1,0.157539
193,1,241813535,242417923,AD,Any_AMD,0.320321,-0.12755,1,0.102606,0,1,0.157965
874,5,117348498,118605251,AD,Any_AMD,-0.923071,-1,0.21048,0.85206,0,1,0.158443
108,1,147083836,149716037,AD,Any_AMD,-0.279092,-1,0.12268,0.0778926,0,1,0.158507
1848,12,119301062,120567740,AD,Any_AMD,-0.215656,-0.55182,0.09405,0.0465073,0,0.30451,0.158584
210,2,6306607,7108208,AD,Any_AMD,0.326488,-0.14006,1,0.106595,0,1,0.158642
18,1,16732169,17557746,AD,Any_AMD,0.230715,-0.10254,0.69197,0.0532294,0,0.47882,0.158887
464,3,47588462,50387742,AD,Any_AMD,-0.328725,-1,0.14056,0.10806,0,1,0.160417
2228,17,71466954,72383472,AD,Any_AMD,0.224041,-0.09391,0.60605,0.0501944,0,0.36832,0.16048
1917,13,77460045,78693310,AD,Any_AMD,-0.376002,-1,0.17011,0.141378,0,1,0.160934
552,3,149998412,151131307,AD,Any_AMD,0.282084,-0.12488,0.8707,0.0795716,0,0.76215,0.161011
419,2,241113280,241910366,AD,Any_AMD,-0.240278,-0.69145,0.1085,0.0577337,0,0.48188,0.161458
1137,7,40261241,41415925,AD,Any_AMD,0.226743,-0.09233,0.64053,0.0514125,0,0.41041,0.161465
1236,8,2070903,2396122,AD,Any_AMD,0.212488,-0.08382,0.52772,0.0451512,0,0.27849,0.161732
1698,11,90967062,92209168,AD,Any_AMD,-0.74034,-1,0.23185,0.548103,0,1,0.162387
2259,18,25305261,26861067,AD,Any_AMD,-0.39686,-1,0.16737,0.157498,0,1,0.162863
2376,20,6128359,7231796,AD,Any_AMD,0.215665,-0.09559,0.55366,0.0465112,0,0.30654,0.162901
745,4,163245542,163937103,AD,Any_AMD,0.35734,-0.15846,1,0.127692,0,1,0.163065
1986,14,54359599,55292832,AD,Any_AMD,-0.165698,-0.40868,0.07022,0.0274559,0,0.16702,0.163264
476,3,63670804,64662373,AD,Any_AMD,-0.221011,-0.56254,0.09065,0.0488461,0,0.31687,0.163318
2491,22,47299626,48269177,AD,Any_AMD,-0.532228,-1,0.19784,0.283266,0,1,0.164367
324,2,132598286,133352950,AD,Any_AMD,-0.321057,-1,0.14328,0.103078,0,1,0.164854
2348,19,41733464,43317282,AD,Any_AMD,-0.149131,-0.3746,0.0602,0.02224,0,0.14032,0.165075
1258,8,15359693,15999328,AD,Any_AMD,-0.783588,-1,0.26289,0.61401,0,1,0.166143
146,1,191419276,192468373,AD,Any_AMD,0.230224,-0.09677,0.5923,0.0530033,0,0.35082,0.166279
886,5,128734906,130573817,AD,Any_AMD,0.167133,-0.07067,0.41972,0.0279336,0,0.17616,0.166385
2442,21,26467827,27774350,AD,Any_AMD,-0.517132,-1,0.19478,0.267425,0,1,0.167634
821,5,53747857,55221398,AD,Any_AMD,-0.24347,-0.65845,0.11261,0.0592779,0,0.43356,0.167911
1578,10,100337831,101271451,AD,Any_AMD,0.348134,-0.16448,1,0.121197,0,1,0.168096
1079,6,155523958,156762740,AD,Any_AMD,-0.30046,-0.86826,0.14537,0.0902764,0,0.75586,0.168409
2437,21,21632917,22201890,AD,Any_AMD,0.226501,-0.09939,0.6084,0.0513029,0,0.37107,0.168429
910,5,160519050,161478177,AD,Any_AMD,0.339675,-0.16843,1,0.115379,0,1,0.168481
452,3,32378806,33020868,AD,Any_AMD,0.354051,-0.15472,1,0.125352,0,1,0.16922
1506,10,18529743,19421514,AD,Any_AMD,-0.512753,-1,0.2112,0.262916,0,1,0.169282
1140,7,43448816,44989571,AD,Any_AMD,0.593365,-0.2497,1,0.352082,0,1,0.169372
2214,17,52102650,53468006,AD,Any_AMD,0.228874,-0.11301,0.63308,0.0523834,0,0.4008,0.169459
2288,18,59449423,60780194,AD,Any_AMD,0.547699,-0.20204,1,0.299974,0,1,0.170357
113,1,154685546,156813845,AD,Any_AMD,0.174442,-0.07492,0.44173,0.0304302,0,0.19512,0.170733
1690,11,83677774,84613229,AD,Any_AMD,0.206186,-0.10319,0.52583,0.0425126,0,0.2765,0.170865
489,3,77507833,79023360,AD,Any_AMD,1,-0.37163,1,1,0,1,0.173094
415,2,238185483,238814630,AD,Any_AMD,0.379993,-0.17482,1,0.144395,0,1,0.173249
2224,17,66757557,68176219,AD,Any_AMD,-0.182679,-0.48596,0.0838,0.0333717,0,0.23623,0.173582
245,2,40786177,41540439,AD,Any_AMD,-0.276414,-0.76801,0.12837,0.0764047,0,0.59071,0.173761
660,4,64117432,65563100,AD,Any_AMD,0.490799,-0.24512,1,0.240884,0,1,0.174815
1158,7,64216136,65294277,AD,Any_AMD,0.923211,-0.22482,1,0.852319,0,1,0.174871
143,1,187757077,188625772,AD,Any_AMD,0.24276,-0.12097,0.63613,0.0589324,0,0.40466,0.174954
417,2,239634351,240325600,AD,Any_AMD,-0.226286,-0.60388,0.10329,0.0512053,0,0.36467,0.175021
404,2,227557842,228812485,AD,Any_AMD,0.175762,-0.08141,0.43977,0.0308922,0,0.1934,0.17576
734,4,149998529,151014322,AD,Any_AMD,-0.325103,-1,0.1535,0.105692,0,1,0.176159
2232,17,75619257,76596287,AD,Any_AMD,-0.214636,-0.57233,0.10498,0.0460688,0,0.32802,0.176516
1803,12,68006683,68839661,AD,Any_AMD,-0.162877,-0.41367,0.07599,0.0265289,0,0.17112,0.176799
2355,19,48573066,49415189,AD,Any_AMD,-0.239961,-0.72717,0.10842,0.0575812,0,0.5292,0.177365
1579,10,101271452,102509298,AD,Any_AMD,0.23626,-0.11458,0.63782,0.0558188,0,0.40746,0.178228
1985,14,52760554,54359598,AD,Any_AMD,-0.408518,-1,0.19346,0.166887,0,1,0.178418
863,5,104850491,106389388,AD,Any_AMD,0.274028,-0.13545,0.77174,0.0750912,0,0.59558,0.178693
505,3,98212869,99045104,AD,Any_AMD,-0.270214,-0.76534,0.12909,0.0730156,0,0.58624,0.17933
237,2,34239777,34890558,AD,Any_AMD,0.388455,-0.20475,1,0.150897,0,1,0.179403
465,3,50387743,51953968,AD,Any_AMD,-0.344026,-1,0.17452,0.118354,0,1,0.179942
1778,12,38746761,40017396,AD,Any_AMD,0.256418,-0.13051,0.69736,0.0657499,0,0.48687,0.180781
1450,9,105846546,107061019,AD,Any_AMD,-0.238526,-0.63035,0.10839,0.0568946,0,0.39734,0.180944
2320,19,13213187,13968319,AD,Any_AMD,-0.183499,-0.48359,0.09032,0.033672,0,0.23395,0.181249
388,2,210842458,212520453,AD,Any_AMD,0.349868,-0.18331,1,0.122408,0,1,0.181859
2372,20,2668109,3736551,AD,Any_AMD,0.469591,-0.22444,1,0.220516,0,1,0.182051
354,2,170155562,170865765,AD,Any_AMD,0.594723,-0.26797,1,0.353695,0,1,0.182114
1381,9,8262304,9170120,AD,Any_AMD,-0.231225,-0.6199,0.1132,0.0534651,0,0.38428,0.182758
378,2,198140351,199654969,AD,Any_AMD,-0.463813,-1,0.21478,0.215122,0,1,0.183769
1488,10,2637066,3225336,AD,Any_AMD,-0.255569,-0.81488,0.13653,0.0653156,0,0.66509,0.18391
24,1,22145630,22740287,AD,Any_AMD,0.225804,-0.10692,0.61596,0.0509873,0,0.37967,0.184223
1637,11,24892440,25662918,AD,Any_AMD,0.518301,-0.24052,1,0.268636,0,1,0.184267
1065,6,139716714,141449453,AD,Any_AMD,-0.446702,-1,0.20617,0.199543,0,1,0.185079
2159,16,78973581,79662634,AD,Any_AMD,0.218242,-0.10945,0.63639,0.0476297,0,0.40565,0.185189
2158,16,78280637,78973580,AD,Any_AMD,-0.279364,-0.82358,0.15035,0.0780441,0,0.68027,0.186678
2422,20,56951774,57924037,AD,Any_AMD,0.217199,-0.11628,0.59686,0.0471756,0,0.35624,0.187909
1068,6,144791456,145778282,AD,Any_AMD,0.171149,-0.08377,0.42926,0.0292919,0,0.1843,0.188175
2067,15,62106139,63218978,AD,Any_AMD,-0.201957,-0.55831,0.10813,0.0407865,0,0.31171,0.188351
43,1,48105234,49185414,AD,Any_AMD,0.316368,-0.1754,1,0.100089,0,1,0.18911
1082,6,158952061,159604052,AD,Any_AMD,-0.378824,-1,0.21961,0.143507,0,1,0.190753
490,3,79023361,80385708,AD,Any_AMD,0.279825,-0.14941,0.80976,0.0783018,0,0.65646,0.192809
540,3,135288395,137372141,AD,Any_AMD,0.233477,-0.13325,0.64896,0.0545116,0,0.42114,0.192955
1007,6,74401507,75461313,AD,Any_AMD,0.342856,-0.19999,1,0.11755,0,1,0.193007
230,2,26894103,28819510,AD,Any_AMD,0.365771,-0.19512,1,0.133788,0,1,0.193637
2174,17,815654,1480056,AD,Any_AMD,-0.223651,-0.69086,0.12616,0.0500198,0,0.47976,0.193709
398,2,221445192,222327713,AD,Any_AMD,-0.342392,-1,0.18783,0.117232,0,1,0.193846
1359,8,134509449,135313673,AD,Any_AMD,0.188987,-0.10068,0.48809,0.035716,0,0.23823,0.193966
1526,10,38566461,42392742,AD,Any_AMD,-0.441992,-1,0.24152,0.195357,0,1,0.194386
975,6,39785908,40778401,AD,Any_AMD,-0.635759,-1,0.22914,0.40419,0,1,0.194396
645,4,43962562,45186767,AD,Any_AMD,0.27107,-0.14694,0.79016,0.0734792,0,0.62435,0.194567
1338,8,109920828,111207349,AD,Any_AMD,-0.421923,-1,0.22448,0.178019,0,1,0.194701
1078,6,154462011,155523957,AD,Any_AMD,0.442261,-0.25441,1,0.195594,0,1,0.194881
1537,10,55104429,55867694,AD,Any_AMD,0.429347,-0.27432,1,0.184339,0,1,0.195037
2238,18,10719,848350,AD,Any_AMD,0.311736,-0.17343,1,0.0971793,0,1,0.195113
1861,12,132012317,132957945,AD,Any_AMD,-0.257077,-0.80799,0.13545,0.0660886,0,0.65333,0.195594
1995,14,64033238,65229391,AD,Any_AMD,-0.182437,-0.48306,0.09848,0.0332832,0,0.23335,0.197711
1391,9,15839404,16658377,AD,Any_AMD,-0.330547,-1,0.18414,0.109261,0,1,0.197864
1877,13,34722392,35744568,AD,Any_AMD,0.203577,-0.1224,0.59898,0.0414436,0,0.35942,0.198507
750,4,167643769,168623790,AD,Any_AMD,0.282983,-0.17536,0.95112,0.0800793,0,0.91465,0.198525
1909,13,69751492,70427880,AD,Any_AMD,-0.952554,-1,0.56366,0.907359,0,1,0.198734
78,1,89753965,90941549,AD,Any_AMD,-0.200157,-0.55137,0.10495,0.0400628,0,0.30401,0.198973
668,4,73258295,74885900,AD,Any_AMD,-0.46927,-1,0.23413,0.220215,0,1,0.199835
1605,10,131694739,132576793,AD,Any_AMD,-0.294269,-1,0.17458,0.0865945,0,1,0.20206
1046,6,117674077,118529071,AD,Any_AMD,0.269412,-0.15762,0.76495,0.072583,0,0.5863,0.202193
610,4,10370667,11050119,AD,Any_AMD,0.400444,-0.25113,1,0.160355,0,1,0.202632
1565,10,85463485,86459980,AD,Any_AMD,0.194707,-0.10364,0.54316,0.0379108,0,0.29502,0.202804
1594,10,120592840,121874445,AD,Any_AMD,-0.155933,-0.4072,0.08404,0.0243151,0,0.16582,0.20405
110,1,151146408,152535630,AD,Any_AMD,0.14664,-0.08161,0.38905,0.0215032,0,0.15136,0.204189
619,4,20086839,21416380,AD,Any_AMD,0.261573,-0.1679,0.81895,0.0684204,0,0.67583,0.205774
1800,12,64403858,66114643,AD,Any_AMD,-0.227827,-0.68093,0.13965,0.0519049,0,0.4648,0.205812
751,4,168623791,169555114,AD,Any_AMD,0.235669,-0.12986,0.66806,0.0555401,0,0.4463,0.206228
231,2,28819511,29627932,AD,Any_AMD,-0.886399,-1,0.2796,0.785704,0,1,0.206554
1485,10,60515,1329232,AD,Any_AMD,0.384301,-0.22176,1,0.147687,0,1,0.206813
2409,20,45673604,46486132,AD,Any_AMD,-0.203198,-0.57269,0.11329,0.0412893,0,0.32798,0.207897
1383,9,9920259,10675474,AD,Any_AMD,-0.56525,-1,0.26207,0.319507,0,1,0.208989
1230,7,157199332,158031247,AD,Any_AMD,0.482793,-0.25725,1,0.233089,0,1,0.210163
1730,11,125266685,126304240,AD,Any_AMD,0.572724,-0.33398,1,0.328013,0,1,0.210871
1779,12,40017397,41198229,AD,Any_AMD,0.227748,-0.1337,0.60986,0.0518692,0,0.37193,0.210871
1145,7,48984626,49632426,AD,Any_AMD,0.32788,-0.21023,1,0.107505,0,1,0.211085
1447,9,103165726,104222848,AD,Any_AMD,-0.338622,-1,0.21684,0.114665,0,1,0.211951
2184,17,10572618,11778164,AD,Any_AMD,0.248772,-0.14823,0.7414,0.0618874,0,0.55075,0.212111
812,5,41279591,42856332,AD,Any_AMD,-0.340525,-1,0.21746,0.115957,0,1,0.212213
1066,6,141449454,143083347,AD,Any_AMD,-0.276214,-0.967,0.17078,0.0762944,0,0.94268,0.212223
1412,9,34704545,36749273,AD,Any_AMD,0.185479,-0.11041,0.50804,0.0344024,0,0.25861,0.212257
401,2,224123080,224938731,AD,Any_AMD,0.195278,-0.12412,0.56874,0.0381336,0,0.32403,0.212558
565,3,163250113,164037360,AD,Any_AMD,0.382907,-0.24776,1,0.146618,0,1,0.213298
2400,20,33890061,35990261,AD,Any_AMD,0.466994,-0.23331,1,0.218084,0,1,0.213418
2066,15,61130596,62106138,AD,Any_AMD,0.216458,-0.13282,0.59838,0.046854,0,0.35806,0.21381
693,4,104384535,105319195,AD,Any_AMD,-0.202466,-0.59231,0.12549,0.0409927,0,0.35119,0.214144
2086,15,86341599,87158587,AD,Any_AMD,-0.706371,-1,0.29653,0.49896,0,1,0.214301
1240,8,3787249,4273083,AD,Any_AMD,0.586825,-0.25571,1,0.344364,0,1,0.214439
2092,15,92675406,93707010,AD,Any_AMD,0.215961,-0.13578,0.59185,0.046639,0,0.35068,0.215292
793,5,18791411,20397013,AD,Any_AMD,0.567893,-0.28443,1,0.322503,0,1,0.216923
1057,6,129850179,130550137,AD,Any_AMD,0.192928,-0.11491,0.51602,0.0372212,0,0.26628,0.217222
1134,7,36507691,37981936,AD,Any_AMD,0.205796,-0.12646,0.6063,0.0423518,0,0.36872,0.217335
2314,19,6455429,7249359,AD,Any_AMD,-0.119327,-0.3151,0.07375,0.0142388,0,0.09929,0.217494
1277,8,32454963,33982537,AD,Any_AMD,0.60731,-0.32835,1,0.368825,0,1,0.217514
2249,18,10675549,11872226,AD,Any_AMD,-0.187067,-0.54019,0.11706,0.0349941,0,0.29237,0.217926
1423,9,77862309,78630915,AD,Any_AMD,-0.223744,-0.6437,0.15034,0.0500613,0,0.41594,0.218224
130,1,172465154,173582511,AD,Any_AMD,0.417156,-0.26256,1,0.174019,0,1,0.218448
1815,12,81843891,82576129,AD,Any_AMD,-0.641826,-1,0.37839,0.41194,0,1,0.218636
1574,10,95528161,97040172,AD,Any_AMD,0.308964,-0.19784,1,0.0954588,0,1,0.219032
1987,14,55292833,56206430,AD,Any_AMD,0.820649,-0.34067,1,0.673465,0,1,0.219114
2048,15,37962916,39238840,AD,Any_AMD,-0.144836,-0.39795,0.09564,0.0209775,0,0.15836,0.219248
1676,11,68000950,68887344,AD,Any_AMD,0.221745,-0.14103,0.70888,0.049171,0,0.50252,0.21951
959,6,31250557,31320268,AD,Any_AMD,-0.133703,-0.34888,0.08061,0.0178764,0,0.12172,0.220041
1491,10,4813183,5396242,AD,Any_AMD,0.180294,-0.11657,0.50744,0.032506,0,0.25802,0.220735
537,3,132124019,132925967,AD,Any_AMD,-0.450463,-1,0.28327,0.202917,0,1,0.221389
1905,13,65187139,66382286,AD,Any_AMD,0.394589,-0.25472,1,0.1557,0,1,0.221447
2173,17,52,815653,AD,Any_AMD,-0.221805,-0.7204,0.14908,0.0491974,0,0.51899,0.222033
177,1,228045555,229075156,AD,Any_AMD,-0.299479,-1,0.20774,0.0896875,0,1,0.222514
1476,9,132999453,134141936,AD,Any_AMD,-0.505649,-1,0.23783,0.255681,0,1,0.222841
1868,13,23729050,24818333,AD,Any_AMD,0.293982,-0.20599,1,0.0864252,0,1,0.223038
947,6,23192338,23939306,AD,Any_AMD,-0.201381,-0.59684,0.12762,0.0405545,0,0.35622,0.223679
988,6,53425493,54452767,AD,Any_AMD,-0.279261,-0.96889,0.19756,0.0779867,0,0.94619,0.224686
2019,14,92101229,93386328,AD,Any_AMD,0.372758,-0.25753,1,0.138949,0,1,0.224688
2325,19,17045964,17750518,AD,Any_AMD,0.153029,-0.09782,0.40825,0.0234178,0,0.16667,0.225346
413,2,236276288,237194297,AD,Any_AMD,-0.260939,-1,0.1876,0.0680892,0,1,0.227577
2183,17,9619357,10572617,AD,Any_AMD,-0.168378,-0.47358,0.11073,0.0283513,0,0.22428,0.227811
437,3,15150877,16084005,AD,Any_AMD,0.214062,-0.15473,0.72128,0.0458226,0,0.52232,0.228239
2401,20,35990262,37253657,AD,Any_AMD,0.139577,-0.08999,0.38486,0.0194818,0,0.14812,0.228243
2154,16,75525960,76635467,AD,Any_AMD,-0.257632,-0.96394,0.17317,0.0663744,0,0.94519,0.228555
1830,12,99244338,100931423,AD,Any_AMD,0.779008,-0.42223,1,0.606854,0,1,0.228751
102,1,116207298,117046311,AD,Any_AMD,0.203572,-0.1333,0.59189,0.0414416,0,0.35034,0.229088
944,6,20418021,21295864,AD,Any_AMD,0.332783,-0.21594,1,0.110745,0,1,0.22942
1588,10,113117616,114255954,AD,Any_AMD,-0.219366,-0.75129,0.15062,0.0481213,0,0.56655,0.229459
563,3,161628884,162622604,AD,Any_AMD,0.498788,-0.3309,1,0.24879,0,1,0.229553
1575,10,97040173,98005994,AD,Any_AMD,0.183579,-0.12154,0.51783,0.0337014,0,0.26815,0.23094
2420,20,55448076,56172843,AD,Any_AMD,-0.450925,-1,0.29502,0.203333,0,1,0.231387
161,1,209711170,211082892,AD,Any_AMD,-0.366917,-1,0.25,0.134628,0,1,0.231491
902,5,152878628,153734494,AD,Any_AMD,-0.414051,-1,0.31857,0.171438,0,1,0.231531
1592,10,118416050,119528730,AD,Any_AMD,-0.197751,-0.64072,0.13495,0.0391056,0,0.41225,0.232163
1992,14,60099483,61652816,AD,Any_AMD,0.622471,-0.3043,1,0.387471,0,1,0.233003
1275,8,29744541,31134786,AD,Any_AMD,0.346216,-0.21419,1,0.119866,0,1,0.233023
2187,17,13648447,14508610,AD,Any_AMD,-0.317406,-1,0.21656,0.100746,0,1,0.233376
1954,14,19000059,20876080,AD,Any_AMD,0.228706,-0.1666,0.86319,0.0523067,0,0.74826,0.233556
2324,19,16079007,17045963,AD,Any_AMD,0.234458,-0.17145,0.78156,0.0549705,0,0.61667,0.23403
2374,20,4591848,5379450,AD,Any_AMD,0.187561,-0.12571,0.56712,0.035179,0,0.32188,0.234234
834,5,68006994,71468651,AD,Any_AMD,0.228853,-0.16961,0.80916,0.0523737,0,0.65711,0.234481
2217,17,56245228,58652809,AD,Any_AMD,-0.3223,-1,0.20758,0.103877,0,1,0.234586
1548,10,67146044,67769822,AD,Any_AMD,-0.210378,-0.60268,0.14994,0.0442591,0,0.36475,0.234756
361,2,176734751,178149981,AD,Any_AMD,0.264887,-0.20319,0.88649,0.0701649,0,0.79224,0.235139
31,1,31639218,33066846,AD,Any_AMD,0.475418,-0.28148,1,0.226022,0,1,0.235414
783,5,6936734,8079415,AD,Any_AMD,0.338492,-0.21145,1,0.114577,0,1,0.235766
2404,20,40272391,41351514,AD,Any_AMD,0.21813,-0.15291,0.63091,0.0475805,0,0.39804,0.236042
289,2,82941456,84395899,AD,Any_AMD,-1,-1,0.37973,1,0,1,0.236808
306,2,112644829,113930668,AD,Any_AMD,0.3543,-0.23365,1,0.125529,0,1,0.237363
1955,14,20876081,21982654,AD,Any_AMD,0.368059,-0.27193,1,0.135468,0,1,0.237505
2429,20,62179242,62963627,AD,Any_AMD,0.221297,-0.16788,0.69152,0.0489723,0,0.4782,0.240028
987,6,52598880,53425492,AD,Any_AMD,-0.268231,-1,0.18943,0.0719477,0,1,0.24019
1760,12,20074931,20866285,AD,Any_AMD,-0.284306,-1,0.2178,0.0808301,0,1,0.240415
2458,21,43812792,44815008,AD,Any_AMD,0.195033,-0.13189,0.57846,0.0380378,0,0.33589,0.240581
595,3,197147991,197962380,AD,Any_AMD,0.280637,-0.20346,1,0.0787573,0,1,0.241513
798,5,24362662,25722097,AD,Any_AMD,-0.340095,-1,0.24599,0.115665,0,1,0.241653
1590,10,115588904,116845213,AD,Any_AMD,0.132277,-0.09685,0.36489,0.0174973,0,0.13315,0.242577
1109,7,11232448,11855413,AD,Any_AMD,0.210657,-0.1596,0.66065,0.0443763,0,0.43755,0.244768
1776,12,34340496,38108284,AD,Any_AMD,0.362279,-0.27405,1,0.131246,0,1,0.245043
506,3,99045105,100552522,AD,Any_AMD,-0.188897,-0.53021,0.13449,0.0356821,0,0.28139,0.245049
319,2,126754028,127895644,AD,Any_AMD,0.407427,-0.25814,1,0.165997,0,1,0.245248
492,3,81431497,82532742,AD,Any_AMD,-0.189626,-0.58309,0.14091,0.0359581,0,0.34227,0.245471
520,3,115649910,116498570,AD,Any_AMD,-0.580177,-1,0.32441,0.336606,0,1,0.245929
449,3,28649811,29877022,AD,Any_AMD,0.210064,-0.15298,0.66726,0.044127,0,0.44614,0.246229
721,4,132801981,133524886,AD,Any_AMD,-0.463425,-1,0.3352,0.214762,0,1,0.246426
2250,18,11872227,12735558,AD,Any_AMD,0.268659,-0.20692,1,0.0721778,0,1,0.246573
770,4,186232883,186881568,AD,Any_AMD,0.206932,-0.14789,0.66464,0.0428207,0,0.44486,0.246831
297,2,100202437,101556799,AD,Any_AMD,0.345916,-0.28794,1,0.119658,0,1,0.247735
1459,9,114443476,115390112,AD,Any_AMD,-0.251958,-1,0.19399,0.063483,0,1,0.247793
1039,6,109043245,110647842,AD,Any_AMD,-0.515552,-1,0.27702,0.265794,0,1,0.24918
308,2,115203836,116415816,AD,Any_AMD,0.340325,-0.26234,1,0.115821,0,1,0.249317
893,5,141253831,142532956,AD,Any_AMD,-0.227232,-0.84896,0.17674,0.0516344,0,0.72911,0.249597
861,5,102903986,103788460,AD,Any_AMD,-0.224994,-0.7681,0.16371,0.0506221,0,0.59599,0.250152
1554,10,72659224,73514214,AD,Any_AMD,-0.298322,-1,0.22632,0.0889957,0,1,0.25062
924,5,178595253,179794710,AD,Any_AMD,-0.607283,-1,0.31575,0.368792,0,1,0.251218
214,2,9960671,10611654,AD,Any_AMD,0.453871,-0.31436,1,0.205999,0,1,0.251486
1546,10,65400432,66510387,AD,Any_AMD,-0.150376,-0.41487,0.10738,0.0226128,0,0.17212,0.251515
1436,9,91643256,92500277,AD,Any_AMD,0.162978,-0.12032,0.47747,0.0265617,0,0.22821,0.252804
1416,9,43903830,66673058,AD,Any_AMD,0.418676,-0.36066,1,0.17529,0,1,0.253351
2340,19,33785836,34633274,AD,Any_AMD,-0.17176,-0.52802,0.13336,0.0295014,0,0.2807,0.253361
1219,7,145415776,146574327,AD,Any_AMD,-0.326613,-1,0.25375,0.106676,0,1,0.253897
1041,6,111363444,112342873,AD,Any_AMD,0.220455,-0.16626,0.66707,0.0486004,0,0.44594,0.254345
1368,8,143611462,144934288,AD,Any_AMD,0.206184,-0.16022,0.78739,0.0425117,0,0.62268,0.254769
1926,13,86321289,87043588,AD,Any_AMD,-0.371686,-1,0.31118,0.138151,0,1,0.25562
1139,7,42494807,43448815,AD,Any_AMD,0.199404,-0.15453,0.61137,0.0397618,0,0.37523,0.255773
1053,6,123854858,125365054,AD,Any_AMD,0.981773,-0.45136,1,0.963878,0,1,0.255778
1889,13,46493237,47433528,AD,Any_AMD,0.237686,-0.18684,0.98722,0.0564945,0,0.9746,0.255972
348,2,163607636,164702312,AD,Any_AMD,0.233285,-0.19587,0.79323,0.054422,0,0.63024,0.256035
879,5,122005292,123191941,AD,Any_AMD,-0.237646,-0.75694,0.19434,0.0564758,0,0.57518,0.257141
238,2,34890559,35609257,AD,Any_AMD,-0.37127,-1,0.30227,0.137842,0,1,0.257523
1743,12,3069507,3871114,AD,Any_AMD,-0.527553,-1,0.34466,0.278312,0,1,0.258284
420,2,241910367,243188366,AD,Any_AMD,0.123621,-0.09375,0.34581,0.0152822,0,0.11958,0.258929
221,2,15721704,17241115,AD,Any_AMD,-0.343731,-1,0.2687,0.118151,0,1,0.259487
411,2,234945578,235625789,AD,Any_AMD,-0.270868,-1,0.25127,0.0733695,0,1,0.259988
1013,6,80693928,81567706,AD,Any_AMD,0.211547,-0.17233,0.77804,0.044752,0,0.61449,0.260588
1420,9,73915495,74950318,AD,Any_AMD,0.209533,-0.16971,0.69401,0.0439039,0,0.4828,0.261945
1607,10,133111171,133818036,AD,Any_AMD,-0.402575,-1,0.31928,0.162066,0,1,0.262602
589,3,192049689,193122090,AD,Any_AMD,-0.202828,-0.6584,0.16226,0.0411392,0,0.43349,0.263733
2108,16,6446082,7051429,AD,Any_AMD,0.231462,-0.19524,0.94924,0.0535747,0,0.90925,0.264151
227,2,23538528,24669224,AD,Any_AMD,0.211441,-0.17491,0.64304,0.0447074,0,0.41821,0.264216
1517,10,28734423,29393749,AD,Any_AMD,0.19158,-0.1489,0.57484,0.0367031,0,0.33112,0.265113
53,1,61377616,62778733,AD,Any_AMD,-0.166669,-0.48483,0.12776,0.0277785,0,0.23506,0.266229
839,5,75959516,77290255,AD,Any_AMD,-0.348466,-1,0.28467,0.121428,0,1,0.266382
2085,15,85494084,86341598,AD,Any_AMD,-0.795502,-1,0.53225,0.632824,0,1,0.26748
915,5,166863414,168342743,AD,Any_AMD,-0.467644,-1,0.38335,0.218691,0,1,0.267766
961,6,31427210,32208901,AD,Any_AMD,-0.0996552,-0.28203,0.07808,0.00993117,0,0.07954,0.267953
1541,10,58809134,59822946,AD,Any_AMD,0.904035,-0.53865,1,0.817279,0,1,0.268719
54,1,62778734,64344226,AD,Any_AMD,-0.186276,-0.56897,0.15309,0.0346987,0,0.32459,0.269101
341,2,153999310,155207969,AD,Any_AMD,-0.27476,-0.96498,0.21632,0.0754932,0,0.93118,0.269306
2077,15,76401953,77897163,AD,Any_AMD,0.388557,-0.33116,1,0.150977,0,1,0.2695
1470,9,126092932,127184582,AD,Any_AMD,0.34608,-0.30689,1,0.119771,0,1,0.270432
1226,7,153241229,154407487,AD,Any_AMD,-0.685749,-1,0.33145,0.470251,0,1,0.270526
703,4,116204704,117313636,AD,Any_AMD,-0.246953,-0.95103,0.21439,0.0609856,0,0.92485,0.271354
978,6,43770627,44596897,AD,Any_AMD,0.104069,-0.08326,0.29408,0.0108303,0,0.08648,0.27152
1175,7,85356716,86446538,AD,Any_AMD,-0.289895,-1,0.2564,0.0840393,0,1,0.27245
973,6,37570052,38688720,AD,Any_AMD,-0.445427,-1,0.36387,0.198405,0,1,0.272512
448,3,27614909,28649810,AD,Any_AMD,-0.189302,-0.59961,0.16201,0.0358351,0,0.35953,0.273026
1820,12,86933477,88344764,AD,Any_AMD,-0.364236,-1,0.31392,0.132668,0,1,0.274211
1602,10,129134739,129831969,AD,Any_AMD,0.179404,-0.14628,0.53392,0.0321857,0,0.28528,0.274447
412,2,235625790,236276287,AD,Any_AMD,-0.289257,-1,0.26134,0.0836699,0,1,0.274883
2468,22,23143365,23950732,AD,Any_AMD,0.248135,-0.22632,0.99173,0.0615709,0,1,0.275737
877,5,120371858,120960737,AD,Any_AMD,-0.65374,-1,0.47337,0.427376,0,1,0.276034
1414,9,37687113,38822977,AD,Any_AMD,-0.268042,-1,0.21947,0.0718464,0,1,0.276262
661,4,65563101,66597446,AD,Any_AMD,0.23347,-0.20891,0.73324,0.0545082,0,0.53846,0.278751
1462,9,117054910,117989017,AD,Any_AMD,-0.170825,-0.51292,0.13671,0.0291811,0,0.26408,0.279387
927,6,1380680,2746531,AD,Any_AMD,-0.375401,-1,0.30844,0.140926,0,1,0.28064
46,1,53114187,54771293,AD,Any_AMD,0.539263,-0.33644,1,0.290804,0,1,0.280875
1006,6,73170169,74401506,AD,Any_AMD,0.537965,-0.39709,1,0.289407,0,1,0.281176
887,5,130573818,132554690,AD,Any_AMD,-0.160865,-0.47052,0.13596,0.0258774,0,0.22139,0.281876
1390,9,14902925,15839403,AD,Any_AMD,0.201311,-0.17745,0.61328,0.040526,0,0.37611,0.282439
439,3,17182495,19030988,AD,Any_AMD,-0.188436,-0.67344,0.16753,0.0355081,0,0.46106,0.28283
917,5,169506967,170898340,AD,Any_AMD,0.183945,-0.16884,0.62163,0.0338358,0,0.38874,0.284674
1248,8,9167796,9835863,AD,Any_AMD,-0.350948,-1,0.33849,0.123165,0,1,0.284849
1535,10,53129610,53919161,AD,Any_AMD,-0.346037,-1,0.35009,0.119742,0,1,0.285707
1362,8,137527618,138564843,AD,Any_AMD,-0.328891,-1,0.31192,0.108169,0,1,0.285899
2362,19,54042241,54602370,AD,Any_AMD,0.116796,-0.10019,0.33954,0.0136414,0,0.11534,0.286803
728,4,141087048,142807914,AD,Any_AMD,-0.541063,-1,0.39024,0.292749,0,1,0.287822
1281,8,38803981,40179577,AD,Any_AMD,-0.321898,-1,0.30798,0.103618,0,1,0.288155
1323,8,91457963,92876620,AD,Any_AMD,-0.380084,-1,0.37427,0.144464,0,1,0.288573
1530,10,44893847,46327144,AD,Any_AMD,-0.159286,-0.48285,0.14466,0.025372,0,0.23366,0.288669
2455,21,41344743,42187152,AD,Any_AMD,-0.177081,-0.55195,0.16686,0.0313577,0,0.30465,0.289044
1854,12,126871453,127545377,AD,Any_AMD,0.331369,-0.29192,1,0.109805,0,1,0.290352
1852,12,124843769,126079935,AD,Any_AMD,0.179788,-0.15439,0.53902,0.0323239,0,0.29054,0.291299
1965,14,32382246,33591113,AD,Any_AMD,-0.182783,-0.58281,0.17572,0.0334097,0,0.34049,0.291736
2038,15,25384328,26392947,AD,Any_AMD,0.186967,-0.16938,0.57713,0.0349567,0,0.33352,0.292264
1092,6,168707339,169667886,AD,Any_AMD,-0.292867,-1,0.29861,0.0857713,0,1,0.292891
499,3,88375764,89612939,AD,Any_AMD,0.264877,-0.26699,1,0.0701599,0,1,0.293155
990,6,55469138,56200985,AD,Any_AMD,-0.454116,-1,0.36016,0.206222,0,1,0.293729
338,2,149568876,151428988,AD,Any_AMD,-0.242321,-0.92336,0.24601,0.0587194,0,0.86947,0.294153
766,4,182946259,183603892,AD,Any_AMD,-0.167856,-0.50674,0.14752,0.0281755,0,0.25766,0.294383
2200,17,33614190,34474611,AD,Any_AMD,-0.195017,-0.76049,0.18303,0.0380316,0,0.59095,0.294622
409,2,233352723,234115092,AD,Any_AMD,-0.219383,-0.86219,0.19803,0.0481288,0,0.75171,0.295585
405,2,228812486,229764918,AD,Any_AMD,-0.206921,-0.77814,0.20711,0.0428164,0,0.61328,0.29581
124,1,166458032,167163954,AD,Any_AMD,-0.228382,-0.98803,0.22696,0.0521583,0,1,0.296811
445,3,24270190,25516193,AD,Any_AMD,-0.201902,-0.64211,0.19877,0.0407646,0,0.41231,0.297183
521,3,116498571,117241644,AD,Any_AMD,-0.850843,-1,0.377,0.723935,0,1,0.297787
1214,7,137657460,138755107,AD,Any_AMD,-0.187773,-0.6958,0.17922,0.0352586,0,0.49439,0.298226
233,2,30575620,31457418,AD,Any_AMD,0.312469,-0.3071,1,0.097637,0,1,0.298429
66,1,76977916,77895394,AD,Any_AMD,0.292248,-0.29496,1,0.0854087,0,1,0.298672
1685,11,78912253,79802286,AD,Any_AMD,0.320252,-0.33381,1,0.102562,0,1,0.298702
1091,6,167714866,168707338,AD,Any_AMD,0.750675,-0.36541,1,0.563514,0,1,0.298738
1361,8,136220343,137527617,AD,Any_AMD,0.151687,-0.1437,0.47468,0.023009,0,0.22608,0.298924
1042,6,112342874,113705003,AD,Any_AMD,-0.186406,-0.60854,0.18074,0.0347472,0,0.37112,0.299215
1618,11,6180841,7191230,AD,Any_AMD,0.274329,-0.27907,1,0.0752564,0,1,0.301081
1185,7,98173565,99465540,AD,Any_AMD,0.236653,-0.2405,1,0.0560048,0,1,0.301242
2021,14,94892241,95946792,AD,Any_AMD,-0.316269,-1,0.33756,0.100026,0,1,0.301471
276,2,70756284,71385813,AD,Any_AMD,0.65582,-0.38837,1,0.4301,0,1,0.302029
1484,9,140097760,141146682,AD,Any_AMD,0.148212,-0.13809,0.46926,0.0219668,0,0.22133,0.302116
1647,11,34672698,35500367,AD,Any_AMD,-0.270887,-1,0.2706,0.0733795,0,1,0.302378
17,1,15755231,16732168,AD,Any_AMD,-0.27145,-1,0.28525,0.0736853,0,1,0.302726
1669,11,58452709,59256232,AD,Any_AMD,0.173069,-0.16487,0.54315,0.0299529,0,0.29597,0.303439
1085,6,161371015,162254229,AD,Any_AMD,-0.167587,-0.58566,0.16065,0.0280853,0,0.34384,0.304171
1245,8,6663428,8064600,AD,Any_AMD,0.128301,-0.12145,0.38791,0.0164611,0,0.1505,0.304604
271,2,64696090,65938002,AD,Any_AMD,-0.218658,-0.96356,0.24136,0.0478115,0,0.94076,0.305723
8,1,5362405,6136814,AD,Any_AMD,-0.192772,-0.71595,0.19127,0.0371611,0,0.52015,0.306837
1996,14,65229392,66300066,AD,Any_AMD,-0.24735,-1,0.27286,0.0611821,0,1,0.307005
1633,11,21442723,22368743,AD,Any_AMD,0.281351,-0.31155,1,0.0791583,0,1,0.30787
727,4,139553761,141087047,AD,Any_AMD,-0.377139,-1,0.33347,0.142234,0,1,0.308575
1635,11,23164545,24091272,AD,Any_AMD,-0.174498,-0.62617,0.17445,0.0304496,0,0.39324,0.309151
666,4,70516837,71468300,AD,Any_AMD,-0.315293,-1,0.34447,0.0994098,0,1,0.30974
100,1,113418038,114664387,AD,Any_AMD,0.202876,-0.20817,0.72128,0.0411589,0,0.52024,0.310438
2482,22,37364005,38718589,AD,Any_AMD,-0.163019,-0.53628,0.15942,0.0265753,0,0.28912,0.310572
1111,7,12694916,13213541,AD,Any_AMD,0.359112,-0.37723,1,0.128961,0,1,0.311892
2145,16,65882821,66738843,AD,Any_AMD,-0.11996,-0.36986,0.11924,0.0143904,0,0.1368,0.312225
2342,19,35649344,36638122,AD,Any_AMD,-0.180228,-0.58752,0.16907,0.032482,0,0.34518,0.313638
898,5,148662215,149850203,AD,Any_AMD,0.198797,-0.21636,0.73148,0.0395201,0,0.53663,0.313883
908,5,158484776,159663733,AD,Any_AMD,0.135908,-0.13021,0.41307,0.0184709,0,0.17063,0.314469
296,2,98989361,100202436,AD,Any_AMD,-0.305223,-1,0.32567,0.093161,0,1,0.314503
1648,11,35500368,36331189,AD,Any_AMD,0.411521,-0.34988,1,0.16935,0,1,0.314584
257,2,50756241,51669493,AD,Any_AMD,-0.496509,-1,0.44049,0.246521,0,1,0.314696
2385,20,15238520,15962576,AD,Any_AMD,-0.167684,-0.52502,0.17287,0.0281178,0,0.27565,0.316766
1612,11,1857846,2477449,AD,Any_AMD,0.151974,-0.15567,0.51119,0.0230962,0,0.26254,0.317257
90,1,103148413,103784541,AD,Any_AMD,0.90435,-0.93638,1,0.817848,0,1,0.317903
1403,9,26747215,27366479,AD,Any_AMD,-0.274301,-1,0.32462,0.0752411,0,1,0.31798
899,5,149850204,150981934,AD,Any_AMD,0.220911,-0.24386,1,0.0488017,0,1,0.318651
2213,17,51110386,52102649,AD,Any_AMD,-0.224327,-0.86051,0.25378,0.0503224,0,0.74574,0.319477
2464,22,18535226,19635654,AD,Any_AMD,0.284861,-0.27794,1,0.081146,0,1,0.319504
1047,6,118529072,119451294,AD,Any_AMD,-0.266018,-0.99691,0.30699,0.0707655,0,1,0.320152
567,3,165054912,165936511,AD,Any_AMD,0.263521,-0.29386,1,0.0694434,0,1,0.320567
1901,13,61268156,62135827,AD,Any_AMD,0.254026,-0.2946,1,0.0645292,0,1,0.324167
785,5,9203856,10549029,AD,Any_AMD,-0.138826,-0.44504,0.14264,0.0192726,0,0.19816,0.324266
1717,11,109891838,111117780,AD,Any_AMD,-0.18967,-0.64996,0.19508,0.0359748,0,0.42476,0.325275
357,2,172501316,173287857,AD,Any_AMD,0.280254,-0.30221,1,0.0785422,0,1,0.32571
1486,10,1329233,1872960,AD,Any_AMD,-0.149656,-0.46348,0.15204,0.0223969,0,0.21544,0.326418
903,5,153734495,154599750,AD,Any_AMD,0.261422,-0.29695,1,0.0683416,0,1,0.326902
1032,6,101793543,102637706,AD,Any_AMD,0.149444,-0.15825,0.47632,0.0223335,0,0.22705,0.327054
1311,8,76295484,77377989,AD,Any_AMD,-0.36085,-1,0.45327,0.130213,0,1,0.329525
454,3,33991870,35009559,AD,Any_AMD,0.428073,-0.46856,1,0.183247,0,1,0.331596
2047,15,36583328,37962915,AD,Any_AMD,0.166134,-0.1795,0.57709,0.0276005,0,0.33746,0.332723
172,1,221856865,222763597,AD,Any_AMD,-0.662595,-1,0.53686,0.439033,0,1,0.332781
2431,21,15026793,15840033,AD,Any_AMD,-0.28391,-1,0.28496,0.0806047,0,1,0.333009
240,2,36120744,36867389,AD,Any_AMD,-0.181375,-0.66757,0.19384,0.0328968,0,0.45142,0.333409
1372,9,1103599,1874961,AD,Any_AMD,0.283588,-0.32268,1,0.0804222,0,1,0.333676
725,4,137400032,138537344,AD,Any_AMD,0.204126,-0.23871,0.87957,0.0416675,0,0.78901,0.333728
1617,11,5533058,6180840,AD,Any_AMD,-0.223451,-0.79166,0.25045,0.0499304,0,0.63432,0.334071
253,2,47320115,48171058,AD,Any_AMD,-0.218894,-0.87842,0.24763,0.0479146,0,0.79055,0.334679
606,4,8309827,8882616,AD,Any_AMD,-0.375248,-1,0.36159,0.140811,0,1,0.334899
1365,8,140355989,141527881,AD,Any_AMD,-0.497257,-1,0.39225,0.247264,0,1,0.334995
2465,22,19635655,20969184,AD,Any_AMD,0.140743,-0.16071,0.45387,0.0198086,0,0.2076,0.335841
79,1,90941550,91870059,AD,Any_AMD,-0.162871,-0.56095,0.17367,0.0265269,0,0.31556,0.336579
715,4,126476843,127279171,AD,Any_AMD,0.174891,-0.20807,0.63694,0.0305868,0,0.41335,0.336863
1810,12,75563969,76524573,AD,Any_AMD,-0.218094,-0.99134,0.253,0.0475649,0,1,0.33694
1374,9,2441121,3079045,AD,Any_AMD,-0.248309,-1,0.28075,0.0616574,0,1,0.338589
1628,11,16383387,17583948,AD,Any_AMD,0.125117,-0.13294,0.40173,0.0156542,0,0.16146,0.338988
447,3,26905341,27614908,AD,Any_AMD,-0.262954,-1,0.31935,0.0691447,0,1,0.340568
931,6,5378214,6621937,AD,Any_AMD,-0.389262,-1,0.46874,0.151525,0,1,0.34144
2234,17,77412787,78438332,AD,Any_AMD,-0.338065,-1,0.33497,0.114288,0,1,0.341863
716,4,127279172,128321876,AD,Any_AMD,-0.328289,-1,0.41472,0.107774,0,1,0.342801
1341,8,113650854,114781574,AD,Any_AMD,-0.278373,-1,0.35342,0.0774913,0,1,0.342979
938,6,15069422,16566882,AD,Any_AMD,-0.270433,-1,0.33351,0.0731339,0,1,0.343125
1125,7,25671576,27351286,AD,Any_AMD,-0.150149,-0.51297,0.18542,0.0225447,0,0.26553,0.343679
1453,9,109150718,110630150,AD,Any_AMD,-0.254562,-1,0.3153,0.0648021,0,1,0.343826
225,2,21084899,22429640,AD,Any_AMD,0.134324,-0.15226,0.43577,0.018043,0,0.19027,0.344286
1568,10,88443653,89971628,AD,Any_AMD,0.153889,-0.17741,0.52661,0.0236819,0,0.27923,0.344489
695,4,106479156,108131206,AD,Any_AMD,-0.12702,-0.40583,0.14025,0.016134,0,0.16491,0.344963
665,4,69603369,70516836,AD,Any_AMD,-0.2445,-1,0.3154,0.0597802,0,1,0.346083
2197,17,29783142,31318753,AD,Any_AMD,0.197708,-0.24521,0.80646,0.0390886,0,0.675,0.347752
1050,6,121087445,121908063,AD,Any_AMD,-0.366995,-1,0.39981,0.134685,0,1,0.348801
2444,21,28616540,29449870,AD,Any_AMD,-0.923479,-1,0.49463,0.852813,0,1,0.349645
2286,18,57635822,58527236,AD,Any_AMD,-0.308439,-1,0.38268,0.0951345,0,1,0.350458
2382,20,12353962,13202335,AD,Any_AMD,-0.239514,-1,0.29896,0.0573668,0,1,0.350797
323,2,131760639,132598285,AD,Any_AMD,-0.31526,-1,0.3679,0.0993891,0,1,0.351839
2034,15,20000205,22799926,AD,Any_AMD,0.217216,-0.29388,0.94619,0.0471828,0,0.91274,0.35343
2279,18,50372824,51060986,AD,Any_AMD,-0.252932,-1,0.34208,0.0639744,0,1,0.353881
19,1,17557747,18427820,AD,Any_AMD,-0.136216,-0.44728,0.16217,0.0185549,0,0.20039,0.353981
364,2,180336046,181309939,AD,Any_AMD,0.189237,-0.23077,0.66741,0.0358107,0,0.44837,0.354101
765,4,182065647,182946258,AD,Any_AMD,0.184804,-0.21497,0.67642,0.0341527,0,0.47081,0.354215
1563,10,83596351,84679429,AD,Any_AMD,-0.257317,-1,0.31979,0.0662119,0,1,0.354436
573,3,172004761,173415591,AD,Any_AMD,0.166701,-0.20993,0.66514,0.0277891,0,0.44447,0.35613
2367,19,57143510,57959952,AD,Any_AMD,0.285252,-0.34285,1,0.0813684,0,1,0.356164
1510,10,21477693,23365685,AD,Any_AMD,0.287928,-0.3711,1,0.0829028,0,1,0.356491
2127,16,27443062,29043177,AD,Any_AMD,0.128243,-0.16124,0.45103,0.0164463,0,0.20359,0.356972
2022,14,95946793,97174314,AD,Any_AMD,-0.286697,-1,0.36876,0.0821951,0,1,0.358259
418,2,240325601,241113279,AD,Any_AMD,0.127142,-0.15824,0.42449,0.0161652,0,0.18188,0.358404
2428,20,61470769,62179241,AD,Any_AMD,0.207257,-0.27235,0.95557,0.0429554,0,0.92498,0.358524
436,3,14312008,15150876,AD,Any_AMD,0.136262,-0.16923,0.45275,0.0185672,0,0.20522,0.35905
2193,17,20402495,21432873,AD,Any_AMD,-0.238916,-1,0.28745,0.057081,0,1,0.35919
2245,18,6756497,7862479,AD,Any_AMD,-0.163869,-0.55805,0.18768,0.0268531,0,0.31189,0.359357
1595,10,121874446,122803506,AD,Any_AMD,-0.13792,-0.44745,0.16523,0.019022,0,0.20047,0.359398
676,4,84003063,85437805,AD,Any_AMD,-0.382902,-1,0.36736,0.146614,0,1,0.360089
1722,11,116247378,117295641,AD,Any_AMD,0.224773,-0.30207,0.97074,0.0505228,0,0.9919,0.361376
1622,11,10370101,11081299,AD,Any_AMD,0.226415,-0.27989,0.95539,0.0512638,0,0.91903,0.361442
1012,6,79859904,80693927,AD,Any_AMD,0.153222,-0.1783,0.51039,0.0234771,0,0.26053,0.361664
1157,7,63311298,64216135,AD,Any_AMD,0.23935,-0.31051,1,0.0572882,0,1,0.361831
153,1,199263390,200134005,AD,Any_AMD,-0.113488,-0.38329,0.13966,0.0128795,0,0.14795,0.362037
1988,14,56206431,57460781,AD,Any_AMD,-0.402493,-1,0.43818,0.162001,0,1,0.362207
1232,8,11740,660414,AD,Any_AMD,-0.224398,-1,0.27181,0.0503545,0,1,0.362512
1234,8,1161825,1628039,AD,Any_AMD,-0.155622,-0.55535,0.19436,0.0242181,0,0.30901,0.36312
75,1,86761555,87667572,AD,Any_AMD,-0.172691,-0.67223,0.23199,0.0298221,0,0.46632,0.364038
2456,21,42187153,43081434,AD,Any_AMD,-0.177816,-0.71077,0.24259,0.0316186,0,0.51114,0.364661
780,5,3677596,4636542,AD,Any_AMD,0.117839,-0.14224,0.39831,0.0138861,0,0.15898,0.36491
724,4,135809543,137400031,AD,Any_AMD,-0.186225,-0.71646,0.23911,0.0346796,0,0.5259,0.365103
1266,8,20812108,21650453,AD,Any_AMD,-0.152159,-0.55208,0.19736,0.0231523,0,0.3077,0.365947
555,3,153406719,155046423,AD,Any_AMD,0.205157,-0.28243,0.94462,0.0420894,0,0.92982,0.366379
866,5,108641785,109606905,AD,Any_AMD,-0.175915,-0.63483,0.22116,0.0309461,0,0.40602,0.366721
849,5,87943483,89584466,AD,Any_AMD,-0.157083,-0.55604,0.21033,0.024675,0,0.31084,0.367932
1255,8,13948096,14389305,AD,Any_AMD,0.301781,-0.4015,1,0.0910717,0,1,0.368389
791,5,16592320,17803477,AD,Any_AMD,-0.34563,-1,0.39598,0.11946,0,1,0.368451
283,2,77372831,78080057,AD,Any_AMD,0.303998,-0.33615,1,0.0924147,0,1,0.369843
1703,11,96150135,97091671,AD,Any_AMD,-0.247008,-1,0.3576,0.061013,0,1,0.370063
1997,14,66300067,67891839,AD,Any_AMD,-0.171147,-0.59302,0.21226,0.0292914,0,0.3528,0.371314
1980,14,48177484,49002065,AD,Any_AMD,-0.739638,-1,0.60763,0.547064,0,1,0.371455
921,5,174662886,176180301,AD,Any_AMD,0.213539,-0.30532,1,0.0455991,0,1,0.371834
837,5,74245355,75239302,AD,Any_AMD,-0.366432,-1,0.45901,0.134273,0,1,0.372047
2406,20,42185672,43008890,AD,Any_AMD,0.331244,-0.41386,1,0.109723,0,1,0.373051
1439,9,94175375,94924482,AD,Any_AMD,-0.172089,-0.59741,0.21676,0.0296145,0,0.3576,0.373076
1000,6,67559695,68547494,AD,Any_AMD,0.246974,-0.34375,1,0.060996,0,1,0.373871
2266,18,36056933,37679127,AD,Any_AMD,-0.201679,-0.79072,0.26005,0.0406743,0,0.62866,0.374471
1115,7,15877565,16739013,AD,Any_AMD,-0.177149,-0.61288,0.22651,0.0313818,0,0.37674,0.374923
591,3,194217141,195196789,AD,Any_AMD,-0.337406,-1,0.45767,0.113843,0,1,0.375006
621,4,22835186,23858350,AD,Any_AMD,-0.268129,-1,0.35715,0.0718934,0,1,0.376422
2035,15,22799927,24099946,AD,Any_AMD,0.0854734,-0.10622,0.28125,0.0073057,0,0.07925,0.377358
1418,9,70939678,72288878,AD,Any_AMD,-0.16373,-0.61392,0.21861,0.0268076,0,0.38383,0.378025
2064,15,58712955,59901116,AD,Any_AMD,0.072151,-0.09029,0.23173,0.00520576,0,0.05392,0.378345
174,1,223654903,224943337,AD,Any_AMD,-0.155088,-0.55335,0.20781,0.0240523,0,0.30636,0.378374
2410,20,46486133,47203836,AD,Any_AMD,-0.139356,-0.48139,0.18069,0.0194201,0,0.23301,0.378622
1097,7,2473750,3100211,AD,Any_AMD,-0.135305,-0.46628,0.17809,0.0183075,0,0.21833,0.379021
2359,19,51903805,52678748,AD,Any_AMD,-0.24429,-1,0.33717,0.0596774,0,1,0.380364
1389,9,14244748,14902924,AD,Any_AMD,0.275878,-0.3809,1,0.0761087,0,1,0.381724
441,3,20754843,21790867,AD,Any_AMD,0.215522,-0.31238,0.94427,0.0464499,0,0.93671,0.382303
1466,9,121008530,122677719,AD,Any_AMD,0.156315,-0.22131,0.5768,0.0244343,0,0.33283,0.38231
912,5,162386028,163781268,AD,Any_AMD,-0.275308,-1,0.38833,0.0757944,0,1,0.383052
1656,11,43949378,45019559,AD,Any_AMD,-0.141409,-0.48489,0.18721,0.0199966,0,0.23532,0.383758
1828,12,96828315,97814021,AD,Any_AMD,0.289862,-0.43616,1,0.0840201,0,1,0.384076
1268,8,22895019,23788494,AD,Any_AMD,-0.147175,-0.56205,0.20859,0.0216604,0,0.32127,0.384614
1058,6,130550138,131457164,AD,Any_AMD,0.163942,-0.22829,0.5892,0.0268769,0,0.34928,0.38541
1070,6,147015883,148184844,AD,Any_AMD,-0.15718,-0.58481,0.2207,0.0247054,0,0.35106,0.386462
2230,17,73741322,74908266,AD,Any_AMD,0.162237,-0.232,0.6868,0.0263209,0,0.48185,0.386526
1855,12,127545378,128372588,AD,Any_AMD,0.141761,-0.19747,0.53339,0.0200963,0,0.28782,0.387419
423,3,1440049,2140011,AD,Any_AMD,0.427277,-0.62014,1,0.182566,0,1,0.387534
616,4,15910802,17290236,AD,Any_AMD,-0.328729,-1,0.43851,0.108062,0,1,0.388159
1892,13,49381728,50419896,AD,Any_AMD,0.349308,-0.46257,1,0.122016,0,1,0.388543
818,5,51203266,52139773,AD,Any_AMD,-0.411301,-1,0.43194,0.169168,0,1,0.38857
1071,6,148184845,149278798,AD,Any_AMD,-0.248003,-1,0.36888,0.0615055,0,1,0.389741
1467,9,122677720,124119883,AD,Any_AMD,0.14913,-0.20189,0.5363,0.0222398,0,0.2885,0.389917
39,1,41977967,43512669,AD,Any_AMD,-0.141387,-0.51126,0.18757,0.0199903,0,0.26443,0.390566
1208,7,128779174,130418704,AD,Any_AMD,-0.619203,-1,0.53263,0.383413,0,1,0.39198
33,1,34371023,35201626,AD,Any_AMD,-0.156998,-0.62714,0.22842,0.0246483,0,0.39856,0.392844
504,3,97351956,98212868,AD,Any_AMD,-0.325943,-1,0.54274,0.106239,0,1,0.394591
813,5,42856333,44049878,AD,Any_AMD,0.168703,-0.23638,0.6036,0.0284607,0,0.36576,0.395035
685,4,94757266,96183801,AD,Any_AMD,0.154657,-0.21691,0.58095,0.0239187,0,0.33996,0.395973
926,6,63979,1380679,AD,Any_AMD,0.19439,-0.30556,0.93623,0.0377876,0,0.91509,0.39618
1721,11,114742318,116247377,AD,Any_AMD,0.147498,-0.19936,0.53361,0.0217555,0,0.28672,0.396449
1116,7,16739014,17596578,AD,Any_AMD,-0.2508,-1,0.36598,0.0629008,0,1,0.396618
71,1,82123369,83461215,AD,Any_AMD,0.177222,-0.26884,0.78218,0.0314075,0,0.63185,0.39667
2143,16,64207177,65072403,AD,Any_AMD,0.260399,-0.431,1,0.0678078,0,1,0.397088
1646,11,33905328,34672697,AD,Any_AMD,-0.132021,-0.47568,0.18943,0.0174296,0,0.22765,0.397303
1557,10,77144962,78665481,AD,Any_AMD,0.128958,-0.17879,0.44306,0.0166301,0,0.19706,0.397818
970,6,33864263,34979270,AD,Any_AMD,-0.13697,-0.49361,0.20099,0.0187609,0,0.24696,0.397914
269,2,62429911,63672118,AD,Any_AMD,-0.296925,-1,0.41669,0.0881643,0,1,0.399996
807,5,35157147,36431967,AD,Any_AMD,-0.172453,-0.63515,0.24885,0.02974,0,0.40382,0.40206
1650,11,37119025,37953086,AD,Any_AMD,-0.235028,-1,0.36891,0.055238,0,1,0.40239
2311,19,3893910,4741718,AD,Any_AMD,-0.117475,-0.42231,0.16837,0.0138004,0,0.18075,0.402955
2030,14,104439107,105091340,AD,Any_AMD,0.13493,-0.20863,0.521,0.018206,0,0.27758,0.403313
1625,11,12470450,13364727,AD,Any_AMD,-0.22136,-1,0.37394,0.0490003,0,1,0.403451
2102,16,60169,1049079,AD,Any_AMD,-0.118898,-0.41902,0.16135,0.0141368,0,0.17562,0.403892
1344,8,116094204,118300068,AD,Any_AMD,-0.19352,-0.9177,0.30911,0.0374501,0,0.89312,0.403905
428,3,5496183,6421145,AD,Any_AMD,0.213096,-0.33547,1,0.04541,0,1,0.404204
380,2,201324133,202504862,AD,Any_AMD,-0.151649,-0.54882,0.21428,0.0229973,0,0.30351,0.404517
2140,16,59885500,61092844,AD,Any_AMD,0.451042,-0.5362,1,0.203439,0,1,0.404632
998,6,66445496,67036787,AD,Any_AMD,0.397937,-0.55744,1,0.158354,0,1,0.405633
2096,15,96864279,98025684,AD,Any_AMD,-0.130285,-0.48306,0.18808,0.0169743,0,0.23414,0.405829
1851,12,123396635,124843768,AD,Any_AMD,-0.141475,-0.5672,0.2045,0.0200151,0,0.32825,0.406753
713,4,124534998,125486535,AD,Any_AMD,-0.256047,-1,0.439,0.0655598,0,1,0.407017
694,4,105319196,106479155,AD,Any_AMD,0.183649,-0.28717,0.74469,0.0337268,0,0.57717,0.407988
2125,16,25235252,26154122,AD,Any_AMD,0.236168,-0.34487,1,0.0557753,0,1,0.408237
1433,9,89171797,90135154,AD,Any_AMD,0.144815,-0.21699,0.5469,0.0209713,0,0.30068,0.409289
1384,9,10675475,11270764,AD,Any_AMD,0.467674,-0.61956,1,0.218719,0,1,0.409479
2398,20,30569660,32484506,AD,Any_AMD,0.208499,-0.33885,1,0.0434718,0,1,0.409769
2101,15,101550751,102520975,AD,Any_AMD,-0.263605,-1,0.41781,0.0694877,0,1,0.410993
1446,9,101596751,103165725,AD,Any_AMD,-0.215705,-1,0.33438,0.0465288,0,1,0.4114
986,6,51826424,52598879,AD,Any_AMD,0.276952,-0.42409,1,0.0767022,0,1,0.411579
356,2,171566483,172501315,AD,Any_AMD,0.147205,-0.21533,0.55571,0.0216693,0,0.31727,0.411737
2216,17,54950108,56245227,AD,Any_AMD,0.253647,-0.3962,1,0.0643366,0,1,0.412161
1443,9,97418634,98885862,AD,Any_AMD,-0.165691,-0.61627,0.25172,0.0274534,0,0.38453,0.414158
350,2,165917789,167488576,AD,Any_AMD,-0.443704,-1,0.61719,0.196873,0,1,0.416123
1243,8,5566270,6019163,AD,Any_AMD,0.18525,-0.30543,0.86035,0.0343177,0,0.76522,0.41684
1876,13,32986687,34722391,AD,Any_AMD,0.20574,-0.32557,1,0.0423289,0,1,0.417102
847,5,85311780,86493763,AD,Any_AMD,0.291126,-0.43657,1,0.0847542,0,1,0.417124
678,4,86931671,88502717,AD,Any_AMD,0.145203,-0.2137,0.53113,0.0210838,0,0.2823,0.417452
76,1,87667573,88656689,AD,Any_AMD,0.230098,-0.37878,1,0.0529449,0,1,0.417728
196,1,244723197,245970505,AD,Any_AMD,-0.149658,-0.63633,0.24195,0.0223974,0,0.41076,0.41776
556,3,155046424,155928190,AD,Any_AMD,0.361737,-0.5795,1,0.130854,0,1,0.41849
1807,12,71948186,73154515,AD,Any_AMD,-0.0934286,-0.32388,0.13649,0.00872891,0,0.10495,0.418911
93,1,106089657,106864947,AD,Any_AMD,-0.798918,-1,0.5911,0.63827,0,1,0.421169
1310,8,75011700,76295483,AD,Any_AMD,-0.175777,-0.74793,0.30218,0.0308977,0,0.57948,0.421931
1366,8,141527882,142611889,AD,Any_AMD,-0.115666,-0.41627,0.17131,0.0133786,0,0.17372,0.423542
2451,21,37303549,38046449,AD,Any_AMD,0.158203,-0.24916,0.60282,0.0250281,0,0.36588,0.424567
2001,14,71140427,72665319,AD,Any_AMD,-0.105281,-0.37591,0.15877,0.0110841,0,0.14345,0.425818
1502,10,14008136,14820755,AD,Any_AMD,-0.142932,-0.58018,0.22448,0.0204295,0,0.33769,0.42623
1001,6,68547495,69294227,AD,Any_AMD,-0.792374,-1,0.67213,0.627857,0,1,0.427742
1426,9,80137025,81161597,AD,Any_AMD,0.221408,-0.38163,1,0.0490213,0,1,0.42876
1299,8,62330901,63253462,AD,Any_AMD,0.353354,-0.56188,1,0.124859,0,1,0.428902
876,5,119664174,120371857,AD,Any_AMD,0.384014,-0.77053,1,0.147467,0,1,0.428974
1211,7,133807217,134943221,AD,Any_AMD,0.454231,-0.55309,1,0.206326,0,1,0.430219
1386,9,12044916,12664858,AD,Any_AMD,-0.336537,-1,0.48108,0.113257,0,1,0.430834
1428,9,82601466,83455502,AD,Any_AMD,0.151987,-0.24777,0.63106,0.0231,0,0.40243,0.431105
82,1,94168577,95122541,AD,Any_AMD,0.245159,-0.42346,1,0.060103,0,1,0.431234
885,5,128067415,128734905,AD,Any_AMD,-0.205477,-0.88617,0.35626,0.0422209,0,0.80553,0.431577
2202,17,36116885,37361178,AD,Any_AMD,-0.125809,-0.50775,0.20322,0.0158279,0,0.26293,0.4319
1932,13,91764205,93285142,AD,Any_AMD,0.251584,-0.41129,1,0.0632947,0,1,0.432204
2016,14,88208596,89482883,AD,Any_AMD,-0.225438,-1,0.3687,0.0508221,0,1,0.433319
1170,7,78685010,80055721,AD,Any_AMD,0.127003,-0.20664,0.48112,0.0161299,0,0.234,0.434261
2459,21,44815009,46045433,AD,Any_AMD,0.149509,-0.24685,0.6215,0.0223529,0,0.39141,0.434962
1867,13,22795189,23729049,AD,Any_AMD,0.21844,-0.36092,1,0.0477159,0,1,0.435159
700,4,112830230,113916002,AD,Any_AMD,-0.139567,-0.52634,0.22759,0.0194791,0,0.27896,0.436088
2123,16,22667049,24014705,AD,Any_AMD,0.130943,-0.22209,0.53356,0.0171462,0,0.29369,0.437034
1380,9,7388203,8262303,AD,Any_AMD,-0.227657,-1,0.41378,0.0518276,0,1,0.437259
1591,10,116845214,118416049,AD,Any_AMD,-0.185217,-0.91894,0.33644,0.0343053,0,0.9105,0.437321
2026,14,99474534,100786189,AD,Any_AMD,-0.121011,-0.46445,0.18818,0.0146436,0,0.21697,0.437436
203,2,1376546,1875060,AD,Any_AMD,-0.108463,-0.39195,0.17033,0.0117642,0,0.15368,0.437548
2071,15,67396521,69089815,AD,Any_AMD,-0.175949,-0.82512,0.30643,0.0309581,0,0.69033,0.437589
531,3,125475723,125992650,AD,Any_AMD,-0.200782,-0.98142,0.34303,0.0403133,0,1,0.437711
1826,12,95147846,96017782,AD,Any_AMD,0.237809,-0.45715,1,0.0565533,0,1,0.437902
473,3,60571140,61277587,AD,Any_AMD,0.376806,-0.59625,1,0.141983,0,1,0.438136
1182,7,95174848,96564981,AD,Any_AMD,-0.175991,-0.76798,0.30721,0.0309727,0,0.61487,0.439263
2015,14,87350276,88208595,AD,Any_AMD,0.151836,-0.26054,0.5789,0.0230541,0,0.34097,0.439906
163,1,212347583,213958292,AD,Any_AMD,-0.18598,-0.95221,0.35055,0.0345885,0,0.99124,0.439951
689,4,99532481,100333334,AD,Any_AMD,0.411969,-0.64066,1,0.169718,0,1,0.440163
2199,17,32356062,33614189,AD,Any_AMD,-0.14523,-0.62548,0.26015,0.0210917,0,0.41468,0.440328
117,1,159882516,161054076,AD,Any_AMD,-0.114246,-0.43876,0.18741,0.0130522,0,0.19562,0.44036
1674,11,64594823,66782661,AD,Any_AMD,-0.218342,-1,0.39659,0.0476731,0,1,0.440454
671,4,78045638,78967715,AD,Any_AMD,0.241935,-0.43906,1,0.0585326,0,1,0.441718
486,3,74383138,75374967,AD,Any_AMD,0.335885,-0.46642,1,0.112818,0,1,0.442176
2042,15,30604120,32177320,AD,Any_AMD,-0.146389,-0.66379,0.24151,0.0214298,0,0.4491,0.443247
976,6,40778402,42103738,AD,Any_AMD,0.118858,-0.19649,0.47364,0.0141272,0,0.22679,0.44473
1531,10,46327145,49197320,AD,Any_AMD,-0.246246,-1,0.42169,0.0606371,0,1,0.446225
826,5,58721459,59868567,AD,Any_AMD,-0.322123,-1,0.58156,0.103763,0,1,0.446358
1437,9,92500278,93441050,AD,Any_AMD,-0.171971,-0.88352,0.32263,0.0295741,0,0.83337,0.446723
699,4,111733580,112830229,AD,Any_AMD,0.0966578,-0.15546,0.35742,0.00934274,0,0.12811,0.44689
1643,11,30570130,32065771,AD,Any_AMD,0.875256,-0.57454,1,0.766073,0,1,0.446995
2165,16,83778372,84440154,AD,Any_AMD,-1,-1,0.74687,1,0,1,0.447306
1343,8,115334859,116094203,AD,Any_AMD,0.469129,-0.79238,1,0.220082,0,1,0.448008
1532,10,49197321,50145673,AD,Any_AMD,0.196516,-0.3555,1,0.0386185,0,1,0.448051
2356,19,49415190,50451925,AD,Any_AMD,0.197627,-0.3588,1,0.0390566,0,1,0.448075
1,1,10539,1376204,AD,Any_AMD,0.14637,-0.27694,0.75479,0.0214242,0,0.60837,0.448413
1793,12,55416803,56987105,AD,Any_AMD,0.079223,-0.12414,0.28926,0.00627628,0,0.08412,0.449631
139,1,183920617,184953089,AD,Any_AMD,0.133893,-0.22965,0.52121,0.0179273,0,0.27418,0.449977
3,1,2215496,2983519,AD,Any_AMD,0.115247,-0.20672,0.49305,0.013282,0,0.24701,0.451264
1731,11,126304241,127306871,AD,Any_AMD,-0.131094,-0.5408,0.22099,0.0171857,0,0.29371,0.451376
748,4,165824651,166702855,AD,Any_AMD,0.123165,-0.20952,0.47674,0.0151697,0,0.23076,0.455226
817,5,50164836,51203265,AD,Any_AMD,-0.201162,-1,0.39727,0.040466,0,1,0.455456
56,1,65894185,66778015,AD,Any_AMD,0.225314,-0.44066,1,0.0507665,0,1,0.455649
702,4,115306150,116204703,AD,Any_AMD,0.193624,-0.38621,1,0.0374904,0,1,0.455837
235,2,33123605,33735318,AD,Any_AMD,-0.194936,-1,0.3627,0.0380001,0,1,0.456286
1156,7,61969718,63311297,AD,Any_AMD,0.137698,-0.26043,0.66235,0.0189608,0,0.45764,0.456315
2345,19,39370420,40171413,AD,Any_AMD,-0.132321,-0.55865,0.23823,0.0175089,0,0.32135,0.457338
2365,19,55714086,56411086,AD,Any_AMD,-0.11915,-0.50557,0.21481,0.0141968,0,0.25734,0.457935
667,4,71468301,73258294,AD,Any_AMD,0.151091,-0.29241,0.75383,0.0228285,0,0.61379,0.458143
1151,7,54086988,54550500,AD,Any_AMD,0.238638,-0.47692,1,0.0569481,0,1,0.459232
2438,21,22201891,23266941,AD,Any_AMD,0.122259,-0.21552,0.47068,0.0149472,0,0.22608,0.459251
1294,8,57436723,58675117,AD,Any_AMD,0.143823,-0.26209,0.67445,0.0206852,0,0.47333,0.459281
2472,22,27192924,27952441,AD,Any_AMD,-0.153,-0.65355,0.28718,0.0234091,0,0.43361,0.459577
590,3,193122091,194217140,AD,Any_AMD,0.142561,-0.26877,0.66454,0.0203237,0,0.4634,0.461971
1164,7,70144615,71215741,AD,Any_AMD,0.250605,-0.5189,1,0.0628027,0,1,0.462011
2164,16,83077870,83778371,AD,Any_AMD,-0.17526,-0.87793,0.34913,0.0307161,0,0.80592,0.462733
1813,12,79315179,80952472,AD,Any_AMD,-0.138941,-0.60773,0.27558,0.0193047,0,0.37925,0.462985
864,5,106389389,107265911,AD,Any_AMD,-0.127525,-0.51668,0.22883,0.0162626,0,0.27063,0.463062
1640,11,27018308,28577718,AD,Any_AMD,-0.238251,-1,0.44138,0.0567633,0,1,0.463527
2484,22,40378784,41722787,AD,Any_AMD,0.115271,-0.20464,0.45167,0.0132875,0,0.20664,0.463997
1970,14,37282013,38722114,AD,Any_AMD,0.579615,-0.63803,1,0.335954,0,1,0.465426
2370,20,884242,1771285,AD,Any_AMD,-0.16294,-0.80743,0.31994,0.0265494,0,0.708,0.466022
273,2,67224028,67979828,AD,Any_AMD,-0.208244,-1,0.41951,0.0433654,0,1,0.466055
872,5,115117632,116208000,AD,Any_AMD,0.535639,-0.6135,1,0.286909,0,1,0.466348
962,6,32208902,32454577,AD,Any_AMD,-0.0887128,-0.32626,0.15398,0.00786996,0,0.10679,0.46668
1533,10,50145674,51724039,AD,Any_AMD,-0.18819,-1,0.38207,0.0354154,0,1,0.467297
820,5,52837226,53747856,AD,Any_AMD,-0.158653,-0.70019,0.31011,0.0251708,0,0.50681,0.467851
1582,10,106142284,107877787,AD,Any_AMD,-0.298297,-1,0.6281,0.0889811,0,1,0.467855
45,1,51777578,53114186,AD,Any_AMD,-0.264937,-1,0.48623,0.0701917,0,1,0.468181
528,3,122340833,123518507,AD,Any_AMD,-0.199435,-1,0.41017,0.0397744,0,1,0.468581
154,1,200134006,201067952,AD,Any_AMD,-0.0702669,-0.25892,0.12603,0.00493743,0,0.0677,0.469162
2304,18,76231686,77148137,AD,Any_AMD,0.36089,-0.6085,1,0.130242,0,1,0.469525
477,3,64662374,65326751,AD,Any_AMD,-0.132844,-0.52911,0.23948,0.0176477,0,0.28161,0.469745
2078,15,77897164,78514101,AD,Any_AMD,0.163514,-0.32568,0.79949,0.0267367,0,0.66317,0.469993
654,4,58011086,58940256,AD,Any_AMD,0.136078,-0.25399,0.58035,0.0185171,0,0.34092,0.470681
1189,7,103191323,104109231,AD,Any_AMD,-0.0921163,-0.35236,0.16676,0.00848541,0,0.1255,0.471409
1184,7,97420208,98173564,AD,Any_AMD,-0.15844,-0.74077,0.30641,0.0251033,0,0.57707,0.471514
669,4,74885901,76497358,AD,Any_AMD,-0.151575,-0.77241,0.30003,0.022975,0,0.63019,0.472114
1859,12,130629841,131404042,AD,Any_AMD,-0.178315,-0.98163,0.37718,0.0317963,0,1,0.473791
2375,20,5379451,6128358,AD,Any_AMD,-0.103608,-0.41925,0.18826,0.0107346,0,0.17893,0.47418
1754,12,13559528,14656849,AD,Any_AMD,0.332883,-0.5627,1,0.110811,0,1,0.47444
396,2,219678784,220771552,AD,Any_AMD,0.117334,-0.22628,0.50603,0.0137673,0,0.26413,0.474461
1952,13,113573119,114302561,AD,Any_AMD,-0.167189,-0.85892,0.35786,0.0279522,0,0.80114,0.475147
99,1,112489249,113418037,AD,Any_AMD,0.130268,-0.2355,0.53546,0.0169697,0,0.28951,0.475294
2074,15,72058130,73375718,AD,Any_AMD,0.225868,-0.48058,1,0.0510165,0,1,0.475493
376,2,195300251,196446299,AD,Any_AMD,0.110723,-0.21021,0.45179,0.0122595,0,0.20782,0.476235
2327,19,18504868,19749166,AD,Any_AMD,0.0917019,-0.16472,0.35942,0.00840923,0,0.12971,0.47655
2407,20,43008891,44072210,AD,Any_AMD,0.146177,-0.29114,0.66288,0.0213677,0,0.46319,0.476715
2114,16,10351809,11022542,AD,Any_AMD,-0.305775,-1,0.4963,0.0934982,0,1,0.477483
1328,8,98132520,99388944,AD,Any_AMD,0.112511,-0.22232,0.49198,0.0126586,0,0.24859,0.47769
2495,22,50347997,51244236,AD,Any_AMD,-0.137822,-0.63587,0.26874,0.0189949,0,0.42196,0.478189
1422,9,76197745,77862308,AD,Any_AMD,0.0865684,-0.15788,0.33656,0.00749409,0,0.11378,0.478892
831,5,64438519,65606870,AD,Any_AMD,0.127908,-0.25916,0.54167,0.0163606,0,0.29986,0.479934
969,6,33194976,33864262,AD,Any_AMD,0.0988351,-0.18378,0.38664,0.00976838,0,0.15011,0.479988
1519,10,30000224,30919469,AD,Any_AMD,-0.133305,-0.56933,0.25246,0.0177702,0,0.3369,0.480566
259,2,52494112,53032976,AD,Any_AMD,0.208883,-0.44688,1,0.043632,0,1,0.480701
519,3,113657666,115649909,AD,Any_AMD,-0.150939,-0.70976,0.31115,0.0227826,0,0.52472,0.481516
1562,10,82378049,83596350,AD,Any_AMD,-0.21405,-1,0.47663,0.0458174,0,1,0.482132
459,3,39605997,40897627,AD,Any_AMD,0.16467,-0.34248,0.88219,0.0271163,0,0.83315,0.482879
1551,10,69904171,71050504,AD,Any_AMD,0.369797,-0.51743,1,0.13675,0,1,0.483584
69,1,80099354,80781442,AD,Any_AMD,-0.195682,-1,0.43653,0.0382914,0,1,0.483723
756,4,174470207,175295842,AD,Any_AMD,0.202375,-0.45354,1,0.0409556,0,1,0.486664
81,1,92904466,94168576,AD,Any_AMD,0.115413,-0.2302,0.481,0.0133201,0,0.23603,0.487365
433,3,11226368,11997658,AD,Any_AMD,0.18677,-0.40084,1,0.0348832,0,1,0.48794
971,6,34979271,36346353,AD,Any_AMD,-0.0943672,-0.39041,0.18333,0.00890517,0,0.15312,0.488466
326,2,134359060,135160197,AD,Any_AMD,0.0931381,-0.17829,0.36917,0.0086747,0,0.13683,0.488517
2227,17,70495120,71466953,AD,Any_AMD,-0.122683,-0.57491,0.25792,0.0150512,0,0.34133,0.492891
1919,13,79489046,80778339,AD,Any_AMD,-0.189843,-1,0.43571,0.0360405,0,1,0.493795
2262,18,28792735,30401128,AD,Any_AMD,0.177792,-0.39192,1,0.03161,0,1,0.494789
2185,17,11778165,12676353,AD,Any_AMD,0.1219,-0.25179,0.57277,0.0148597,0,0.33679,0.495053
1858,12,129887419,130629840,AD,Any_AMD,-0.137579,-0.65934,0.29214,0.018928,0,0.44552,0.495208
107,1,145803849,147083835,AD,Any_AMD,-0.283101,-1,0.51951,0.0801462,0,1,0.495339
701,4,113916003,115306149,AD,Any_AMD,0.172534,-0.38238,0.88203,0.0297679,0,0.83834,0.496621
2335,19,28555846,29389090,AD,Any_AMD,0.130773,-0.26643,0.58657,0.0171016,0,0.34992,0.496779
1827,12,96017783,96828314,AD,Any_AMD,-0.133829,-0.65718,0.29033,0.0179103,0,0.44916,0.497084
1083,6,159604053,160583918,AD,Any_AMD,0.186574,-0.41633,1,0.0348098,0,1,0.498129
2166,16,84440155,85146805,AD,Any_AMD,-0.169347,-0.97246,0.41218,0.0286783,0,0.99337,0.50097
2486,22,42867928,43574017,AD,Any_AMD,-0.102781,-0.4334,0.20304,0.0105639,0,0.1912,0.50173
560,3,158460059,159478751,AD,Any_AMD,-0.154469,-0.77177,0.34526,0.0238607,0,0.62861,0.502454
1947,13,109156766,109813576,AD,Any_AMD,-0.319857,-1,0.57586,0.102309,0,1,0.503401
2,1,1376205,2215495,AD,Any_AMD,-0.154417,-0.92614,0.36324,0.0238446,0,0.92408,0.503435
1424,9,78630916,79451035,AD,Any_AMD,-0.178343,-1,0.41527,0.0318063,0,1,0.50362
189,1,238704858,239332148,AD,Any_AMD,-0.145238,-0.73898,0.32003,0.0210939,0,0.56218,0.503829
536,3,131373471,132124018,AD,Any_AMD,0.313088,-0.65135,1,0.0980243,0,1,0.503904
2492,22,48269178,48977538,AD,Any_AMD,0.100058,-0.19909,0.4215,0.0100116,0,0.17854,0.504201
1736,11,131424362,132584401,AD,Any_AMD,-0.144834,-0.77951,0.33482,0.0209769,0,0.66703,0.504701
2449,21,34383795,35729261,AD,Any_AMD,-0.203337,-1,0.47317,0.0413458,0,1,0.504828
40,1,43512670,45167235,AD,Any_AMD,0.113975,-0.23699,0.47693,0.0129904,0,0.22975,0.505799
503,3,96055533,97351955,AD,Any_AMD,-0.392929,-1,0.71825,0.154394,0,1,0.506113
252,2,46499327,47320114,AD,Any_AMD,-0.188195,-1,0.44114,0.0354174,0,1,0.506616
1166,7,73128831,75243899,AD,Any_AMD,0.128576,-0.27574,0.69164,0.0165317,0,0.50396,0.507376
1657,11,45019560,46316005,AD,Any_AMD,-0.132633,-0.58409,0.28537,0.0175915,0,0.34606,0.507427
2107,16,5782969,6446081,AD,Any_AMD,0.107,-0.2147,0.46277,0.011449,0,0.21554,0.508082
1244,8,6019164,6663427,AD,Any_AMD,0.192098,-0.46516,1,0.0369018,0,1,0.508287
1963,14,29029225,30831154,AD,Any_AMD,0.105655,-0.2208,0.44119,0.0111629,0,0.1968,0.50839
2328,19,19749167,20485499,AD,Any_AMD,0.0971611,-0.20598,0.41714,0.00944028,0,0.17862,0.508764
2045,15,34410073,35118927,AD,Any_AMD,-0.102,-0.44151,0.22222,0.010404,0,0.19733,0.509957
2109,16,7051430,7704354,AD,Any_AMD,-0.196969,-1,0.4592,0.0387967,0,1,0.510772
218,2,12732507,13625450,AD,Any_AMD,0.149757,-0.33418,0.79916,0.0224272,0,0.67097,0.511935
1060,6,132890695,134313643,AD,Any_AMD,-0.126394,-0.5723,0.27005,0.0159755,0,0.33334,0.51218
1329,8,99388945,101448439,AD,Any_AMD,0.180589,-0.42652,1,0.0326123,0,1,0.512337
824,5,56896891,57895012,AD,Any_AMD,-0.183998,-1,0.44796,0.0338554,0,1,0.512391
1679,11,71242835,72875068,AD,Any_AMD,0.0886872,-0.18075,0.36857,0.00786543,0,0.13605,0.51396
63,1,73992171,75132092,AD,Any_AMD,-0.255281,-1,0.5514,0.0651683,0,1,0.514322
2453,21,39252060,40480831,AD,Any_AMD,-0.132312,-0.65325,0.28726,0.0175065,0,0.44513,0.51455
1017,6,85038135,85837203,AD,Any_AMD,-0.286492,-1,0.64639,0.0820774,0,1,0.514666
353,2,169224446,170155561,AD,Any_AMD,0.0966678,-0.20753,0.42774,0.00934465,0,0.18654,0.515969
2247,18,8788525,9816164,AD,Any_AMD,0.617536,-0.61493,1,0.381351,0,1,0.516968
190,1,239332149,240248508,AD,Any_AMD,0.11351,-0.24424,0.50419,0.0128846,0,0.25913,0.516975
1899,13,58245844,59751795,AD,Any_AMD,0.14347,-0.30919,0.68478,0.0205836,0,0.48751,0.517241
114,1,156813846,158081627,AD,Any_AMD,-1,-1,0.66829,1,0,1,0.517637
11,1,8580988,9475966,AD,Any_AMD,0.111108,-0.25654,0.5174,0.012345,0,0.2778,0.517987
2298,18,70540350,71491860,AD,Any_AMD,-0.209837,-1,0.5344,0.0440317,0,1,0.518358
814,5,44049879,45305566,AD,Any_AMD,0.178471,-0.43014,1,0.0318519,0,1,0.518801
2305,18,77148138,78017072,AD,Any_AMD,0.11478,-0.25802,0.52544,0.0131745,0,0.27904,0.519095
384,2,206821200,207726594,AD,Any_AMD,-0.32489,-1,0.69395,0.105553,0,1,0.520707
696,4,108131207,109122458,AD,Any_AMD,0.109615,-0.24992,0.49667,0.0120155,0,0.25461,0.521586
198,1,246610291,247531112,AD,Any_AMD,0.184191,-0.47289,1,0.0339263,0,1,0.521792
836,5,73314062,74245354,AD,Any_AMD,0.0890042,-0.19504,0.38815,0.00792175,0,0.15367,0.52265
771,4,186881569,187985393,AD,Any_AMD,0.18185,-0.45403,1,0.0330696,0,1,0.522983
277,2,71385814,72160302,AD,Any_AMD,0.137103,-0.33981,0.73259,0.0187973,0,0.56258,0.524137
2215,17,53468007,54950107,AD,Any_AMD,0.105715,-0.23316,0.45673,0.0111757,0,0.20998,0.524423
1504,10,15946678,17065860,AD,Any_AMD,0.102918,-0.22131,0.44384,0.0105921,0,0.1986,0.526113
2039,15,26392948,27563172,AD,Any_AMD,-0.160799,-0.85014,0.42572,0.0258564,0,0.80215,0.526507
116,1,158900370,159882515,AD,Any_AMD,-0.109573,-0.51052,0.24678,0.0120063,0,0.26972,0.52694
1508,10,19965625,20616432,AD,Any_AMD,0.218038,-0.53618,1,0.0475405,0,1,0.527019
265,2,57433654,57952945,AD,Any_AMD,-0.176048,-0.97946,0.43873,0.0309927,0,1,0.52726
1668,11,57675987,58452708,AD,Any_AMD,0.227475,-0.57987,1,0.051745,0,1,0.527767
624,4,25832019,27385580,AD,Any_AMD,0.121467,-0.29088,0.59524,0.0147541,0,0.37261,0.528745
884,5,126992837,128067414,AD,Any_AMD,-0.122568,-0.646,0.29188,0.0150229,0,0.44212,0.530247
1421,9,74950319,76197744,AD,Any_AMD,-0.135278,-0.66769,0.30974,0.0183002,0,0.46843,0.530585
862,5,103788461,104850490,AD,Any_AMD,-0.1446,-0.79856,0.36311,0.0209091,0,0.68047,0.530881
507,3,100552523,101906989,AD,Any_AMD,0.0966029,-0.21827,0.42019,0.00933212,0,0.17883,0.531219
1146,7,49632427,50894508,AD,Any_AMD,-0.307718,-1,0.592,0.0946903,0,1,0.53214
2295,18,67195981,68051035,AD,Any_AMD,0.153666,-0.40201,0.87851,0.0236133,0,0.84652,0.533105
2009,14,79199452,81001920,AD,Any_AMD,-0.125936,-0.59616,0.28747,0.0158599,0,0.3619,0.533187
485,3,73606613,74383137,AD,Any_AMD,0.283873,-0.8038,1,0.0805841,0,1,0.534592
557,3,155928191,156795410,AD,Any_AMD,-0.282998,-1,0.65103,0.0800879,0,1,0.535
80,1,91870060,92904465,AD,Any_AMD,0.0943678,-0.21521,0.43211,0.00890529,0,0.18782,0.536016
1542,10,59822947,61470383,AD,Any_AMD,-0.195071,-1,0.48868,0.0380527,0,1,0.536248
1124,7,24894120,25671575,AD,Any_AMD,0.163555,-0.42612,0.94093,0.0267501,0,0.98425,0.536392
1461,9,116159541,117054909,AD,Any_AMD,0.124072,-0.31505,0.67202,0.0153939,0,0.47104,0.53645
2112,16,9104470,9754796,AD,Any_AMD,0.12294,-0.30053,0.59948,0.0151142,0,0.37413,0.537463
868,5,110819518,111983115,AD,Any_AMD,0.264529,-0.67055,1,0.0699756,0,1,0.539234
2218,17,58652810,60453120,AD,Any_AMD,0.114535,-0.28348,0.57282,0.0131183,0,0.35201,0.53931
2050,15,40604781,42332685,AD,Any_AMD,-0.0945341,-0.41802,0.22414,0.0089367,0,0.17817,0.54059
1918,13,78693311,79489045,AD,Any_AMD,0.151179,-0.38055,0.78409,0.0228552,0,0.63486,0.540673
150,1,195161236,196179110,AD,Any_AMD,0.0564893,-0.12682,0.24202,0.00319105,0,0.05934,0.540898
1598,10,124894143,125798319,AD,Any_AMD,0.0515246,-0.11583,0.2148,0.00265479,0,0.04663,0.541095
1523,10,35178225,36475838,AD,Any_AMD,-0.112111,-0.54459,0.28306,0.0125689,0,0.31462,0.5421
568,3,165936512,167118893,AD,Any_AMD,0.470212,-0.83808,1,0.221099,0,1,0.543154
23,1,21416122,22145629,AD,Any_AMD,-0.119169,-0.66401,0.29534,0.0142013,0,0.4637,0.543328
1456,9,112076382,112865520,AD,Any_AMD,-0.131742,-0.71756,0.34395,0.0173558,0,0.55303,0.543729
1843,12,114685671,115439451,AD,Any_AMD,-0.32159,-1,0.51047,0.10342,0,1,0.544114
707,4,119927263,120563073,AD,Any_AMD,0.429619,-1,1,0.184572,0,1,0.54521
2163,16,82310205,83077869,AD,Any_AMD,-0.105146,-0.48222,0.25818,0.0110557,0,0.24127,0.545641
2049,15,39238841,40604780,AD,Any_AMD,0.0933841,-0.22403,0.42812,0.00872059,0,0.18696,0.546909
799,5,25722098,26938178,AD,Any_AMD,-0.265169,-1,0.60128,0.0703144,0,1,0.546997
2204,17,38880482,40233545,AD,Any_AMD,-0.187301,-1,0.51469,0.0350815,0,1,0.547124
1825,12,94385885,95147845,AD,Any_AMD,0.179891,-0.47145,1,0.0323609,0,1,0.547854
2470,22,25282437,26166934,AD,Any_AMD,0.20753,-0.47562,1,0.0430687,0,1,0.548221
758,4,175959698,177129678,AD,Any_AMD,0.104694,-0.25719,0.51849,0.0109609,0,0.2776,0.548521
1836,12,106153788,106964977,AD,Any_AMD,-0.113623,-0.58112,0.29681,0.0129101,0,0.37366,0.548807
1837,12,106964978,108183188,AD,Any_AMD,-0.128677,-0.74049,0.33524,0.0165578,0,0.61427,0.549406
1363,8,138564844,139404631,AD,Any_AMD,0.12081,-0.29426,0.60462,0.014595,0,0.37433,0.550061
1352,8,126766828,128073654,AD,Any_AMD,0.172266,-0.45245,1,0.0296756,0,1,0.551614
1780,12,41198230,42117736,AD,Any_AMD,-0.149339,-0.92024,0.40621,0.0223021,0,0.96934,0.552164
1642,11,29530461,30570129,AD,Any_AMD,0.190929,-0.53088,1,0.036454,0,1,0.552984
2080,15,79292537,79998206,AD,Any_AMD,0.107529,-0.26324,0.50132,0.0115626,0,0.25464,0.553304
112,1,153410810,154685545,AD,Any_AMD,0.10494,-0.2725,0.51955,0.0110123,0,0.28052,0.55458
1507,10,19421515,19965624,AD,Any_AMD,-0.126464,-0.63601,0.32678,0.015993,0,0.42482,0.555022
638,4,37880861,38984838,AD,Any_AMD,-0.11963,-0.66306,0.3248,0.0143114,0,0.47549,0.555109
918,5,170898341,172285682,AD,Any_AMD,0.163911,-0.47787,1,0.0268669,0,1,0.555907
1262,8,17947005,18668609,AD,Any_AMD,-0.15386,-0.93919,0.45967,0.0236731,0,0.96931,0.55669
612,4,12209029,13127576,AD,Any_AMD,0.113745,-0.2914,0.56341,0.012938,0,0.33213,0.556745
1003,6,70363349,71610787,AD,Any_AMD,-0.173277,-1,0.49283,0.0300248,0,1,0.559079
474,3,61277588,62609818,AD,Any_AMD,-0.102549,-0.48386,0.25654,0.0105163,0,0.23579,0.559107
1539,10,57044846,57955671,AD,Any_AMD,-0.225628,-1,0.65091,0.0509079,0,1,0.55952
1028,6,96480154,98173003,AD,Any_AMD,0.163116,-0.45743,1,0.0266067,0,1,0.560004
267,2,59251997,60775066,AD,Any_AMD,-0.145617,-0.9072,0.41559,0.0212042,0,0.89227,0.560365
2135,16,53393883,54866095,AD,Any_AMD,-0.188076,-1,0.50838,0.0353726,0,1,0.560765
579,3,179372166,181424323,AD,Any_AMD,0.135694,-0.39082,0.79071,0.0184129,0,0.72168,0.561561
1280,8,36641175,38803980,AD,Any_AMD,0.0986653,-0.24373,0.46194,0.00973484,0,0.21861,0.561796
2485,22,41722788,42867927,AD,Any_AMD,-0.101731,-0.46094,0.25336,0.0103491,0,0.21605,0.562046
692,4,102544804,104384534,AD,Any_AMD,-0.208666,-1,0.55879,0.0435415,0,1,0.562404
365,2,181309940,182307877,AD,Any_AMD,-0.132402,-0.72683,0.36584,0.0175303,0,0.56792,0.5625
2478,22,33501726,34361897,AD,Any_AMD,-0.117424,-0.67312,0.32263,0.0137883,0,0.48001,0.562718
496,3,85807680,86660979,AD,Any_AMD,0.373797,-0.81633,1,0.139724,0,1,0.563156
29,1,29188427,30405182,AD,Any_AMD,0.111812,-0.31056,0.59293,0.012502,0,0.37261,0.563437
1682,11,75445254,76518906,AD,Any_AMD,-0.110121,-0.58049,0.3144,0.0121267,0,0.36026,0.564026
585,3,187939200,189451805,AD,Any_AMD,-0.0956218,-0.48545,0.25027,0.00914353,0,0.24119,0.564532
653,4,57103101,58011085,AD,Any_AMD,0.0920384,-0.2292,0.42615,0.00847106,0,0.1862,0.56523
1099,7,4139432,4938442,AD,Any_AMD,0.0942109,-0.24834,0.44832,0.0088757,0,0.20884,0.565262
1497,10,10081280,10969481,AD,Any_AMD,-0.0957923,-0.4424,0.24552,0.00917617,0,0.19844,0.565378
2408,20,44072211,45673603,AD,Any_AMD,0.355303,-0.60803,1,0.12624,0,1,0.565991
686,4,96183802,97540787,AD,Any_AMD,0.117372,-0.3164,0.58643,0.0137761,0,0.35151,0.566081
1528,10,42984428,43769842,AD,Any_AMD,-0.216164,-1,0.63698,0.0467268,0,1,0.566886
1435,9,90890980,91643255,AD,Any_AMD,-0.112799,-0.6267,0.3162,0.0127237,0,0.42398,0.567469
58,1,67761891,68633860,AD,Any_AMD,0.0853769,-0.22179,0.41695,0.00728921,0,0.17816,0.567732
627,4,28927439,29758399,AD,Any_AMD,-0.128279,-0.81473,0.3621,0.0164555,0,0.7516,0.569012
1468,9,124119884,125137578,AD,Any_AMD,-0.0747447,-0.33981,0.18845,0.00558677,0,0.11643,0.569224
10,1,7711795,8580987,AD,Any_AMD,0.196618,-0.52684,1,0.0386585,0,1,0.569832
192,1,241033585,241813534,AD,Any_AMD,-0.265945,-1,0.64126,0.0707267,0,1,0.570211
1264,8,19488889,20135628,AD,Any_AMD,-0.19616,-1,0.51411,0.0384789,0,1,0.5707
2294,18,66407961,67195980,AD,Any_AMD,-0.123369,-0.7067,0.34857,0.01522,0,0.52445,0.571184
1036,6,104951345,106053915,AD,Any_AMD,0.118133,-0.33029,0.6386,0.0139555,0,0.43097,0.571349
2263,18,30401129,32458907,AD,Any_AMD,-0.139404,-0.86311,0.39693,0.0194335,0,0.80277,0.572283
184,1,234365797,235097113,AD,Any_AMD,0.121938,-0.36456,0.71795,0.014869,0,0.57218,0.572375
7,1,4773404,5362404,AD,Any_AMD,-0.0976472,-0.4751,0.25727,0.00953498,0,0.23158,0.572385
937,6,13352327,15069421,AD,Any_AMD,-0.217643,-1,0.5938,0.0473683,0,1,0.573518
1824,12,93487548,94385884,AD,Any_AMD,0.129784,-0.38309,0.73716,0.016844,0,0.5804,0.574882
487,3,75374968,76157470,AD,Any_AMD,-0.148231,-0.95292,0.47205,0.0219724,0,1,0.575978
2229,17,72383473,73741321,AD,Any_AMD,0.119516,-0.3779,0.7479,0.0142841,0,0.65841,0.57613
1239,8,3386668,3787248,AD,Any_AMD,-0.181852,-1,0.56579,0.0330701,0,1,0.576396
1434,9,90135155,90890979,AD,Any_AMD,-0.137481,-0.92528,0.44786,0.018901,0,1,0.576777
2287,18,58527237,59449422,AD,Any_AMD,-0.135469,-0.86604,0.41602,0.0183517,0,0.82507,0.578803
960,6,31320269,31427209,AD,Any_AMD,0.076048,-0.20676,0.35372,0.0057833,0,0.12746,0.580159
103,1,117046312,118118667,AD,Any_AMD,-0.0843052,-0.41126,0.23166,0.00710736,0,0.17573,0.581002
1138,7,41415926,42494806,AD,Any_AMD,0.0808382,-0.22005,0.38911,0.00653481,0,0.15742,0.581002
111,1,152535631,153410809,AD,Any_AMD,-0.0972763,-0.50461,0.26894,0.00946267,0,0.26288,0.581269
318,2,125741529,126754027,AD,Any_AMD,-0.164412,-1,0.52212,0.0270312,0,1,0.581398
144,1,188625773,189904637,AD,Any_AMD,-0.102096,-0.54692,0.2825,0.0104235,0,0.31271,0.581769
895,5,143605909,145319096,AD,Any_AMD,0.391445,-0.80713,1,0.153229,0,1,0.583592
1141,7,44989572,46247335,AD,Any_AMD,0.288986,-1,1,0.0835126,0,1,0.584038
191,1,240248509,241033584,AD,Any_AMD,0.0781758,-0.21729,0.37881,0.00611146,0,0.14974,0.584869
342,2,155207970,156130947,AD,Any_AMD,-0.14959,-0.92021,0.47065,0.0223773,0,0.91797,0.586251
1875,13,31433219,32986686,AD,Any_AMD,0.0953369,-0.25749,0.46037,0.00908912,0,0.2191,0.586447
810,5,39438986,40290851,AD,Any_AMD,-0.288186,-1,1,0.0830514,0,1,0.586579
1500,10,12581572,13208061,AD,Any_AMD,0.0996757,-0.30607,0.55871,0.00993525,0,0.33735,0.588518
934,6,9020711,10416550,AD,Any_AMD,0.0879052,-0.23551,0.43294,0.00772733,0,0.19191,0.589114
334,2,143259781,144503688,AD,Any_AMD,0.105252,-0.31943,0.60059,0.0110779,0,0.3913,0.589516
2333,19,23468993,24567341,AD,Any_AMD,-0.131013,-0.77847,0.4146,0.0171643,0,0.66882,0.589621
1049,6,120339245,121087444,AD,Any_AMD,-0.248427,-1,0.93495,0.0617162,0,1,0.590318
538,3,132925968,133718493,AD,Any_AMD,0.109394,-0.33527,0.63478,0.011967,0,0.43787,0.592681
1792,12,54371449,55416802,AD,Any_AMD,0.0580242,-0.1534,0.27306,0.00336681,0,0.07564,0.593487
9,1,6136815,7711794,AD,Any_AMD,0.116954,-0.35108,0.74818,0.0136783,0,0.5963,0.593562
1449,9,105043412,105846545,AD,Any_AMD,-0.179422,-1,0.57215,0.0321923,0,1,0.593834
471,3,58557719,59998583,AD,Any_AMD,-0.145767,-1,0.46253,0.021248,0,1,0.593847
205,2,2680064,3314202,AD,Any_AMD,0.155517,-0.51194,1,0.0241855,0,1,0.593872
2480,22,35368342,36135968,AD,Any_AMD,0.162705,-0.49504,1,0.026473,0,1,0.593963
2313,19,5478685,6455428,AD,Any_AMD,-0.0661764,-0.31728,0.18767,0.00437932,0,0.10242,0.594849
1122,7,23106681,24151099,AD,Any_AMD,0.200788,-0.59437,1,0.0403157,0,1,0.5959
2246,18,7862480,8788524,AD,Any_AMD,0.111872,-0.34611,0.648,0.0125154,0,0.45824,0.596023
1395,9,18754197,19463292,AD,Any_AMD,-0.150408,-1,0.49867,0.0226226,0,1,0.59609
2277,18,48228380,49790996,AD,Any_AMD,0.0887972,-0.25209,0.44147,0.00788494,0,0.1996,0.597179
2002,14,72665320,73373373,AD,Any_AMD,0.0612113,-0.16559,0.29778,0.00374683,0,0.08995,0.597465
2003,14,73373374,74245428,AD,Any_AMD,-0.0887005,-0.4399,0.25586,0.00786777,0,0.19898,0.597493
1941,13,103050418,104378435,AD,Any_AMD,-0.113291,-0.71526,0.36833,0.0128347,0,0.58021,0.597942
2308,19,1515921,2253174,AD,Any_AMD,-0.100893,-0.67522,0.31906,0.0101795,0,0.48349,0.598382
2094,15,94565522,95662425,AD,Any_AMD,0.345544,-0.8149,1,0.119401,0,1,0.598676
379,2,199654970,201324132,AD,Any_AMD,-0.149832,-1,0.53866,0.0224495,0,1,0.598707
2489,22,45170650,46351048,AD,Any_AMD,0.0908651,-0.26936,0.44599,0.00825647,0,0.20482,0.598788
1816,12,82576130,83551125,AD,Any_AMD,-0.192312,-1,0.58631,0.0369839,0,1,0.599093
2117,16,12793150,13893407,AD,Any_AMD,-0.161985,-1,0.54443,0.0262393,0,1,0.600528
1724,11,118901214,120064528,AD,Any_AMD,-0.109442,-0.6656,0.36397,0.0119775,0,0.48331,0.600957
564,3,162622605,163250112,AD,Any_AMD,-0.238412,-1,0.88803,0.0568404,0,1,0.601477
1010,6,78168732,78959762,AD,Any_AMD,-0.0950764,-0.47552,0.27432,0.00903952,0,0.23143,0.601652
2368,19,57959953,59118811,AD,Any_AMD,-0.0937358,-0.54035,0.29507,0.0087864,0,0.32252,0.60228
1835,12,105079101,106153787,AD,Any_AMD,0.105909,-0.33384,0.58356,0.0112167,0,0.36194,0.602391
1192,7,106399740,107658603,AD,Any_AMD,-0.102734,-0.70512,0.35955,0.0105543,0,0.56156,0.603518
2424,20,58780895,59560457,AD,Any_AMD,0.0956478,-0.3263,0.58359,0.0091485,0,0.37704,0.604353
1604,10,130694009,131694738,AD,Any_AMD,0.118171,-0.39709,0.83215,0.0139644,0,0.79721,0.605646
344,2,157556097,159040979,AD,Any_AMD,-0.0792441,-0.41185,0.23122,0.00627963,0,0.17562,0.605696
857,5,98567770,99257995,AD,Any_AMD,0.16723,-0.56676,1,0.0279658,0,1,0.60676
930,6,4657087,5378213,AD,Any_AMD,0.298077,-0.92108,1,0.08885,0,1,0.607214
89,1,102424612,103148412,AD,Any_AMD,-0.538685,-1,0.7382,0.290181,0,1,0.608133
588,3,191229358,192049688,AD,Any_AMD,0.117838,-0.37052,0.65578,0.0138858,0,0.44944,0.60822
1702,11,95327211,96150134,AD,Any_AMD,-0.0939903,-0.52745,0.29979,0.00883418,0,0.29161,0.610031
949,6,24950380,25684629,AD,Any_AMD,0.088645,-0.2674,0.4597,0.00785793,0,0.2165,0.610853
2448,21,33270273,34383794,AD,Any_AMD,0.0832185,-0.2601,0.45676,0.00692532,0,0.21606,0.613556
118,1,161054077,161945442,AD,Any_AMD,0.120309,-0.41132,0.81346,0.0144742,0,0.7986,0.613963
1033,6,102637707,103612625,AD,Any_AMD,0.124339,-0.43228,0.84372,0.0154603,0,0.7871,0.613985
2028,14,102004378,103617472,AD,Any_AMD,0.104709,-0.35948,0.66937,0.0109639,0,0.49993,0.614101
739,4,156520289,157597309,AD,Any_AMD,-0.0958235,-0.53202,0.31018,0.00918215,0,0.29559,0.614115
583,3,185709997,186602045,AD,Any_AMD,-0.101854,-0.73978,0.35883,0.0103743,0,0.61968,0.614452
1218,7,144324465,145415775,AD,Any_AMD,-0.290603,-1,0.86111,0.0844503,0,1,0.615107
1330,8,101448440,102548680,AD,Any_AMD,-0.190497,-1,0.61464,0.0362892,0,1,0.615624
1817,12,83551126,84356775,AD,Any_AMD,-0.24709,-1,0.88697,0.0610535,0,1,0.616256
292,2,86867033,88547312,AD,Any_AMD,0.0874612,-0.30855,0.56683,0.00764946,0,0.35263,0.616299
1320,8,87563146,89081177,AD,Any_AMD,0.22724,-0.9234,1,0.051638,0,1,0.617137
1492,10,5396243,6234718,AD,Any_AMD,-0.0745791,-0.38699,0.22192,0.00556204,0,0.15318,0.617344
1438,9,93441051,94175374,AD,Any_AMD,-0.0716479,-0.37074,0.20892,0.00513342,0,0.14073,0.618016
315,2,123219244,123929872,AD,Any_AMD,-0.270802,-1,0.80192,0.0733337,0,1,0.618122
1566,10,86459981,87287935,AD,Any_AMD,-0.561901,-1,1,0.315733,0,1,0.618315
2059,15,53263127,54332799,AD,Any_AMD,0.102688,-0.3337,0.5745,0.0105448,0,0.34405,0.619309
1675,11,66782662,68000949,AD,Any_AMD,-0.0803962,-0.46382,0.24438,0.00646355,0,0.22444,0.619493
2243,18,4603962,5575812,AD,Any_AMD,-0.0662343,-0.34561,0.20484,0.00438699,0,0.12104,0.623314
1606,10,132576794,133111170,AD,Any_AMD,0.126502,-0.46641,0.95876,0.0160027,0,1,0.623381
1787,12,48227036,48960265,AD,Any_AMD,0.123173,-0.44339,0.8301,0.0151715,0,0.76564,0.624561
648,4,47408266,49325138,AD,Any_AMD,0.0913555,-0.31065,0.52461,0.00834583,0,0.29701,0.624798
2330,19,21155863,21822653,AD,Any_AMD,0.749697,-0.95359,1,0.562045,0,1,0.626962
1651,11,37953087,39329140,AD,Any_AMD,-0.323071,-1,0.74697,0.104375,0,1,0.627072
719,4,131098951,131873453,AD,Any_AMD,0.122721,-0.44393,0.76848,0.0150606,0,0.65958,0.627076
1847,12,118256125,119301061,AD,Any_AMD,0.0866183,-0.2721,0.47014,0.00750273,0,0.22911,0.627424
732,4,147161043,148462208,AD,Any_AMD,-0.362771,-1,0.89366,0.131603,0,1,0.629854
533,3,127495174,129091975,AD,Any_AMD,-0.161065,-1,0.5899,0.0259421,0,1,0.630188
2062,15,56322589,57641164,AD,Any_AMD,0.121932,-0.46037,0.86299,0.0148673,0,0.82089,0.630637
1845,12,116197676,117091843,AD,Any_AMD,0.055358,-0.17246,0.29119,0.0030645,0,0.08747,0.631898
1710,11,101881253,102671665,AD,Any_AMD,0.120966,-0.45621,0.8653,0.0146327,0,0.83475,0.631932
391,2,214044567,215002484,AD,Any_AMD,-0.131257,-0.90996,0.50664,0.0172284,0,0.90831,0.633271
2093,15,93707011,94565521,AD,Any_AMD,0.0888269,-0.31267,0.53299,0.00789022,0,0.30501,0.633508
2087,15,87158588,88035757,AD,Any_AMD,-0.114972,-0.78407,0.43746,0.0132185,0,0.71185,0.633925
550,3,147358244,148638308,AD,Any_AMD,0.0864776,-0.29788,0.4747,0.00747838,0,0.23819,0.634055
1524,10,36475839,37561443,AD,Any_AMD,0.144747,-0.55614,1,0.0209516,0,1,0.635542
643,4,42189252,43192424,AD,Any_AMD,0.0885002,-0.29865,0.48913,0.00783229,0,0.25201,0.636399
1451,9,107061020,108203095,AD,Any_AMD,0.0608668,-0.20073,0.32954,0.00370477,0,0.11305,0.637573
1379,9,6859792,7388202,AD,Any_AMD,0.15664,-0.5991,1,0.024536,0,1,0.63829
2331,19,21822654,22729408,AD,Any_AMD,-0.155937,-1,0.60771,0.0243162,0,1,0.638566
88,1,101188316,102424611,AD,Any_AMD,-0.130832,-1,0.55786,0.0171169,0,1,0.639211
329,2,138073792,139505819,AD,Any_AMD,0.0748336,-0.25582,0.4015,0.00560006,0,0.16977,0.639388
1673,11,62800369,64594822,AD,Any_AMD,0.111713,-0.43075,0.84391,0.0124799,0,0.83782,0.639613
2231,17,74908267,75619256,AD,Any_AMD,-0.0967662,-0.6941,0.39101,0.0093637,0,0.55663,0.639613
27,1,25885139,27992665,AD,Any_AMD,0.124024,-0.48313,0.93522,0.0153819,0,1,0.640804
1064,6,138825722,139716713,AD,Any_AMD,0.098905,-0.4032,0.72165,0.0097822,0,0.61794,0.641433
2170,16,87669169,88387228,AD,Any_AMD,-0.0759642,-0.4527,0.26686,0.00577055,0,0.21525,0.641492
526,3,120574478,121362442,AD,Any_AMD,0.239496,-0.82962,1,0.0573586,0,1,0.641922
402,2,224938732,226242842,AD,Any_AMD,-0.107594,-0.7287,0.40635,0.0115764,0,0.57357,0.642019
1863,13,19020095,19648628,AD,Any_AMD,0.112341,-0.43963,0.81169,0.0126205,0,0.80018,0.642132
2178,17,4463972,5573784,AD,Any_AMD,0.0971013,-0.38721,0.65663,0.00942867,0,0.51462,0.642579
2211,17,48722591,49909298,AD,Any_AMD,0.0701503,-0.24281,0.40105,0.00492106,0,0.16612,0.643816
1649,11,36331190,37119024,AD,Any_AMD,0.11204,-0.43053,0.70554,0.012553,0,0.53003,0.644755
2389,20,18058525,18959419,AD,Any_AMD,-0.0964856,-0.57764,0.35689,0.00930947,0,0.36344,0.645134
1190,7,104109232,105312563,AD,Any_AMD,-0.0484598,-0.25551,0.16126,0.00234835,0,0.06682,0.645493
1729,11,124403478,125266684,AD,Any_AMD,-0.0789147,-0.44606,0.27388,0.00622753,0,0.20767,0.646453
187,1,237409459,238094455,AD,Any_AMD,-0.0928604,-0.56039,0.3454,0.00862306,0,0.33995,0.646786
1509,10,20616433,21477692,AD,Any_AMD,0.167707,-0.66321,1,0.0281258,0,1,0.647543
1011,6,78959763,79859903,AD,Any_AMD,0.138182,-0.55507,0.99062,0.0190941,0,1,0.647678
453,3,33020869,33991869,AD,Any_AMD,-0.0894499,-0.59425,0.34368,0.00800129,0,0.40221,0.647931
2203,17,37361179,38880481,AD,Any_AMD,-0.0731476,-0.44487,0.2702,0.00535058,0,0.21371,0.649639
2290,18,62074994,63109755,AD,Any_AMD,0.0914282,-0.37863,0.64927,0.00835911,0,0.49788,0.649694
72,1,83461216,84728347,AD,Any_AMD,-0.269127,-1,0.7757,0.0724296,0,1,0.65002
1432,9,87815450,89171796,AD,Any_AMD,-0.0775798,-0.47351,0.28857,0.00601863,0,0.23559,0.650571
1054,6,125365055,127545459,AD,Any_AMD,-0.145905,-1,0.58072,0.0212882,0,1,0.650659
548,3,145211908,145903838,AD,Any_AMD,0.171698,-0.74649,1,0.0294801,0,1,0.651599
2005,14,75699502,76694201,AD,Any_AMD,0.118982,-0.50122,0.93613,0.0141567,0,1,0.651986
1155,7,57383658,61969717,AD,Any_AMD,-0.0757191,-0.44921,0.27786,0.00573339,0,0.21377,0.652525
1442,9,96670172,97418633,AD,Any_AMD,-0.0785818,-0.47617,0.29905,0.00617511,0,0.23607,0.653011
2115,16,11022543,11916631,AD,Any_AMD,-0.0644744,-0.36295,0.21892,0.00415695,0,0.13564,0.653223
1924,13,85035401,85650680,AD,Any_AMD,-0.163594,-1,0.76401,0.0267629,0,1,0.653263
1118,7,19131027,20122179,AD,Any_AMD,0.13158,-0.56383,1,0.0173133,0,1,0.65403
1737,11,132584402,133521642,AD,Any_AMD,0.114636,-0.50122,0.83024,0.0131414,0,0.81777,0.654141
2131,16,35259454,49010761,AD,Any_AMD,0.152181,-0.61083,1,0.0231591,0,1,0.654957
1144,7,48363586,48984625,AD,Any_AMD,0.342155,-1,1,0.11707,0,1,0.655731
1819,12,85345632,86933476,AD,Any_AMD,0.081296,-0.2987,0.48566,0.00660904,0,0.24961,0.656402
443,3,22648002,23426044,AD,Any_AMD,-0.103033,-0.67526,0.4127,0.0106159,0,0.51528,0.656512
97,1,110224231,111134062,AD,Any_AMD,-0.0646873,-0.37058,0.2292,0.00418444,0,0.14343,0.657461
854,5,95117260,96467377,AD,Any_AMD,0.0923425,-0.36529,0.59068,0.00852714,0,0.39473,0.657552
698,4,109978983,111733579,AD,Any_AMD,-0.044323,-0.24677,0.15394,0.00196453,0,0.06258,0.658697
37,1,40200951,41093875,AD,Any_AMD,-0.101623,-0.7091,0.41358,0.0103273,0,0.57399,0.659088
1752,12,11742150,12721874,AD,Any_AMD,-0.0584994,-0.34472,0.21569,0.00342218,0,0.12289,0.659886
1581,10,104206838,106142283,AD,Any_AMD,-0.0846002,-0.58794,0.36548,0.0071572,0,0.39179,0.660942
823,5,55968967,56896890,AD,Any_AMD,0.0802847,-0.30112,0.46938,0.00644564,0,0.23393,0.661037
1029,6,98173004,99678876,AD,Any_AMD,-0.0915957,-0.61828,0.35967,0.00838977,0,0.4188,0.661492
2150,16,72089512,73140781,AD,Any_AMD,-1,-1,0.76339,1,0,1,0.661493
599,4,2468936,3549229,AD,Any_AMD,-0.0891192,-0.65604,0.36565,0.00794224,0,0.52018,0.66156
1493,10,6234719,6897037,AD,Any_AMD,-0.0643785,-0.37488,0.23582,0.00414459,0,0.14441,0.661873
461,3,42301658,44141693,AD,Any_AMD,-0.0552324,-0.3111,0.1986,0.00305062,0,0.10019,0.663748
121,1,163854568,164726579,AD,Any_AMD,-0.0613504,-0.36733,0.22196,0.00376387,0,0.13759,0.664282
2483,22,38718590,40378783,AD,Any_AMD,0.0605174,-0.2193,0.35297,0.00366236,0,0.13172,0.664723
1715,11,107054025,107846824,AD,Any_AMD,0.117541,-0.51843,0.86205,0.0138158,0,0.85468,0.664747
1217,7,142098980,144324464,AD,Any_AMD,0.0904416,-0.38249,0.6643,0.00817969,0,0.5388,0.664942
2146,16,66738844,68435728,AD,Any_AMD,-0.117604,-0.9083,0.53297,0.0138307,0,0.94156,0.665536
1496,10,8771921,10081279,AD,Any_AMD,-0.0785827,-0.48523,0.31473,0.00617524,0,0.25165,0.666635
165,1,214783873,215825791,AD,Any_AMD,-0.112415,-0.93155,0.53569,0.012637,0,1,0.667695
1411,9,33194893,34704544,AD,Any_AMD,0.18375,-0.75882,1,0.0337639,0,1,0.667737
1991,14,59447538,60099482,AD,Any_AMD,0.13315,-0.59373,1,0.0177289,0,1,0.668746
369,2,184866233,186244920,AD,Any_AMD,0.178082,-0.7849,1,0.0317133,0,1,0.66895
1700,11,93576642,94384535,AD,Any_AMD,0.11574,-0.526,0.91251,0.0133957,0,1,0.669327
1672,11,61717118,62800368,AD,Any_AMD,-0.0781713,-0.54619,0.33406,0.00611075,0,0.33795,0.669742
1782,12,43072680,43980531,AD,Any_AMD,0.184776,-0.81888,1,0.0341423,0,1,0.67022
808,5,36431968,37925487,AD,Any_AMD,0.114964,-0.48609,0.80935,0.0132168,0,0.73165,0.670421
704,4,117313637,118395262,AD,Any_AMD,-0.0999125,-0.70329,0.44016,0.0099825,0,0.56287,0.670974
414,2,237194298,238185482,AD,Any_AMD,0.0700822,-0.27155,0.41963,0.00491152,0,0.18613,0.672596
761,4,179233906,179932391,AD,Any_AMD,0.123154,-0.55145,0.99489,0.015167,0,1,0.672747
1425,9,79451036,80137024,AD,Any_AMD,-0.106333,-0.87266,0.48112,0.0113067,0,0.88917,0.672909
1154,7,56303514,57383657,AD,Any_AMD,0.0756815,-0.31754,0.4907,0.00572769,0,0.26722,0.673093
1062,6,135544084,137553212,AD,Any_AMD,-0.121365,-0.9876,0.5503,0.0147294,0,1,0.673749
2000,14,69794543,71140426,AD,Any_AMD,-0.0761738,-0.46011,0.29971,0.00580244,0,0.22419,0.674951
158,1,205009624,205917548,AD,Any_AMD,-0.0662913,-0.39944,0.25238,0.00439453,0,0.16748,0.675288
2051,15,42332686,44987755,AD,Any_AMD,-0.15593,-1,0.7061,0.024314,0,1,0.675925
1105,7,8718352,9225106,AD,Any_AMD,-0.0921902,-0.68368,0.41398,0.00849904,0,0.5478,0.675972
2388,20,17359291,18058524,AD,Any_AMD,-0.0771042,-0.54403,0.33692,0.00594506,0,0.33791,0.676233
1784,12,44923826,46037744,AD,Any_AMD,0.158799,-0.71614,1,0.025217,0,1,0.677395
670,4,76497359,78045637,AD,Any_AMD,-0.0714085,-0.46579,0.29345,0.00509917,0,0.22859,0.678104
2241,18,2839843,3722828,AD,Any_AMD,-0.126489,-1,0.57647,0.0159996,0,1,0.678365
2270,18,40471408,41425454,AD,Any_AMD,0.321814,-0.74893,1,0.103564,0,1,0.678533
212,2,7966710,8978798,AD,Any_AMD,0.0500718,-0.19616,0.30428,0.00250719,0,0.09644,0.678844
867,5,109606906,110819517,AD,Any_AMD,-0.144479,-1,0.63659,0.0208743,0,1,0.679835
375,2,193033983,195300250,AD,Any_AMD,0.155222,-0.71872,1,0.0240939,0,1,0.680605
1324,8,92876621,94999066,AD,Any_AMD,-0.128658,-1,0.57415,0.0165528,0,1,0.680716
345,2,159040980,160200379,AD,Any_AMD,-0.175453,-1,0.77439,0.0307837,0,1,0.681438
1774,12,32368906,33076722,AD,Any_AMD,0.0967264,-0.40633,0.64266,0.009356,0,0.43823,0.681454
241,2,36867390,37603360,AD,Any_AMD,0.0785109,-0.34625,0.56185,0.00616396,0,0.34431,0.681511
1128,7,30175114,31730554,AD,Any_AMD,-0.0748689,-0.4707,0.29443,0.00560535,0,0.23771,0.681977
1282,8,40179578,40974254,AD,Any_AMD,0.114168,-0.51876,0.83508,0.0130344,0,0.77267,0.682088
1831,12,100931424,101825061,AD,Any_AMD,0.105477,-0.47937,0.75256,0.0111253,0,0.64934,0.682475
1751,12,10946141,11742149,AD,Any_AMD,0.114382,-0.55715,0.97459,0.0130832,0,1,0.683383
1225,7,152253295,153241228,AD,Any_AMD,0.0943815,-0.43385,0.74802,0.00890787,0,0.66691,0.683816
180,1,231287765,232177704,AD,Any_AMD,-0.174291,-1,0.71531,0.0303773,0,1,0.685557
1516,10,27669567,28734422,AD,Any_AMD,-0.100762,-0.78925,0.47761,0.010153,0,0.75368,0.686123
1623,11,11081300,11632650,AD,Any_AMD,-0.0771447,-0.53989,0.34378,0.0059513,0,0.31831,0.686243
1973,14,40965850,41614833,AD,Any_AMD,0.118546,-0.58497,0.93296,0.0140532,0,1,0.686728
2334,19,24567342,28555845,AD,Any_AMD,0.111036,-0.54287,0.90052,0.0123289,0,0.98161,0.687163
932,6,6621938,7808323,AD,Any_AMD,0.055388,-0.21841,0.33162,0.00306783,0,0.11524,0.687799
219,2,13625451,14692120,AD,Any_AMD,-0.222747,-1,0.72396,0.0496162,0,1,0.688219
2235,17,78438333,79333774,AD,Any_AMD,-0.0802482,-0.5725,0.36495,0.00643978,0,0.37618,0.688414
569,3,167118894,168972662,AD,Any_AMD,0.115232,-0.58492,1,0.0132785,0,1,0.689023
55,1,64344227,65894184,AD,Any_AMD,-0.0881152,-0.66319,0.43927,0.00776429,0,0.56404,0.689725
2182,17,8554764,9619356,AD,Any_AMD,-0.064383,-0.41396,0.2713,0.00414517,0,0.18154,0.690641
891,5,136949854,139408116,AD,Any_AMD,-0.117984,-0.99637,0.54422,0.0139202,0,1,0.690726
119,1,161945443,163141862,AD,Any_AMD,-0.0485541,-0.28837,0.19624,0.0023575,0,0.08765,0.69084
1188,7,101950749,103191322,AD,Any_AMD,0.102752,-0.48226,0.71688,0.010558,0,0.58895,0.691527
1093,6,169667887,171053405,AD,Any_AMD,-0.0953965,-0.7234,0.43533,0.0091005,0,0.62427,0.692011
1981,14,49002066,50500564,AD,Any_AMD,0.365428,-0.74618,1,0.133537,0,1,0.692123
2079,15,78514102,79292536,AD,Any_AMD,-0.056022,-0.34726,0.23755,0.00313846,0,0.12677,0.692919
1015,6,82388205,83571953,AD,Any_AMD,-0.0886844,-0.62157,0.40089,0.00786492,0,0.42633,0.693982
2132,16,49010762,50467033,AD,Any_AMD,-0.174679,-1,0.7721,0.0305129,0,1,0.694288
946,6,22199714,23192337,AD,Any_AMD,0.163134,-0.71457,1,0.0266128,0,1,0.694444
1738,11,133521643,134351064,AD,Any_AMD,-0.116048,-0.96842,0.61862,0.013467,0,1,0.694797
1224,7,150897819,152253294,AD,Any_AMD,-0.0664535,-0.43641,0.28956,0.00441607,0,0.20839,0.695686
274,2,67979829,68877774,AD,Any_AMD,0.069234,-0.30473,0.45687,0.00479334,0,0.21977,0.696034
1335,8,106500951,107787163,AD,Any_AMD,0.120175,-0.60535,1,0.014442,0,1,0.696928
841,5,79005159,80448225,AD,Any_AMD,-0.0563098,-0.35375,0.23234,0.00317079,0,0.12984,0.696975
525,3,119759984,120574477,AD,Any_AMD,0.10428,-0.5472,0.87142,0.0108743,0,0.93862,0.697031
1569,10,89971629,91021321,AD,Any_AMD,-0.078582,-0.56097,0.36423,0.00617514,0,0.34816,0.697793
1823,12,92061180,93487547,AD,Any_AMD,0.161012,-0.68209,1,0.0259249,0,1,0.697861
268,2,60775067,62429910,AD,Any_AMD,-0.0809016,-0.56611,0.36262,0.00654506,0,0.35265,0.6988
1216,7,140217631,142098979,AD,Any_AMD,-0.102591,-0.89372,0.52619,0.0105249,0,0.95914,0.699095
2011,14,82524786,84087372,AD,Any_AMD,-0.154779,-1,0.75268,0.0239565,0,1,0.69937
2010,14,81001921,82524785,AD,Any_AMD,-0.0752855,-0.55113,0.35194,0.0056679,0,0.34296,0.699568
36,1,38474037,40200950,AD,Any_AMD,-0.0921245,-0.77394,0.46007,0.00848692,0,0.69722,0.699668
2490,22,46351049,47299625,AD,Any_AMD,-0.0629401,-0.43252,0.27959,0.00396145,0,0.20248,0.699823
1308,8,72917490,73838027,AD,Any_AMD,0.0978761,-0.5111,0.86335,0.00957973,0,0.95875,0.700541
1337,8,108647464,109920827,AD,Any_AMD,0.111601,-0.59264,0.93254,0.0124547,0,1,0.701456
1564,10,84679430,85463484,AD,Any_AMD,-0.0855518,-0.6174,0.40494,0.00731911,0,0.41094,0.703131
1652,11,39329141,40362940,AD,Any_AMD,0.0631282,-0.28351,0.40911,0.00398516,0,0.17757,0.703681
1742,12,1942427,3069506,AD,Any_AMD,0.0619127,-0.28761,0.42165,0.00383318,0,0.19129,0.707638
480,3,67454741,68319770,AD,Any_AMD,-0.13276,-1,0.69822,0.0176253,0,1,0.707721
2091,15,91593624,92675405,AD,Any_AMD,-0.0801732,-0.65806,0.4044,0.00642774,0,0.51087,0.710171
911,5,161478178,162386027,AD,Any_AMD,0.0582006,-0.26687,0.41583,0.00338731,0,0.18592,0.710771
1902,13,62135828,63206535,AD,Any_AMD,0.108086,-0.58507,1,0.0116825,0,1,0.711024
1171,7,80055722,81533566,AD,Any_AMD,-0.107556,-0.96011,0.60914,0.0115682,0,1,0.711458
795,5,21211400,22149042,AD,Any_AMD,0.0848754,-0.43464,0.69849,0.00720383,0,0.57664,0.711507
594,3,196383153,197147990,AD,Any_AMD,-0.162941,-1,0.73428,0.0265497,0,1,0.712766
1351,8,125453323,126766827,AD,Any_AMD,0.0526397,-0.24294,0.36691,0.00277094,0,0.14306,0.714076
451,3,31269698,32378805,AD,Any_AMD,0.0462111,-0.20087,0.30771,0.00213546,0,0.1002,0.71509
1589,10,114255955,115588903,AD,Any_AMD,0.0565492,-0.25884,0.383,0.00319782,0,0.15375,0.715215
1489,10,3225337,3880322,AD,Any_AMD,-0.074655,-0.58142,0.39661,0.00557337,0,0.40009,0.715915
331,2,140934532,141802664,AD,Any_AMD,-0.0684787,-0.47473,0.32574,0.00468933,0,0.24091,0.716657
851,5,90793805,91956905,AD,Any_AMD,-0.205411,-1,0.92453,0.0421937,0,1,0.717287
1600,10,126875817,127997708,AD,Any_AMD,0.0542295,-0.25177,0.36366,0.00294084,0,0.14138,0.717952
1716,11,107846825,109891837,AD,Any_AMD,0.0427816,-0.18797,0.27834,0.00183027,0,0.0821,0.719515
1753,12,12721875,13559527,AD,Any_AMD,-0.0451201,-0.30008,0.20223,0.00203582,0,0.095,0.719902
1269,8,23788495,24863243,AD,Any_AMD,-0.0614468,-0.43187,0.30736,0.00377571,0,0.20803,0.72009
658,4,61971162,63337954,AD,Any_AMD,-0.0810645,-0.72863,0.46108,0.00657146,0,0.64004,0.722883
261,2,53852121,54688234,AD,Any_AMD,-0.0756679,-0.60939,0.40843,0.00572562,0,0.41912,0.722941
1274,8,28344177,29744540,AD,Any_AMD,-0.0567121,-0.4318,0.28469,0.00321626,0,0.20506,0.723226
2344,19,38472871,39370419,AD,Any_AMD,0.0889383,-0.52027,0.82562,0.00791002,0,0.82928,0.724106
1927,13,87043589,88029523,AD,Any_AMD,-0.140458,-1,0.78695,0.0197286,0,1,0.724506
2338,19,31763009,33028099,AD,Any_AMD,0.043926,-0.20603,0.29417,0.00192949,0,0.09132,0.725209
2257,18,22746154,24088163,AD,Any_AMD,0.0534425,-0.26812,0.38335,0.0028561,0,0.1587,0.725452
1457,9,112865521,113646149,AD,Any_AMD,-0.076388,-0.64817,0.40915,0.00583513,0,0.48183,0.72663
843,5,81710195,82720248,AD,Any_AMD,0.0987414,-0.54049,0.81738,0.00974986,0,0.7809,0.727234
1596,10,122803507,123856184,AD,Any_AMD,0.0318455,-0.15157,0.21092,0.00101413,0,0.04748,0.727349
164,1,213958293,214783872,AD,Any_AMD,-0.0564202,-0.41597,0.29164,0.00318324,0,0.19009,0.727509
2190,17,16405208,17326540,AD,Any_AMD,0.0873018,-0.51406,0.85339,0.0076216,0,0.93965,0.727992
900,5,150981935,151892617,AD,Any_AMD,0.0813972,-0.45695,0.65987,0.0066255,0,0.50757,0.728159
629,4,30455556,31395092,AD,Any_AMD,0.0863394,-0.4916,0.83066,0.0074545,0,0.87308,0.728534
989,6,54452768,55469137,AD,Any_AMD,0.109736,-0.64879,1,0.012042,0,1,0.729617
1021,6,88499746,89974267,AD,Any_AMD,-0.0683097,-0.62389,0.39773,0.00466622,0,0.50416,0.73318
2387,20,16661517,17359290,AD,Any_AMD,0.0549412,-0.27402,0.39176,0.00301854,0,0.16334,0.733358
794,5,20397014,21211399,AD,Any_AMD,-0.793594,-1,0.94576,0.629791,0,1,0.733516
330,2,139505820,140934531,AD,Any_AMD,0.113651,-0.68346,1,0.0129165,0,1,0.734555
916,5,168342744,169506966,AD,Any_AMD,-0.0681132,-0.53841,0.37548,0.0046394,0,0.32512,0.734677
855,5,96467378,97316601,AD,Any_AMD,0.0757149,-0.40612,0.62569,0.00573275,0,0.45177,0.736268
1725,11,120064529,121208186,AD,Any_AMD,0.0819967,-0.49387,0.81688,0.00672345,0,0.90502,0.736493
1223,7,149843000,150897818,AD,Any_AMD,-0.108885,-1,0.62525,0.0118559,0,1,0.737156
2119,16,15921109,17343277,AD,Any_AMD,-0.0455599,-0.33441,0.23935,0.00207571,0,0.11882,0.737378
1707,11,99619348,100423901,AD,Any_AMD,-0.0810502,-0.65529,0.45174,0.00656914,0,0.47249,0.738099
1626,11,13364728,15126767,AD,Any_AMD,0.213374,-1,1,0.0455285,0,1,0.741285
582,3,184524269,185709996,AD,Any_AMD,0.084088,-0.5191,0.79764,0.00707079,0,0.78122,0.74155
1102,7,6716906,7167610,AD,Any_AMD,0.100447,-0.58823,0.91241,0.0100896,0,1,0.741554
208,2,4766970,5568653,AD,Any_AMD,0.0578603,-0.33276,0.49506,0.00334781,0,0.27748,0.741663
640,4,39820062,40590541,AD,Any_AMD,0.0492181,-0.26468,0.35798,0.00242242,0,0.14137,0.742352
697,4,109122459,109978982,AD,Any_AMD,-0.0320074,-0.22509,0.16581,0.00102448,0,0.05577,0.743088
1611,11,1061400,1857845,AD,Any_AMD,0.0478854,-0.25253,0.37209,0.00229301,0,0.15234,0.743098
87,1,100269208,101188315,AD,Any_AMD,-0.0647174,-0.56314,0.40457,0.00418834,0,0.39205,0.744708
2237,17,80459150,81192460,AD,Any_AMD,0.15945,-0.71218,1,0.0254244,0,1,0.744863
575,3,174684708,175671424,AD,Any_AMD,-0.249599,-1,0.79048,0.0622997,0,1,0.744977
406,2,229764919,230541092,AD,Any_AMD,0.0574356,-0.30931,0.4295,0.00329885,0,0.19916,0.745433
1613,11,2477450,3362508,AD,Any_AMD,0.0451055,-0.23803,0.34129,0.0020345,0,0.12414,0.745833
952,6,27261036,28666364,AD,Any_AMD,0.0525518,-0.27984,0.39265,0.00276169,0,0.16254,0.746058
460,3,40897628,42301657,AD,Any_AMD,-0.253596,-1,0.98748,0.0643108,0,1,0.746422
1781,12,42117737,43072679,AD,Any_AMD,-0.128598,-1,0.81829,0.0165375,0,1,0.746727
502,3,95088588,96055532,AD,Any_AMD,0.24565,-1,1,0.0603441,0,1,0.747134
1387,9,12664859,13512852,AD,Any_AMD,-0.0435602,-0.32465,0.23688,0.00189749,0,0.11296,0.74873
2223,17,65582328,66757556,AD,Any_AMD,0.048369,-0.25815,0.3631,0.00233956,0,0.14594,0.749173
1009,6,77274031,78168731,AD,Any_AMD,0.0969812,-0.61556,0.96347,0.00940536,0,1,0.750799
611,4,11050120,12209028,AD,Any_AMD,-0.053882,-0.44021,0.30928,0.00290327,0,0.21487,0.751216
42,1,47257262,48105233,AD,Any_AMD,-0.0580589,-0.45524,0.3292,0.00337084,0,0.22868,0.751364
2065,15,59901117,61130595,AD,Any_AMD,0.0516411,-0.27721,0.40797,0.00266681,0,0.17606,0.751385
957,6,30715007,31106493,AD,Any_AMD,-0.0427171,-0.32167,0.23255,0.00182475,0,0.11038,0.752317
762,4,179932392,180540877,AD,Any_AMD,-0.15999,-1,0.82726,0.0255969,0,1,0.754508
710,4,121981244,122655434,AD,Any_AMD,-0.0527978,-0.41869,0.30239,0.00278761,0,0.19195,0.754689
1112,7,13213542,13676747,AD,Any_AMD,0.116345,-0.78854,1,0.0135362,0,1,0.755036
1473,9,129617772,130902727,AD,Any_AMD,0.0863177,-0.58482,0.89471,0.00745074,0,1,0.755583
827,5,59868568,60930753,AD,Any_AMD,-0.100952,-1,0.68673,0.0101912,0,1,0.756301
2346,19,40171414,41004105,AD,Any_AMD,-0.0909544,-0.92565,0.60889,0.0082727,0,1,0.75646
2137,16,55907390,57119889,AD,Any_AMD,0.04362,-0.23756,0.32695,0.0019027,0,0.11462,0.756597
951,6,26396201,27261035,AD,Any_AMD,-0.0421568,-0.32079,0.2289,0.0017772,0,0.10765,0.756777
351,2,167488577,168437445,AD,Any_AMD,-0.235021,-1,0.95541,0.0552349,0,1,0.75713
2384,20,14203756,15238519,AD,Any_AMD,-0.0617075,-0.51396,0.36777,0.00380781,0,0.2912,0.757453
1215,7,138755108,140217630,AD,Any_AMD,0.0858092,-0.5439,0.96251,0.00736322,0,1,0.757592
1839,12,109031820,110111514,AD,Any_AMD,0.0654907,-0.43896,0.61045,0.00428903,0,0.46215,0.7588
1392,9,16658378,17392382,AD,Any_AMD,0.080422,-0.55675,0.8662,0.0064677,0,0.99155,0.759396
1972,14,40343755,40965849,AD,Any_AMD,0.0995167,-0.72398,0.98267,0.00990357,0,1,0.759982
2394,20,23808563,24487128,AD,Any_AMD,-0.0898691,-0.88454,0.61076,0.00807645,0,0.97716,0.761187
1739,11,134351065,134946450,AD,Any_AMD,-0.0971568,-1,0.69689,0.00943945,0,1,0.761974
2349,19,43317283,43960958,AD,Any_AMD,-0.0503441,-0.47004,0.32296,0.00253453,0,0.25075,0.7636
749,4,166702856,167643768,AD,Any_AMD,0.158399,-0.81266,1,0.0250903,0,1,0.76372
1089,6,165835954,166853325,AD,Any_AMD,0.0563371,-0.35414,0.49129,0.00317387,0,0.26748,0.764538
1360,8,135313674,136220342,AD,Any_AMD,-0.0574663,-0.53836,0.37417,0.00330237,0,0.35495,0.764981
1186,7,99465541,100849307,AD,Any_AMD,-0.0353558,-0.26595,0.20079,0.00125003,0,0.07618,0.765671
1576,10,98005995,99367800,AD,Any_AMD,0.0501194,-0.3078,0.42299,0.00251196,0,0.2002,0.766171
2017,14,89482884,90662836,AD,Any_AMD,-0.0539153,-0.49376,0.3385,0.00290686,0,0.27576,0.766256
1900,13,59751796,61268155,AD,Any_AMD,0.0952783,-0.6739,1,0.00907796,0,1,0.766949
1691,11,84613230,85869059,AD,Any_AMD,-0.0501032,-0.419,0.29459,0.00251033,0,0.19132,0.767164
909,5,159663734,160519049,AD,Any_AMD,0.0385139,-0.22045,0.30984,0.00148332,0,0.10434,0.768717
587,3,190591294,191229357,AD,Any_AMD,0.0485873,-0.29061,0.40592,0.00236072,0,0.18362,0.769749
2352,19,45893308,46765060,AD,Any_AMD,-0.0222175,-0.17712,0.1309,0.000493618,0,0.03328,0.770214
359,2,174118390,174927563,AD,Any_AMD,-0.0534545,-0.47195,0.34004,0.00285738,0,0.25506,0.770418
977,6,42103739,43770626,AD,Any_AMD,-0.0396773,-0.31792,0.23478,0.00157429,0,0.10591,0.770783
262,2,54688235,55663336,AD,Any_AMD,0.0582894,-0.42016,0.56908,0.00339765,0,0.41965,0.771928
1910,13,70427881,71010208,AD,Any_AMD,-0.0605959,-0.52993,0.38316,0.00367186,0,0.31486,0.772256
2261,18,27823156,28792734,AD,Any_AMD,-0.0602484,-0.51739,0.39516,0.00362986,0,0.2941,0.774196
266,2,57952946,59251996,AD,Any_AMD,-0.159131,-1,0.88378,0.0253228,0,1,0.776579
1525,10,37561444,38566460,AD,Any_AMD,0.0566944,-0.37119,0.53061,0.00321426,0,0.31492,0.777389
2326,19,17750519,18504867,AD,Any_AMD,0.0531843,-0.35146,0.49864,0.00282857,0,0.28059,0.778362
1147,7,50894509,51951647,AD,Any_AMD,-0.0585274,-0.53682,0.40225,0.00342545,0,0.34421,0.778437
1229,7,156344387,157199331,AD,Any_AMD,-0.053797,-0.53093,0.37726,0.00289411,0,0.32554,0.778683
539,3,133718494,135288394,AD,Any_AMD,0.111188,-0.93468,1,0.0123629,0,1,0.779009
1073,6,150635316,151629954,AD,Any_AMD,0.0321057,-0.19035,0.26905,0.00103078,0,0.0762,0.780345
470,3,56954879,58557718,AD,Any_AMD,0.0583976,-0.4031,0.53187,0.00341028,0,0.33614,0.781265
57,1,66778016,67761890,AD,Any_AMD,0.122383,-0.79908,1,0.0149775,0,1,0.781371
642,4,41360938,42189251,AD,Any_AMD,-0.0589041,-0.58659,0.43163,0.0034697,0,0.42084,0.782001
1325,8,94999067,96175630,AD,Any_AMD,-0.0995703,-1,0.77037,0.00991425,0,1,0.782468
880,5,123191942,124109485,AD,Any_AMD,0.0892641,-0.72768,1,0.00796808,0,1,0.782498
1545,10,64069688,65400431,AD,Any_AMD,0.0431118,-0.27794,0.36882,0.00185863,0,0.14508,0.782618
1931,13,90518148,91764204,AD,Any_AMD,0.0441602,-0.29038,0.40228,0.00195013,0,0.18504,0.783353
2315,19,7249360,8199016,AD,Any_AMD,-0.0410058,-0.35114,0.25857,0.00168148,0,0.1375,0.785073
51,1,58387484,59889045,AD,Any_AMD,0.0583552,-0.39645,0.55345,0.00340533,0,0.34453,0.785231
1678,11,69713997,71242834,AD,Any_AMD,-0.0489877,-0.46292,0.32723,0.00239979,0,0.23628,0.785917
553,3,151131308,151904021,AD,Any_AMD,0.0644338,-0.45961,0.70484,0.00415172,0,0.63144,0.786293
2147,16,68435729,69549149,AD,Any_AMD,0.0991529,-0.71826,1,0.00983129,0,1,0.786373
561,3,159478752,160584961,AD,Any_AMD,-0.0939068,-1,0.69359,0.00881849,0,1,0.786955
835,5,71468652,73314061,AD,Any_AMD,-0.0672331,-0.72508,0.51634,0.00452029,0,0.66912,0.787193
881,5,124109486,125131720,AD,Any_AMD,-0.117524,-1,0.80795,0.0138119,0,1,0.7872
2378,20,7959829,9279550,AD,Any_AMD,-0.0547834,-0.53545,0.37984,0.00300122,0,0.33657,0.787421
38,1,41093876,41977966,AD,Any_AMD,0.0637946,-0.4781,0.66303,0.00406976,0,0.55471,0.788624
1198,7,115321302,116835336,AD,Any_AMD,-0.0544256,-0.53425,0.4008,0.00296214,0,0.35082,0.788727
1482,9,138202113,138995791,AD,Any_AMD,0.0377049,-0.25493,0.33106,0.00142166,0,0.11891,0.79002
1907,13,67718880,69004702,AD,Any_AMD,-0.0931276,-1,0.69661,0.00867275,0,1,0.79135
1331,8,102548681,103716053,AD,Any_AMD,0.0591972,-0.44722,0.62827,0.00350431,0,0.46769,0.792317
1888,13,45476447,46493236,AD,Any_AMD,-0.0327065,-0.29395,0.22488,0.00106972,0,0.09713,0.792905
1806,12,71177962,71948185,AD,Any_AMD,0.0650666,-0.52631,0.72209,0.00423366,0,0.69002,0.793567
1634,11,22368744,23164544,AD,Any_AMD,-0.0832179,-0.9983,0.66788,0.00692521,0,1,0.794287
1936,13,97516610,98527335,AD,Any_AMD,-0.0652808,-0.75559,0.54988,0.00426159,0,0.69888,0.794449
469,3,55616626,56954878,AD,Any_AMD,-0.0375981,-0.33824,0.26642,0.00141362,0,0.1288,0.79496
789,5,13608148,14910295,AD,Any_AMD,0.208684,-0.85704,1,0.0435489,0,1,0.795953
1100,7,4938443,6020653,AD,Any_AMD,0.0479334,-0.37493,0.48617,0.00229761,0,0.28573,0.796334
1445,9,100310518,101596750,AD,Any_AMD,-0.0432968,-0.39865,0.30689,0.00187461,0,0.17528,0.796337
1904,13,63973942,65187138,AD,Any_AMD,0.0733908,-0.63786,0.83725,0.00538622,0,0.96913,0.796568
16,1,14720132,15755230,AD,Any_AMD,0.0612272,-0.46596,0.64819,0.00374877,0,0.47749,0.796809
1285,8,43825634,49044813,AD,Any_AMD,-0.0732519,-0.88143,0.65303,0.00536584,0,1,0.796987
1035,6,104209797,104951344,AD,Any_AMD,0.11603,-0.92603,1,0.0134629,0,1,0.797745
776,5,598321,1206609,AD,Any_AMD,0.248724,-0.78726,1,0.0618635,0,1,0.798004
1620,11,7915072,9080939,AD,Any_AMD,-0.0525875,-0.57458,0.42643,0.00276544,0,0.38495,0.799355
1719,11,112755447,113889019,AD,Any_AMD,-0.04904,-0.4835,0.37248,0.00240492,0,0.26318,0.800295
2273,18,44300146,45718492,AD,Any_AMD,0.0656918,-0.52155,0.69781,0.00431542,0,0.57327,0.80087
652,4,55681702,57103100,AD,Any_AMD,-0.219378,-1,0.98686,0.0481267,0,1,0.802058
1460,9,115390113,116159540,AD,Any_AMD,0.0603616,-0.47412,0.62403,0.00364352,0,0.45203,0.802204
1844,12,115439452,116197675,AD,Any_AMD,-0.0657156,-0.79091,0.56443,0.00431854,0,0.86733,0.802579
313,2,121073753,122026817,AD,Any_AMD,0.0474314,-0.37799,0.49608,0.00224974,0,0.27903,0.80322
2341,19,34633275,35649343,AD,Any_AMD,0.0746502,-0.65475,0.99561,0.00557265,0,1,0.803539
542,3,138693847,139831267,AD,Any_AMD,0.0365264,-0.26803,0.33607,0.00133417,0,0.12581,0.803995
1094,7,15064,617319,AD,Any_AMD,-0.0385535,-0.38881,0.29008,0.00148637,0,0.17024,0.804687
664,4,68742860,69603368,AD,Any_AMD,0.0385722,-0.28352,0.36852,0.00148782,0,0.14812,0.804795
211,2,7108209,7966709,AD,Any_AMD,0.0839523,-0.68379,0.96388,0.00704799,0,1,0.804951
757,4,175295843,175959697,AD,Any_AMD,-0.102949,-1,0.86893,0.0105984,0,1,0.806861
1718,11,111117781,112755446,AD,Any_AMD,0.0509374,-0.41929,0.58252,0.00259462,0,0.41621,0.807
1886,13,42950158,43931931,AD,Any_AMD,-0.0408955,-0.39588,0.30478,0.00167244,0,0.1728,0.807191
1925,13,85650681,86321288,AD,Any_AMD,-0.0453843,-0.47184,0.35465,0.00205974,0,0.24513,0.807771
1553,10,71672998,72659223,AD,Any_AMD,-0.0480373,-0.50663,0.38469,0.00230759,0,0.29098,0.80821
1271,8,25859278,26679135,AD,Any_AMD,-0.314654,-1,0.99233,0.099007,0,1,0.808526
737,4,153520884,155044409,AD,Any_AMD,-0.0420373,-0.43671,0.33549,0.00176714,0,0.22661,0.808712
1265,8,20135629,20812107,AD,Any_AMD,0.0509523,-0.43779,0.58886,0.00259614,0,0.44793,0.809572
2463,22,17587475,18535225,AD,Any_AMD,0.0456477,-0.36836,0.48234,0.00208371,0,0.27977,0.809971
535,3,130242361,131373470,AD,Any_AMD,-0.0785992,-1,0.72637,0.00617783,0,1,0.810275
339,2,151428989,152497375,AD,Any_AMD,-0.0662744,-0.88249,0.58337,0.00439229,0,1,0.81229
768,4,184338585,185483262,AD,Any_AMD,-0.0772914,-1,0.72917,0.00597397,0,1,0.812513
2416,20,52411533,53120334,AD,Any_AMD,0.0306398,-0.22646,0.29099,0.000938798,0,0.09207,0.813409
1501,10,13208062,14008135,AD,Any_AMD,-0.0869035,-1,0.83032,0.00755223,0,1,0.813433
1994,14,62717986,64033237,AD,Any_AMD,-0.0690057,-0.88286,0.63421,0.00476178,0,1,0.813469
2186,17,12676354,13648446,AD,Any_AMD,0.0382337,-0.32432,0.42642,0.00146181,0,0.21008,0.813872
543,3,139831268,141034637,AD,Any_AMD,-0.0507872,-0.61851,0.45337,0.00257934,0,0.46496,0.814821
1479,9,136042491,136770926,AD,Any_AMD,0.0327128,-0.25339,0.31475,0.00107013,0,0.11207,0.814974
1487,10,1872961,2637065,AD,Any_AMD,-0.108995,-1,0.95876,0.0118798,0,1,0.819205
275,2,68877775,70756283,AD,Any_AMD,0.0403682,-0.32457,0.43605,0.00162959,0,0.21091,0.819502
1008,6,75461314,77274030,AD,Any_AMD,0.0467782,-0.40534,0.52163,0.0021882,0,0.33687,0.820559
518,3,112408514,113657665,AD,Any_AMD,-0.0410889,-0.43567,0.33959,0.0016883,0,0.21365,0.821707
290,2,84395900,85992794,AD,Any_AMD,-0.0823698,-1,0.81653,0.00678478,0,1,0.822399
549,3,145903839,147358243,AD,Any_AMD,-0.0644445,-0.79064,0.60572,0.00415309,0,0.76822,0.822721
1632,11,20686337,21442722,AD,Any_AMD,0.0404021,-0.35992,0.4667,0.00163233,0,0.26812,0.823436
1051,6,121908064,122929290,AD,Any_AMD,0.248434,-1,1,0.0617195,0,1,0.823553
360,2,174927564,176734750,AD,Any_AMD,0.0443227,-0.39661,0.50914,0.0019645,0,0.30804,0.824824
2411,20,47203837,48212975,AD,Any_AMD,0.0316803,-0.25366,0.32061,0.00100364,0,0.11773,0.825035
349,2,164702313,165917788,AD,Any_AMD,0.0509007,-0.45257,0.59949,0.00259088,0,0.43653,0.825764
2488,22,44409534,45170649,AD,Any_AMD,-0.039813,-0.42118,0.3348,0.00158508,0,0.20101,0.825904
955,6,29833844,30070717,AD,Any_AMD,0.0460995,-0.40244,0.50847,0.00212517,0,0.29628,0.826501
2171,16,88387229,89106304,AD,Any_AMD,-0.0505748,-0.659,0.51828,0.00255781,0,0.60498,0.827807
1261,8,17492673,17947004,AD,Any_AMD,-0.12722,-1,1,0.0161849,0,1,0.827991
2329,19,20485500,21155862,AD,Any_AMD,0.0489893,-0.47762,0.64632,0.00239995,0,0.51577,0.828773
1444,9,98885863,100310517,AD,Any_AMD,-0.0570347,-0.81233,0.58645,0.00325296,0,0.8755,0.829624
50,1,57529671,58387483,AD,Any_AMD,0.0421581,-0.38269,0.48198,0.0017773,0,0.26892,0.829808
2121,16,19104258,20351261,AD,Any_AMD,0.0542041,-0.57243,0.74365,0.00293809,0,0.81589,0.830562
416,2,238814631,239634350,AD,Any_AMD,0.0865755,-0.8122,1,0.00749531,0,1,0.831114
889,5,134556571,135344943,AD,Any_AMD,-0.052557,-0.72094,0.55503,0.00276224,0,0.69757,0.831116
517,3,111693783,112408513,AD,Any_AMD,-0.0561705,-0.75891,0.56781,0.00315513,0,0.77154,0.831722
656,4,59692949,60746709,AD,Any_AMD,-0.0529246,-0.71223,0.54833,0.00280101,0,0.65831,0.833614
491,3,80385709,81431496,AD,Any_AMD,0.110395,-0.99035,1,0.0121871,0,1,0.833949
1448,9,104222849,105043411,AD,Any_AMD,-0.0394737,-0.50014,0.39411,0.00155817,0,0.31189,0.83431
213,2,8978799,9960670,AD,Any_AMD,-0.0451097,-0.58333,0.45815,0.00203488,0,0.44173,0.835458
1583,10,107877788,108725997,AD,Any_AMD,-0.0426087,-0.50356,0.40699,0.0018155,0,0.29707,0.835517
1946,13,108521979,109156765,AD,Any_AMD,-0.0355974,-0.41445,0.32091,0.00126717,0,0.19088,0.836208
1881,13,38290690,39381743,AD,Any_AMD,-0.0311025,-0.35272,0.26899,0.000967368,0,0.13604,0.837628
1645,11,32830423,33905327,AD,Any_AMD,-0.0364437,-0.45193,0.35034,0.00132814,0,0.23549,0.837898
157,1,204092538,205009623,AD,Any_AMD,0.034549,-0.33313,0.41861,0.00119363,0,0.20946,0.838208
1644,11,32065772,32830422,AD,Any_AMD,0.0823048,-0.96462,1,0.00677408,0,1,0.840089
2181,17,7264459,8554763,AD,Any_AMD,0.0597995,-0.66296,0.92076,0.00357598,0,1,0.841156
186,1,236199672,237409458,AD,Any_AMD,-0.384751,-1,1,0.148034,0,1,0.843221
1133,7,35354136,36507690,AD,Any_AMD,0.059844,-0.70114,0.88612,0.0035813,0,1,0.843464
1951,13,112319065,113573118,AD,Any_AMD,-0.0373797,-0.52111,0.41756,0.00139724,0,0.34756,0.844068
175,1,224943338,226534711,AD,Any_AMD,-0.0419057,-0.50563,0.4111,0.00175609,0,0.29053,0.844769
1048,6,119451295,120339244,AD,Any_AMD,0.128167,-1,1,0.0164267,0,1,0.847477
1246,8,8064601,8589770,AD,Any_AMD,0.0466745,-0.49503,0.63691,0.00217851,0,0.50418,0.847525
981,6,46430702,47313443,AD,Any_AMD,0.0345725,-0.3592,0.44419,0.00119526,0,0.23846,0.848101
1312,8,77377990,78633659,AD,Any_AMD,-0.0404576,-0.55276,0.46093,0.00163682,0,0.39794,0.848401
1587,10,112164982,113117615,AD,Any_AMD,0.0293185,-0.29311,0.36316,0.000859573,0,0.15192,0.848643
20,1,18427821,19238924,AD,Any_AMD,0.0387069,-0.42951,0.511,0.00149822,0,0.3377,0.849702
985,6,50940768,51826423,AD,Any_AMD,-0.108772,-1,1,0.0118314,0,1,0.850565
2474,22,29457602,30962255,AD,Any_AMD,0.0375003,-0.42348,0.52787,0.00140627,0,0.35679,0.851195
888,5,132554691,134556570,AD,Any_AMD,0.0435136,-0.48462,0.59068,0.00189344,0,0.42669,0.852002
1745,12,4967644,6023700,AD,Any_AMD,-0.099665,-1,0.96683,0.0099331,0,1,0.852275
1570,10,91021322,91960435,AD,Any_AMD,0.0593756,-0.76781,0.94811,0.00352546,0,1,0.852289
74,1,86017268,86761554,AD,Any_AMD,0.0301685,-0.29765,0.36014,0.000910141,0,0.15405,0.852339
2172,16,89106305,90292787,AD,Any_AMD,0.0317416,-0.32662,0.40389,0.00100753,0,0.1893,0.852584
30,1,30405183,31639217,AD,Any_AMD,0.0450152,-0.56182,0.70628,0.00202637,0,0.75186,0.852856
2418,20,53879804,54743694,AD,Any_AMD,-0.0291909,-0.36466,0.30712,0.000852109,0,0.16093,0.854263
403,2,226242843,227557841,AD,Any_AMD,-0.029966,-0.37672,0.31103,0.000897958,0,0.16358,0.854397
285,2,79019677,79900055,AD,Any_AMD,-0.0767534,-1,0.84374,0.00589108,0,1,0.854401
2469,22,23950733,25282436,AD,Any_AMD,0.0346247,-0.40071,0.50638,0.00119887,0,0.3273,0.855451
1697,11,90199933,90967061,AD,Any_AMD,-0.140754,-1,1,0.0198117,0,1,0.855882
366,2,182307878,183352290,AD,Any_AMD,-0.0322192,-0.4071,0.34074,0.00103808,0,0.19419,0.855919
954,6,29529756,29833843,AD,Any_AMD,-0.0338156,-0.42094,0.36403,0.00114349,0,0.20649,0.856314
1894,13,51554237,53336571,AD,Any_AMD,-0.039477,-0.59025,0.46507,0.00155844,0,0.48073,0.856421
1326,8,96175631,96900513,AD,Any_AMD,0.0286523,-0.30664,0.36096,0.000820956,0,0.15552,0.856495
2134,16,52041337,53393882,AD,Any_AMD,0.0293173,-0.32014,0.38974,0.000859504,0,0.179,0.857551
1005,6,72290724,73170168,AD,Any_AMD,0.0401011,-0.45078,0.56206,0.0016081,0,0.35959,0.858555
1621,11,9080940,10370100,AD,Any_AMD,0.110986,-0.97349,1,0.0123178,0,1,0.858663
2296,18,68051036,69311742,AD,Any_AMD,-0.0311897,-0.40878,0.32627,0.000972796,0,0.18613,0.859423
1723,11,117295642,118901213,AD,Any_AMD,-0.0378849,-0.57716,0.45406,0.00143526,0,0.42147,0.859971
2283,18,54957868,55809315,AD,Any_AMD,-0.0472898,-0.76414,0.6111,0.00223633,0,0.8377,0.860177
1552,10,71050505,71672997,AD,Any_AMD,-0.046477,-0.77497,0.60751,0.00216011,0,0.83106,0.861443
1074,6,151629955,152376499,AD,Any_AMD,0.0408307,-0.53175,0.63814,0.00166714,0,0.55335,0.861734
1849,12,120567741,121817509,AD,Any_AMD,0.130934,-1,1,0.0171438,0,1,0.862732
571,3,170174579,171134849,AD,Any_AMD,0.0246988,-0.26417,0.30761,0.000610029,0,0.11175,0.863071
574,3,173415592,174684707,AD,Any_AMD,0.0424402,-0.55844,0.67745,0.00180117,0,0.67024,0.8637
614,4,14395887,14967147,AD,Any_AMD,0.0380048,-0.48744,0.59643,0.00144437,0,0.46368,0.865288
2321,19,13968320,14891100,AD,Any_AMD,-0.0304904,-0.46548,0.38679,0.000929664,0,0.2707,0.866475
800,5,26938179,28315653,AD,Any_AMD,-0.0412844,-0.65129,0.54927,0.0017044,0,0.57597,0.86674
1744,12,3871115,4967643,AD,Any_AMD,0.0271397,-0.30599,0.3612,0.000736566,0,0.15236,0.866871
674,4,81206183,82655623,AD,Any_AMD,0.0605928,-0.79512,1,0.00367149,0,1,0.867398
335,2,144503689,145977920,AD,Any_AMD,-0.0335549,-0.52394,0.44321,0.00112593,0,0.35339,0.867878
142,1,187072606,187757076,AD,Any_AMD,-0.0449139,-0.71336,0.58603,0.00201726,0,0.63851,0.868706
1067,6,143083348,144791455,AD,Any_AMD,0.0282595,-0.33171,0.39765,0.000798598,0,0.1884,0.869495
2289,18,60780195,62074993,AD,Any_AMD,0.0440467,-0.61532,0.76132,0.00194011,0,0.83581,0.870525
1880,13,37499811,38290689,AD,Any_AMD,-0.28243,-1,1,0.0797667,0,1,0.871025
1976,14,43321169,44623273,AD,Any_AMD,-0.0289358,-0.44068,0.36279,0.000837281,0,0.24207,0.872024
2310,19,3085447,3893909,AD,Any_AMD,-0.0217027,-0.29279,0.24955,0.000471007,0,0.10103,0.872157
2258,18,24088164,25305260,AD,Any_AMD,-0.0218855,-0.30199,0.26037,0.000478976,0,0.10775,0.872339
2205,17,40233546,42348003,AD,Any_AMD,-0.0512681,-0.86739,0.70627,0.00262842,0,1,0.872477
1766,12,25990814,26958056,AD,Any_AMD,-0.0605377,-1,0.8283,0.00366482,0,1,0.8736
682,4,91309864,92219192,AD,Any_AMD,-0.205329,-1,0.89966,0.04216,0,1,0.874736
2347,19,41004106,41733463,AD,Any_AMD,-0.0347933,-0.64248,0.53955,0.00121057,0,0.66901,0.874786
2336,19,29389091,30375792,AD,Any_AMD,-0.0692092,-1,1,0.00478991,0,1,0.874915
822,5,55221399,55968966,AD,Any_AMD,0.034343,-0.44654,0.53052,0.00117944,0,0.33395,0.875719
2129,16,31384211,32847928,AD,Any_AMD,-0.0346001,-0.63241,0.53464,0.00119716,0,0.61648,0.877493
1153,7,55161395,56303513,AD,Any_AMD,0.0269902,-0.37919,0.44299,0.000728471,0,0.26024,0.877593
593,3,195710291,196383152,AD,Any_AMD,0.0280165,-0.38678,0.42495,0.000784924,0,0.23514,0.87768
717,4,128321877,129625376,AD,Any_AMD,0.0408706,-0.60962,0.77244,0.00167041,0,0.84229,0.87775
173,1,222763598,223654902,AD,Any_AMD,-0.0302828,-0.47304,0.40401,0.000917051,0,0.27208,0.87808
919,5,172285683,173606995,AD,Any_AMD,-0.030813,-0.51541,0.44233,0.00094944,0,0.36606,0.879126
2141,16,61092845,62607090,AD,Any_AMD,0.0343068,-0.49111,0.58249,0.00117695,0,0.42654,0.88066
512,3,106174686,107736519,AD,Any_AMD,-0.0421712,-0.84618,0.65897,0.00177841,0,1,0.881048
1503,10,14820756,15946677,AD,Any_AMD,0.0367159,-0.58809,0.70561,0.00134806,0,0.78728,0.882308
389,2,212520454,213194362,AD,Any_AMD,0.0300032,-0.41734,0.49835,0.00090019,0,0.3126,0.882723
1354,8,129291119,130383563,AD,Any_AMD,0.0388202,-0.61965,0.73156,0.00150701,0,0.78303,0.882792
1884,13,41003944,42037054,AD,Any_AMD,-0.022352,-0.34507,0.30428,0.000499614,0,0.1459,0.88387
166,1,215825792,216658126,AD,Any_AMD,0.0840674,-1,1,0.00706733,0,1,0.88501
1619,11,7191231,7915071,AD,Any_AMD,0.0246247,-0.34547,0.40459,0.000606377,0,0.19895,0.885587
2361,19,53431218,54042240,AD,Any_AMD,0.0243176,-0.34051,0.39148,0.000591348,0,0.18376,0.885709
1040,6,110647843,111363443,AD,Any_AMD,0.0772514,-0.99435,1,0.00596778,0,1,0.886489
979,6,44596898,45408421,AD,Any_AMD,0.0711965,-1,1,0.00506894,0,1,0.886527
774,4,189899574,191043880,AD,Any_AMD,0.0228747,-0.33125,0.38776,0.000523252,0,0.18287,0.886606
1254,8,13395052,13948095,AD,Any_AMD,0.0400096,-0.62257,0.73494,0.00160077,0,0.70778,0.887339
2076,15,74458114,76401952,AD,Any_AMD,0.0160008,-0.20934,0.24083,0.000256025,0,0.06616,0.887421
1314,8,79756170,81340231,AD,Any_AMD,0.0276744,-0.38512,0.45326,0.000765871,0,0.24871,0.887526
1298,8,61324890,62330900,AD,Any_AMD,-0.130638,-1,0.99628,0.0170664,0,1,0.889548
185,1,235097114,236199671,AD,Any_AMD,0.052328,-0.8117,0.99124,0.00273822,0,1,0.890003
2269,18,39410166,40471407,AD,Any_AMD,0.0495518,-0.83732,1,0.00245538,0,1,0.890362
1912,13,71976863,73114509,AD,Any_AMD,0.0257179,-0.37959,0.43897,0.000661408,0,0.23576,0.890645
1681,11,74399332,75445253,AD,Any_AMD,-0.0677333,-1,1,0.0045878,0,1,0.890822
551,3,148638309,149998411,AD,Any_AMD,-0.0272893,-0.48169,0.41496,0.000744703,0,0.29685,0.890951
1846,12,117091844,118256124,AD,Any_AMD,0.0825769,-1,1,0.00681895,0,1,0.891717
440,3,19030989,20754842,AD,Any_AMD,-0.0381463,-0.81725,0.67473,0.00145514,0,0.94463,0.892302
1406,9,28766061,29596501,AD,Any_AMD,0.148518,-1,1,0.0220575,0,1,0.892437
1957,14,22760701,23985936,AD,Any_AMD,-0.0262335,-0.44444,0.39312,0.000688195,0,0.24022,0.892759
1273,8,27406512,28344176,AD,Any_AMD,0.0363111,-0.65721,0.79738,0.0013185,0,1,0.892802
1786,12,47499604,48227035,AD,Any_AMD,-0.0343543,-0.63237,0.53949,0.00118022,0,0.49138,0.893016
1974,14,41614834,42562550,AD,Any_AMD,-0.0630003,-1,1,0.00396904,0,1,0.893742
1413,9,36749274,37687112,AD,Any_AMD,-0.0661856,-1,0.92379,0.00438054,0,1,0.893899
1469,9,125137579,126092931,AD,Any_AMD,-0.0255544,-0.45193,0.39572,0.000653027,0,0.24756,0.894043
206,2,3314203,4016104,AD,Any_AMD,0.0274631,-0.43271,0.48043,0.000754222,0,0.28507,0.89485
1865,13,20491182,21540733,AD,Any_AMD,0.0280688,-0.47225,0.56039,0.000787858,0,0.45483,0.89561
1059,6,131457165,132890694,AD,Any_AMD,0.0216258,-0.33672,0.37813,0.000467675,0,0.17727,0.896027
2082,15,81077026,82191077,AD,Any_AMD,-0.017304,-0.29682,0.26772,0.00029943,0,0.10476,0.897642
630,4,31395093,32260117,AD,Any_AMD,-0.0908193,-1,1,0.00824814,0,1,0.898437
26,1,23907046,25885138,AD,Any_AMD,-0.0326429,-0.7386,0.61217,0.00106556,0,0.82013,0.898581
478,3,65326752,66702084,AD,Any_AMD,-0.025864,-0.48852,0.43443,0.000668944,0,0.29944,0.898847
246,2,41540440,42307418,AD,Any_AMD,-0.067947,-1,1,0.0046168,0,1,0.899247
509,3,103450272,104116563,AD,Any_AMD,0.0284788,-0.50744,0.56983,0.000811041,0,0.46886,0.900081
527,3,121362443,122340832,AD,Any_AMD,0.0604933,-1,1,0.00365944,0,1,0.900226
846,5,84697851,85311779,AD,Any_AMD,-0.113656,-1,1,0.0129177,0,1,0.900524
2210,17,47516225,48722590,AD,Any_AMD,-0.020943,-0.37901,0.32629,0.000438607,0,0.17786,0.901024
781,5,4636543,5828694,AD,Any_AMD,0.0209448,-0.34796,0.40085,0.000438686,0,0.20923,0.901037
1483,9,138995792,140097759,AD,Any_AMD,0.0189761,-0.30771,0.33596,0.000360093,0,0.15012,0.901577
958,6,31106494,31250556,AD,Any_AMD,-0.0349108,-0.79264,0.65889,0.00121876,0,0.947,0.901733
1872,13,27392006,28587125,AD,Any_AMD,0.0240757,-0.40742,0.46187,0.000579639,0,0.26298,0.901827
1069,6,145778283,147015882,AD,Any_AMD,0.0357685,-0.72037,0.83591,0.00127939,0,1,0.902401
1376,9,4025356,4596614,AD,Any_AMD,-0.0221913,-0.44309,0.38309,0.000492455,0,0.24592,0.902787
825,5,57895013,58721458,AD,Any_AMD,0.0194449,-0.3242,0.35555,0.000378106,0,0.1637,0.902933
1631,11,19780785,20686336,AD,Any_AMD,-0.0187061,-0.34503,0.29023,0.000349919,0,0.14076,0.903541
466,3,51953969,54074844,AD,Any_AMD,0.0224071,-0.38842,0.45494,0.00050208,0,0.25879,0.904048
92,1,104984436,106089656,AD,Any_AMD,-0.0789745,-1,1,0.00623696,0,1,0.904265
1106,7,9225107,9900801,AD,Any_AMD,0.0804857,-1,1,0.00647795,0,1,0.904345
923,5,177659903,178595252,AD,Any_AMD,-0.0271898,-0.60465,0.53884,0.000739285,0,0.57992,0.904861
2151,16,73140782,74135275,AD,Any_AMD,0.0312148,-0.62967,0.72315,0.000974367,0,0.74997,0.905443
1543,10,61470384,62626465,AD,Any_AMD,0.0155458,-0.25862,0.29432,0.00024167,0,0.09865,0.9075
1688,11,81658299,82833181,AD,Any_AMD,-0.0612194,-1,1,0.00374781,0,1,0.908038
2274,18,45718493,46558306,AD,Any_AMD,-0.0440308,-1,0.95266,0.00193871,0,1,0.908398
2393,20,22780957,23808562,AD,Any_AMD,0.0226988,-0.39667,0.4541,0.000515234,0,0.25376,0.908926
1734,11,129451785,130500783,AD,Any_AMD,-0.0272746,-0.67031,0.546,0.000743904,0,0.65429,0.909307
140,1,184953090,186179447,AD,Any_AMD,0.0208074,-0.39398,0.43741,0.000432946,0,0.25567,0.909744
584,3,186602046,187939199,AD,Any_AMD,0.0420563,-0.88226,0.98683,0.00176874,0,1,0.910333
372,2,188895311,189882702,AD,Any_AMD,-0.0335688,-0.82668,0.70421,0.00112686,0,0.99175,0.910616
25,1,22740288,23907045,AD,Any_AMD,0.0198964,-0.36686,0.39968,0.000395867,0,0.20247,0.911379
2397,20,26318859,30569659,AD,Any_AMD,0.045255,-0.97922,1,0.00204801,0,1,0.911447
2383,20,13202336,14203755,AD,Any_AMD,0.0339564,-0.74953,0.87371,0.00115304,0,1,0.913106
1119,7,20122180,21390644,AD,Any_AMD,-0.0236055,-0.58333,0.51885,0.000557222,0,0.50381,0.913667
1480,9,136770927,137593527,AD,Any_AMD,-0.0160215,-0.32921,0.30069,0.000256687,0,0.13642,0.915164
1984,14,52206123,52760553,AD,Any_AMD,0.0227343,-0.46608,0.54086,0.00051685,0,0.38024,0.915314
145,1,189904638,191419275,AD,Any_AMD,-0.0180074,-0.36964,0.33151,0.000324266,0,0.1679,0.915568
1499,10,11856925,12581571,AD,Any_AMD,-0.0233757,-0.57984,0.51438,0.000546423,0,0.52946,0.916062
2097,15,98025685,98828261,AD,Any_AMD,0.0150232,-0.27603,0.31138,0.000225696,0,0.11449,0.916866
1728,11,123398883,124403477,AD,Any_AMD,-0.0519504,-1,0.91765,0.00269885,0,1,0.918939
2220,17,62112374,63548724,AD,Any_AMD,0.014798,-0.27971,0.31887,0.000218979,0,0.12143,0.91897
773,4,189153280,189899573,AD,Any_AMD,0.0201105,-0.44494,0.49689,0.000404432,0,0.32653,0.919556
1890,13,47433529,48137479,AD,Any_AMD,0.0289889,-0.69787,0.79287,0.000840356,0,0.9782,0.919802
1090,6,166853326,167714865,AD,Any_AMD,0.0226743,-0.50481,0.57286,0.000514125,0,0.4544,0.920021
2275,18,46558307,47455925,AD,Any_AMD,-0.0259736,-0.72101,0.61019,0.000674629,0,0.75194,0.92043
625,4,27385581,28177792,AD,Any_AMD,0.0262839,-0.62449,0.691,0.000690843,0,0.72654,0.92142
2303,18,75240761,76231685,AD,Any_AMD,0.0235511,-0.52545,0.63491,0.000554654,0,0.53779,0.921607
109,1,149716038,151146407,AD,Any_AMD,-0.0132993,-0.29044,0.26639,0.000176872,0,0.10246,0.921616
98,1,111134063,112489248,AD,Any_AMD,-0.0233688,-0.63342,0.55718,0.000546102,0,0.56928,0.921838
407,2,230541093,231847386,AD,Any_AMD,0.0257439,-0.62532,0.72448,0.000662746,0,0.75865,0.923451
856,5,97316602,98567769,AD,Any_AMD,0.0207501,-0.45146,0.49302,0.000430567,0,0.31698,0.923531
149,1,194365689,195161235,AD,Any_AMD,0.0122827,-0.25154,0.27585,0.000150865,0,0.09347,0.924661
120,1,163141863,163854567,AD,Any_AMD,0.0192997,-0.4727,0.53396,0.000372479,0,0.41777,0.925066
310,2,117822517,118663653,AD,Any_AMD,-0.0514779,-1,0.93632,0.00264998,0,1,0.925199
1176,7,86446539,87836641,AD,Any_AMD,0.0234213,-0.57561,0.63821,0.000548559,0,0.57829,0.925306
2300,18,72785207,73568260,AD,Any_AMD,0.0148733,-0.30684,0.35197,0.000221216,0,0.14915,0.926007
769,4,185483263,186232882,AD,Any_AMD,-0.0241783,-0.70649,0.61304,0.00058459,0,0.81638,0.926409
12,1,9475967,10753427,AD,Any_AMD,-0.0115866,-0.26611,0.23611,0.00013425,0,0.08573,0.926827
2244,18,5575813,6756496,AD,Any_AMD,0.0299246,-0.81513,0.92007,0.000895479,0,1,0.926946
1212,7,134943222,136113467,AD,Any_AMD,-0.0236859,-0.75744,0.65715,0.000561023,0,0.86059,0.927717
842,5,80448226,81710194,AD,Any_AMD,0.027954,-0.71215,0.86992,0.000781426,0,1,0.927913
1777,12,38108285,38746760,AD,Any_AMD,0.0264471,-0.72424,0.80533,0.000699451,0,0.96364,0.928689
229,2,25895395,26894102,AD,Any_AMD,0.0617146,-1,1,0.00380869,0,1,0.929254
1087,6,163336362,164687462,AD,Any_AMD,0.502438,-1,1,0.252444,0,1,0.92947
943,6,19449153,20418020,AD,Any_AMD,-0.0133372,-0.33463,0.29255,0.000177881,0,0.136,0.929763
2369,20,60795,884241,AD,Any_AMD,0.0192724,-0.47465,0.53702,0.000371427,0,0.39125,0.930342
532,3,125992651,127495173,AD,Any_AMD,0.0148868,-0.33173,0.37104,0.000221618,0,0.1714,0.930739
2276,18,47455926,48228379,AD,Any_AMD,0.0207212,-0.5768,0.63255,0.000429367,0,0.63904,0.93078
928,6,2746532,3964072,AD,Any_AMD,0.0462752,-0.8916,1,0.0021414,0,1,0.931287
2242,18,3722829,4603961,AD,Any_AMD,-0.0228563,-0.72216,0.66551,0.000522412,0,0.90631,0.931502
1790,12,51769420,53039987,AD,Any_AMD,-0.0270042,-0.89727,0.78136,0.000729228,0,1,0.931624
2292,18,64253144,65294195,AD,Any_AMD,0.0190896,-0.54987,0.61612,0.000364413,0,0.6068,0.933198
32,1,33066847,34371022,AD,Any_AMD,0.0168413,-0.46104,0.49073,0.000283629,0,0.35067,0.933931
1767,12,26958057,27797262,AD,Any_AMD,0.0167641,-0.42674,0.4751,0.000281035,0,0.28793,0.934764
6,1,4281477,4773403,AD,Any_AMD,0.0227983,-0.67997,0.73825,0.000519763,0,0.82259,0.934815
1726,11,121208187,122589224,AD,Any_AMD,-0.015262,-0.4762,0.44339,0.000232927,0,0.35518,0.934878
1796,12,60000364,61737953,AD,Any_AMD,-0.0906747,-1,1,0.00822191,0,1,0.936842
1152,7,54550501,55161394,AD,Any_AMD,-0.0136041,-0.38992,0.36521,0.000185071,0,0.19915,0.937208
1923,13,83829836,85035400,AD,Any_AMD,0.0344778,-0.98885,1,0.00118872,0,1,0.937734
312,2,119635490,121073752,AD,Any_AMD,0.0137203,-0.37424,0.42572,0.000188246,0,0.23104,0.937905
615,4,14967148,15910801,AD,Any_AMD,0.0361569,-1,1,0.00130732,0,1,0.938217
1556,10,75694024,77144961,AD,Any_AMD,-0.0333795,-1,0.94349,0.00111419,0,1,0.940186
337,2,147252197,149568875,AD,Any_AMD,-0.0242409,-0.86201,0.77303,0.000587623,0,1,0.940476
2180,17,6305079,7264458,AD,Any_AMD,-0.0139821,-0.48759,0.43524,0.000195498,0,0.31819,0.941398
1772,12,31067299,31797152,AD,Any_AMD,-0.0130065,-0.3971,0.36348,0.000169169,0,0.19344,0.9421
690,4,100333335,101132995,AD,Any_AMD,0.0748042,-1,1,0.00559567,0,1,0.942292
2403,20,38427595,40272390,AD,Any_AMD,-0.0104691,-0.30602,0.29204,0.000109602,0,0.11537,0.94257
1812,12,77800464,79315178,AD,Any_AMD,0.0315871,-0.96995,1,0.000997745,0,1,0.944023
1471,9,127184583,128785782,AD,Any_AMD,0.00863098,-0.24719,0.27023,7.44938e-05,0,0.08969,0.945557
457,3,36840137,38729767,AD,Any_AMD,-0.0666845,-1,1,0.00444683,0,1,0.946242
442,3,21790868,22648001,AD,Any_AMD,0.0212553,-0.80302,0.90312,0.000451788,0,1,0.947182
1409,9,31115154,32253283,AD,Any_AMD,0.01149,-0.36982,0.38115,0.000132019,0,0.18793,0.947946
1838,12,108183189,109031819,AD,Any_AMD,-0.00838636,-0.26895,0.25919,7.03311e-05,0,0.09286,0.948641
1873,13,28587126,30068525,AD,Any_AMD,0.00930373,-0.29104,0.30808,8.65595e-05,0,0.11671,0.949265
2371,20,1771286,2668108,AD,Any_AMD,0.0136129,-0.50139,0.52966,0.00018531,0,0.39253,0.949833
438,3,16084006,17182494,AD,Any_AMD,-0.0152874,-0.64089,0.61341,0.000233704,0,0.69211,0.950239
1969,14,36422078,37282012,AD,Any_AMD,-0.012824,-0.49438,0.47245,0.000164455,0,0.34941,0.950646
280,2,75148104,75942397,AD,Any_AMD,-0.0194208,-0.87569,0.8348,0.000377168,0,1,0.951011
1911,13,71010209,71976862,AD,Any_AMD,-0.00890481,-0.31681,0.28931,7.92956e-05,0,0.12653,0.951093
115,1,158081628,158900369,AD,Any_AMD,0.0238291,-1,1,0.000567828,0,1,0.951859
2156,16,77270666,77739132,AD,Any_AMD,0.0279481,-1,1,0.000781096,0,1,0.952171
1296,8,59555978,60476248,AD,Any_AMD,-0.00937425,-0.36022,0.34523,8.78766e-05,0,0.17089,0.952326
948,6,23939307,24950379,AD,Any_AMD,0.00902617,-0.29794,0.32226,8.14717e-05,0,0.12859,0.952391
663,4,67616363,68742859,AD,Any_AMD,0.00979813,-0.34365,0.34966,9.60034e-05,0,0.15701,0.952525
778,5,2106886,2960068,AD,Any_AMD,-0.0125412,-0.50299,0.4779,0.000157282,0,0.35006,0.953882
1173,7,82759284,83953009,AD,Any_AMD,-0.0236471,-0.95981,0.94863,0.000559186,0,1,0.954794
2423,20,57924038,58780894,AD,Any_AMD,0.0102813,-0.37915,0.39661,0.000105705,0,0.19915,0.955205
1238,8,2970492,3386667,AD,Any_AMD,-0.00879745,-0.36546,0.3438,7.73952e-05,0,0.18506,0.955877
1342,8,114781575,115334858,AD,Any_AMD,-0.0104315,-0.41225,0.40085,0.000108817,0,0.22657,0.956078
586,3,189451806,190591293,AD,Any_AMD,0.00739672,-0.26726,0.28465,5.47115e-05,0,0.09986,0.956836
2088,15,88035758,89385187,AD,Any_AMD,-0.00918587,-0.36602,0.34245,8.43803e-05,0,0.17012,0.957219
1045,6,116132148,117674076,AD,Any_AMD,-0.00771896,-0.30195,0.28763,5.95823e-05,0,0.11441,0.957263
2008,14,78374054,79199451,AD,Any_AMD,-0.012537,-0.64042,0.55428,0.000157176,0,0.57817,0.957788
1866,13,21540734,22795188,AD,Any_AMD,-0.012017,-0.56187,0.54812,0.000144408,0,0.49769,0.958086
1937,13,98527336,99402294,AD,Any_AMD,-0.00978868,-0.45012,0.4205,9.58182e-05,0,0.2755,0.958234
138,1,182420541,183920616,AD,Any_AMD,0.010806,-0.45132,0.49268,0.000116769,0,0.32392,0.958322
755,4,172555991,174470206,AD,Any_AMD,-0.0121254,-0.61801,0.60695,0.000147026,0,0.61957,0.959235
604,4,7135820,7726034,AD,Any_AMD,-0.012447,-0.59128,0.55864,0.000154927,0,0.50121,0.959825
1121,7,22165061,23106680,AD,Any_AMD,-0.0182933,-1,0.93535,0.000334645,0,1,0.960026
1885,13,42037055,42950157,AD,Any_AMD,0.0128234,-0.5953,0.61499,0.000164439,0,0.56266,0.960356
838,5,75239303,75959515,AD,Any_AMD,-0.0075908,-0.31789,0.31028,5.76202e-05,0,0.13228,0.960631
168,1,217352166,218563960,AD,Any_AMD,0.00925778,-0.42038,0.43442,8.57065e-05,0,0.26327,0.960941
1636,11,24091273,24892439,AD,Any_AMD,-0.0133003,-0.71241,0.64817,0.000176899,0,0.72593,0.961136
194,1,242417924,243048003,AD,Any_AMD,-0.0227481,-1,1,0.000517478,0,1,0.961873
1169,7,77663965,78685009,AD,Any_AMD,0.00866207,-0.39691,0.40675,7.50315e-05,0,0.235,0.962011
1671,11,60515106,61717117,AD,Any_AMD,-0.0247634,-1,0.95194,0.000613226,0,1,0.962525
1712,11,103495636,104875270,AD,Any_AMD,-0.0462308,-1,1,0.00213729,0,1,0.962663
1906,13,66382287,67718879,AD,Any_AMD,-0.0095262,-0.47561,0.45913,9.07484e-05,0,0.30669,0.964064
247,2,42307419,43295776,AD,Any_AMD,0.0111244,-0.63884,0.64811,0.000123753,0,0.68833,0.965337
1410,9,32253284,33194892,AD,Any_AMD,-0.00754115,-0.40308,0.37491,5.6869e-05,0,0.21677,0.965793
325,2,133352951,134359059,AD,Any_AMD,-0.00982532,-0.57431,0.54972,9.65368e-05,0,0.49945,0.965938
2494,22,49559208,50347996,AD,Any_AMD,0.00555493,-0.26208,0.27031,3.08573e-05,0,0.09485,0.966323
1821,12,88344765,90567001,AD,Any_AMD,-0.00660046,-0.3567,0.34444,4.35661e-05,0,0.17381,0.966946
936,6,11790672,13352326,AD,Any_AMD,0.00744705,-0.38313,0.40031,5.54585e-05,0,0.20976,0.96791
714,4,125486536,126476842,AD,Any_AMD,0.0125083,-0.82959,0.83998,0.000156458,0,1,0.96868
1038,6,107309328,109043244,AD,Any_AMD,-0.00859766,-0.52154,0.51063,7.39197e-05,0,0.42219,0.968877
544,3,141034638,141898978,AD,Any_AMD,-0.055097,-1,1,0.00303568,0,1,0.968888
1692,11,85869060,86629333,AD,Any_AMD,-0.00557291,-0.31995,0.31357,3.10573e-05,0,0.13174,0.970863
2332,19,22729409,23468992,AD,Any_AMD,0.00837462,-0.56108,0.57896,7.01343e-05,0,0.61914,0.971072
386,2,208674589,209940230,AD,Any_AMD,0.0080755,-0.54375,0.57718,6.52137e-05,0,0.49433,0.972352
467,3,54074845,54892586,AD,Any_AMD,-0.00594402,-0.38598,0.36655,3.53314e-05,0,0.19186,0.973028
736,4,152162099,153520883,AD,Any_AMD,0.0116169,-0.89312,0.9454,0.000134953,0,1,0.974185
1755,12,14656850,16136742,AD,Any_AMD,-0.0121698,-0.84973,0.92313,0.000148105,0,1,0.974198
136,1,180221609,181324205,AD,Any_AMD,-0.00620802,-0.46714,0.45246,3.85395e-05,0,0.29861,0.975316
2167,16,85146806,86058597,AD,Any_AMD,-0.0141118,-1,1,0.000199142,0,1,0.975699
1882,13,39381744,40091623,AD,Any_AMD,-0.00730018,-0.61794,0.6029,5.32927e-05,0,0.63576,0.976618
2153,16,74889128,75525959,AD,Any_AMD,0.00532129,-0.38468,0.4087,2.83162e-05,0,0.22262,0.976759
170,1,220073133,220978151,AD,Any_AMD,-0.008234,-0.73996,0.73289,6.77988e-05,0,0.88689,0.977042
747,4,164781848,165824650,AD,Any_AMD,-0.00543499,-0.45367,0.46115,2.95391e-05,0,0.31979,0.977192
1891,13,48137480,49381727,AD,Any_AMD,-0.0052669,-0.40407,0.38772,2.77403e-05,0,0.21165,0.977813
984,6,49528165,50940767,AD,Any_AMD,-0.00874153,-0.91647,0.87956,7.64144e-05,0,1,0.978789
2481,22,36135969,37364004,AD,Any_AMD,-0.00342818,-0.27197,0.26877,1.17524e-05,0,0.09711,0.979102
613,4,13127577,14395886,AD,Any_AMD,0.00471275,-0.40061,0.40837,2.221e-05,0,0.23326,0.979189
1055,6,127545460,128763380,AD,Any_AMD,-0.00591695,-0.64241,0.62079,3.50103e-05,0,0.6657,0.981493
1247,8,8589771,9167795,AD,Any_AMD,-0.0777691,-1,1,0.00604804,0,1,0.982301
577,3,176931164,178110322,AD,Any_AMD,0.00347025,-0.33523,0.34217,1.20426e-05,0,0.15395,0.98256
1667,11,56623495,57675986,AD,Any_AMD,0.00530955,-0.58204,0.62109,2.81913e-05,0,0.60439,0.982605
2095,15,95662426,96864278,AD,Any_AMD,-0.00451486,-0.5102,0.51307,2.03839e-05,0,0.41032,0.983222
1183,7,96564982,97420207,AD,Any_AMD,-0.00430468,-0.54305,0.56418,1.85302e-05,0,0.49379,0.984594
178,1,229075157,230227247,AD,Any_AMD,-0.00248026,-0.28222,0.27096,6.1517e-06,0,0.10038,0.98533
1601,10,127997709,129134738,AD,Any_AMD,0.00239012,-0.265,0.27237,5.71265e-06,0,0.09256,0.985456
1775,12,33076723,34340495,AD,Any_AMD,0.00803743,-1,1,6.46002e-05,0,1,0.987811
1862,12,132957946,133841814,AD,Any_AMD,0.00216888,-0.33213,0.34502,4.70405e-06,0,0.15168,0.989448
2402,20,37253658,38427594,AD,Any_AMD,0.00271775,-0.47397,0.48603,7.38616e-06,0,0.3137,0.990129
1206,7,126640873,127903738,AD,Any_AMD,0.00792024,-1,1,6.27302e-05,0,1,0.990649
321,2,129486898,130485398,AD,Any_AMD,-0.00830278,-1,1,6.89361e-05,0,1,0.990722
1202,7,121042051,121946052,AD,Any_AMD,0.00215311,-0.51185,0.55624,4.6359e-06,0,0.47931,0.99199
2282,18,53762997,54957867,AD,Any_AMD,0.00113749,-0.27107,0.26645,1.29387e-06,0,0.09679,0.993017
1958,14,23985937,24906056,AD,Any_AMD,0.00119386,-0.30346,0.30562,1.42529e-06,0,0.1268,0.993527
965,6,32586785,32629239,AD,Any_AMD,0.00066105,-0.15963,0.16549,4.36987e-07,0,0.03432,0.993677
1874,13,30068526,31433218,AD,Any_AMD,-0.00269133,-0.95988,0.9657,7.24327e-06,0,1,0.994003
2432,21,15840034,16873443,AD,Any_AMD,-0.000692092,-0.2368,0.23804,4.78991e-07,0,0.07387,0.995295
347,2,161432090,163607635,AD,Any_AMD,-0.000788078,-0.29221,0.29995,6.21066e-07,0,0.11958,0.995686
1209,7,130418705,131856481,AD,Any_AMD,-0.00067343,-0.35921,0.36936,4.53507e-07,0,0.18797,0.996804
811,5,40290852,41279590,AD,Any_AMD,-0.000936701,-0.67335,0.67213,8.77409e-07,0,0.7328,0.997224
1505,10,17065861,18529742,AD,Any_AMD,-0.000316253,-0.38147,0.39538,1.00016e-07,0,0.21936,0.99856
1711,11,102671666,103495635,AD,Any_AMD,-7.75926e-05,-0.7965,0.76893,6.02061e-09,0,0.93441,0.9998
62,1,72513120,73992170,AD,Any_AMD,,,,,,,
284,2,78080058,79019676,AD,Any_AMD,,,,,,,
385,2,207726595,208674588,AD,Any_AMD,,,,,,,
472,3,59998584,60571139,AD,Any_AMD,,,,,,,
500,3,89612940,94250144,AD,Any_AMD,,,,,,,
608,4,9482868,9916156,AD,Any_AMD,,,,,,,
655,4,58940257,59692948,AD,Any_AMD,,,,,,,
684,4,93451600,94757265,AD,Any_AMD,,,,,,,
711,4,122655435,123768693,AD,Any_AMD,,,,,,,
723,4,134109979,135809542,AD,Any_AMD,,,,,,,
729,4,142807915,144401042,AD,Any_AMD,,,,,,,
788,5,12867190,13608147,AD,Any_AMD,,,,,,,
801,5,28315654,29593755,AD,Any_AMD,,,,,,,
815,5,45305567,46388848,AD,Any_AMD,,,,,,,
933,6,7808324,9020710,AD,Any_AMD,,,,,,,
997,6,65759862,66445495,AD,Any_AMD,,,,,,,
1025,6,92953799,93696825,AD,Any_AMD,,,,,,,
1088,6,164687463,165835953,AD,Any_AMD,,,,,,,
1098,7,3100212,4139431,AD,Any_AMD,,,,,,,
1161,7,66914876,67474722,AD,Any_AMD,,,,,,,
1167,7,75243900,76451928,AD,Any_AMD,,,,,,,
1203,7,121946053,123859746,AD,Any_AMD,,,,,,,
1221,7,147352172,148622913,AD,Any_AMD,,,,,,,
1334,8,105370131,106500950,AD,Any_AMD,,,,,,,
1356,8,131545726,132534636,AD,Any_AMD,,,,,,,
1388,9,13512853,14244747,AD,Any_AMD,,,,,,,
1393,9,17392383,17990565,AD,Any_AMD,,,,,,,
1404,9,27366480,28067454,AD,Any_AMD,,,,,,,
1454,9,110630151,111368107,AD,Any_AMD,,,,,,,
1585,10,109579150,110358382,AD,Any_AMD,,,,,,,
1797,12,61737954,63055936,AD,Any_AMD,,,,,,,
1833,12,102966634,104140831,AD,Any_AMD,,,,,,,
1878,13,35744569,36579413,AD,Any_AMD,,,,,,,
1929,13,88968401,89764426,AD,Any_AMD,,,,,,,
1935,13,96132648,97516609,AD,Any_AMD,,,,,,,
1943,13,105672501,106313847,AD,Any_AMD,,,,,,,
1945,13,107037865,108521978,AD,Any_AMD,,,,,,,
1950,13,111621245,112319064,AD,Any_AMD,,,,,,,
2267,18,37679128,38498381,AD,Any_AMD,,,,,,,
2450,21,35729262,37303548,AD,Any_AMD,,,,,,,
