subtype,locus,CHR,START,STOP,BP_cum,rho,rho.lower,rho.upper,p,logP
Dry AMD,35,1,36855140,38474036,36855140,0.543832,0.24445,0.90042,0.000448492,3.34824529930181
Dry AMD,14,1,11709174,13481025,11709174,0.489222,0.18868,0.95863,0.00211034,2.67564756923864
Dry AMD,100,1,113418038,114664387,113418038,0.571397,0.21139,1,0.00234749,2.62939624909553
Dry AMD,151,1,196179111,197935821,196179111,-0.178184,-0.30564,-0.05398,0.00641193,2.19301122754991
Dry AMD,150,1,195161236,196179110,195161236,0.352047,0.11067,0.70136,0.00684228,2.16479915757469
Dry AMD,25,1,22740288,23907045,22740288,-0.439905,-0.84785,-0.12472,0.00775831,2.11023287121706
Dry AMD,118,1,161054077,161945442,161054077,0.417333,0.09761,0.84803,0.0128592,1.8907860490162
Dry AMD,160,1,208162952,209711169,208162952,-0.298783,-0.55212,-0.06231,0.0134068,1.87267486929114
Dry AMD,56,1,65894185,66778015,65894185,0.997356,0.20796,1,0.0141353,1.84969496984429
Dry AMD,43,1,48105234,49185414,48105234,0.492162,0.09383,1,0.0182749,1.738144990817
Dry AMD,140,1,184953090,186179447,184953090,0.342358,0.05318,0.65736,0.0212927,1.67176926478276
Dry AMD,19,1,17557747,18427820,17557747,-0.561561,-1,-0.09007,0.0236477,1.62621109280705
Dry AMD,83,1,95122542,96147576,95122542,-0.65513,-1,-0.09988,0.0258532,1.58748569410465
Dry AMD,52,1,59889046,61377615,59889046,0.455334,0.06035,1,0.0281906,1.54989568064077
Dry AMD,114,1,156813846,158081627,156813846,-0.972027,-1,-0.09291,0.0296662,1.52773807972707
Dry AMD,28,1,27992666,29188426,27992666,0.56985,0.06726,1,0.0310465,1.50798735253613
Dry AMD,64,1,75132093,76097247,75132093,-0.988882,-1,-0.07375,0.0384203,1.41543924832815
Dry AMD,129,1,171044256,172465153,171044256,-0.724711,-1,-0.05994,0.0394529,1.4039210683048
Dry AMD,146,1,191419276,192468373,191419276,0.300312,0.0204,0.59711,0.0398681,1.39937446108147
Dry AMD,48,1,55727135,56799636,55727135,-0.525898,-1,-0.04282,0.0410176,1.38702975443205
Dry AMD,73,1,84728348,86017267,84728348,0.9435,0.03585,1,0.0435445,1.36106669187318
Dry AMD,70,1,80781443,82123368,80781443,-0.440858,-1,-0.01265,0.0441881,1.35469467183113
Dry AMD,138,1,182420541,183920616,182420541,0.358418,0.00431,0.78403,0.0487475,1.31204765204842
Dry AMD,74,1,86017268,86761554,86017268,0.853819,-0.02601,1,0.0605315,1.21801856392569
Dry AMD,176,1,226534712,228045554,226534712,-0.492762,-1,0.04133,0.0670386,1.17367506386798
Dry AMD,189,1,238704858,239332148,238704858,-0.444034,-1,0.03225,0.0689253,1.16162133493476
Dry AMD,171,1,220978152,221856864,220978152,-0.709852,-1,0.08752,0.0834221,1.07871888177702
Dry AMD,103,1,117046312,118118667,117046312,0.290716,-0.04647,0.68199,0.0850117,1.07052129904146
Dry AMD,76,1,87667573,88656689,87667573,0.557478,-0.08169,1,0.0885213,1.05295221676601
Dry AMD,148,1,193575517,194365688,193575517,-0.222251,-0.50358,0.04319,0.102338,0.989963074733954
Dry AMD,13,1,10753428,11709173,10753428,0.264598,-0.05697,0.62086,0.103908,0.983351014308998
Dry AMD,31,1,31639218,33066846,31639218,-0.279374,-0.6993,0.0695,0.112443,0.949067575853062
Dry AMD,102,1,116207298,117046311,116207298,0.270165,-0.06981,0.6573,0.114183,0.942398550694112
Dry AMD,49,1,56799637,57529670,56799637,-0.595843,-1,0.14089,0.120588,0.918695907727214
Dry AMD,27,1,25885139,27992665,25885139,0.279324,-0.09918,1,0.139554,0.855257710927187
Dry AMD,11,1,8580988,9475966,8580988,-0.377441,-1,0.14024,0.149291,0.825966372905592
Dry AMD,152,1,197935822,199263389,197935822,-0.155017,-0.39616,0.06461,0.158224,0.800727640452621
Dry AMD,124,1,166458032,167163954,166458032,0.654404,-0.26513,1,0.162323,0.78961993941356
Dry AMD,117,1,159882516,161054076,159882516,0.243498,-0.10152,0.63472,0.164066,0.784981410063827
Dry AMD,158,1,205009624,205917548,205009624,-0.226604,-0.60415,0.10454,0.17858,0.74816718137136
Dry AMD,162,1,211082893,212347582,211082893,-0.373124,-1,0.19376,0.178664,0.747962947082459
Dry AMD,90,1,103148413,103784541,103148413,1,-0.71922,1,0.183217,0.737034232285737
Dry AMD,193,1,241813535,242417923,241813535,1,-0.29901,1,0.194596,0.710866091075795
Dry AMD,81,1,92904466,94168576,92904466,0.300351,-0.2009,1,0.212002,0.673660041972821
Dry AMD,69,1,80099354,80781442,80099354,0.497545,-0.32862,1,0.213956,0.669675530024385
Dry AMD,50,1,57529671,58387483,57529671,0.344095,-0.22406,1,0.215099,0.667361608652479
Dry AMD,45,1,51777578,53114186,51777578,-0.551688,-1,0.36185,0.221915,0.653813341314375
Dry AMD,23,1,21416122,22145629,21416122,-0.227396,-0.80116,0.14524,0.227148,0.643691082722513
Dry AMD,190,1,239332149,240248508,239332149,0.420322,-0.28238,1,0.233876,0.631014342544618
Dry AMD,153,1,199263390,200134005,199263390,0.176374,-0.12458,0.5338,0.23645,0.626260681648555
Dry AMD,47,1,54771294,55727134,54771294,-0.337074,-1,0.25054,0.243555,0.613402950263347
Dry AMD,53,1,61377616,62778733,61377616,-0.132367,-0.3632,0.08994,0.244438,0.611831278349843
Dry AMD,107,1,145803849,147083835,145803849,-0.298896,-1,0.25999,0.260973,0.58340442200106
Dry AMD,167,1,216658127,217352165,216658127,-0.3726,-1,0.28755,0.261618,0.582332378727959
Dry AMD,156,1,202583885,204092537,202583885,0.132451,-0.10779,0.37085,0.267641,0.572447356114119
Dry AMD,141,1,186179448,187072605,186179448,-0.243748,-0.80105,0.19711,0.268715,0.570708090040952
Dry AMD,4,1,2983520,3582047,2983520,-0.184317,-0.55577,0.15379,0.270866,0.567245505631599
Dry AMD,8,1,5362405,6136814,5362405,-0.329699,-1,0.29574,0.280396,0.552228186105944
Dry AMD,155,1,201067953,202583884,201067953,-0.124791,-0.367,0.09958,0.288727,0.539512601631145
Dry AMD,122,1,164726580,165553812,164726580,-0.296754,-1,0.28832,0.289133,0.538902337592569
Dry AMD,113,1,154685546,156813845,154685546,0.154767,-0.13576,0.48947,0.295334,0.529686552485001
Dry AMD,5,1,3582048,4281476,3582048,0.207934,-0.21726,0.66978,0.313418,0.503876065058906
Dry AMD,20,1,18427821,19238924,18427821,0.237522,-0.27536,1,0.331754,0.47918383208838
Dry AMD,41,1,45167236,47257261,45167236,0.140388,-0.1476,0.43743,0.332963,0.477604024117143
Dry AMD,175,1,224943338,226534711,224943338,-0.217579,-0.78459,0.25928,0.343069,0.464618523381281
Dry AMD,157,1,204092538,205009623,204092538,0.179192,-0.2203,0.66681,0.349064,0.457094938947328
Dry AMD,170,1,220073133,220978151,220073133,0.251954,-0.31163,1,0.355387,0.449298462663315
Dry AMD,17,1,15755231,16732168,15755231,0.207785,-0.28378,0.84442,0.366057,0.436451283845912
Dry AMD,177,1,228045555,229075156,228045555,-0.18989,-0.66704,0.23716,0.367413,0.434845481322585
Dry AMD,39,1,41977967,43512669,41977967,-0.1021,-0.33049,0.12957,0.369385,0.432520744384396
Dry AMD,79,1,90941550,91870059,90941550,-0.180986,-0.66866,0.24001,0.371631,0.429888066025536
Dry AMD,42,1,47257262,48105233,47257262,-0.18948,-0.68712,0.24282,0.377591,0.422978365795893
Dry AMD,37,1,40200951,41093875,40200951,0.205016,-0.31583,0.89681,0.402153,0.395608687178806
Dry AMD,24,1,22145630,22740287,22145630,0.215391,-0.34162,1,0.403361,0.394306094976972
Dry AMD,166,1,215825792,216658126,215825792,0.242994,-0.40756,1,0.416995,0.37986915242535
Dry AMD,144,1,188625773,189904637,188625773,-0.117355,-0.42779,0.1842,0.430539,0.365987502241366
Dry AMD,139,1,183920617,184953089,183920617,0.225511,-0.3873,1,0.430854,0.365669870758646
Dry AMD,101,1,114664388,116207297,114664388,-0.153627,-0.68043,0.26501,0.438942,0.357592861862817
Dry AMD,68,1,79065287,80099353,79065287,0.316927,-0.59362,1,0.446522,0.350157138694304
Dry AMD,9,1,6136815,7711794,6136815,0.143429,-0.26671,0.65662,0.457041,0.340044838715565
Dry AMD,142,1,187072606,187757076,187072606,-0.609514,-1,0.93442,0.462557,0.334834742362432
Dry AMD,10,1,7711795,8580987,7711795,0.114,-0.22215,0.46746,0.487029,0.31244517807695
Dry AMD,40,1,43512670,45167235,43512670,0.121315,-0.2387,0.54472,0.490476,0.309382238686831
Dry AMD,29,1,29188427,30405182,29188427,-0.156246,-0.77302,0.35408,0.50421,0.297388545209053
Dry AMD,104,1,118118668,119408888,118118668,0.276639,-0.67861,1,0.50932,0.293009269594297
Dry AMD,98,1,111134063,112489248,111134063,-0.094631,-0.39608,0.19484,0.513276,0.289649042209616
Dry AMD,165,1,214783873,215825791,214783873,-0.196511,-1,0.45698,0.517345,0.28621974389577
Dry AMD,110,1,151146408,152535630,151146408,-0.107324,-0.48744,0.24101,0.524641,0.280137772880283
Dry AMD,32,1,33066847,34371022,33066847,-0.093189,-0.40664,0.21411,0.537012,0.270016009504254
Dry AMD,63,1,73992171,75132092,73992171,0.182594,-0.47618,1,0.539822,0.267749420105722
Dry AMD,163,1,212347583,213958292,212347583,-0.282769,-1,0.60657,0.552738,0.257480677225692
Dry AMD,16,1,14720132,15755230,14720132,0.0970064,-0.23895,0.44882,0.553865,0.256596078050875
Dry AMD,7,1,4773404,5362404,4773404,-0.141681,-0.76221,0.39513,0.561364,0.250755441902252
Dry AMD,147,1,192468374,193575516,192468374,0.0946113,-0.2345,0.44315,0.562874,0.249588811594399
Dry AMD,80,1,91870060,92904465,91870060,0.100653,-0.28368,0.57725,0.571241,0.243180629252295
Dry AMD,38,1,41093876,41977966,41093876,0.107984,-0.32804,0.61049,0.59669,0.224251240488751
Dry AMD,87,1,100269208,101188315,100269208,0.260075,-0.71616,1,0.600338,0.221604165942819
Dry AMD,18,1,16732169,17557746,16732169,-0.130902,-0.80799,0.42623,0.608652,0.215630946574743
Dry AMD,134,1,177746473,178915113,177746473,-0.183894,-1,0.59568,0.619074,0.208257435195043
Dry AMD,67,1,77895395,79065286,77895395,0.113701,-0.38824,0.67579,0.622289,0.206007875829805
Dry AMD,119,1,161945443,163141862,161945443,0.0710362,-0.22473,0.3846,0.629056,0.201310690948337
Dry AMD,91,1,103784542,104984435,103784542,-0.62276,-1,1,0.662094,0.179080347745776
Dry AMD,2,1,1376205,2215495,1376205,0.130945,-0.63733,1,0.687979,0.162424818048372
Dry AMD,185,1,235097114,236199671,235097114,-0.126672,-1,0.65353,0.691199,0.160396898849181
Dry AMD,51,1,58387484,59889045,58387484,0.0718127,-0.35392,0.54937,0.71213,0.147440718260507
Dry AMD,21,1,19238925,20556202,19238925,-0.0774242,-0.66379,0.38665,0.715903,0.145145817662183
Dry AMD,78,1,89753965,90941549,89753965,-0.066887,-0.47926,0.32571,0.723406,0.140617893478622
Dry AMD,12,1,9475967,10753427,9475967,0.0526495,-0.26317,0.38241,0.727307,0.13828223252104
Dry AMD,34,1,35201627,36855139,35201627,0.0526832,-0.28804,0.42668,0.72872,0.137439310932949
Dry AMD,161,1,209711170,211082892,209711170,0.0834059,-0.4989,0.81429,0.738797,0.131474876748433
Dry AMD,164,1,213958293,214783872,213958293,-0.0582419,-0.44557,0.31651,0.74469,0.128024478000297
Dry AMD,136,1,180221609,181324205,180221609,0.0852391,-0.60121,0.86853,0.766183,0.115667488333232
Dry AMD,57,1,66778016,67761890,66778016,0.0971863,-0.7458,1,0.771237,0.112812143381195
Dry AMD,111,1,152535631,153410809,152535631,0.0570826,-0.35201,0.48916,0.775145,0.110617049997411
Dry AMD,149,1,194365689,195161235,194365689,-0.0430967,-0.37943,0.27645,0.778024,0.109007005957866
Dry AMD,195,1,243048004,244723196,243048004,-0.0507462,-0.48696,0.36107,0.780242,0.107770675560633
Dry AMD,180,1,231287765,232177704,231287765,-0.0594976,-0.58126,0.44239,0.790572,0.102058571299439
Dry AMD,154,1,200134006,201067952,200134006,-0.0353998,-0.32591,0.25561,0.80014,0.0968340181230819
Dry AMD,26,1,23907046,25885138,23907046,-0.0397324,-0.44868,0.32623,0.803407,0.0950643886260932
Dry AMD,145,1,189904638,191419275,189904638,-0.0461674,-0.44248,0.34549,0.804749,0.0943395543065324
Dry AMD,198,1,246610291,247531112,246610291,0.0424802,-0.36129,0.47373,0.818318,0.0870778958302606
Dry AMD,99,1,112489249,113418037,112489249,0.0743733,-0.86793,1,0.835745,0.0779262129751846
Dry AMD,3,1,2215496,2983519,2215496,0.0375395,-0.40716,0.48023,0.844709,0.0732928785774893
Dry AMD,192,1,241033585,241813534,241033585,-0.0535289,-0.72415,0.56916,0.845307,0.0729855346103114
Dry AMD,1,1,10539,1376204,10539,0.0653761,-0.73192,0.99041,0.846099,0.0725788182396635
Dry AMD,159,1,205917549,208162951,205917549,-0.0234206,-0.27121,0.22557,0.850505,0.0703231288873597
Dry AMD,75,1,86761555,87667572,86761555,-0.0414858,-0.59698,0.47156,0.853806,0.0686407975787627
Dry AMD,97,1,110224231,111134062,110224231,0.0345306,-0.35971,0.44834,0.856621,0.0672112831120753
Dry AMD,106,1,120345067,145803848,120345067,-0.0440988,-0.71982,0.56149,0.858978,0.0660179591035128
Dry AMD,173,1,222763598,223654902,222763598,0.0530702,-0.77744,0.96348,0.867265,0.0618481799714692
Dry AMD,121,1,163854568,164726579,163854568,0.044653,-0.5965,0.73451,0.868145,0.0614077316891243
Dry AMD,188,1,238094456,238704857,238094456,-0.0812632,-1,1,0.871273,0.0598457441694119
Dry AMD,6,1,4281477,4773403,4281477,-0.0285416,-0.39044,0.34828,0.872894,0.0590384917012056
Dry AMD,112,1,153410810,154685545,153410810,0.0569895,-0.89092,1,0.884958,0.0530773403768366
Dry AMD,66,1,76977916,77895394,76977916,-0.0948824,-1,1,0.891386,0.0499341911725407
Dry AMD,168,1,217352166,218563960,217352166,-0.0318321,-0.61751,0.51056,0.892371,0.0494545517282041
Dry AMD,116,1,158900370,159882515,158900370,0.0318212,-0.54529,0.61398,0.895228,0.048066342861159
Dry AMD,182,1,232954943,233639473,232954943,0.0557933,-0.96936,1,0.897982,0.0467323686545469
Dry AMD,109,1,149716038,151146407,149716038,-0.0365751,-0.8186,0.70941,0.898376,0.0465418587131947
Dry AMD,55,1,64344227,65894184,64344227,0.0181587,-0.38098,0.41515,0.920955,0.0357615899216551
Dry AMD,137,1,181324206,182420540,181324206,-0.0237045,-0.78356,0.71452,0.934127,0.0295940748944429
Dry AMD,77,1,88656690,89753964,88656690,-0.0294742,-1,1,0.944459,0.0248168905322408
Dry AMD,186,1,236199672,237409458,236199672,0.0253852,-1,1,0.955117,0.0199434249167338
Dry AMD,197,1,245970506,246610290,245970506,0.0143371,-0.64565,0.69223,0.959296,0.018047366414577
Dry AMD,143,1,187757077,188625772,187757077,-0.00915002,-0.45791,0.4243,0.964078,0.0158878275087854
Dry AMD,184,1,234365797,235097113,234365797,-0.0064041,-0.48101,0.47432,0.976684,0.0102459268185689
Dry AMD,178,1,229075157,230227247,229075157,0.00536761,-0.50349,0.5123,0.979753,0.00888339803975417
Dry AMD,196,1,244723197,245970505,244723197,-0.00578555,-0.63656,0.63954,0.980507,0.00854930148572132
Wet AMD,133,1,176449097,177746472,176449097,-0.668737,-1,-0.23127,0.00519668,2.28427402524237
Wet AMD,76,1,87667573,88656689,87667573,0.349943,0.08701,0.64416,0.0105462,1.97690399688918
Wet AMD,82,1,94168577,95122541,94168577,0.718603,0.16382,1,0.0149827,1.8244099163135
Wet AMD,114,1,156813846,158081627,156813846,-0.530587,-1,-0.1141,0.0151671,1.81909744982604
Wet AMD,140,1,184953090,186179447,184953090,0.445088,0.07285,0.95923,0.0228929,1.64029918879237
Wet AMD,15,1,13481026,14720131,13481026,-0.657623,-1,-0.0959,0.0235671,1.62769385538336
Wet AMD,150,1,195161236,196179110,195161236,0.289382,0.03726,0.64459,0.0277624,1.5565429927668
Wet AMD,32,1,33066847,34371022,33066847,-0.43814,-1,-0.02928,0.0408756,1.38853585941357
Wet AMD,41,1,45167236,47257261,45167236,0.406705,0.01256,1,0.0440588,1.35596733561184
Wet AMD,151,1,196179111,197935821,196179111,-0.132494,-0.26053,-0.00429,0.0453496,1.3434265392226
Wet AMD,200,1,248341595,249240538,248341595,-0.57159,-1,-0.01885,0.0467936,1.32981354168553
Wet AMD,160,1,208162952,209711169,208162952,-0.32969,-0.77764,0.00249,0.0522635,1.28180150965292
Wet AMD,46,1,53114187,54771293,53114187,0.331165,-0.00993,0.84317,0.0562919,1.24955409250893
Wet AMD,154,1,200134006,201067952,200134006,-0.284061,-0.62,0.00446,0.0564233,1.2485415170839
Wet AMD,11,1,8580988,9475966,8580988,0.607617,-0.03913,1,0.063921,1.194356439403
Wet AMD,143,1,187757077,188625772,187757077,0.511452,-0.04421,1,0.069347,1.1589723220691
Wet AMD,78,1,89753965,90941549,89753965,-0.32123,-0.73519,0.02966,0.0694143,1.15855105157186
Wet AMD,191,1,240248509,241033584,240248509,-0.3111,-0.68659,0.01877,0.0695876,1.15746814158704
Wet AMD,87,1,100269208,101188315,100269208,0.390002,-0.03516,1,0.0698386,1.15590447517833
Wet AMD,31,1,31639218,33066846,31639218,-0.801929,-1,0.04218,0.0707382,1.15034599541204
Wet AMD,111,1,152535631,153410809,152535631,0.498057,-0.0556,1,0.0755319,1.12186959051616
Wet AMD,155,1,201067953,202583884,201067953,-0.238541,-0.5214,0.02982,0.0797908,1.09804718057369
Wet AMD,63,1,73992171,75132092,73992171,0.368114,-0.06049,1,0.0879302,1.05586193902435
Wet AMD,52,1,59889046,61377615,59889046,0.296001,-0.05257,0.72199,0.103275,0.986004796351376
Wet AMD,113,1,154685546,156813845,154685546,0.252861,-0.05182,0.6487,0.103461,0.985223328242971
Wet AMD,75,1,86761555,87667572,86761555,-0.354183,-1,0.08661,0.106283,0.973536195463702
Wet AMD,96,1,109271450,110224230,109271450,0.396046,-0.10911,1,0.116585,0.933357322958548
Wet AMD,60,1,69438910,70992905,69438910,0.578672,-0.16397,1,0.126413,0.898208261987548
Wet AMD,67,1,77895395,79065286,77895395,0.328588,-0.09804,0.87168,0.127755,0.893622093698799
Wet AMD,21,1,19238925,20556202,19238925,0.295801,-0.09783,0.93062,0.132551,0.877616991485443
Wet AMD,141,1,186179448,187072605,186179448,-0.399901,-1,0.13323,0.133023,0.876073261969061
Wet AMD,129,1,171044256,172465153,171044256,-0.340865,-0.9479,0.10094,0.136798,0.863920251996847
Wet AMD,103,1,117046312,118118667,117046312,0.454608,-0.15641,1,0.140772,0.851483719162436
Wet AMD,51,1,58387484,59889045,58387484,0.422287,-0.14244,1,0.143436,0.843341834448033
Wet AMD,139,1,183920617,184953089,183920617,0.462584,-0.18058,1,0.145183,0.838084233762832
Wet AMD,40,1,43512670,45167235,43512670,0.224502,-0.08155,0.58123,0.150093,0.823639561802453
Wet AMD,8,1,5362405,6136814,5362405,-0.21668,-0.54119,0.08705,0.156905,0.804363216783933
Wet AMD,175,1,224943338,226534711,224943338,0.325589,-0.14802,0.94654,0.16088,0.793497942411315
Wet AMD,152,1,197935822,199263389,197935822,-0.155334,-0.40245,0.06574,0.172456,0.763321691284635
Wet AMD,186,1,236199672,237409458,236199672,0.266363,-0.1295,0.79686,0.173148,0.761582520539471
Wet AMD,112,1,153410810,154685545,153410810,0.221851,-0.10364,0.57825,0.17678,0.752566870436964
Wet AMD,42,1,47257262,48105233,47257262,0.614088,-0.30054,1,0.178267,0.748929044061511
Wet AMD,4,1,2983520,3582047,2983520,-0.196475,-0.50121,0.09467,0.183237,0.736986827210903
Wet AMD,79,1,90941550,91870059,90941550,-0.252889,-0.70438,0.12669,0.184052,0.735059458933182
Wet AMD,120,1,163141863,163854567,163141863,0.4491,-0.22289,1,0.185777,0.731008054558658
Wet AMD,189,1,238704858,239332148,238704858,0.270672,-0.15918,0.84229,0.209663,0.678478204315846
Wet AMD,171,1,220978152,221856864,220978152,-0.739772,-1,0.40817,0.219562,0.6584428218647
Wet AMD,193,1,241813535,242417923,241813535,-0.254056,-0.83054,0.16872,0.220475,0.656640648724899
Wet AMD,9,1,6136815,7711794,6136815,0.202336,-0.13072,0.60449,0.223498,0.650726358853522
Wet AMD,1,1,10539,1376204,10539,-0.249068,-0.94368,0.16909,0.226109,0.64568215073493
Wet AMD,176,1,226534712,228045554,226534712,-0.516195,-1,0.40166,0.237934,0.623543494249717
Wet AMD,100,1,113418038,114664387,113418038,0.203822,-0.1434,0.58611,0.23832,0.622839509793013
Wet AMD,102,1,116207298,117046311,116207298,0.308769,-0.23677,1,0.245437,0.610059966121792
Wet AMD,148,1,193575517,194365688,193575517,-0.16231,-0.45879,0.11567,0.248783,0.604179299457251
Wet AMD,17,1,15755231,16732168,15755231,0.237088,-0.17798,0.7572,0.249858,0.602306740677134
Wet AMD,69,1,80099354,80781442,80099354,-0.661013,-1,0.63903,0.258272,0.587922674371138
Wet AMD,108,1,147083836,149716037,147083836,-0.225392,-0.79576,0.1963,0.265037,0.576693492953215
Wet AMD,54,1,62778734,64344226,62778734,-0.199127,-0.61,0.15882,0.265122,0.57655423272646
Wet AMD,115,1,158081628,158900369,158081628,0.380888,-0.3132,1,0.271119,0.566840046026989
Wet AMD,124,1,166458032,167163954,166458032,0.372269,-0.34634,1,0.272508,0.564620743644746
Wet AMD,106,1,120345067,145803848,120345067,0.38132,-0.295,1,0.274063,0.562149592627141
Wet AMD,98,1,111134063,112489248,111134063,-0.171424,-0.51844,0.14555,0.284285,0.546246054798087
Wet AMD,119,1,161945443,163141862,161945443,0.20126,-0.19251,0.71788,0.291884,0.534789710774775
Wet AMD,53,1,61377616,62778733,61377616,0.197938,-0.19407,0.74652,0.296654,0.527749791381084
Wet AMD,33,1,34371023,35201626,34371023,-0.197782,-0.69092,0.1932,0.297175,0.526987728621844
Wet AMD,50,1,57529671,58387483,57529671,-0.44367,-1,0.36923,0.297728,0.526180319959702
Wet AMD,163,1,212347583,213958292,212347583,0.256861,-0.26068,1,0.301241,0.521085919383796
Wet AMD,56,1,65894185,66778015,65894185,0.313141,-0.33694,1,0.305158,0.5154752401255
Wet AMD,134,1,177746473,178915113,177746473,-0.377073,-1,0.36583,0.312474,0.505186113124029
Wet AMD,118,1,161054077,161945442,161054077,0.484744,-0.35475,1,0.312476,0.505183333416968
Wet AMD,27,1,25885139,27992665,25885139,0.0879433,-0.08591,0.26406,0.316252,0.499966719298443
Wet AMD,5,1,3582048,4281476,3582048,0.18852,-0.19669,0.6044,0.325614,0.487296930588625
Wet AMD,178,1,229075157,230227247,229075157,-0.192284,-0.69811,0.20984,0.329886,0.481636115045022
Wet AMD,2,1,1376205,2215495,1376205,0.219337,-0.2571,0.7941,0.331882,0.479016301410801
Wet AMD,109,1,149716038,151146407,149716038,0.179098,-0.21038,0.60412,0.336854,0.47255829121582
Wet AMD,179,1,230227248,231287764,230227248,0.620148,-0.44026,1,0.34235,0.465529667796662
Wet AMD,161,1,209711170,211082892,209711170,-0.176009,-0.63278,0.21054,0.344204,0.463184087036251
Wet AMD,73,1,84728348,86017267,84728348,-0.15516,-0.515,0.18724,0.362824,0.440303993048473
Wet AMD,43,1,48105234,49185414,48105234,0.266635,-0.41884,1,0.390418,0.408470167643498
Wet AMD,77,1,88656690,89753964,88656690,-0.352269,-1,0.59319,0.395086,0.403308359411115
Wet AMD,97,1,110224231,111134062,110224231,0.182478,-0.26122,0.70995,0.397488,0.400675977982226
Wet AMD,110,1,151146408,152535630,151146408,-0.131464,-0.48953,0.20666,0.424947,0.371665232403514
Wet AMD,35,1,36855140,38474036,36855140,0.143128,-0.2339,0.56103,0.42998,0.366551744633534
Wet AMD,147,1,192468374,193575516,192468374,0.112982,-0.18368,0.41445,0.4436,0.353008462522878
Wet AMD,162,1,211082893,212347582,211082893,-0.217842,-1,0.4488,0.463785,0.333683301671671
Wet AMD,170,1,220073133,220978151,220073133,0.237918,-0.4916,1,0.464679,0.332846953925691
Wet AMD,19,1,17557747,18427820,17557747,-0.211269,-1,0.42905,0.467318,0.330387490642453
Wet AMD,128,1,170193208,171044255,170193208,0.192799,-0.40201,0.92772,0.467568,0.330155219278749
Wet AMD,157,1,204092538,205009623,204092538,0.123239,-0.23325,0.51078,0.475853,0.322527188348238
Wet AMD,30,1,30405183,31639217,30405183,0.512845,-0.62543,1,0.479731,0.319002216714551
Wet AMD,14,1,11709174,13481025,11709174,0.106156,-0.20346,0.43838,0.485834,0.313512095344619
Wet AMD,84,1,96147577,97721186,96147577,-0.333713,-1,0.58715,0.487821,0.311739507860313
Wet AMD,145,1,189904638,191419275,189904638,-0.149175,-0.64244,0.30622,0.490234,0.309596571704244
Wet AMD,81,1,92904466,94168576,92904466,0.204217,-0.46845,1,0.491363,0.308597549322798
Wet AMD,13,1,10753428,11709173,10753428,0.103961,-0.20585,0.41538,0.493113,0.307053547957925
Wet AMD,195,1,243048004,244723196,243048004,-0.22579,-1,0.48475,0.499475,0.301486244442528
Wet AMD,144,1,188625773,189904637,188625773,-0.109543,-0.46475,0.22937,0.510685,0.291846898190866
Wet AMD,156,1,202583885,204092537,202583885,0.0839586,-0.1989,0.36865,0.543897,0.264483336638109
Wet AMD,149,1,194365689,195161235,194365689,-0.092543,-0.44619,0.24016,0.554646,0.255984114711785
Wet AMD,66,1,76977916,77895394,76977916,-0.209142,-1,0.61774,0.560388,0.251511173153539
Wet AMD,107,1,145803849,147083835,145803849,-0.24365,-1,0.64142,0.566742,0.24661460155941
Wet AMD,25,1,22740288,23907045,22740288,-0.0681675,-0.31993,0.18097,0.585199,0.232696424677371
Wet AMD,57,1,66778016,67761890,66778016,-0.130328,-0.71572,0.3816,0.586821,0.231494352870796
Wet AMD,121,1,163854568,164726579,163854568,-0.0945683,-0.46667,0.26703,0.593501,0.226578544958563
Wet AMD,24,1,22145630,22740287,22145630,0.109652,-0.32273,0.60591,0.594086,0.226150681917854
Wet AMD,3,1,2215496,2983519,2215496,0.102694,-0.31651,0.59585,0.596013,0.224744267496857
Wet AMD,136,1,180221609,181324205,180221609,-0.285381,-1,0.8689,0.627113,0.202654196243075
Wet AMD,159,1,205917549,208162951,205917549,-0.0968499,-0.70151,0.37818,0.642337,0.192237060964227
Wet AMD,58,1,67761891,68633860,67761891,0.0946251,-0.32932,0.53228,0.64509,0.190379690362159
Wet AMD,196,1,244723197,245970505,244723197,-0.0998015,-0.78087,0.41761,0.656812,0.182558921226352
Wet AMD,127,1,169521552,170193207,169521552,0.203406,-0.93096,1,0.661249,0.179634971735299
Wet AMD,48,1,55727135,56799636,55727135,0.0660649,-0.26286,0.39335,0.677365,0.169177247460455
Wet AMD,138,1,182420541,183920616,182420541,-0.0858019,-0.55548,0.35877,0.677447,0.169124676110985
Wet AMD,71,1,82123369,83461215,82123369,0.0797465,-0.34096,0.52019,0.686131,0.163592958424942
Wet AMD,68,1,79065287,80099353,79065287,-0.335041,-1,1,0.687332,0.162833436245304
Wet AMD,188,1,238094456,238704857,238094456,-0.255212,-1,1,0.692687,0.159462962906316
Wet AMD,47,1,54771294,55727134,54771294,-0.0627597,-0.40367,0.27063,0.695603,0.157638553637933
Wet AMD,190,1,239332149,240248508,239332149,-0.0877083,-0.69567,0.444,0.706856,0.15066905123152
Wet AMD,99,1,112489249,113418037,112489249,0.110859,-0.61278,0.9657,0.714079,0.146253738691404
Wet AMD,168,1,217352166,218563960,217352166,0.112173,-0.65045,1,0.730232,0.136539139451325
Wet AMD,22,1,20556203,21416121,20556203,0.196656,-1,1,0.748029,0.12608156484164
Wet AMD,135,1,178915114,180221608,178915114,-0.0622638,-0.48487,0.35003,0.749155,0.125428317573673
Wet AMD,122,1,164726580,165553812,164726580,-0.071063,-0.69055,0.49273,0.776203,0.110024683058349
Wet AMD,64,1,75132093,76097247,75132093,0.0725864,-0.55084,0.76864,0.783031,0.106221043992587
Wet AMD,91,1,103784542,104984435,103784542,-0.0676168,-0.68511,0.49854,0.785341,0.104941728908364
Wet AMD,70,1,80781443,82123368,80781443,-0.039843,-0.36163,0.27414,0.78996,0.102394898860296
Wet AMD,146,1,191419276,192468373,191419276,0.0470967,-0.33928,0.44925,0.799355,0.0972603041641961
Wet AMD,169,1,218563961,220073132,218563961,0.228291,-1,1,0.799569,0.0971440522101543
Wet AMD,44,1,49185415,51777577,49185415,0.0738182,-0.63177,0.86503,0.803338,0.0951016892796129
Wet AMD,153,1,199263390,200134005,199263390,0.038334,-0.29205,0.38447,0.806133,0.0935933001291987
Wet AMD,39,1,41977967,43512669,41977967,-0.0279422,-0.26459,0.20258,0.807613,0.0927966989126175
Wet AMD,92,1,104984436,106089656,104984436,0.0642206,-0.55856,0.74876,0.809553,0.0917547134898991
Wet AMD,131,1,173582512,175385220,173582512,0.203744,-1,1,0.816248,0.0881778698394154
Wet AMD,142,1,187072606,187757076,187072606,0.26105,-1,1,0.821945,0.0851572420653665
Wet AMD,183,1,233639474,234365796,233639474,0.101286,-0.93965,1,0.845379,0.0729485446515421
Wet AMD,18,1,16732169,17557746,16732169,0.0450938,-0.52413,0.6341,0.852561,0.069274537830321
Wet AMD,55,1,64344227,65894184,64344227,0.054587,-0.69636,0.92198,0.853969,0.0685578943851157
Wet AMD,16,1,14720132,15755230,14720132,0.0243169,-0.25252,0.30939,0.861252,0.0648697565641955
Wet AMD,61,1,70992906,72513119,70992906,-0.0440662,-0.66401,0.53361,0.863297,0.0638397682811388
Wet AMD,45,1,51777578,53114186,51777578,-0.0550899,-0.94209,0.78612,0.866098,0.0624329642745353
Wet AMD,65,1,76097248,76977915,76097248,0.081434,-1,1,0.875637,0.0576758956236006
Wet AMD,34,1,35201627,36855139,35201627,-0.0589956,-0.89176,0.74253,0.876054,0.0574691230793852
Wet AMD,174,1,223654903,224943337,223654903,-0.0580126,-1,1,0.880931,0.0550581069032699
Wet AMD,172,1,221856865,222763597,221856865,0.0372706,-0.60742,0.69605,0.889851,0.0506827071698445
Wet AMD,173,1,222763598,223654902,222763598,-0.0428492,-0.9138,0.75141,0.890928,0.0501573918847495
Wet AMD,37,1,40200951,41093875,40200951,0.0307447,-0.48554,0.59061,0.894161,0.0485842763760212
Wet AMD,28,1,27992666,29188426,27992666,0.0208836,-0.31259,0.36689,0.896628,0.0473877030615491
Wet AMD,88,1,101188316,102424611,101188316,0.0764196,-1,1,0.897315,0.0470550722882716
Wet AMD,105,1,119408889,120345066,119408889,0.059681,-1,1,0.899814,0.0458472540294798
Wet AMD,164,1,213958293,214783872,213958293,-0.0178603,-0.32728,0.29091,0.905239,0.0432367438026669
Wet AMD,80,1,91870060,92904465,91870060,0.0157855,-0.25928,0.29857,0.905643,0.0430429653305193
Wet AMD,7,1,4773404,5362404,4773404,0.0371489,-0.75784,0.94424,0.907794,0.0420126920222319
Wet AMD,10,1,7711795,8580987,7711795,0.0185254,-0.32697,0.37018,0.91073,0.0406103572642075
Wet AMD,74,1,86017268,86761554,86017268,0.0242173,-0.47314,0.54987,0.915592,0.0382980106360201
Wet AMD,101,1,114664388,116207297,114664388,0.0252636,-0.66247,0.81169,0.927019,0.0329113645495762
Wet AMD,12,1,9475967,10753427,9475967,-0.0206217,-0.64372,0.55255,0.928102,0.0324042914504808
Wet AMD,158,1,205009624,205917548,205009624,0.0243922,-0.74083,0.87682,0.936762,0.0283707348496941
Wet AMD,137,1,181324206,182420540,181324206,-0.0154794,-0.55963,0.51405,0.945842,0.0241814050982905
Wet AMD,93,1,106089657,106864947,106089657,0.0249402,-1,1,0.955516,0.0197620363394419
Wet AMD,86,1,99425001,100269207,99425001,-0.00558816,-0.42413,0.40939,0.976854,0.0101703408180817
Wet AMD,36,1,38474037,40200950,38474037,0.00450962,-0.56434,0.55533,0.983852,0.00707022719623911
Wet AMD,72,1,83461216,84728347,83461216,-0.00411441,-1,0.97264,0.991028,0.00391407500644315
Wet AMD,26,1,23907046,25885138,23907046,5.04081e-05,-0.26018,0.27312,0.999685,0.000136824312760308
Any AMD,15,1,13481026,14720131,13481026,-1,-1,-0.25827,0.00352255,2.4531428336849
Any AMD,151,1,196179111,197935821,196179111,-0.187219,-0.316,-0.0607,0.00368637,2.43340107690482
Any AMD,14,1,11709174,13481025,11709174,0.375551,0.12588,0.65604,0.00400609,2.39727929816169
Any AMD,118,1,161054077,161945442,161054077,0.549859,0.18038,1,0.00541583,2.2663349763799
Any AMD,100,1,113418038,114664387,113418038,0.532573,0.16521,1,0.00620298,2.20739961910968
Any AMD,160,1,208162952,209711169,208162952,-0.339909,-0.6228,-0.09005,0.00821244,2.08552779037148
Any AMD,150,1,195161236,196179110,195161236,0.335177,0.09029,0.68494,0.00871601,2.05968228015337
Any AMD,25,1,22740288,23907045,22740288,-0.426643,-0.84158,-0.11484,0.00978415,2.0094768977877
Any AMD,35,1,36855140,38474036,36855140,0.38858,0.0904,0.74157,0.0120582,1.91871751710559
Any AMD,83,1,95122542,96147576,95122542,-0.920308,-1,-0.21974,0.0124801,1.9037819347438
Any AMD,140,1,184953090,186179447,184953090,0.391565,0.09123,0.73044,0.0134417,1.8715458016743
Any AMD,176,1,226534712,228045554,226534712,-0.681405,-1,-0.14436,0.0176749,1.75264303464965
Any AMD,129,1,171044256,172465153,171044256,-0.741751,-1,-0.12353,0.0213696,1.67020360696174
Any AMD,52,1,59889046,61377615,59889046,0.419625,0.05663,0.86086,0.0232202,1.63413404392034
Any AMD,113,1,154685546,156813845,154685546,0.314511,0.04088,0.63156,0.0236,1.62708799702989
Any AMD,63,1,73992171,75132092,73992171,0.609915,0.04922,1,0.0368381,1.43370277751957
Any AMD,171,1,220978152,221856864,220978152,-0.734836,-1,-0.05869,0.0376636,1.42407817116449
Any AMD,103,1,117046312,118118667,117046312,0.334939,0.01191,0.70332,0.0412301,1.3847856118541
Any AMD,114,1,156813846,158081627,156813846,-0.518398,-1,-0.01289,0.046135,1.33596947505278
Any AMD,43,1,48105234,49185414,48105234,0.493823,-0.00284,1,0.0524414,1.28032572269975
Any AMD,19,1,17557747,18427820,17557747,-0.331945,-0.71352,0.00577,0.0527479,1.277794825823
Any AMD,49,1,56799637,57529670,56799637,-0.698158,-1,-0.00954,0.05294,1.27621606303467
Any AMD,27,1,25885139,27992665,25885139,0.189256,-0.01309,0.40367,0.0672233,1.17248017177412
Any AMD,102,1,116207298,117046311,116207298,0.293315,-0.02323,0.65208,0.0677561,1.16905159968479
Any AMD,194,1,242417924,243048003,242417924,-0.689364,-1,0.01527,0.0685678,1.16387978466308
Any AMD,70,1,80781443,82123368,80781443,-0.318056,-0.85703,0.02758,0.0755401,1.12182244458899
Any AMD,36,1,38474037,40200950,38474037,0.886314,-0.05997,1,0.0763254,1.11733091100785
Any AMD,76,1,87667573,88656689,87667573,0.450189,-0.06349,1,0.0833521,1.07908345394128
Any AMD,141,1,186179448,187072605,186179448,-0.471065,-1,0.09804,0.100103,0.999552906897081
Any AMD,4,1,2983520,3582047,2983520,-0.250811,-0.57764,0.04976,0.103272,0.986017412205839
Any AMD,124,1,166458032,167163954,166458032,0.609281,-0.13434,1,0.111295,0.953524346188079
Any AMD,32,1,33066847,34371022,33066847,-0.28613,-0.77662,0.08246,0.119096,0.924102824638969
Any AMD,90,1,103148413,103784541,103148413,1,-0.64826,1,0.137954,0.860265702558899
Any AMD,5,1,3582048,4281476,3582048,0.240527,-0.08077,0.6016,0.142431,0.846395476543876
Any AMD,75,1,86761555,87667572,86761555,-0.304792,-0.91906,0.11494,0.156769,0.804739811932015
Any AMD,8,1,5362405,6136814,5362405,-0.26528,-0.69575,0.11734,0.161873,0.79082558440837
Any AMD,139,1,183920617,184953089,183920617,0.42073,-0.18048,1,0.162601,0.788876787812391
Any AMD,28,1,27992666,29188426,27992666,0.284391,-0.1278,0.93423,0.163833,0.785598616162747
Any AMD,158,1,205009624,205917548,205009624,-0.239221,-0.61893,0.107,0.165012,0.782484471881356
Any AMD,98,1,111134063,112489248,111134063,-0.196341,-0.4953,0.09514,0.170827,0.767443485963805
Any AMD,152,1,197935822,199263389,197935822,-0.146386,-0.37701,0.07035,0.171764,0.765067854705366
Any AMD,162,1,211082893,212347582,211082893,-0.441943,-1,0.22918,0.176532,0.753176558470209
Any AMD,155,1,201067953,202583884,201067953,-0.167808,-0.42951,0.07818,0.179706,0.745437422482621
Any AMD,41,1,45167236,47257261,45167236,0.185363,-0.0895,0.48214,0.185287,0.732155050332046
Any AMD,13,1,10753428,11709173,10753428,0.183998,-0.09462,0.48527,0.205541,0.68710153486957
Any AMD,189,1,238704858,239332148,238704858,-0.272588,-0.86674,0.16533,0.207464,0.68305725296519
Any AMD,111,1,152535631,153410809,152535631,0.236648,-0.14802,0.65024,0.210607,0.676527198151239
Any AMD,79,1,90941550,91870059,90941550,-0.238152,-0.70575,0.15254,0.219078,0.659401232472705
Any AMD,148,1,193575517,194365688,193575517,-0.155051,-0.41649,0.09551,0.225402,0.64704223476236
Any AMD,120,1,163141863,163854567,163141863,0.402521,-0.27885,1,0.226924,0.644119569710646
Any AMD,146,1,191419276,192468373,191419276,0.180861,-0.11659,0.48959,0.227502,0.643014781050184
Any AMD,54,1,62778734,64344226,62778734,-0.231706,-0.78416,0.18652,0.258759,0.587104535902708
Any AMD,74,1,86017268,86761554,86017268,0.293547,-0.25657,0.99764,0.269736,0.569061087073341
Any AMD,191,1,240248509,241033584,240248509,-0.232058,-0.7674,0.18821,0.272797,0.56416041000753
Any AMD,138,1,182420541,183920616,182420541,0.180847,-0.15167,0.5316,0.278018,0.555927085205639
Any AMD,17,1,15755231,16732168,15755231,0.296264,-0.28831,1,0.279127,0.55419815210375
Any AMD,157,1,204092538,205009623,204092538,0.248511,-0.23296,1,0.288137,0.540400969890106
Any AMD,47,1,54771294,55727134,54771294,-0.179766,-0.59857,0.16611,0.300178,0.522621140302996
Any AMD,23,1,21416122,22145629,21416122,-0.21116,-0.94844,0.22224,0.306302,0.513850167456803
Any AMD,153,1,199263390,200134005,199263390,0.14588,-0.14487,0.48957,0.316194,0.500046375364007
Any AMD,108,1,147083836,149716037,147083836,-0.369605,-1,0.3885,0.333776,0.476544894266387
Any AMD,144,1,188625773,189904637,188625773,-0.140293,-0.43954,0.15647,0.337679,0.471495946968091
Any AMD,165,1,214783873,215825791,214783873,-0.258726,-1,0.31915,0.338105,0.470948406707306
Any AMD,122,1,164726580,165553812,164726580,-0.209502,-0.75709,0.24858,0.355046,0.449715375812626
Any AMD,196,1,244723197,245970505,244723197,-0.266605,-1,0.35447,0.362195,0.441057549293627
Any AMD,67,1,77895395,79065286,77895395,0.233423,-0.30338,0.95147,0.364087,0.438794827600134
Any AMD,92,1,104984436,106089656,104984436,-0.585726,-1,0.60924,0.383346,0.416409064002871
Any AMD,156,1,202583885,204092537,202583885,0.0953105,-0.12548,0.31932,0.384605,0.414985074080133
Any AMD,119,1,161945443,163141862,161945443,0.111097,-0.14845,0.36947,0.386193,0.413195602356015
Any AMD,87,1,100269208,101188315,100269208,0.184623,-0.28119,0.75895,0.389287,0.409730099036868
Any AMD,180,1,231287765,232177704,231287765,-0.362806,-1,0.47974,0.391057,0.407759935746673
Any AMD,58,1,67761891,68633860,67761891,0.211865,-0.29599,0.88848,0.391751,0.406989886259685
Any AMD,187,1,237409459,238094455,237409459,0.433589,-0.51884,1,0.399849,0.398103985791585
Any AMD,81,1,92904466,94168576,92904466,0.180019,-0.26956,0.77986,0.402591,0.395135938076341
Any AMD,39,1,41977967,43512669,41977967,-0.0877834,-0.30048,0.12777,0.414558,0.382414699570184
Any AMD,44,1,49185415,51777577,49185415,0.348264,-0.45412,1,0.425732,0.370863704999959
Any AMD,40,1,43512670,45167235,43512670,0.113672,-0.17885,0.41293,0.428657,0.36789007981885
Any AMD,21,1,19238925,20556202,19238925,0.121641,-0.19241,0.47074,0.435848,0.360664942545029
Any AMD,33,1,34371023,35201626,34371023,-0.186709,-0.97971,0.35184,0.446211,0.35045972768639
Any AMD,134,1,177746473,178915113,177746473,-0.648949,-1,0.68337,0.446393,0.350282624297201
Any AMD,45,1,51777578,53114186,51777578,-0.335489,-1,0.59504,0.449853,0.346929378932482
Any AMD,10,1,7711795,8580987,7711795,0.125638,-0.22356,0.50717,0.463688,0.333774143270075
Any AMD,135,1,178915114,180221608,178915114,-0.382471,-1,0.61699,0.468026,0.329730020124842
Any AMD,112,1,153410810,154685545,153410810,0.154736,-0.2987,0.72684,0.468176,0.329590853208209
Any AMD,60,1,69438910,70992905,69438910,0.265652,-0.52716,1,0.474675,0.323603640933753
Any AMD,55,1,64344227,65894184,64344227,0.136815,-0.26443,0.57876,0.478293,0.320305975146475
Any AMD,2,1,1376205,2215495,1376205,0.166206,-0.34719,0.7759,0.485266,0.314020136316407
Any AMD,164,1,213958293,214783872,213958293,-0.104795,-0.4194,0.20186,0.485414,0.313887702179885
Any AMD,154,1,200134006,201067952,200134006,-0.089352,-0.36315,0.17364,0.490652,0.30922642654074
Any AMD,80,1,91870060,92904465,91870060,0.0994507,-0.21667,0.44468,0.510877,0.29168364908507
Any AMD,186,1,236199672,237409458,236199672,0.15896,-0.38218,0.86374,0.518541,0.285216899121046
Any AMD,177,1,228045555,229075156,228045555,-0.145712,-0.67722,0.32238,0.518759,0.285034355597574
Any AMD,66,1,76977916,77895394,76977916,-0.620493,-1,0.98689,0.525809,0.279171984572589
Any AMD,48,1,55727135,56799636,55727135,-0.109098,-0.4783,0.24266,0.530688,0.27516073259429
Any AMD,18,1,16732169,17557746,16732169,-0.153831,-0.84647,0.39737,0.546401,0.262488514498404
Any AMD,143,1,187757077,188625772,187757077,0.110704,-0.2681,0.51489,0.55065,0.259124356440332
Any AMD,78,1,89753965,90941549,89753965,-0.103077,-0.48236,0.26139,0.550762,0.259036031667875
Any AMD,77,1,88656690,89753964,88656690,-0.247562,-1,0.84599,0.553613,0.256793720281833
Any AMD,195,1,243048004,244723196,243048004,-0.130569,-0.80469,0.35598,0.557264,0.253939012042213
Any AMD,109,1,149716038,151146407,149716038,0.112589,-0.29464,0.57222,0.564166,0.248593090561581
Any AMD,37,1,40200951,41093875,40200951,0.116995,-0.31957,0.59023,0.574146,0.240977656501383
Any AMD,50,1,57529671,58387483,57529671,-0.133678,-0.75428,0.38585,0.575577,0.239896568753251
Any AMD,131,1,173582512,175385220,173582512,-0.219112,-1,0.74117,0.579074,0.237265934134178
Any AMD,101,1,114664388,116207297,114664388,-0.206871,-1,0.5945,0.581768,0.235250170688867
Any AMD,184,1,234365797,235097113,234365797,-0.178759,-1,0.55171,0.59473,0.225680153806348
Any AMD,190,1,239332149,240248508,239332149,0.116286,-0.38461,0.71672,0.605705,0.217738841288907
Any AMD,51,1,58387484,59889045,58387484,0.104934,-0.33875,0.62446,0.609731,0.214861723976462
Any AMD,147,1,192468374,193575516,192468374,0.0691811,-0.21041,0.3535,0.615539,0.210744425351331
Any AMD,145,1,189904638,191419275,189904638,-0.0919309,-0.49331,0.29006,0.621384,0.206639933574077
Any AMD,91,1,103784542,104984435,103784542,-0.394421,-1,0.8948,0.623722,0.205008937189695
Any AMD,159,1,205917549,208162951,205917549,-0.0494833,-0.2522,0.16068,0.630824,0.200091792088081
Any AMD,1,1,10539,1376204,10539,-0.0893053,-0.54775,0.31805,0.631058,0.199930723287781
Any AMD,163,1,212347583,213958292,212347583,0.122252,-0.45049,0.85077,0.632579,0.198885229643662
Any AMD,192,1,241033585,241813534,241033585,-0.272905,-1,1,0.644009,0.191108063349776
Any AMD,168,1,217352166,218563960,217352166,-0.105755,-0.73767,0.43242,0.66856,0.174859610840883
Any AMD,9,1,6136815,7711794,6136815,0.0612176,-0.23766,0.36654,0.676751,0.169571093822456
Any AMD,182,1,232954943,233639473,232954943,-0.447964,-1,0.98224,0.684595,0.164566277094635
Any AMD,46,1,53114187,54771293,53114187,-0.203468,-1,0.74302,0.685603,0.163927290733932
Any AMD,107,1,145803849,147083835,145803849,-0.832384,-1,0.98634,0.686497,0.163361356295096
Any AMD,11,1,8580988,9475966,8580988,0.114094,-0.54374,0.90147,0.686528,0.163341745393705
Any AMD,97,1,110224231,111134062,110224231,0.0581161,-0.24474,0.3793,0.70792,0.15001581790573
Any AMD,115,1,158081628,158900369,158081628,0.153962,-0.82699,1,0.713036,0.146888542789566
Any AMD,53,1,61377616,62778733,61377616,0.0443205,-0.19594,0.29148,0.713526,0.146590197110231
Any AMD,198,1,246610291,247531112,246610291,-0.0981571,-0.83165,0.59699,0.725146,0.13957454431068
Any AMD,197,1,245970506,246610290,245970506,-0.134121,-1,0.80771,0.72822,0.137737397675679
Any AMD,62,1,72513120,73992170,72513120,0.438559,-1,1,0.734144,0.134218746253359
Any AMD,161,1,209711170,211082892,209711170,-0.0784503,-0.73741,0.48856,0.744892,0.127906689941792
Any AMD,3,1,2215496,2983519,2215496,0.0603717,-0.34839,0.49031,0.74626,0.127109836210017
Any AMD,149,1,194365689,195161235,194365689,-0.046894,-0.38186,0.27467,0.756534,0.121171549226288
Any AMD,71,1,82123369,83461215,82123369,-0.112704,-1,0.73567,0.757698,0.120503859101515
Any AMD,110,1,151146408,152535630,151146408,-0.0478734,-0.37582,0.27,0.75935,0.119558002717674
Any AMD,38,1,41093876,41977966,41093876,0.0755689,-0.49568,0.69575,0.764243,0.116768530456366
Any AMD,86,1,99425001,100269207,99425001,-0.0759533,-0.77375,0.52379,0.766442,0.115520704518686
Any AMD,173,1,222763598,223654902,222763598,0.0632919,-0.43021,0.56401,0.775482,0.110428278303502
Any AMD,68,1,79065287,80099353,79065287,0.39287,-1,1,0.789919,0.102417439920418
Any AMD,174,1,223654903,224943337,223654903,-0.11082,-1,1,0.799898,0.096965389084799
Any AMD,142,1,187072606,187757076,187072606,-0.205281,-1,1,0.807036,0.0931070919785099
Any AMD,178,1,229075157,230227247,229075157,-0.029922,-0.27745,0.22019,0.809256,0.0919140719597031
Any AMD,169,1,218563961,220073132,218563961,-0.12243,-1,1,0.813759,0.0895041951933705
Any AMD,73,1,84728348,86017267,84728348,0.104978,-1,1,0.821643,0.0853168403771221
Any AMD,106,1,120345067,145803848,120345067,0.257261,-0.92012,1,0.832164,0.0797910760214728
Any AMD,170,1,220073133,220978151,220073133,0.0558007,-0.5324,0.69694,0.832283,0.0797289760646288
Any AMD,117,1,159882516,161054076,159882516,0.0567179,-0.69218,0.85027,0.843634,0.0738459257144004
Any AMD,42,1,47257262,48105233,47257262,0.0434589,-0.50405,0.62377,0.859084,0.0659643694016975
Any AMD,185,1,235097114,236199671,235097114,-0.0605516,-1,0.78651,0.866263,0.0623502348783751
Any AMD,24,1,22145630,22740287,22145630,0.0425118,-0.59458,0.74369,0.870341,0.0603105572632101
Any AMD,104,1,118118668,119408888,118118668,-0.0705075,-1,1,0.884281,0.0534097063020719
Any AMD,137,1,181324206,182420540,181324206,-0.0255698,-0.44612,0.38525,0.894541,0.0483997493775541
Any AMD,175,1,224943338,226534711,224943338,0.0288061,-0.44671,0.52946,0.895083,0.0481366911973013
Any AMD,130,1,172465154,173582511,172465154,0.0688716,-0.90136,1,0.895142,0.0481080653268755
Any AMD,7,1,4773404,5362404,4773404,-0.0269789,-0.49159,0.42205,0.896732,0.0473373321085128
Any AMD,34,1,35201627,36855139,35201627,0.0181669,-0.29951,0.36074,0.900101,0.0457087558033273
Any AMD,136,1,180221609,181324205,180221609,0.0370795,-0.91227,1,0.919144,0.0366164434492858
Any AMD,193,1,241813535,242417923,241813535,0.0251443,-0.733,0.81102,0.93191,0.0306260279794056
Any AMD,116,1,158900370,159882515,158900370,-0.0356318,-1,1,0.941004,0.0264085304789754
Any AMD,69,1,80099354,80781442,80099354,-0.0417816,-1,1,0.950203,0.0221836027513861
Any AMD,16,1,14720132,15755230,14720132,-0.00786455,-0.2817,0.26223,0.953722,0.0205781991539657
Any AMD,6,1,4281477,4773403,4281477,-0.0194676,-1,0.92921,0.955875,0.0195988968030136
Any AMD,188,1,238094456,238704857,238094456,-0.0256352,-1,1,0.958418,0.0184450384154633
Any AMD,26,1,23907046,25885138,23907046,-0.0107027,-0.57757,0.53632,0.96078,0.0173760459673923
Any AMD,29,1,29188427,30405182,29188427,0.0115265,-0.72129,0.77794,0.96774,0.0142413077044426
Any AMD,121,1,163854568,164726579,163854568,0.00732855,-0.45543,0.46464,0.972031,0.0123198843388965
Any AMD,105,1,119408889,120345066,119408889,0.0090409,-0.79166,0.80073,0.977131,0.0100472082737755
Any AMD,12,1,9475967,10753427,9475967,-0.00259187,-0.26274,0.25113,0.983714,0.00713114778401193
Any AMD,172,1,221856865,222763597,221856865,-0.00351808,-1,1,0.994011,0.00260880955352401
Any AMD,183,1,233639474,234365796,233639474,-0.00736139,-1,1,0.995768,0.00184183432358632
Any AMD,57,1,66778016,67761890,66778016,-0.00133796,-0.88587,0.8626,0.996754,0.00141201282690034
Dry AMD,387,2,209940231,210842457,459180769,-0.981602,-1,-0.35829,0.00363896,2.43902271821831
Dry AMD,414,2,237194298,238185482,486434836,-0.407044,-0.74739,-0.11196,0.00965261,2.01535524050725
Dry AMD,311,2,118663654,119635489,367904192,-0.347784,-0.64107,-0.07897,0.0128137,1.89232544811923
Dry AMD,289,2,82941456,84395899,332181994,-0.778466,-1,-0.13493,0.0163777,1.78574708837802
Dry AMD,272,2,65938003,67224027,315178541,0.701669,0.12106,1,0.0176475,1.75331680943228
Dry AMD,376,2,195300251,196446299,444540789,-0.271166,-0.51575,-0.03682,0.0255084,1.59331678141229
Dry AMD,213,2,8978799,9960670,258219337,-0.440386,-1,-0.0635,0.0267967,1.57191868582322
Dry AMD,237,2,34239777,34890558,283480315,0.682673,0.1054,1,0.0275832,1.55935535158565
Dry AMD,206,2,3314203,4016104,252554741,-0.559406,-1,-0.07353,0.0319722,1.49522747899302
Dry AMD,261,2,53852121,54688234,303092659,-0.626084,-1,-0.06366,0.0338824,1.4700258347687
Dry AMD,410,2,234115093,234945577,483355631,-0.804298,-1,-0.07147,0.0361351,1.44207073908108
Dry AMD,212,2,7966710,8978798,257207248,0.391917,0.01274,0.99356,0.0418618,1.37818210152861
Dry AMD,257,2,50756241,51669493,299996779,-0.506996,-1,-0.01457,0.0454886,1.34209742922041
Dry AMD,367,2,183352291,184148655,432592829,-0.500345,-1,0.00555,0.0542071,1.26594382621298
Dry AMD,351,2,167488577,168437445,416729115,-0.465358,-1,0.00769,0.0612893,1.21261533880246
Dry AMD,293,2,88547313,91860961,337787851,-0.322637,-0.7259,0.00939,0.0634901,1.19729398889015
Dry AMD,228,2,24669225,25895394,273909763,0.324846,-0.01859,0.74163,0.0694176,1.15853040542655
Dry AMD,363,2,179224871,180336045,428465409,0.536219,-0.04302,1,0.0726581,1.13871596306984
Dry AMD,262,2,54688235,55663336,303928773,0.30718,-0.0379,0.80372,0.0827864,1.08204100246722
Dry AMD,372,2,188895311,189882702,438135849,-0.689251,-1,0.13935,0.0954718,1.02012488928491
Dry AMD,254,2,48171059,49114132,297411597,-1,-1,0.44737,0.102887,0.987639495839425
Dry AMD,251,2,45850048,46499326,295090586,-0.219222,-0.50011,0.05067,0.104078,0.982641061924077
Dry AMD,374,2,191051955,193033982,440292493,0.208293,-0.04716,0.47427,0.105235,0.977839794603771
Dry AMD,379,2,199654970,201324132,448895508,-0.706649,-1,0.10927,0.106964,0.970762364670477
Dry AMD,211,2,7108209,7966709,256348747,1,-0.16298,1,0.11688,0.93225979707376
Dry AMD,287,2,80737812,81623357,329978350,-0.473675,-1,0.14073,0.130958,0.882867966122049
Dry AMD,295,2,97339302,98989360,346579840,-0.495812,-1,0.17311,0.143489,0.843181391072219
Dry AMD,346,2,160200380,161432089,409440918,0.234125,-0.09185,0.57359,0.15299,0.81533695537032
Dry AMD,241,2,36867390,37603360,286107928,-0.592555,-1,0.21339,0.157092,0.803845931091921
Dry AMD,227,2,23538528,24669224,272779066,0.200431,-0.07942,0.49017,0.15973,0.796613508339522
Dry AMD,232,2,29627933,30575619,278868471,0.326861,-0.14582,1,0.160546,0.794400510399991
Dry AMD,214,2,9960671,10611654,259201209,0.495541,-0.17895,1,0.161448,0.791967330605592
Dry AMD,230,2,26894103,28819510,276134641,0.364519,-0.17651,1,0.175949,0.754613197119304
Dry AMD,335,2,144503689,145977920,393744227,0.236358,-0.11199,0.73994,0.178023,0.749523884613593
Dry AMD,236,2,33735319,34239776,282975857,-0.928247,-1,0.32405,0.180765,0.742885654492985
Dry AMD,298,2,101556800,102494487,350797338,-0.23067,-0.63594,0.12828,0.19329,0.713790613933991
Dry AMD,297,2,100202437,101556799,349442975,-0.287518,-0.90859,0.16739,0.195808,0.708169568483445
Dry AMD,263,2,55663337,56394698,304903875,0.388186,-0.24538,1,0.199778,0.699452338956197
Dry AMD,274,2,67979829,68877774,317220367,-0.363149,-1,0.21697,0.20298,0.692546751828376
Dry AMD,403,2,226242843,227557841,475483381,0.219414,-0.13681,0.62756,0.208011,0.681913698147891
Dry AMD,305,2,110097869,112644828,359338407,0.437417,-0.23572,1,0.208534,0.680823126260621
Dry AMD,348,2,163607636,164702312,412848174,0.397755,-0.23637,1,0.213385,0.670836112775608
Dry AMD,204,2,1875061,2680063,251115599,0.210152,-0.14499,0.65318,0.226824,0.644310995122519
Dry AMD,420,2,241910367,243188366,491150905,0.0745915,-0.0458,0.19563,0.232557,0.633470583627762
Dry AMD,290,2,84395900,85992794,333636438,0.488907,-0.32434,1,0.242682,0.614962434589269
Dry AMD,365,2,181309940,182307877,430550478,-0.221894,-0.64579,0.16446,0.244042,0.612535424486876
Dry AMD,329,2,138073792,139505819,387314330,0.186925,-0.12786,0.53165,0.245132,0.610599991415065
Dry AMD,222,2,17241116,18656325,266481654,0.249097,-0.19138,0.86534,0.245464,0.610012192941362
Dry AMD,221,2,15721704,17241115,264962242,-0.19507,-0.6059,0.14063,0.246503,0.608177790887695
Dry AMD,246,2,41540440,42307418,290780978,0.410646,-0.32908,1,0.24751,0.606407249833099
Dry AMD,337,2,147252197,149568875,396492735,0.599728,-0.35796,1,0.274812,0.560964307202017
Dry AMD,317,2,124730992,125741528,373971530,-0.536811,-1,0.49441,0.275445,0.559965106725469
Dry AMD,224,2,20064518,21084898,269305056,0.282728,-0.27308,1,0.290151,0.537375928309055
Dry AMD,349,2,164702313,165917788,413942851,0.357011,-0.34117,1,0.290931,0.536210000266742
Dry AMD,400,2,223353966,224123079,472594504,0.243475,-0.2292,0.85701,0.298525,0.525019292985501
Dry AMD,299,2,102494488,103305257,351735026,-0.367114,-1,0.39247,0.302939,0.518644812522239
Dry AMD,231,2,28819511,29627932,278060049,-0.442041,-1,0.54421,0.332414,0.478320693688441
Dry AMD,323,2,131760639,132598285,381001177,-0.899247,-1,0.6084,0.335287,0.474583285037376
Dry AMD,401,2,224123080,224938731,473363618,-0.243333,-0.99397,0.28446,0.340434,0.467967072338916
Dry AMD,361,2,176734751,178149981,425975289,0.238075,-0.28591,1,0.340634,0.467712005594106
Dry AMD,203,2,1376546,1875060,250617084,-0.187421,-0.62992,0.24014,0.347385,0.459188938214401
Dry AMD,247,2,42307419,43295776,291547957,-0.42329,-1,0.42427,0.349438,0.456629868978298
Dry AMD,408,2,231847387,233352722,481087925,-0.198243,-0.88422,0.25757,0.353858,0.451170981444675
Dry AMD,396,2,219678784,220771552,468919322,0.219564,-0.2793,0.91,0.356562,0.447864942904021
Dry AMD,411,2,234945578,235625789,484186116,0.229316,-0.30203,1,0.359739,0.444012476925308
Dry AMD,342,2,155207970,156130947,404448508,-0.437331,-1,0.71164,0.361015,0.44247475299215
Dry AMD,373,2,189882703,191051954,439123241,0.132917,-0.15865,0.43423,0.364499,0.438303658827701
Dry AMD,341,2,153999310,155207969,403239848,-0.302721,-1,0.42115,0.369343,0.432570127562669
Dry AMD,275,2,68877775,70756283,318118313,-0.125143,-0.42459,0.15661,0.376912,0.42376003540574
Dry AMD,218,2,12732507,13625450,261973045,0.216023,-0.29942,0.84791,0.38166,0.418323354039824
Dry AMD,238,2,34890559,35609257,284131097,0.578333,-0.67832,1,0.381694,0.418284666845169
Dry AMD,248,2,43295777,44104110,292536315,0.394811,-0.48172,1,0.392073,0.406633064240865
Dry AMD,353,2,169224446,170155561,418464984,-0.261516,-1,0.41382,0.393658,0.404880918309218
Dry AMD,253,2,47320115,48171058,296560653,0.137004,-0.20688,0.56092,0.403289,0.394383623527843
Dry AMD,320,2,127895645,129486897,377136183,0.208251,-0.34605,1,0.408713,0.388581548394414
Dry AMD,301,2,105120579,106546524,354361117,0.174331,-0.28473,0.8092,0.408865,0.388420064690082
Dry AMD,283,2,77372831,78080057,326613369,-0.279752,-1,0.45361,0.415376,0.381558600166536
Dry AMD,233,2,30575620,31457418,279816158,-0.209176,-1,0.34942,0.420374,0.376364152790596
Dry AMD,313,2,121073753,122026817,370314291,0.198217,-0.34802,0.90974,0.426501,0.370079946222196
Dry AMD,216,2,11230350,11995765,260470888,-0.195887,-0.90345,0.33502,0.431536,0.364982968316818
Dry AMD,278,2,72160303,73544290,321400841,-0.279359,-1,0.46142,0.436679,0.359837692904427
Dry AMD,364,2,180336046,181309939,429576584,-0.168064,-0.69711,0.2894,0.44682,0.349867395772987
Dry AMD,280,2,75148104,75942397,324388642,-0.383359,-1,0.59246,0.449343,0.347422019490316
Dry AMD,418,2,240325601,241113279,489566139,0.244089,-0.48514,1,0.4504,0.34640161815671
Dry AMD,377,2,196446300,198140350,445686838,0.133847,-0.23543,0.54156,0.450866,0.345952513793288
Dry AMD,229,2,25895395,26894102,275135933,-0.149396,-0.60509,0.26523,0.456021,0.341015157392315
Dry AMD,276,2,70756284,71385813,319996822,0.295457,-0.55945,1,0.459417,0.337792938462733
Dry AMD,250,2,45189469,45850047,294430007,-0.288119,-1,0.63679,0.460592,0.336683609545969
Dry AMD,270,2,63672119,64696089,312912657,0.387028,-0.85183,1,0.462036,0.335324184633832
Dry AMD,286,2,79900056,80737811,329140594,0.146376,-0.26383,0.6149,0.464497,0.333017086595319
Dry AMD,371,2,187498048,188895310,436738586,0.149768,-0.28516,0.59421,0.467397,0.330314079465459
Dry AMD,234,2,31457419,33123604,280697957,-0.188881,-1,0.38974,0.470343,0.327585315089659
Dry AMD,285,2,79019677,79900055,328260215,0.119838,-0.22725,0.4865,0.485557,0.313759780519277
Dry AMD,366,2,182307878,183352290,431548416,0.129954,-0.24665,0.56468,0.485809,0.313534443803981
Dry AMD,235,2,33123605,33735318,282364143,-0.32248,-1,0.71596,0.486277,0.313116271269382
Dry AMD,381,2,202504863,203639686,451745401,0.152043,-0.32131,0.69871,0.488762,0.310902566742254
Dry AMD,345,2,159040980,160200379,408281518,0.252343,-0.55403,1,0.500463,0.30062802505742
Dry AMD,324,2,132598286,133352950,381838824,-0.968405,-1,1,0.515814,0.287506874605538
Dry AMD,340,2,152497376,153999309,401737914,-0.0913161,-0.37853,0.1945,0.516602,0.286843916809077
Dry AMD,225,2,21084899,22429640,270325437,0.0959137,-0.19905,0.40136,0.518968,0.284859420286177
Dry AMD,255,2,49114133,49849185,298354671,0.192826,-0.51212,1,0.523981,0.280684460620776
Dry AMD,412,2,235625790,236276287,484866328,0.194402,-0.49026,1,0.525419,0.279494226475798
Dry AMD,321,2,129486898,130485398,378727436,0.128508,-0.31149,0.5944,0.528559,0.27690652785649
Dry AMD,309,2,116415817,117822516,365656355,-0.200156,-1,0.58422,0.554556,0.256054591511245
Dry AMD,356,2,171566483,172501315,420807021,0.455488,-0.83194,1,0.554747,0.255905037697971
Dry AMD,205,2,2680064,3314202,251920602,-0.462888,-1,0.77641,0.55478,0.255879203774313
Dry AMD,306,2,112644829,113930668,361885367,0.158105,-0.46486,1,0.5669,0.24649354300903
Dry AMD,368,2,184148656,184866232,433389194,0.126037,-0.33718,0.61366,0.568925,0.244944981817579
Dry AMD,252,2,46499327,47320114,295739865,-0.179422,-1,0.58401,0.591335,0.228166415171334
Dry AMD,419,2,241113280,241910366,490353818,-0.196072,-1,0.64423,0.60006,0.221805322339494
Dry AMD,360,2,174927564,176734750,424168102,-0.0976406,-0.54074,0.29722,0.608303,0.215880041698785
Dry AMD,268,2,60775067,62429910,310015605,0.122924,-0.39415,0.72033,0.610252,0.214490788580105
Dry AMD,226,2,22429641,23538527,271670179,0.0596722,-0.18966,0.32011,0.634236,0.197749110530909
Dry AMD,338,2,149568876,151428988,398809414,0.071452,-0.23353,0.38388,0.635845,0.196648739459761
Dry AMD,386,2,208674589,209940230,457915127,-0.118965,-0.94334,0.49346,0.657862,0.181865198975879
Dry AMD,327,2,135160198,137061003,384400736,-0.109146,-0.77315,0.45447,0.662627,0.178730871937141
Dry AMD,375,2,193033983,195300250,442274521,-0.0728143,-0.45051,0.28228,0.667707,0.175414070755528
Dry AMD,415,2,238185483,238814630,487426021,-0.174821,-1,0.72936,0.670083,0.173871399971629
Dry AMD,416,2,238814631,239634350,488055169,0.207392,-0.76596,1,0.674477,0.171032855396662
Dry AMD,318,2,125741529,126754027,374982067,0.228575,-1,1,0.675151,0.17059908475003
Dry AMD,220,2,14692121,15721703,263932659,-0.168984,-1,0.75244,0.68459,0.164569449014295
Dry AMD,210,2,6306607,7108208,255547145,-0.0839701,-0.55877,0.35014,0.684985,0.164318938709845
Dry AMD,310,2,117822517,118663653,367063055,-0.173397,-1,0.95055,0.686159,0.163575235865578
Dry AMD,273,2,67224028,67979828,316464566,-0.0970667,-0.6875,0.42162,0.693296,0.159081305474009
Dry AMD,307,2,113930669,115203835,363171207,-0.114498,-0.94103,0.61915,0.704631,0.152038254097181
Dry AMD,326,2,134359060,135160197,383599598,-0.142358,-1,0.75579,0.706793,0.150707760348674
Dry AMD,312,2,119635490,121073752,368876028,-0.0777864,-0.71068,0.4343,0.717455,0.144205333429602
Dry AMD,355,2,170865766,171566482,420106304,0.0774209,-0.41818,0.60957,0.730565,0.136341137860442
Dry AMD,407,2,230541093,231847386,479781631,0.0743489,-0.43102,0.66489,0.734832,0.133811939572519
Dry AMD,347,2,161432090,163607635,410672628,0.0489135,-0.25179,0.3556,0.738236,0.13180478029976
Dry AMD,359,2,174118390,174927563,423358928,0.0968094,-0.64185,1,0.755862,0.121557487712035
Dry AMD,406,2,229764919,230541092,479005457,0.0780822,-0.50185,0.70364,0.758015,0.120322200235001
Dry AMD,240,2,36120744,36867389,285361282,-0.108069,-1,0.79019,0.765701,0.115940785720221
Dry AMD,281,2,75942398,76649030,325182936,0.201633,-1,1,0.770123,0.113439906054521
Dry AMD,265,2,57433654,57952945,306674192,0.0865695,-0.64018,0.89205,0.773312,0.111645250531446
Dry AMD,350,2,165917789,167488576,415158327,0.0873731,-0.72429,1,0.786748,0.104164352437707
Dry AMD,330,2,139505820,140934531,388746358,-0.07845,-0.91454,0.60791,0.788485,0.103206564198354
Dry AMD,249,2,44104111,45189468,293344649,-0.068843,-0.83069,0.56081,0.794618,0.0998416013595216
Dry AMD,267,2,59251997,60775066,308492535,-0.0407585,-0.38549,0.29617,0.80288,0.0953493603654835
Dry AMD,260,2,53032977,53852120,302273515,0.0815093,-0.77318,1,0.812329,0.0902680422535772
Dry AMD,405,2,228812486,229764918,478053024,-0.0410649,-0.4302,0.32692,0.812848,0.0899906585055052
Dry AMD,380,2,201324133,202504862,450564671,-0.061703,-0.74008,0.5764,0.818187,0.0871474251958914
Dry AMD,383,2,205038120,206821199,454278658,-0.0405212,-0.47979,0.36421,0.824285,0.083922603197061
Dry AMD,245,2,40786177,41540439,290026715,0.0573777,-0.58074,0.70878,0.827481,0.0822419693829251
Dry AMD,223,2,18656326,20064517,267896864,0.067183,-0.72648,0.99929,0.830739,0.0805354006010769
Dry AMD,331,2,140934532,141802664,390175070,-0.0442331,-0.50652,0.40625,0.834291,0.078682441387315
Dry AMD,277,2,71385814,72160302,320626352,-0.0417418,-0.52256,0.42558,0.840614,0.0754033813159307
Dry AMD,239,2,35609258,36120743,284849796,-0.140599,-1,1,0.843351,0.0739916357705439
Dry AMD,404,2,227557842,228812485,476798380,-0.023366,-0.28806,0.23459,0.855639,0.0677094285198839
Dry AMD,322,2,130485399,131760638,379725937,-0.0561614,-0.95758,0.77594,0.864564,0.0632028522245882
Dry AMD,339,2,151428989,152497375,400669527,0.0380118,-0.46535,0.56887,0.866932,0.0620149661719426
Dry AMD,284,2,78080058,79019676,327320596,0.0382984,-0.49656,0.59512,0.871655,0.059655374292121
Dry AMD,343,2,156130948,157556096,405371486,-0.0790932,-1,1,0.871971,0.0594979585873954
Dry AMD,259,2,52494112,53032976,301734650,0.0435636,-0.67023,0.778,0.882469,0.0543005418782786
Dry AMD,269,2,62429911,63672118,311670449,0.0288628,-0.40794,0.47642,0.889533,0.0508379357733562
Dry AMD,382,2,203639687,205038119,452880225,-0.0375642,-0.7696,0.63518,0.889539,0.0508350064181739
Dry AMD,384,2,206821200,207726594,456061738,0.0408339,-0.81362,0.92957,0.899169,0.0461586743740084
Dry AMD,217,2,11995766,12732506,261236304,0.016498,-0.31686,0.35297,0.915642,0.0382742946891771
Dry AMD,352,2,168437446,169224445,417677984,0.0730305,-1,1,0.916281,0.0379713188706614
Dry AMD,334,2,143259781,144503688,392500319,-0.0185021,-0.42455,0.38094,0.921951,0.0352921602859706
Dry AMD,208,2,4766970,5568653,254007508,0.0413071,-0.9986,1,0.924497,0.0340944937915141
Dry AMD,417,2,239634351,240325600,488874889,-0.0331715,-1,0.86025,0.925125,0.0337995827825451
Dry AMD,282,2,76649031,77372830,325889569,0.0231914,-0.63826,0.70648,0.928435,0.0322484959408575
Dry AMD,399,2,222327714,223353965,471568252,-0.0182346,-0.45992,0.41372,0.929488,0.0317562127424581
Dry AMD,369,2,184866233,186244920,434106771,-0.0240039,-0.98232,0.9469,0.945833,0.0241855375738343
Dry AMD,264,2,56394699,57433653,305635237,0.00913372,-0.28114,0.29316,0.948021,0.0231820423211038
Dry AMD,242,2,37603361,38887393,286843899,0.0310962,-0.98541,1,0.948824,0.0228143385922266
Dry AMD,332,2,141802665,142494980,391043203,0.0392204,-1,1,0.950137,0.0222137693908476
Dry AMD,402,2,224938732,226242842,474179270,0.0174027,-0.79695,0.82807,0.954909,0.0200380134224326
Dry AMD,344,2,157556097,159040979,406796635,-0.00996017,-0.39532,0.38764,0.956024,0.0195312050704121
Dry AMD,256,2,49849186,50756240,299089724,0.0231404,-1,1,0.956575,0.0192809735622404
Dry AMD,271,2,64696090,65938002,313936628,0.00763897,-0.34327,0.35487,0.962561,0.0165717385738036
Dry AMD,219,2,13625451,14692120,262865989,-0.00484785,-0.41912,0.39264,0.979365,0.00905542061438372
Dry AMD,354,2,170155562,170865765,419396100,-0.0131451,-1,1,0.98257,0.0076364999542546
Dry AMD,328,2,137061004,138073791,386301542,0.00430847,-0.42781,0.44936,0.983197,0.0073594552695208
Dry AMD,302,2,106546525,107412295,355787063,-0.00344999,-1,1,0.993718,0.00273684338924232
Dry AMD,398,2,221445192,222327713,470685730,-0.00602936,-1,1,0.994578,0.00236115156294661
Wet AMD,387,2,209940231,210842457,459180769,-0.738567,-1,-0.25677,0.00522946,2.28154315456067
Wet AMD,380,2,201324133,202504862,450564671,-0.493475,-0.95135,-0.12654,0.00963466,2.01616360666802
Wet AMD,249,2,44104111,45189468,293344649,0.350059,0.07408,0.65446,0.0139099,1.85667599219374
Wet AMD,420,2,241910367,243188366,491150905,0.366031,0.07557,0.96761,0.0191749,1.7172668922844
Wet AMD,304,2,108417774,110097868,357658312,-0.523971,-1,-0.08307,0.0244387,1.6119218998142
Wet AMD,344,2,157556097,159040979,406796635,0.355831,0.04497,0.72242,0.0257683,1.5889142320107
Wet AMD,345,2,159040980,160200379,408281518,-0.354775,-0.715,-0.03942,0.0322605,1.49132890583862
Wet AMD,328,2,137061004,138073791,386301542,-0.528288,-1,-0.06219,0.0329387,1.48229354523814
Wet AMD,299,2,102494488,103305257,351735026,1,0.11281,1,0.033611,1.47351856613745
Wet AMD,377,2,196446300,198140350,445686838,0.34256,0.0131,0.72916,0.0366511,1.43591298645911
Wet AMD,318,2,125741529,126754027,374982067,-0.997696,-1,-0.08511,0.0414238,1.38275006373969
Wet AMD,201,2,10181,789195,249250719,0.630987,0.03609,1,0.0450172,1.34662152093847
Wet AMD,240,2,36120744,36867389,285361282,-0.473239,-1,-0.01008,0.0455146,1.34184926966477
Wet AMD,406,2,229764919,230541092,479005457,-0.757609,-1,-0.03227,0.0518912,1.28490628599514
Wet AMD,371,2,187498048,188895310,436738586,0.346084,-0.01765,0.75134,0.061235,1.21300027782127
Wet AMD,223,2,18656326,20064517,267896864,-0.431544,-1,0.01109,0.0612941,1.21258132745159
Wet AMD,374,2,191051955,193033982,440292493,0.387836,-0.02588,1,0.0643331,1.19156552087608
Wet AMD,382,2,203639687,205038119,452880225,-0.462298,-1,0.01818,0.0648951,1.18778809400548
Wet AMD,354,2,170155562,170865765,419396100,0.720636,-0.05744,1,0.0731643,1.1357007781629
Wet AMD,236,2,33735319,34239776,282975857,-0.289195,-0.65865,0.03499,0.0779152,1.108377810207
Wet AMD,409,2,233352723,234115092,482593261,-0.262491,-0.58264,0.02552,0.0786849,1.1041086027855
Wet AMD,242,2,37603361,38887393,286843899,0.73516,-0.1002,1,0.0929675,1.03166884754813
Wet AMD,212,2,7966710,8978798,257207248,-0.48897,-1,0.07064,0.0929876,1.03157496123772
Wet AMD,285,2,79019677,79900055,328260215,0.423595,-0.0814,1,0.102651,0.988636815486117
Wet AMD,245,2,40786177,41540439,290026715,0.341808,-0.07185,0.87221,0.103113,0.986686577467695
Wet AMD,268,2,60775067,62429910,310015605,0.900103,-0.16533,1,0.107513,0.968539019591012
Wet AMD,266,2,57952946,59251996,307193484,0.368619,-0.09269,1,0.109681,0.959868598585957
Wet AMD,225,2,21084899,22429640,270325437,0.232372,-0.05857,0.54512,0.122799,0.910805169809267
Wet AMD,218,2,12732507,13625450,261973045,0.705535,-0.16686,1,0.127775,0.893554110372726
Wet AMD,410,2,234115093,234945577,483355631,-0.404865,-1,0.13471,0.128509,0.89106645588549
Wet AMD,335,2,144503689,145977920,393744227,0.310066,-0.1071,1,0.137666,0.861173306189332
Wet AMD,419,2,241113280,241910366,490353818,-0.225746,-0.5527,0.07911,0.139665,0.854912414296006
Wet AMD,305,2,110097869,112644828,359338407,0.292777,-0.10836,0.96398,0.150011,0.823876893850025
Wet AMD,253,2,47320115,48171058,296560653,0.192006,-0.07648,0.5256,0.162447,0.789288304605094
Wet AMD,331,2,140934532,141802664,390175070,0.298987,-0.13439,0.8144,0.165152,0.782116162610142
Wet AMD,383,2,205038120,206821199,454278658,-0.252001,-0.81287,0.11934,0.165899,0.780156231792341
Wet AMD,272,2,65938003,67224027,315178541,0.344062,-0.17537,1,0.178896,0.747399369870573
Wet AMD,254,2,48171059,49114132,297411597,0.56517,-0.2597,1,0.189868,0.721548224280771
Wet AMD,313,2,121073753,122026817,370314291,0.242328,-0.13086,0.66962,0.191924,0.716870713561356
Wet AMD,264,2,56394699,57433653,305635237,-0.208116,-0.57302,0.1072,0.192617,0.715305385537663
Wet AMD,233,2,30575620,31457418,279816158,-0.352764,-1,0.2074,0.199702,0.699617585682055
Wet AMD,276,2,70756284,71385813,319996822,0.734234,-0.33096,1,0.200267,0.698390607863829
Wet AMD,295,2,97339302,98989360,346579840,-0.224875,-0.61368,0.12773,0.215094,0.667371703992987
Wet AMD,397,2,220771553,221445191,470012091,0.801967,-0.40533,1,0.217975,0.661593313664433
Wet AMD,349,2,164702313,165917788,413942851,-0.359741,-1,0.27317,0.244493,0.611733570507201
Wet AMD,206,2,3314203,4016104,252554741,-0.254064,-0.80286,0.19912,0.24481,0.61117084610116
Wet AMD,346,2,160200380,161432089,409440918,0.490354,-0.35234,1,0.259273,0.586242707147135
Wet AMD,308,2,115203836,116415816,364444374,0.19784,-0.15751,0.60289,0.263733,0.578835525036956
Wet AMD,283,2,77372831,78080057,326613369,0.303222,-0.27527,1,0.274768,0.561033847422711
Wet AMD,390,2,213194363,214044566,462434901,0.217868,-0.18924,0.70914,0.280885,0.551471452650216
Wet AMD,408,2,231847387,233352722,481087925,-0.248293,-1,0.22389,0.281983,0.549777073342833
Wet AMD,381,2,202504863,203639686,451745401,-0.182863,-0.54424,0.15798,0.284241,0.546313277606689
Wet AMD,301,2,105120579,106546524,354361117,-0.204151,-0.72221,0.18798,0.289762,0.537958569425219
Wet AMD,300,2,103305258,105120578,352545796,0.208178,-0.19293,0.73028,0.291295,0.53566696985584
Wet AMD,324,2,132598286,133352950,381838824,-0.688027,-1,0.78521,0.296321,0.528237569374007
Wet AMD,364,2,180336046,181309939,429576584,0.340608,-0.37986,1,0.308387,0.510903937843073
Wet AMD,248,2,43295777,44104110,292536315,0.494213,-0.46386,1,0.31329,0.504053467276387
Wet AMD,241,2,36867390,37603360,286107928,0.447724,-0.47192,1,0.315923,0.500418755198141
Wet AMD,269,2,62429911,63672118,311670449,-0.293071,-1,0.31,0.319906,0.494977614425255
Wet AMD,281,2,75942398,76649030,325182936,0.619807,-0.87761,1,0.325343,0.487658533002902
Wet AMD,208,2,4766970,5568653,254007508,-0.354556,-1,0.38839,0.328693,0.483209544758486
Wet AMD,363,2,179224871,180336045,428465409,0.215918,-0.25289,0.76198,0.333566,0.476818222917094
Wet AMD,403,2,226242843,227557841,475483381,-0.1559,-0.51762,0.1698,0.335147,0.474764663751314
Wet AMD,307,2,113930669,115203835,363171207,0.247075,-0.29936,0.96794,0.338066,0.470998504936343
Wet AMD,329,2,138073792,139505819,387314330,0.18477,-0.21975,0.6635,0.343628,0.46391145557988
Wet AMD,399,2,222327714,223353965,471568252,0.401864,-0.52238,1,0.346276,0.460577607869433
Wet AMD,203,2,1376546,1875060,250617084,-0.210415,-0.77749,0.2516,0.350254,0.455616896247732
Wet AMD,262,2,54688235,55663336,303928773,-0.198325,-0.81672,0.24873,0.351328,0.454287236598782
Wet AMD,270,2,63672119,64696089,312912657,0.96079,-1,1,0.361009,0.442481970943054
Wet AMD,284,2,78080058,79019676,327320596,-0.19931,-0.71749,0.25579,0.362121,0.441146288992247
Wet AMD,372,2,188895311,189882702,438135849,-0.546467,-1,0.9257,0.372904,0.428402958101255
Wet AMD,275,2,68877775,70756283,318118313,-0.129486,-0.44219,0.16664,0.383219,0.416552966737033
Wet AMD,337,2,147252197,149568875,396492735,-0.172426,-0.6726,0.24709,0.387158,0.412111762307827
Wet AMD,356,2,171566483,172501315,420807021,0.26964,-0.41545,1,0.392444,0.406222306373803
Wet AMD,325,2,133352951,134359059,382593489,-0.285166,-1,0.43013,0.395375,0.402990795076221
Wet AMD,267,2,59251997,60775066,308492535,-0.13983,-0.50493,0.20725,0.403711,0.393929417113795
Wet AMD,405,2,228812486,229764918,478053024,0.144974,-0.22219,0.55647,0.408916,0.388365896108015
Wet AMD,250,2,45189469,45850047,294430007,-0.460707,-1,0.68645,0.408953,0.388326601561232
Wet AMD,339,2,151428989,152497375,400669527,0.343763,-0.53661,1,0.421024,0.375693146989789
Wet AMD,400,2,223353966,224123079,472594504,0.387332,-0.57881,1,0.424941,0.371671364427713
Wet AMD,368,2,184148656,184866232,433389194,-0.626459,-1,0.69272,0.425449,0.371152492796932
Wet AMD,216,2,11230350,11995765,260470888,-0.270597,-1,0.48709,0.426093,0.370495600477662
Wet AMD,326,2,134359060,135160197,383599598,-0.126436,-0.46989,0.19757,0.435568,0.360944034182359
Wet AMD,296,2,98989361,100202436,348229899,0.306153,-0.59374,1,0.436795,0.359722341651391
Wet AMD,373,2,189882703,191051954,439123241,0.187707,-0.35153,0.92125,0.441415,0.355152912890399
Wet AMD,220,2,14692121,15721703,263932659,-0.34625,-1,0.59278,0.448065,0.34865897909639
Wet AMD,265,2,57433654,57952945,306674192,0.203498,-0.3834,0.92368,0.454,0.342944147142896
Wet AMD,210,2,6306607,7108208,255547145,0.520702,-0.64792,1,0.458444,0.338713706834371
Wet AMD,292,2,86867033,88547312,336107571,0.289492,-0.49625,1,0.460236,0.337019413503409
Wet AMD,391,2,214044567,215002484,463285105,-0.247705,-1,0.52109,0.461911,0.335441695293142
Wet AMD,338,2,149568876,151428988,398809414,-0.109922,-0.41756,0.20185,0.469651,0.328224748608955
Wet AMD,393,2,215899571,217566011,465140109,0.216348,-0.4333,1,0.469753,0.328130437668554
Wet AMD,341,2,153999310,155207969,403239848,-0.222747,-1,0.44857,0.472923,0.325209564119096
Wet AMD,340,2,152497376,153999309,401737914,-0.194851,-1,0.41051,0.474514,0.32375096967915
Wet AMD,291,2,85992795,86867032,335233333,0.193487,-0.43177,0.98277,0.48877,0.310895458318478
Wet AMD,414,2,237194298,238185482,486434836,-0.113396,-0.46421,0.2194,0.494224,0.306076168657767
Wet AMD,290,2,84395900,85992794,333636438,0.229378,-0.50868,1,0.50617,0.295703598451866
Wet AMD,204,2,1875061,2680063,251115599,0.0803956,-0.16175,0.33345,0.514735,0.288416300391615
Wet AMD,350,2,165917789,167488576,415158327,-0.172692,-1,0.43449,0.518331,0.285392816384598
Wet AMD,246,2,41540440,42307418,290780978,0.135179,-0.29764,0.59592,0.518604,0.285164137834257
Wet AMD,321,2,129486898,130485398,378727436,-0.112817,-0.49167,0.25636,0.530841,0.275035541372587
Wet AMD,355,2,170865766,171566482,420106304,0.228447,-0.59744,1,0.535852,0.270955143999065
Wet AMD,271,2,64696090,65938002,313936628,-0.244592,-1,0.53548,0.538059,0.26917009985492
Wet AMD,317,2,124730992,125741528,373971530,-0.81109,-1,0.97679,0.54105,0.266762598625956
Wet AMD,379,2,199654970,201324132,448895508,-0.103991,-0.49927,0.25522,0.554069,0.256436147810789
Wet AMD,282,2,76649031,77372830,325889569,0.925614,-0.58704,1,0.576852,0.238935597291491
Wet AMD,273,2,67224028,67979828,316464566,0.213402,-0.69786,1,0.576884,0.238911506124318
Wet AMD,280,2,75148104,75942397,324388642,-0.146977,-0.90849,0.45748,0.587488,0.231000999842622
Wet AMD,226,2,22429641,23538527,271670179,0.0686366,-0.20571,0.34643,0.611022,0.213943152594444
Wet AMD,224,2,20064518,21084898,269305056,0.141498,-0.51425,1,0.615597,0.21070350529056
Wet AMD,336,2,145977921,147252196,395218459,-0.189238,-1,0.6086,0.61829,0.208807777567014
Wet AMD,205,2,2680064,3314202,251920602,-0.070211,-0.36306,0.22041,0.624206,0.204672061120273
Wet AMD,327,2,135160198,137061003,384400736,-0.10035,-0.57964,0.3473,0.632294,0.199080939298999
Wet AMD,235,2,33123605,33735318,282364143,-0.135198,-0.92191,0.52367,0.643168,0.191675571487745
Wet AMD,384,2,206821200,207726594,456061738,-0.123437,-0.81531,0.48204,0.646545,0.189401242521317
Wet AMD,361,2,176734751,178149981,425975289,0.0854029,-0.32544,0.55027,0.64982,0.187206926176677
Wet AMD,392,2,215002485,215899570,464243023,0.208717,-0.79199,1,0.651634,0.185996263793917
Wet AMD,358,2,173287858,174118389,422528396,0.112688,-0.46545,0.7983,0.65377,0.184575012072236
Wet AMD,310,2,117822517,118663653,367063055,-0.218781,-1,1,0.655894,0.183166341927375
Wet AMD,332,2,141802665,142494980,391043203,0.169439,-0.72214,1,0.660341,0.180231736922106
Wet AMD,365,2,181309940,182307877,430550478,-0.0734252,-0.42654,0.25787,0.663696,0.17803079978023
Wet AMD,312,2,119635490,121073752,368876028,0.124815,-0.53056,0.96195,0.663777,0.177977800053565
Wet AMD,369,2,184866233,186244920,434106771,-0.231048,-1,1,0.666141,0.176433835333116
Wet AMD,351,2,167488577,168437445,416729115,0.134603,-0.63012,1,0.666917,0.175928212087879
Wet AMD,334,2,143259781,144503688,392500319,0.0760204,-0.27853,0.44951,0.668324,0.175012942766156
Wet AMD,274,2,67979829,68877774,317220367,0.159294,-0.69244,1,0.669283,0.17439020607368
Wet AMD,398,2,221445192,222327713,470685730,-0.312469,-1,0.8005,0.670509,0.173595388395373
Wet AMD,347,2,161432090,163607635,410672628,0.0705217,-0.296,0.47032,0.681433,0.166576838524417
Wet AMD,237,2,34239777,34890558,283480315,0.085515,-0.37179,0.60006,0.690258,0.16098855124325
Wet AMD,402,2,224938732,226242842,474179270,0.124107,-0.60424,1,0.690397,0.160901104439829
Wet AMD,261,2,53852121,54688234,303092659,-0.114347,-0.95194,0.60027,0.70689,0.150648162030224
Wet AMD,376,2,195300251,196446299,444540789,-0.132862,-1,0.69562,0.711006,0.148126734353361
Wet AMD,415,2,238185483,238814630,487426021,0.129149,-0.78105,1,0.717423,0.144224704307716
Wet AMD,357,2,172501316,173287857,421741854,0.0833954,-0.44694,0.66918,0.72664,0.138680698819674
Wet AMD,404,2,227557842,228812485,476798380,0.0344651,-0.1625,0.23801,0.731354,0.135872358975304
Wet AMD,386,2,208674589,209940230,457915127,-0.095354,-0.90612,0.54529,0.73215,0.135399933287798
Wet AMD,320,2,127895645,129486897,377136183,-0.0741932,-0.67181,0.42861,0.735554,0.133385438448141
Wet AMD,234,2,31457419,33123604,280697957,0.0885146,-0.56912,0.94951,0.750177,0.124836255202901
Wet AMD,221,2,15721704,17241115,264962242,-0.052637,-0.47321,0.33871,0.771051,0.112916895248583
Wet AMD,396,2,219678784,220771552,468919322,0.0704483,-0.54455,0.77346,0.786552,0.104272560305111
Wet AMD,303,2,107412296,108417773,356652834,-0.0923031,-1,0.78731,0.791347,0.101633039713558
Wet AMD,394,2,217566012,218396258,466806550,0.0803249,-0.67186,0.93317,0.792355,0.101080197200417
Wet AMD,238,2,34890559,35609257,284131097,0.118232,-0.98292,1,0.793668,0.100361129715258
Wet AMD,259,2,52494112,53032976,301734650,0.0701289,-0.57293,0.79317,0.800501,0.0966381212159986
Wet AMD,251,2,45850048,46499326,295090586,0.0405763,-0.30235,0.39309,0.805951,0.0936913615156304
Wet AMD,348,2,163607636,164702312,412848174,0.0347866,-0.24868,0.32837,0.806007,0.0936611864229836
Wet AMD,215,2,10611655,11230349,259852193,0.0894284,-0.88528,1,0.809375,0.0918502142386542
Wet AMD,255,2,49114133,49849185,298354671,-0.0571726,-0.60917,0.45805,0.810815,0.091078225498306
Wet AMD,232,2,29627933,30575619,278868471,0.0821542,-0.74809,1,0.817812,0.0873465212021433
Wet AMD,252,2,46499327,47320114,295739865,0.0502194,-0.45562,0.56708,0.824037,0.0840532876535261
Wet AMD,213,2,8978799,9960670,258219337,0.0697405,-0.69221,0.96518,0.827687,0.0821338659593041
Wet AMD,202,2,789196,1376545,250029734,0.0723625,-0.78033,1,0.831927,0.0799147805459333
Wet AMD,362,2,178149982,179224870,427390520,0.0572171,-0.69909,0.86156,0.853563,0.068764418846122
Wet AMD,298,2,101556800,102494487,350797338,0.0591466,-0.76432,1,0.856112,0.0674694154628814
Wet AMD,256,2,49849186,50756240,299089724,-0.0309732,-0.39441,0.3348,0.861022,0.0649857517327129
Wet AMD,378,2,198140351,199654969,447380889,-0.0393969,-0.82128,0.70873,0.892432,0.0494248655797536
Wet AMD,294,2,91860962,97339301,341101500,0.0308088,-0.53966,0.663,0.893906,0.0487081476779758
Wet AMD,389,2,212520454,213194362,461760992,0.0502406,-1,1,0.900982,0.0452838853569654
Wet AMD,366,2,182307878,183352290,431548416,0.0217654,-0.34674,0.40002,0.902215,0.0446899567073011
Wet AMD,227,2,23538528,24669224,272779066,0.0218771,-0.40043,0.44063,0.909089,0.0413935971775946
Wet AMD,214,2,9960671,10611654,259201209,0.06607,-0.98422,1,0.911245,0.0403648416406268
Wet AMD,417,2,239634351,240325600,488874889,-0.0282575,-0.70548,0.62449,0.916907,0.0376747116964502
Wet AMD,385,2,207726595,208674588,456967133,0.0328175,-0.98729,1,0.931727,0.0307113191497824
Wet AMD,407,2,230541093,231847386,479781631,-0.0132017,-0.39759,0.36142,0.939329,0.0271822694386199
Wet AMD,306,2,112644829,113930668,361885367,0.0310374,-1,1,0.940907,0.0264533004652095
Wet AMD,367,2,183352291,184148655,432592829,-0.0212011,-0.71696,0.68798,0.940993,0.0264136072557194
Wet AMD,293,2,88547313,91860961,337787851,-0.0106482,-0.30757,0.28855,0.942718,0.0256182005391952
Wet AMD,319,2,126754028,127895644,375994566,-0.00969443,-0.30902,0.29217,0.946646,0.0238123958528345
Wet AMD,247,2,42307419,43295776,291547957,0.0120703,-0.38914,0.41404,0.947896,0.0232393093958931
Wet AMD,395,2,218396259,219678783,467636797,-0.00772857,-1,1,0.985979,0.00613233483692567
Wet AMD,418,2,240325601,241113279,489566139,-0.00327591,-0.74137,0.77456,0.990713,0.00405213821747999
Wet AMD,413,2,236276288,237194297,485516826,0.0021977,-0.54797,0.55638,0.992244,0.00338151854805502
Wet AMD,412,2,235625790,236276287,484866328,-0.00164627,-0.86111,0.86586,0.995858,0.00180258347689331
Any AMD,387,2,209940231,210842457,459180769,-0.702974,-1,-0.28291,0.00213273,2.67106412201528
Any AMD,272,2,65938003,67224027,315178541,1,0.16916,1,0.0141558,1.84906558191401
Any AMD,410,2,234115093,234945577,483355631,-0.623735,-1,-0.11811,0.0168242,1.77406557755544
Any AMD,376,2,195300251,196446299,444540789,-0.317537,-0.61759,-0.03995,0.0256125,1.59154802859075
Any AMD,311,2,118663654,119635489,367904192,-0.571356,-1,-0.06084,0.0311391,1.50669394381293
Any AMD,257,2,50756241,51669493,299996779,-0.832533,-1,-0.08614,0.031228,1.50545582930735
Any AMD,295,2,97339302,98989360,346579840,-0.517114,-1,-0.02226,0.0488264,1.31134529533027
Any AMD,414,2,237194298,238185482,486434836,-0.341037,-0.74961,-0.01244,0.0504073,1.29750656434532
Any AMD,206,2,3314203,4016104,252554741,-0.459393,-1,-0.00855,0.0526377,1.27870309544142
Any AMD,204,2,1875061,2680063,251115599,0.301909,0.00561,0.67175,0.0553378,1.25697811058813
Any AMD,335,2,144503689,145977920,393744227,0.262652,-0.0127,0.57715,0.0634091,1.19784841094815
Any AMD,372,2,188895311,189882702,438135849,-0.698819,-1,0.04096,0.0669955,1.17395436731114
Any AMD,231,2,28819511,29627932,278060049,-0.543141,-1,0.07474,0.0752406,1.12354774986209
Any AMD,409,2,233352723,234115092,482593261,-0.317736,-0.76485,0.02287,0.0781059,1.10731615894391
Any AMD,374,2,191051955,193033982,440292493,0.24068,-0.03167,0.53534,0.0785641,1.10477586024004
Any AMD,380,2,201324133,202504862,450564671,-0.435023,-1,0.06438,0.0879712,1.05565948385252
Any AMD,346,2,160200380,161432089,409440918,0.288685,-0.0471,0.6767,0.0991518,1.00369939721287
Any AMD,323,2,131760639,132598285,381001177,-0.494601,-1,0.10582,0.106365,0.973201255569782
Any AMD,261,2,53852121,54688234,303092659,-0.465629,-1,0.10482,0.109493,0.960613644828871
Any AMD,237,2,34239777,34890558,283480315,0.415701,-0.11159,1,0.118946,0.924650158142367
Any AMD,240,2,36120744,36867389,285361282,-0.377425,-1,0.11205,0.12897,0.889511300163331
Any AMD,293,2,88547313,91860961,337787851,-0.228188,-0.54548,0.06855,0.136439,0.865061472320001
Any AMD,203,2,1376546,1875060,250617084,-0.2543,-0.6328,0.08665,0.136573,0.864635150654666
Any AMD,285,2,79019677,79900055,328260215,0.312538,-0.10185,0.85623,0.138378,0.858932950616762
Any AMD,393,2,215899571,217566011,465140109,0.570914,-0.15566,1,0.138618,0.858180371505588
Any AMD,253,2,47320115,48171058,296560653,0.211003,-0.06574,0.57288,0.140774,0.851477549023533
Any AMD,225,2,21084899,22429640,270325437,0.216594,-0.07615,0.52306,0.145468,0.837232532120576
Any AMD,420,2,241910367,243188366,491150905,0.0876163,-0.03245,0.20759,0.149204,0.826219533735726
Any AMD,230,2,26894103,28819510,276134641,0.368914,-0.15759,1,0.157435,0.802898711512398
Any AMD,213,2,8978799,9960670,258219337,-0.289809,-0.90342,0.13655,0.160728,0.793908459352215
Any AMD,362,2,178149982,179224870,427390520,-0.734416,-1,0.35047,0.160937,0.793344098545221
Any AMD,291,2,85992795,86867032,335233333,0.75354,-0.22284,1,0.161515,0.791787138257212
Any AMD,232,2,29627933,30575619,278868471,0.265924,-0.11368,0.7991,0.163164,0.787375656403277
Any AMD,400,2,223353966,224123079,472594504,0.2648,-0.12634,0.69442,0.16458,0.783622942011827
Any AMD,313,2,121073753,122026817,370314291,0.279965,-0.12312,0.79784,0.175079,0.756765942614796
Any AMD,385,2,207726595,208674588,456967133,-0.333468,-1,0.17243,0.179276,0.74647784632857
Any AMD,239,2,35609258,36120743,284849796,-0.819704,-1,0.45914,0.191087,0.718768857792232
Any AMD,276,2,70756284,71385813,319996822,0.451017,-0.2625,1,0.192053,0.7165789044672
Any AMD,292,2,86867033,88547312,336107571,0.457962,-0.212,1,0.192247,0.716140428606434
Any AMD,379,2,199654970,201324132,448895508,-0.188457,-0.49029,0.0925,0.194844,0.710312963271403
Any AMD,381,2,202504863,203639686,451745401,0.214536,-0.13968,0.59525,0.225058,0.647705544849012
Any AMD,224,2,20064518,21084898,269305056,0.276946,-0.19538,0.98265,0.235835,0.627391741315226
Any AMD,275,2,68877775,70756283,318118313,-0.198588,-0.57799,0.14577,0.240667,0.618583455634537
Any AMD,212,2,7966710,8978798,257207248,0.240146,-0.18711,0.86277,0.251252,0.599890472514712
Any AMD,221,2,15721704,17241115,264962242,-0.209312,-0.74023,0.1813,0.266135,0.574898006668792
Any AMD,297,2,100202437,101556799,349442975,-0.34348,-1,0.30751,0.269012,0.570228346698172
Any AMD,329,2,138073792,139505819,387314330,0.152868,-0.12567,0.44336,0.272565,0.564529912561355
Any AMD,328,2,137061004,138073791,386301542,-0.23495,-0.72827,0.20584,0.274894,0.560834739222842
Any AMD,408,2,231847387,233352722,481087925,-0.206947,-0.7416,0.18149,0.276598,0.558150964472927
Any AMD,251,2,45850048,46499326,295090586,-0.166187,-0.4958,0.13941,0.278922,0.554517229363255
Any AMD,317,2,124730992,125741528,373971530,-0.312485,-1,0.27475,0.279879,0.553029686479412
Any AMD,308,2,115203836,116415816,364444374,0.236428,-0.22092,0.88492,0.284961,0.545214573829316
Any AMD,371,2,187498048,188895310,436738586,0.195265,-0.17318,0.59755,0.289574,0.538240434751951
Any AMD,236,2,33735319,34239776,282975857,-0.229182,-0.74213,0.22661,0.293591,0.532257261801765
Any AMD,354,2,170155562,170865765,419396100,0.463609,-0.55374,1,0.296716,0.527659034322332
Any AMD,249,2,44104111,45189468,293344649,0.217084,-0.20922,0.82355,0.301173,0.521183964996597
Any AMD,227,2,23538528,24669224,272779066,0.160469,-0.1447,0.48618,0.301179,0.521175313022697
Any AMD,369,2,184866233,186244920,434106771,-0.539109,-1,0.65846,0.30355,0.517769762791032
Any AMD,280,2,75148104,75942397,324388642,-0.756867,-1,0.50196,0.307309,0.512424720599134
Any AMD,344,2,157556097,159040979,406796635,0.199365,-0.20236,0.72847,0.314401,0.502516081291055
Any AMD,419,2,241113280,241910366,490353818,-0.145868,-0.45231,0.13732,0.316161,0.500091703440533
Any AMD,340,2,152497376,153999309,401737914,-0.15289,-0.47698,0.1549,0.322058,0.49206590839224
Any AMD,277,2,71385814,72160302,320626352,0.284776,-0.33179,1,0.322938,0.490880848698193
Any AMD,306,2,112644829,113930668,361885367,0.280427,-0.3261,1,0.323691,0.489869375681379
Any AMD,214,2,9960671,10611654,259201209,0.493019,-0.37724,1,0.324426,0.488884348036554
Any AMD,367,2,183352291,184148655,432592829,-0.287324,-1,0.35848,0.327554,0.484717092714042
Any AMD,365,2,181309940,182307877,430550478,-0.159606,-0.49644,0.16492,0.327685,0.48454343828295
Any AMD,300,2,103305258,105120578,352545796,0.276729,-0.30607,1,0.336251,0.473336415409354
Any AMD,377,2,196446300,198140350,445686838,0.209469,-0.25506,0.89249,0.343637,0.463900081072704
Any AMD,345,2,159040980,160200379,408281518,-0.178853,-0.60706,0.19792,0.34367,0.463858377094965
Any AMD,337,2,147252197,149568875,396492735,-0.267592,-1,0.35865,0.36828,0.433821865520553
Any AMD,389,2,212520454,213194362,461760992,0.48958,-0.62804,1,0.372027,0.429425539888281
Any AMD,219,2,13625451,14692120,262865989,-0.181804,-0.71037,0.25316,0.373432,0.427788469386519
Any AMD,366,2,182307878,183352290,431548416,0.136222,-0.17774,0.45496,0.375646,0.42522123130759
Any AMD,390,2,213194363,214044566,462434901,0.2219,-0.32049,1,0.377637,0.42292546112024
Any AMD,391,2,214044567,215002484,463285105,-0.204544,-0.78342,0.28762,0.379705,0.420553683981845
Any AMD,262,2,54688235,55663336,303928773,0.163054,-0.23445,0.63355,0.388257,0.410880705505474
Any AMD,222,2,17241116,18656325,266481654,1,-0.58876,1,0.399643,0.398327789570114
Any AMD,361,2,176734751,178149981,425975289,0.163629,-0.26223,0.69465,0.406811,0.390607312448622
Any AMD,384,2,206821200,207726594,456061738,-0.225519,-1,0.36337,0.416787,0.380085835573007
Any AMD,348,2,163607636,164702312,412848174,0.139694,-0.21975,0.53051,0.425895,0.370697458506096
Any AMD,324,2,132598286,133352950,381838824,-0.725885,-1,1,0.427728,0.368832318956501
Any AMD,218,2,12732507,13625450,261973045,0.319826,-0.59598,1,0.430928,0.365595286254119
Any AMD,264,2,56394699,57433653,305635237,-0.125758,-0.48963,0.20216,0.442401,0.354183900026163
Any AMD,356,2,171566483,172501315,420807021,0.160567,-0.29504,0.6417,0.442406,0.354178991673473
Any AMD,290,2,84395900,85992794,333636438,0.214331,-0.38016,1,0.446488,0.350190208900442
Any AMD,341,2,153999310,155207969,403239848,-0.280584,-1,0.52012,0.447808,0.348908152103972
Any AMD,235,2,33123605,33735318,282364143,-0.251394,-1,0.50719,0.449822,0.346959307804451
Any AMD,233,2,30575620,31457418,279816158,-0.147294,-0.63097,0.26266,0.457704,0.339415292138275
Any AMD,396,2,219678784,220771552,468919322,0.149,-0.27692,0.63219,0.466059,0.331559101008522
Any AMD,412,2,235625790,236276287,484866328,0.388598,-0.66137,1,0.473903,0.324310542030032
Any AMD,252,2,46499327,47320114,295739865,-0.187069,-0.90639,0.38837,0.486793,0.312655675477369
Any AMD,268,2,60775067,62429910,310015605,0.197952,-0.41551,1,0.494671,0.305683549326832
Any AMD,274,2,67979829,68877774,317220367,-0.155987,-0.77636,0.34842,0.495645,0.304829270567796
Any AMD,298,2,101556800,102494487,350797338,-0.12975,-0.59617,0.28705,0.513749,0.289249010458754
Any AMD,336,2,145977921,147252196,395218459,-0.147302,-0.7987,0.34524,0.514206,0.288862860109166
Any AMD,246,2,41540440,42307418,290780978,0.13899,-0.33285,0.64636,0.52828,0.27713583083124
Any AMD,399,2,222327714,223353965,471568252,0.123825,-0.2906,0.5771,0.535688,0.271088082191924
Any AMD,281,2,75942398,76649030,325182936,0.27779,-0.87883,1,0.536786,0.270198819593972
Any AMD,413,2,236276288,237194297,485516826,0.469674,-0.72662,1,0.54074,0.267011503298906
Any AMD,205,2,2680064,3314202,251920602,-0.122456,-0.59606,0.30427,0.547996,0.261222611559915
Any AMD,338,2,149568876,151428988,398809414,0.0801698,-0.18555,0.35887,0.553511,0.256873743905708
Any AMD,383,2,205038120,206821199,454278658,-0.116259,-0.64595,0.3156,0.560152,0.251694109058094
Any AMD,416,2,238814631,239634350,488055169,-0.245445,-1,0.68773,0.560352,0.251539073650272
Any AMD,386,2,208674589,209940230,457915127,-0.135323,-0.82093,0.38031,0.561801,0.250417492094043
Any AMD,318,2,125741529,126754027,374982067,-0.418142,-1,1,0.595079,0.225425375470445
Any AMD,210,2,6306607,7108208,255547145,0.176283,-0.6133,1,0.596526,0.224370622554497
Any AMD,351,2,167488577,168437445,416729115,-0.129871,-0.8079,0.42755,0.601461,0.220792527981515
Any AMD,310,2,117822517,118663653,367063055,-0.336423,-1,1,0.61126,0.213774022904243
Any AMD,406,2,229764919,230541092,479005457,-0.114609,-0.67175,0.3855,0.626009,0.203419422984075
Any AMD,226,2,22429641,23538527,271670179,0.0554154,-0.17142,0.28855,0.62869,0.201563447522182
Any AMD,364,2,180336046,181309939,429576584,0.0997071,-0.32799,0.57788,0.632439,0.198981356699111
Any AMD,343,2,156130948,157556096,405371486,0.321645,-1,1,0.64312,0.191707984345738
Any AMD,360,2,174927564,176734750,424168102,0.0819993,-0.2877,0.46837,0.643813,0.191240258201409
Any AMD,347,2,161432090,163607635,410672628,0.0599781,-0.20865,0.33901,0.654106,0.184351867142396
Any AMD,244,2,40087419,40786176,289327957,0.16882,-0.64081,1,0.660508,0.180121917890764
Any AMD,242,2,37603361,38887393,286843899,0.11808,-0.52369,0.94886,0.662938,0.178527086251263
Any AMD,284,2,78080058,79019676,327320596,0.13684,-0.61707,1,0.663657,0.178056320474121
Any AMD,294,2,91860962,97339301,341101500,-0.169783,-1,0.62988,0.664304,0.177633132516004
Any AMD,234,2,31457419,33123604,280697957,-0.183109,-1,0.68896,0.67008,0.173873344337271
Any AMD,350,2,165917789,167488576,415158327,-0.136487,-1,0.62831,0.671853,0.172725739256441
Any AMD,327,2,135160198,137061003,384400736,-0.0784525,-0.50651,0.32848,0.690348,0.160931929001384
Any AMD,418,2,240325601,241113279,489566139,0.129727,-0.61942,1,0.690591,0.160779085812522
Any AMD,415,2,238185483,238814630,487426021,-0.13139,-1,0.65674,0.700607,0.154525527814521
Any AMD,355,2,170865766,171566482,420106304,0.0907226,-0.47702,0.7018,0.708782,0.149487320184121
Any AMD,263,2,55663337,56394698,304903875,0.222546,-0.98553,1,0.714629,0.145919363890051
Any AMD,402,2,224938732,226242842,474179270,-0.0911685,-0.73004,0.48561,0.716963,0.144503256201731
Any AMD,256,2,49849186,50756240,299089724,-0.126584,-1,0.73834,0.721139,0.141981016674845
Any AMD,271,2,64696090,65938002,313936628,-0.0607081,-0.44355,0.29537,0.721889,0.141529575828574
Any AMD,223,2,18656326,20064517,267896864,-0.092243,-0.81298,0.5484,0.730809,0.136196112898223
Any AMD,330,2,139505820,140934531,388746358,-0.160972,-1,0.83186,0.730839,0.136178285302989
Any AMD,373,2,189882703,191051954,439123241,0.055542,-0.29519,0.3963,0.735734,0.133279173723447
Any AMD,405,2,228812486,229764918,478053024,0.0647722,-0.36771,0.5321,0.740374,0.130548840938574
Any AMD,404,2,227557842,228812485,476798380,0.0306497,-0.16354,0.22344,0.752285,0.123617597601488
Any AMD,325,2,133352951,134359059,382593489,-0.117368,-1,0.8247,0.752818,0.123310005405431
Any AMD,208,2,4766970,5568653,254007508,-0.116842,-1,0.7949,0.757912,0.120381216707041
Any AMD,320,2,127895645,129486897,377136183,0.0679959,-0.47823,0.6889,0.765945,0.115802414511102
Any AMD,254,2,48171059,49114132,297411597,-0.552847,-1,1,0.768602,0.114298489780812
Any AMD,368,2,184148656,184866232,433389194,0.0650326,-0.46096,0.61008,0.783153,0.106153384091963
Any AMD,273,2,67224028,67979828,316464566,0.0773454,-0.59554,0.83367,0.78777,0.103600562093185
Any AMD,301,2,105120579,106546524,354361117,0.052834,-0.4029,0.57358,0.793916,0.100225445515382
Any AMD,238,2,34890559,35609257,284131097,0.0655791,-0.6214,0.78128,0.817505,0.087509582440436
Any AMD,357,2,172501316,173287857,421741854,0.0602371,-0.56038,0.70909,0.820097,0.0861347767951749
Any AMD,353,2,169224446,170155561,418464984,-0.0774379,-1,0.84644,0.823105,0.0845447601559944
Any AMD,349,2,164702313,165917788,413942851,0.0866701,-0.86195,1,0.829348,0.0812631983197576
Any AMD,326,2,134359060,135160197,383599598,-0.034084,-0.42899,0.35795,0.853046,0.0690275491284686
Any AMD,394,2,217566012,218396258,466806550,-0.0771856,-1,0.99515,0.854978,0.0680450602443737
Any AMD,259,2,52494112,53032976,301734650,-0.0541574,-0.81661,0.70056,0.856481,0.0672822668919107
Any AMD,269,2,62429911,63672118,311670449,-0.0438706,-0.61607,0.49049,0.857228,0.0669036518545516
Any AMD,407,2,230541093,231847386,479781631,-0.0305245,-0.39666,0.33019,0.859809,0.0655980132433428
Any AMD,267,2,59251997,60775066,308492535,-0.0280131,-0.36498,0.30859,0.862427,0.064277655488207
Any AMD,382,2,203639687,205038119,452880225,-0.0373564,-0.56428,0.49543,0.867516,0.0617225065686381
Any AMD,375,2,193033983,195300250,442274521,0.0320216,-0.48115,0.57945,0.8807,0.0551720036567837
Any AMD,296,2,98989361,100202436,348229899,-0.06356,-1,1,0.881128,0.054960997767547
Any AMD,417,2,239634351,240325600,488874889,-0.0435958,-0.81068,0.6946,0.881568,0.0547441826434345
Any AMD,392,2,215002485,215899570,464243023,-0.0565918,-1,1,0.901295,0.0451330382072738
Any AMD,312,2,119635490,121073752,368876028,-0.0539273,-1,0.79569,0.90335,0.0441439511058555
Any AMD,241,2,36867390,37603360,286107928,-0.0371875,-0.88452,0.7459,0.905882,0.0429283697474861
Any AMD,247,2,42307419,43295776,291547957,-0.0260977,-0.60707,0.54106,0.911425,0.0402790630773139
Any AMD,403,2,226242843,227557841,475483381,0.0156081,-0.26603,0.30069,0.911498,0.0402442799326656
Any AMD,321,2,129486898,130485398,378727436,-0.0220416,-0.46596,0.39377,0.912227,0.0398970777018795
Any AMD,342,2,155207970,156130947,404448508,-0.0572606,-1,1,0.922219,0.0351659344803567
Any AMD,307,2,113930669,115203835,363171207,0.0179018,-0.63039,0.67525,0.946248,0.0239950254204116
Any AMD,265,2,57433654,57952945,306674192,0.0164076,-0.51118,0.5586,0.946432,0.0239105841150436
Any AMD,245,2,40786177,41540439,290026715,0.0126533,-0.40393,0.43839,0.948933,0.0227644501201203
Any AMD,398,2,221445192,222327713,470685730,0.0175877,-0.76446,0.83552,0.953386,0.0207312297609678
Any AMD,401,2,224123080,224938731,473363618,0.0127443,-0.49228,0.50864,0.953839,0.0205249243654306
Any AMD,331,2,140934532,141802664,390175070,-0.0112762,-0.43031,0.40753,0.954114,0.02039973157153
Any AMD,319,2,126754028,127895644,375994566,-0.0102989,-0.44175,0.39885,0.954445,0.0202490928174216
Any AMD,266,2,57952946,59251996,307193484,0.0277128,-1,1,0.959032,0.0181669014929852
Any AMD,411,2,234945578,235625789,484186116,0.0230151,-1,1,0.968398,0.0139461161632465
Any AMD,334,2,143259781,144503688,392500319,0.00601152,-0.34997,0.35917,0.971764,0.0124391938621718
Any AMD,339,2,151428989,152497375,400669527,0.0105877,-0.95659,0.99444,0.977387,0.0099334417205864
Any AMD,359,2,174118390,174927563,423358928,-0.00441903,-0.47535,0.47919,0.982901,0.00749022308233032
Any AMD,228,2,24669225,25895394,273909763,0.0629546,-1,1,0.988107,0.00519602404250269
Dry AMD,478,3,65326752,66702084,557755656,-0.912383,-1,-0.35534,0.00090993,3.04099201623171
Dry AMD,431,3,8664893,9970731,501093797,0.29403,0.06889,0.53337,0.00940351,2.02671000926216
Dry AMD,578,3,178110323,179372165,670539227,0.666017,0.15856,1,0.0105248,1.97778614819744
Dry AMD,589,3,192049689,193122090,684478593,0.587615,0.1205,1,0.0170649,1.76789625233556
Dry AMD,550,3,147358244,148638308,639787148,0.351062,0.03491,0.75314,0.0301832,1.52023471854751
Dry AMD,522,3,117241645,118086929,609670549,0.71545,0.0668,1,0.0392377,1.40629645762704
Dry AMD,511,3,104878978,106174685,597307882,-0.4152,-0.98113,-0.02506,0.0410449,1.38674079809283
Dry AMD,498,3,87411259,88375763,579840163,0.744185,0.04396,1,0.0456951,1.34013036791822
Dry AMD,508,3,101906990,103450271,594335894,-0.354425,-0.75767,-0.00587,0.04995,1.301464507438
Dry AMD,580,3,181424324,183203155,673853228,-0.79306,-1,-0.00056,0.0513615,1.28936230129025
Dry AMD,591,3,194217141,195196789,686646045,-0.31816,-0.7956,-0.0016,0.053622,1.27065699168165
Dry AMD,546,3,142976708,144408821,635405612,-1,-1,0.07276,0.0554926,1.25576492666898
Dry AMD,440,3,19030989,20754842,511459893,-0.314847,-0.72882,0.00613,0.0565203,1.24779554165719
Dry AMD,575,3,174684708,175671424,667113612,-1,-1,0.18425,0.0595746,1.2249388649425
Dry AMD,570,3,168972663,170174578,661401567,-0.300391,-0.6459,0.01087,0.0610568,1.21426596090797
Dry AMD,574,3,173415592,174684707,665844496,0.288861,-0.01219,0.61969,0.0622591,1.20579716164674
Dry AMD,436,3,14312008,15150876,506740912,0.483066,-0.07978,1,0.087709,1.05695584050177
Dry AMD,470,3,56954879,58557718,549383783,-0.407642,-1,0.08482,0.102145,0.990782887235699
Dry AMD,541,3,137372142,138693846,629801046,0.296256,-0.06552,0.77296,0.102263,0.990281470906032
Dry AMD,428,3,5496183,6421145,497925087,0.375022,-0.09496,1,0.110349,0.957231598129419
Dry AMD,590,3,193122091,194217140,685550995,-0.495165,-1,0.11041,0.113043,0.946756325450393
Dry AMD,519,3,113657666,115649909,606086570,0.225461,-0.05829,0.5444,0.113781,0.943930253618226
Dry AMD,585,3,187939200,189451805,680368104,-0.309042,-0.99294,0.0948,0.114919,0.939608161799229
Dry AMD,584,3,186602046,187939199,679030950,-0.249463,-0.65724,0.07512,0.117003,0.931803002640656
Dry AMD,450,3,29877023,31269697,522305927,0.229068,-0.06601,0.541,0.119553,0.922439521454533
Dry AMD,467,3,54074845,54892586,546503749,0.283734,-0.08882,0.7464,0.130072,0.885816181949093
Dry AMD,483,3,71223282,72334704,563652186,0.310019,-0.11293,0.98498,0.143913,0.841899973448686
Dry AMD,464,3,47588462,50387742,540017366,-0.46248,-1,0.18895,0.151815,0.818685316086183
Dry AMD,558,3,156795411,157633700,649224315,-0.868321,-1,0.24236,0.156881,0.804429651026289
Dry AMD,421,3,60197,795746,492489101,0.509468,-0.19591,1,0.161648,0.791429664354851
Dry AMD,577,3,176931164,178110322,669360068,0.243047,-0.11377,0.65383,0.172124,0.764158569876594
Dry AMD,485,3,73606613,74383137,566035517,-0.30451,-0.91294,0.15422,0.184116,0.734908468911661
Dry AMD,554,3,151904022,153406718,644332926,0.696215,-0.27286,1,0.187157,0.727793924870581
Dry AMD,439,3,17182495,19030988,509611399,0.236657,-0.13114,0.65448,0.193639,0.713007168830174
Dry AMD,477,3,64662374,65326751,557091278,-0.269642,-0.7573,0.15644,0.202103,0.694427239805944
Dry AMD,532,3,125992651,127495173,618421555,0.207241,-0.1199,0.59249,0.212635,0.672365248487215
Dry AMD,499,3,88375764,89612939,580804668,0.373369,-0.25678,1,0.218163,0.661218902961148
Dry AMD,564,3,162622605,163250112,655051509,-0.704103,-1,0.48441,0.219326,0.658909881832653
Dry AMD,457,3,36840137,38729767,529269041,-0.142603,-0.4105,0.10767,0.261476,0.582568167392883
Dry AMD,481,3,68319771,69784969,560748675,0.160371,-0.13004,0.46687,0.267054,0.573400912677366
Dry AMD,427,3,4835084,5496182,497263988,0.202952,-0.16833,0.68213,0.271731,0.565860812958812
Dry AMD,474,3,61277588,62609818,553706492,0.314667,-0.27352,1,0.281238,0.550925999173791
Dry AMD,504,3,97351956,98212868,589780860,-0.312807,-1,0.30775,0.285793,0.543948412699015
Dry AMD,555,3,153406719,155046423,645835623,0.174282,-0.16026,0.57133,0.291297,0.535663988047083
Dry AMD,543,3,139831268,141034637,632260172,0.22528,-0.19513,0.78736,0.291367,0.535559637636282
Dry AMD,569,3,167118894,168972662,659547798,-0.207233,-0.73556,0.20957,0.297475,0.526549526803549
Dry AMD,539,3,133718494,135288394,626147398,0.179404,-0.1713,0.56771,0.30173,0.520381507237246
Dry AMD,527,3,121362443,122340832,613791347,-0.369587,-1,0.39769,0.302831,0.518799669331069
Dry AMD,490,3,79023361,80385708,571452265,-0.178244,-0.56389,0.1769,0.313651,0.503553323482012
Dry AMD,502,3,95088588,96055532,587517492,-0.254631,-0.89318,0.27875,0.315163,0.501464774174342
Dry AMD,512,3,106174686,107736519,598603590,-0.325763,-1,0.35342,0.321514,0.492800111416685
Dry AMD,516,3,110935509,111693782,603364413,-0.252372,-0.9362,0.30014,0.327558,0.484711789260808
Dry AMD,447,3,26905341,27614908,519334245,-0.197243,-0.63059,0.22211,0.328652,0.483263720492024
Dry AMD,573,3,172004761,173415591,664433665,0.201789,-0.24101,0.86212,0.332141,0.478677511108305
Dry AMD,515,3,109519607,110935508,601948511,0.478595,-0.44832,1,0.332184,0.478621289642162
Dry AMD,542,3,138693847,139831267,631122751,-0.167684,-0.57128,0.18446,0.341302,0.466861166786058
Dry AMD,506,3,99045105,100552522,591474009,0.244038,-0.30986,0.93242,0.348027,0.458387062098968
Dry AMD,552,3,149998412,151131307,642427316,0.214622,-0.27291,0.86171,0.349247,0.456867315747901
Dry AMD,525,3,119759984,120574477,612188888,0.542544,-0.52608,1,0.390748,0.408103236190891
Dry AMD,540,3,135288395,137372141,627717299,0.170096,-0.22778,0.61426,0.391509,0.407258249939599
Dry AMD,433,3,11226368,11997658,503655272,0.207892,-0.30406,0.94289,0.391715,0.407029797631358
Dry AMD,453,3,33020869,33991869,525449773,-0.205004,-0.8545,0.31682,0.394948,0.403460081081606
Dry AMD,579,3,179372166,181424323,671801070,0.152586,-0.21476,0.58588,0.398905,0.399130520073213
Dry AMD,509,3,103450272,104116563,595879176,0.438681,-0.78362,1,0.405588,0.391914902813966
Dry AMD,434,3,11997659,12859209,504426563,0.979247,-0.84698,1,0.415995,0.380911889290227
Dry AMD,451,3,31269698,32378805,523698602,0.155127,-0.23975,0.59915,0.41955,0.377216274572792
Dry AMD,425,3,3128153,4109393,495557057,-0.162381,-0.6636,0.26953,0.426237,0.370348853546334
Dry AMD,449,3,28649811,29877022,521078715,-0.140366,-0.58068,0.23105,0.445374,0.351275139762948
Dry AMD,438,3,16084006,17182494,508512910,-0.187785,-0.87644,0.33986,0.44833,0.348402199348495
Dry AMD,530,3,124823007,125475722,617251911,0.3773,-0.80351,1,0.448921,0.347830078334589
Dry AMD,572,3,171134850,172004760,663563754,0.422197,-0.58697,1,0.472131,0.325937482968583
Dry AMD,455,3,35009560,35913033,527438464,-0.167131,-0.76028,0.33872,0.481053,0.317807072608471
Dry AMD,586,3,189451806,190591293,681880710,-0.139655,-0.63582,0.30228,0.493235,0.306946113407315
Dry AMD,593,3,195710291,196383152,688139195,0.23452,-0.52473,1,0.498633,0.302218982864638
Dry AMD,520,3,115649910,116498570,608078814,0.447625,-0.86438,1,0.506791,0.29517110626895
Dry AMD,446,3,25516194,26905340,517945098,-0.277527,-1,0.63819,0.524188,0.280512925383762
Dry AMD,588,3,191229358,192049688,683658262,0.168777,-0.4068,0.84757,0.526424,0.278664319185201
Dry AMD,533,3,127495174,129091975,619924078,-0.124707,-0.59045,0.28499,0.529855,0.275842963070225
Dry AMD,563,3,161628884,162622604,654057788,0.51011,-1,1,0.567501,0.246033368858894
Dry AMD,463,3,45844192,47588461,538273096,0.14102,-0.39854,0.7789,0.571843,0.242723190774848
Dry AMD,460,3,40897628,42301657,533326532,-0.102644,-0.50571,0.28371,0.57938,0.237036500570906
Dry AMD,443,3,22648002,23426044,515076906,0.113178,-0.33846,0.60679,0.608913,0.215444753867966
Dry AMD,454,3,33991870,35009559,526420774,-0.242969,-1,0.83468,0.625648,0.203669939399218
Dry AMD,486,3,74383138,75374967,566812042,-0.576188,-1,0.76543,0.632729,0.198782259975264
Dry AMD,466,3,51953969,54074844,544382873,0.0572803,-0.18941,0.30545,0.636298,0.196339441827942
Dry AMD,430,3,7529555,8664892,499958459,0.13476,-0.52073,1,0.63949,0.194166242395296
Dry AMD,461,3,42301658,44141693,534730562,0.0796305,-0.26871,0.44493,0.639712,0.194015502518482
Dry AMD,488,3,76157471,77507832,568586375,0.104815,-0.4227,0.72635,0.642749,0.191958590367435
Dry AMD,531,3,125475723,125992650,617904627,0.0875231,-0.33431,0.51206,0.66331,0.178283455268966
Dry AMD,583,3,185709997,186602045,678138901,-0.122422,-1,0.57103,0.683738,0.165110282712649
Dry AMD,565,3,163250113,164037360,655679017,0.227677,-1,1,0.685881,0.163751227626199
Dry AMD,468,3,54892587,55616625,547321491,0.0783112,-0.33765,0.50245,0.691985,0.159903319543002
Dry AMD,571,3,170174579,171134849,662603483,-0.0618891,-0.38958,0.25928,0.694564,0.158287730392548
Dry AMD,445,3,24270190,25516193,516699094,0.0405348,-0.17159,0.25323,0.705062,0.151772691414338
Dry AMD,473,3,60571140,61277587,553000044,0.377479,-1,1,0.709467,0.149067800419628
Dry AMD,517,3,111693783,112408513,604122687,0.832658,-1,1,0.722344,0.141255930238418
Dry AMD,534,3,129091976,130242360,621520880,0.300045,-0.90861,1,0.723615,0.140492439117768
Dry AMD,592,3,195196790,195710290,687625694,0.0724186,-0.42761,0.62358,0.733097,0.134838557722275
Dry AMD,492,3,81431497,82532742,573860401,-0.065973,-0.47607,0.33669,0.736106,0.133059642319615
Dry AMD,548,3,145211908,145903838,637640812,-0.251504,-1,1,0.73796,0.131967177811204
Dry AMD,521,3,116498571,117241644,608927475,-0.120459,-1,0.78016,0.742201,0.129478464842815
Dry AMD,456,3,35913034,36840136,528341938,-0.111145,-1,0.7345,0.746494,0.126973678598518
Dry AMD,476,3,63670804,64662373,556099708,-0.0711669,-0.60813,0.41539,0.746516,0.126960879650618
Dry AMD,475,3,62609819,63670803,555038723,-0.0648825,-0.59602,0.40842,0.756495,0.121193938069857
Dry AMD,444,3,23426045,24270189,515854949,0.0685436,-0.42681,0.61809,0.765036,0.116318127939863
Dry AMD,560,3,158460059,159478751,650888963,-0.0873108,-1,0.73718,0.791681,0.101449777814074
Dry AMD,505,3,98212869,99045104,590641773,-0.077292,-0.88314,0.68297,0.80059,0.0965898388773567
Dry AMD,469,3,55616626,56954878,548045530,0.0458788,-0.41323,0.52054,0.826373,0.0828238809155531
Dry AMD,501,3,94250145,95088587,586679049,0.262133,-1,1,0.830024,0.0809093498927531
Dry AMD,507,3,100552523,101906989,592981427,0.039874,-0.38761,0.48474,0.843625,0.0738505588505546
Dry AMD,557,3,155928191,156795410,648357095,-0.0604479,-0.95465,0.71489,0.851788,0.0696684825652668
Dry AMD,426,3,4109394,4835083,496538298,0.0413208,-0.46068,0.5532,0.853877,0.0686046844263416
Dry AMD,441,3,20754843,21790867,513183747,0.032088,-0.3646,0.42007,0.862011,0.0644871921696956
Dry AMD,595,3,197147991,197962380,689576895,0.0541561,-0.73699,0.86274,0.863287,0.0638447989600042
Dry AMD,465,3,50387743,51953968,542816647,-0.0530786,-0.85749,0.69289,0.864276,0.0633475467156285
Dry AMD,549,3,145903839,147358243,638332743,-0.0652592,-1,1,0.867602,0.0616794555191138
Dry AMD,518,3,112408514,113657665,604837418,-0.0236103,-0.37054,0.30859,0.880577,0.055232662169171
Dry AMD,491,3,80385709,81431496,572814613,-0.0453239,-1,0.94646,0.899494,0.0460017292340298
Dry AMD,523,3,118086930,118903053,610515834,-0.310257,-1,1,0.901497,0.0450357141835244
Dry AMD,528,3,122340833,123518507,614769737,0.0212974,-0.33976,0.38501,0.901755,0.0449114409515018
Dry AMD,581,3,183203156,184524268,675632060,0.0195146,-0.3368,0.39544,0.904474,0.0436039128493005
Dry AMD,594,3,196383153,197147990,688812057,-0.0309914,-0.7904,0.68768,0.915199,0.0384844630863648
Dry AMD,489,3,77507833,79023360,569936737,0.0832111,-1,1,0.92072,0.0358724229446382
Dry AMD,448,3,27614909,28649810,520043813,-0.0378873,-1,0.95069,0.92209,0.0352266878446323
Dry AMD,562,3,160584962,161628883,653013866,0.0409025,-1,1,0.926818,0.0330055402416188
Dry AMD,561,3,159478752,160584961,651907656,0.0210575,-0.54634,0.60242,0.930896,0.031098835827507
Dry AMD,551,3,148638309,149998411,641067213,-0.0152732,-0.39431,0.35996,0.933101,0.0300713451402591
Dry AMD,432,3,9970732,11226367,502399636,-0.0631153,-1,1,0.95595,0.0195648224644529
Dry AMD,567,3,165054912,165936511,657483816,-0.0173837,-1,1,0.962148,0.0167581185655622
Dry AMD,437,3,15150877,16084005,507579781,-0.00386447,-0.33288,0.33286,0.981208,0.00823891955483699
Dry AMD,452,3,32378806,33020868,524807710,-0.00224414,-0.59323,0.56775,0.99256,0.00324323078015353
Dry AMD,442,3,21790868,22648001,514219772,-0.00207316,-0.66445,0.62687,0.993513,0.00282644582510004
Wet AMD,491,3,80385709,81431496,572814613,1,0.39514,1,0.000463255,3.33417988456019
Wet AMD,585,3,187939200,189451805,680368104,-0.481414,-0.97692,-0.15945,0.00338503,2.47043747800492
Wet AMD,535,3,130242361,131373470,622671265,0.539595,0.15206,1,0.00814262,2.08923583240033
Wet AMD,496,3,85807680,86660979,578236584,0.950047,0.2918,1,0.00871403,2.05978094924167
Wet AMD,525,3,119759984,120574477,612188888,0.57919,0.13206,1,0.0114473,1.94129693545304
Wet AMD,438,3,16084006,17182494,508512910,0.488795,0.08025,1,0.0221313,1.65499307471964
Wet AMD,507,3,100552523,101906989,592981427,-0.438992,-0.90812,-0.06371,0.0245124,1.61061416505437
Wet AMD,430,3,7529555,8664892,499958459,0.323514,0.03428,0.63898,0.0266664,1.57403561069425
Wet AMD,497,3,86660980,87411258,579089884,0.781753,0.11861,1,0.0268003,1.57186034449303
Wet AMD,550,3,147358244,148638308,639787148,0.316744,0.03972,0.64258,0.0298237,1.52543847792187
Wet AMD,551,3,148638309,149998411,641067213,-0.335341,-0.70215,-0.01473,0.0394077,1.40441891165704
Wet AMD,500,3,89612940,94250144,582041844,0.416463,0.02241,1,0.0417401,1.37944651479629
Wet AMD,483,3,71223282,72334704,563652186,0.468881,0.0215,1,0.0427163,1.36940637206503
Wet AMD,495,3,84698481,85807679,577127385,0.779824,0.00291,1,0.05322,1.27392512978463
Wet AMD,505,3,98212869,99045104,590641773,0.723513,-0.00081,1,0.0571398,1.24306128406263
Wet AMD,526,3,120574478,121362442,613003382,0.891993,0.01215,1,0.0588127,1.23052888235303
Wet AMD,436,3,14312008,15150876,506740912,0.323754,-0.01953,0.71355,0.0638625,1.19475408430968
Wet AMD,565,3,163250113,164037360,655679017,0.731749,-0.02378,1,0.0644649,1.19067668669085
Wet AMD,478,3,65326752,66702084,557755656,-0.311076,-0.76732,0.03879,0.0767174,1.11510612409582
Wet AMD,435,3,12859210,14312007,505288114,-0.550007,-1,0.06452,0.0830005,1.08091929139999
Wet AMD,521,3,116498571,117241644,608927475,-0.391358,-1,0.10354,0.114091,0.942748613289926
Wet AMD,445,3,24270190,25516193,516699094,0.17099,-0.04917,0.39564,0.127171,0.895611913655308
Wet AMD,472,3,59998584,60571139,552427488,-0.548656,-1,0.20143,0.143146,0.844220783179922
Wet AMD,552,3,149998412,151131307,642427316,-0.366333,-1,0.13786,0.14453,0.840041997321481
Wet AMD,532,3,125992651,127495173,618421555,0.233802,-0.09138,0.5961,0.152539,0.816619105042529
Wet AMD,465,3,50387743,51953968,542816647,-0.463188,-1,0.21629,0.164846,0.782921586579693
Wet AMD,426,3,4109394,4835083,496538298,0.261312,-0.10948,0.70268,0.171046,0.766887077563338
Wet AMD,582,3,184524269,185709996,676953173,0.252778,-0.15642,0.79144,0.204646,0.688996739632955
Wet AMD,570,3,168972663,170174578,661401567,-0.610457,-1,0.26858,0.2064,0.685290307044826
Wet AMD,556,3,155046424,155928190,647475328,0.46483,-0.32005,1,0.207317,0.683365084285875
Wet AMD,482,3,69784970,71223281,562213874,-0.63894,-1,0.26466,0.215825,0.665898250416805
Wet AMD,563,3,161628884,162622604,654057788,-0.68712,-1,0.39071,0.220441,0.65670762752546
Wet AMD,539,3,133718494,135288394,626147398,-0.249899,-0.75952,0.17444,0.221421,0.654781192167241
Wet AMD,516,3,110935509,111693782,603364413,-0.376377,-1,0.26249,0.223087,0.651525736720922
Wet AMD,479,3,66702085,67454740,559130989,0.200564,-0.13667,0.56022,0.244541,0.611648316168246
Wet AMD,499,3,88375764,89612939,580804668,0.365178,-0.28778,1,0.249692,0.602595371991916
Wet AMD,576,3,175671425,176931163,668100329,0.230659,-0.18468,0.78488,0.253977,0.595205611038954
Wet AMD,523,3,118086930,118903053,610515834,-0.47455,-1,0.36073,0.260068,0.584913082169326
Wet AMD,423,3,1440049,2140011,493868953,0.493189,-0.41195,1,0.266565,0.57419687406966
Wet AMD,562,3,160584962,161628883,653013866,-1,-1,0.83996,0.273792,0.562579245780604
Wet AMD,506,3,99045105,100552522,591474009,0.212512,-0.19478,0.68579,0.278483,0.555201311195946
Wet AMD,533,3,127495174,129091975,619924078,-0.213667,-0.71675,0.20085,0.283019,0.548184407874397
Wet AMD,595,3,197147991,197962380,689576895,0.178236,-0.15578,0.57862,0.287582,0.541238300296509
Wet AMD,555,3,153406719,155046423,645835623,0.248214,-0.22568,1,0.288071,0.540500459782405
Wet AMD,528,3,122340833,123518507,614769737,0.238627,-0.23431,0.87333,0.303794,0.517420807802474
Wet AMD,471,3,58557719,59998583,550986623,-0.209639,-0.70141,0.20608,0.305198,0.515418316692943
Wet AMD,542,3,138693847,139831267,631122751,-0.428559,-1,0.36483,0.307073,0.512758368078292
Wet AMD,424,3,2140012,3128152,494568916,0.273969,-0.26298,1,0.310668,0.507703478444866
Wet AMD,490,3,79023361,80385708,571452265,0.224599,-0.23661,0.82399,0.315943,0.500391262376432
Wet AMD,592,3,195196790,195710290,687625694,0.613734,-0.40596,1,0.333869,0.476423903658869
Wet AMD,443,3,22648002,23426044,515076906,0.176695,-0.19434,0.58064,0.343313,0.464309751128954
Wet AMD,457,3,36840137,38729767,529269041,-0.17813,-0.6654,0.22207,0.347988,0.458435731983416
Wet AMD,557,3,155928191,156795410,648357095,0.493511,-0.55316,1,0.349861,0.456104466859174
Wet AMD,485,3,73606613,74383137,566035517,-0.223395,-0.86323,0.26668,0.3514,0.454198242840724
Wet AMD,492,3,81431497,82532742,573860401,0.176637,-0.22058,0.59144,0.35791,0.446226167259206
Wet AMD,564,3,162622605,163250112,655051509,-0.337718,-1,0.56535,0.382354,0.417534362075441
Wet AMD,588,3,191229358,192049688,683658262,0.201788,-0.29,0.76789,0.393982,0.404523619492313
Wet AMD,549,3,145903839,147358243,638332743,0.349869,-0.60482,1,0.40156,0.396249554439885
Wet AMD,451,3,31269698,32378805,523698602,0.117352,-0.17493,0.42341,0.425019,0.371591654865655
Wet AMD,527,3,121362443,122340832,613791347,-0.221754,-1,0.39737,0.433098,0.363413821790752
Wet AMD,594,3,196383153,197147990,688812057,-0.288655,-1,0.52143,0.438872,0.357662126225878
Wet AMD,437,3,15150877,16084005,507579781,0.154955,-0.2527,0.63634,0.43957,0.356971955190873
Wet AMD,541,3,137372142,138693846,629801046,0.331126,-0.46524,1,0.448415,0.348319868181726
Wet AMD,569,3,167118894,168972662,659547798,0.333097,-0.5001,1,0.457015,0.34006954542179
Wet AMD,434,3,11997659,12859209,504426563,0.416396,-0.79258,1,0.458107,0.339033072034991
Wet AMD,553,3,151131308,151904021,643560212,0.228959,-0.47456,1,0.465004,0.332543311259603
Wet AMD,577,3,176931164,178110322,669360068,0.353834,-0.58151,1,0.468916,0.328904948337799
Wet AMD,567,3,165054912,165936511,657483816,0.236651,-0.53267,1,0.479368,0.319330960471887
Wet AMD,450,3,29877023,31269697,522305927,0.089051,-0.16889,0.34962,0.489696,0.310073443429245
Wet AMD,462,3,44141694,45844191,536570598,-0.271883,-1,0.57613,0.492019,0.308018126021602
Wet AMD,536,3,131373471,132124018,623802375,0.211208,-0.50398,1,0.492666,0.307447408339848
Wet AMD,580,3,181424324,183203155,673853228,-0.243017,-1,0.48744,0.496489,0.30409036910661
Wet AMD,587,3,190591294,191229357,683020198,0.154323,-0.34393,0.71913,0.502109,0.299201994090089
Wet AMD,475,3,62609819,63670803,555038723,0.0872455,-0.1845,0.37317,0.518652,0.285123943060457
Wet AMD,511,3,104878978,106174685,597307882,-0.106038,-0.45614,0.22783,0.524493,0.280260303622301
Wet AMD,540,3,135288395,137372141,627717299,0.113698,-0.26449,0.50342,0.534675,0.27191012189531
Wet AMD,510,3,104116564,104878977,596545468,-0.126347,-0.5729,0.29735,0.535925,0.270895983376607
Wet AMD,431,3,8664893,9970731,501093797,0.15103,-0.39923,0.967,0.541066,0.266749755803724
Wet AMD,504,3,97351956,98212868,589780860,-0.198176,-1,0.54686,0.541899,0.266081650417546
Wet AMD,538,3,132925968,133718493,625354872,-0.353544,-1,0.71452,0.543715,0.264628685524374
Wet AMD,519,3,113657666,115649909,606086570,-0.0955001,-0.45556,0.23507,0.547429,0.261672199606984
Wet AMD,509,3,103450272,104116563,595879176,0.234853,-0.68803,1,0.557093,0.254072298515019
Wet AMD,581,3,183203156,184524268,675632060,-0.0673565,-0.30034,0.15906,0.557272,0.253932777419275
Wet AMD,534,3,129091976,130242360,621520880,0.137321,-0.3889,0.79872,0.56636,0.246907426915596
Wet AMD,489,3,77507833,79023360,569936737,0.441657,-0.91432,1,0.571358,0.243091687367066
Wet AMD,586,3,189451806,190591293,681880710,0.103604,-0.27467,0.51319,0.571954,0.242638898391423
Wet AMD,470,3,56954879,58557718,549383783,-0.0949777,-0.46342,0.25136,0.573209,0.241686999329034
Wet AMD,561,3,159478752,160584961,651907656,0.279231,-0.72276,1,0.574845,0.240449241778724
Wet AMD,481,3,68319771,69784969,560748675,-0.084294,-0.39627,0.22583,0.576717,0.239037246616888
Wet AMD,568,3,165936512,167118893,658365416,0.180667,-0.59214,1,0.57967,0.236819175343556
Wet AMD,439,3,17182495,19030988,509611399,-0.099442,-0.5028,0.27884,0.582737,0.234527406166441
Wet AMD,508,3,101906990,103450271,594335894,-0.109462,-0.53942,0.31362,0.585178,0.232712009713852
Wet AMD,554,3,151904022,153406718,644332926,0.156975,-0.50335,0.99204,0.588975,0.229903139155977
Wet AMD,476,3,63670804,64662373,556099708,-0.0799541,-0.41308,0.24512,0.61574,0.210602632643687
Wet AMD,425,3,3128153,4109393,495557057,-0.115125,-0.76917,0.40001,0.623189,0.205380221063128
Wet AMD,574,3,173415592,174684707,665844496,-0.109959,-0.69717,0.41412,0.640188,0.193692470745817
Wet AMD,531,3,125475723,125992650,617904627,0.535291,-1,1,0.64022,0.19367076294108
Wet AMD,571,3,170174579,171134849,662603483,-0.110488,-0.7164,0.40241,0.640292,0.193621924347252
Wet AMD,440,3,19030989,20754842,511459893,0.0873677,-0.34931,0.59505,0.661887,0.179216148725528
Wet AMD,453,3,33020869,33991869,525449773,-0.0908075,-0.54441,0.35078,0.665347,0.176951796981295
Wet AMD,455,3,35009560,35913033,527438464,-0.105192,-0.79819,0.48713,0.686912,0.163098896655651
Wet AMD,474,3,61277588,62609818,553706492,0.0527571,-0.22985,0.34987,0.70799,0.149972876456403
Wet AMD,448,3,27614909,28649810,520043813,-0.0954915,-0.73803,0.48012,0.71008,0.148692719448086
Wet AMD,461,3,42301658,44141693,534730562,-0.0670013,-0.46219,0.32646,0.717773,0.144012882268525
Wet AMD,466,3,51953969,54074844,544382873,-0.0581386,-0.4586,0.30939,0.719316,0.143080279426131
Wet AMD,591,3,194217141,195196789,686646045,-0.10664,-0.91989,0.57973,0.720616,0.142296099367811
Wet AMD,422,3,795747,1440048,493224651,0.141224,-0.72524,1,0.720777,0.142199080148379
Wet AMD,464,3,47588462,50387742,540017366,-0.115867,-1,0.68091,0.723019,0.140850289860746
Wet AMD,529,3,123518508,124823006,615947412,-0.117435,-1,0.75019,0.735818,0.133229592415387
Wet AMD,522,3,117241645,118086929,609670549,-0.112127,-1,0.7706,0.739589,0.131009556781154
Wet AMD,590,3,193122091,194217140,685550995,-0.0423473,-0.30597,0.22118,0.742006,0.129592582919954
Wet AMD,517,3,111693783,112408513,604122687,0.113689,-0.75921,1,0.742839,0.129105303316524
Wet AMD,575,3,174684708,175671424,667113612,0.275045,-0.98266,1,0.746661,0.126876532382914
Wet AMD,441,3,20754843,21790867,513183747,0.058211,-0.37126,0.49699,0.774097,0.111204615641072
Wet AMD,583,3,185709997,186602045,678138901,-0.0714695,-0.78865,0.55353,0.779925,0.107947158402095
Wet AMD,421,3,60197,795746,492489101,-0.064329,-0.71368,0.52106,0.794605,0.099848706502431
Wet AMD,444,3,23426045,24270189,515854949,0.0980352,-0.93356,1,0.81223,0.0903209737306878
Wet AMD,584,3,186602046,187939199,679030950,-0.0418482,-0.45362,0.34083,0.812675,0.0900831000712695
Wet AMD,543,3,139831268,141034637,632260172,0.150361,-1,1,0.813753,0.0895073973410554
Wet AMD,452,3,32378806,33020868,524807710,0.065516,-0.61778,0.85922,0.816454,0.0880682789113136
Wet AMD,477,3,64662374,65326751,557091278,-0.0445109,-0.45218,0.382,0.819198,0.0866111166588012
Wet AMD,469,3,55616626,56954878,548045530,0.0387622,-0.30719,0.3916,0.819827,0.0862777828261537
Wet AMD,503,3,96055533,97351955,588484437,0.0606344,-0.81428,1,0.855941,0.0675561702031288
Wet AMD,449,3,28649811,29877022,521078715,0.0203721,-0.20612,0.24895,0.855982,0.0675353677794667
Wet AMD,573,3,172004761,173415591,664433665,0.0448209,-0.61687,0.75514,0.860568,0.0652148070819594
Wet AMD,429,3,6421146,7529554,498850050,0.0475236,-0.65063,0.76202,0.860855,0.0650699937299116
Wet AMD,442,3,21790868,22648001,514219772,0.0352143,-0.42884,0.51719,0.865058,0.0629547731877884
Wet AMD,447,3,26905341,27614908,519334245,0.0498228,-0.69332,0.84351,0.868378,0.0612911877505865
Wet AMD,456,3,35913034,36840136,528341938,0.0326759,-0.49086,0.58048,0.888688,0.0512506840929752
Wet AMD,548,3,145211908,145903838,637640812,0.0861015,-1,1,0.918008,0.0371535341138812
Wet AMD,502,3,95088588,96055532,587517492,-0.03343,-0.89775,0.81683,0.921065,0.0357097203512203
Wet AMD,432,3,9970732,11226367,502399636,-0.0899201,-1,1,0.924822,0.0339418476465584
Wet AMD,427,3,4835084,5496182,497263988,0.0521397,-0.98456,1,0.927681,0.032601338174174
Wet AMD,546,3,142976708,144408821,635405612,-0.0177102,-0.46592,0.42005,0.928504,0.0322162209773126
Wet AMD,493,3,82532743,83529394,574961647,-0.0541648,-1,1,0.938272,0.0276712437370624
Wet AMD,473,3,60571140,61277587,553000044,0.0629922,-1,1,0.93992,0.0269091092057114
Wet AMD,463,3,45844192,47588461,538273096,-0.0304109,-1,1,0.968711,0.0138057686928473
Wet AMD,514,3,108638901,109519606,601067805,0.0133941,-1,1,0.984356,0.00684780718406204
Wet AMD,433,3,11226368,11997658,503655272,-0.0022064,-0.80407,0.79741,0.994259,0.0025004691047212
Wet AMD,518,3,112408514,113657665,604837418,8.82188e-05,-0.2455,0.25482,0.999429,0.000248052975032668
Any AMD,478,3,65326752,66702084,557755656,-0.637168,-1,-0.28185,0.000603445,3.21936230681768
Any AMD,436,3,14312008,15150876,506740912,0.514589,0.15499,0.99578,0.0069234,2.15968057626457
Any AMD,589,3,192049689,193122090,684478593,0.826198,0.17249,1,0.015269,1.81618940490187
Any AMD,483,3,71223282,72334704,563652186,0.442433,0.09886,0.97525,0.0155198,1.80911387969227
Any AMD,550,3,147358244,148638308,639787148,0.375283,0.06958,0.76584,0.0167573,1.77579595525005
Any AMD,431,3,8664893,9970731,501093797,0.839817,0.07758,1,0.0255566,1.59249692435778
Any AMD,525,3,119759984,120574477,612188888,0.810906,0.09629,1,0.0267811,1.57217158885803
Any AMD,585,3,187939200,189451805,680368104,-0.305337,-0.62593,-0.0292,0.0289217,1.53877618306076
Any AMD,580,3,181424324,183203155,673853228,-0.438183,-1,-0.0273,0.0380441,1.4197126854406
Any AMD,428,3,5496183,6421145,497925087,0.731622,0.0508,1,0.0390001,1.40893427939933
Any AMD,570,3,168972663,170174578,661401567,-0.534154,-1,-0.04218,0.0434692,1.36181835241976
Any AMD,511,3,104878978,106174685,597307882,-0.361239,-0.8136,0.00437,0.0561543,1.25061698214927
Any AMD,499,3,88375764,89612939,580804668,0.597369,-0.00123,1,0.0578559,1.23765234618866
Any AMD,464,3,47588462,50387742,540017366,-0.341596,-0.81889,0.04691,0.0884518,1.0532933247428
Any AMD,495,3,84698481,85807679,577127385,0.597717,-0.11587,1,0.0958821,1.01826246266066
Any AMD,565,3,163250113,164037360,655679017,0.555144,-0.10819,1,0.105375,0.977262412367201
Any AMD,477,3,64662374,65326751,557091278,-0.276564,-0.66247,0.06132,0.108547,0.964382174986622
Any AMD,546,3,142976708,144408821,635405612,-0.728017,-1,0.13321,0.127818,0.893407982247949
Any AMD,430,3,7529555,8664892,499958459,0.403551,-0.11514,1,0.128551,0.890924540625223
Any AMD,433,3,11226368,11997658,503655272,0.445112,-0.14534,1,0.135873,0.866866835511768
Any AMD,482,3,69784970,71223281,562213874,-0.861937,-1,0.16048,0.138819,0.857551088416919
Any AMD,555,3,153406719,155046423,645835623,0.253713,-0.09404,0.70705,0.142791,0.845299164923388
Any AMD,541,3,137372142,138693846,629801046,0.310525,-0.12628,1,0.147506,0.831190313828908
Any AMD,451,3,31269698,32378805,523698602,0.203679,-0.08196,0.50287,0.15366,0.813439171147927
Any AMD,522,3,117241645,118086929,609670549,0.901375,-0.29534,1,0.157622,0.802383166213276
Any AMD,454,3,33991870,35009559,526420774,-0.639163,-1,0.26648,0.167049,0.777156119821012
Any AMD,516,3,110935509,111693782,603364413,-0.388059,-1,0.19912,0.169407,0.771068648323117
Any AMD,532,3,125992651,127495173,618421555,0.193217,-0.08503,0.50037,0.179425,0.746117045095646
Any AMD,526,3,120574478,121362442,613003382,0.893083,-0.42774,1,0.185429,0.731822343788782
Any AMD,582,3,184524269,185709996,676953173,0.470378,-0.21565,1,0.193078,0.714267208472894
Any AMD,504,3,97351956,98212868,589780860,-0.395463,-1,0.2415,0.194758,0.710504693940395
Any AMD,508,3,101906990,103450271,594335894,-0.236228,-0.64082,0.12081,0.195408,0.709057660245013
Any AMD,591,3,194217141,195196789,686646045,-0.192706,-0.54252,0.10712,0.197223,0.705042439340956
Any AMD,538,3,132925968,133718493,625354872,0.540042,-0.30458,1,0.198047,0.703231731867685
Any AMD,542,3,138693847,139831267,631122751,-0.192843,-0.50655,0.11181,0.203993,0.690384735091417
Any AMD,423,3,1440049,2140011,493868953,0.363408,-0.22163,1,0.207525,0.682929577467348
Any AMD,574,3,173415592,174684707,665844496,0.17823,-0.11253,0.48974,0.2289,0.640354207325457
Any AMD,564,3,162622605,163250112,655051509,-0.53178,-1,0.45259,0.233388,0.631921477629809
Any AMD,509,3,103450272,104116563,595879176,0.464845,-0.34642,1,0.236688,0.625823760093275
Any AMD,425,3,3128153,4109393,495557057,-0.468673,-1,0.32337,0.242958,0.614468796133168
Any AMD,426,3,4109394,4835083,496538298,0.283679,-0.21599,1,0.243717,0.613114176401272
Any AMD,590,3,193122091,194217140,685550995,-0.209551,-0.71568,0.15055,0.246346,0.608454485112357
Any AMD,533,3,127495174,129091975,619924078,-0.234588,-0.7565,0.1718,0.246475,0.608227124713976
Any AMD,507,3,100552523,101906989,592981427,-0.199408,-0.58976,0.14867,0.259809,0.585345808680093
Any AMD,551,3,148638309,149998411,641067213,-0.232594,-0.72345,0.18491,0.263206,0.579704214840792
Any AMD,450,3,29877023,31269697,522305927,0.146114,-0.11674,0.41422,0.265679,0.575642772065269
Any AMD,471,3,58557719,59998583,550986623,-0.522575,-1,0.38957,0.275806,0.55939629023215
Any AMD,421,3,60197,795746,492489101,0.228812,-0.20129,0.86457,0.276289,0.558636405472192
Any AMD,572,3,171134850,172004760,663563754,0.455955,-0.38046,1,0.280579,0.551944836962016
Any AMD,521,3,116498571,117241644,608927475,-0.373994,-1,0.36012,0.282664,0.548729499600029
Any AMD,494,3,83529395,84698480,575958299,-0.544038,-1,0.53753,0.291759,0.534975738230148
Any AMD,592,3,195196790,195710290,687625694,0.20514,-0.21397,0.79528,0.313798,0.503349828727832
Any AMD,575,3,174684708,175671424,667113612,-0.370851,-1,0.39669,0.331782,0.479147179230056
Any AMD,445,3,24270190,25516193,516699094,0.105205,-0.11363,0.32726,0.340309,0.468126565160284
Any AMD,506,3,99045105,100552522,591474009,0.187884,-0.20759,0.66407,0.341635,0.466437642877015
Any AMD,561,3,159478752,160584961,651907656,0.296434,-0.38123,1,0.353781,0.451265494820107
Any AMD,470,3,56954879,58557718,549383783,-0.151107,-0.49005,0.17803,0.353804,0.451237261397727
Any AMD,455,3,35009560,35913033,527438464,-0.195867,-0.67614,0.23258,0.356538,0.447894176020189
Any AMD,540,3,135288395,137372141,627717299,0.168372,-0.21254,0.56516,0.357688,0.446495629661492
Any AMD,505,3,98212869,99045104,590641773,0.259976,-0.35579,1,0.362933,0.440173541399
Any AMD,573,3,172004761,173415591,664433665,0.194915,-0.29807,0.95258,0.39602,0.402282880563617
Any AMD,500,3,89612940,94250144,582041844,0.302403,-0.43116,1,0.396555,0.401696569910095
Any AMD,468,3,54892587,55616625,547321491,0.218695,-0.34025,0.90664,0.398357,0.399727546931543
Any AMD,531,3,125475723,125992650,617904627,0.199159,-0.33708,0.8112,0.419095,0.377687520472199
Any AMD,539,3,133718494,135288394,626147398,0.141852,-0.21526,0.53513,0.423713,0.372928211142618
Any AMD,481,3,68319771,69784969,560748675,0.142615,-0.23479,0.56331,0.428475,0.368074512547751
Any AMD,457,3,36840137,38729767,529269041,-0.107232,-0.3913,0.15928,0.43058,0.365946146577929
Any AMD,536,3,131373471,132124018,623802375,1,-0.89551,1,0.440981,0.355580122035374
Any AMD,583,3,185709997,186602045,678138901,-0.163687,-0.76989,0.31004,0.450106,0.346685197793528
Any AMD,485,3,73606613,74383137,566035517,-0.50885,-1,0.69113,0.451487,0.345354750133523
Any AMD,476,3,63670804,64662373,556099708,-0.109322,-0.42427,0.19323,0.46571,0.331884436539694
Any AMD,473,3,60571140,61277587,553000044,0.35485,-0.65604,1,0.468295,0.329480479168597
Any AMD,554,3,151904022,153406718,644332926,0.460054,-0.58191,1,0.483797,0.315336829003253
Any AMD,594,3,196383153,197147990,688812057,-0.297694,-1,0.6394,0.495795,0.304697857324871
Any AMD,579,3,179372166,181424323,671801070,0.204356,-0.45811,1,0.507499,0.294564809168266
Any AMD,453,3,33020869,33991869,525449773,-0.120779,-0.51006,0.24702,0.508469,0.293735519711416
Any AMD,527,3,121362443,122340832,613791347,-0.299024,-1,0.7033,0.509952,0.292470700600471
Any AMD,577,3,176931164,178110322,669360068,0.15449,-0.35635,0.83515,0.517149,0.286384310765122
Any AMD,588,3,191229358,192049688,683658262,0.142913,-0.32577,0.66075,0.527145,0.278069908434062
Any AMD,449,3,28649811,29877022,521078715,-0.0879619,-0.38267,0.20166,0.540302,0.267363424858812
Any AMD,447,3,26905341,27614908,519334245,-0.118533,-0.53629,0.27655,0.544923,0.263664861095196
Any AMD,442,3,21790868,22648001,514219772,0.187764,-0.52865,1,0.548554,0.260780613763518
Any AMD,441,3,20754843,21790867,513183747,0.12169,-0.31011,0.59066,0.552597,0.257591477159251
Any AMD,469,3,55616626,56954878,548045530,0.104689,-0.26462,0.5031,0.565871,0.247282562404476
Any AMD,443,3,22648002,23426044,515076906,0.124374,-0.34201,0.6101,0.569059,0.244842703646982
Any AMD,517,3,111693783,112408513,604122687,0.238922,-0.89186,1,0.580615,0.236111748502487
Any AMD,537,3,132124019,132925967,624552923,-0.603387,-1,0.93336,0.586493,0.231737166974736
Any AMD,519,3,113657666,115649909,606086570,0.073899,-0.20492,0.35937,0.5975,0.223662090379825
Any AMD,520,3,115649910,116498570,608078814,-0.378535,-1,0.9661,0.607601,0.216381520039461
Any AMD,535,3,130242361,131373470,622671265,0.123773,-0.4257,0.72392,0.607715,0.21630004399359
Any AMD,584,3,186602046,187939199,679030950,-0.140637,-0.99691,0.48394,0.610051,0.2146338566405
Any AMD,452,3,32378806,33020868,524807710,0.0898498,-0.28398,0.48728,0.62412,0.204731900177543
Any AMD,463,3,45844192,47588461,538273096,0.123591,-0.49105,0.83826,0.640995,0.193145358126859
Any AMD,440,3,19030989,20754842,511459893,-0.0706081,-0.40881,0.25443,0.654941,0.183797821425822
Any AMD,530,3,124823007,125475722,617251911,0.730862,-1,1,0.662951,0.178518569960284
Any AMD,467,3,54074845,54892586,546503749,0.0799406,-0.32579,0.51928,0.675495,0.170377861268814
Any AMD,422,3,795747,1440048,493224651,-0.17106,-1,0.78881,0.691426,0.160254293517615
Any AMD,563,3,161628884,162622604,654057788,-0.226543,-1,1,0.697636,0.156371116667882
Any AMD,456,3,35913034,36840136,528341938,-0.138003,-1,0.76794,0.712845,0.147004892255671
Any AMD,557,3,155928191,156795410,648357095,-0.143751,-1,0.81084,0.71422,0.14616799260862
Any AMD,569,3,167118894,168972662,659547798,-0.100962,-1,0.54527,0.7163,0.144905048841378
Any AMD,474,3,61277588,62609818,553706492,0.0475961,-0.22001,0.32113,0.723787,0.140389221557976
Any AMD,548,3,145211908,145903838,637640812,-0.273676,-1,1,0.72448,0.13997359916386
Any AMD,571,3,170174579,171134849,662603483,-0.0643214,-0.46583,0.32215,0.72534,0.139458372034641
Any AMD,479,3,66702085,67454740,559130989,-0.0849118,-0.71144,0.46837,0.729873,0.136752701793958
Any AMD,553,3,151131308,151904021,643560212,0.102372,-0.59701,0.972,0.73352,0.134588040278472
Any AMD,466,3,51953969,54074844,544382873,0.0444128,-0.22917,0.32195,0.73502,0.133700843539662
Any AMD,543,3,139831268,141034637,632260172,0.0693797,-0.36242,0.53642,0.736027,0.133106253956068
Any AMD,595,3,197147991,197962380,689576895,0.0520946,-0.30328,0.41503,0.756431,0.121230681237544
Any AMD,510,3,104116564,104878977,596545468,-0.0866257,-0.89715,0.62647,0.770419,0.1132730152223
Any AMD,427,3,4835084,5496182,497263988,0.0754362,-0.54285,0.84567,0.775525,0.110404197609183
Any AMD,448,3,27614909,28649810,520043813,-0.100568,-1,0.76773,0.777606,0.109240397057041
Any AMD,586,3,189451806,190591293,681880710,-0.0424408,-0.35374,0.27784,0.783309,0.106066883507333
Any AMD,490,3,79023361,80385708,571452265,0.0587536,-0.4614,0.634,0.800093,0.0968595292088491
Any AMD,465,3,50387743,51953968,542816647,-0.0627533,-0.67076,0.50058,0.80451,0.094468553283003
Any AMD,581,3,183203156,184524268,675632060,-0.0330577,-0.34622,0.26741,0.821258,0.0855203868824726
Any AMD,446,3,25516194,26905340,517945098,-0.0714844,-0.98753,0.75125,0.826295,0.0828648751982688
Any AMD,549,3,145903839,147358243,638332743,-0.0663765,-1,0.83439,0.845432,0.0729213179448926
Any AMD,518,3,112408514,113657665,604837418,0.0216096,-0.20556,0.2488,0.849648,0.0707609605442921
Any AMD,439,3,17182495,19030988,509611399,0.0290713,-0.30452,0.37018,0.857396,0.0668185469298646
Any AMD,492,3,81431497,82532742,573860401,0.03958,-0.47937,0.56067,0.865135,0.0629161177601816
Any AMD,502,3,95088588,96055532,587517492,-0.043561,-0.74294,0.62648,0.877847,0.0565811707065685
Any AMD,567,3,165054912,165936511,657483816,0.041212,-0.80018,0.86777,0.89744,0.0469945773345585
Any AMD,460,3,40897628,42301657,533326532,-0.0371176,-0.87641,0.75828,0.903599,0.0440242583788572
Any AMD,593,3,195710291,196383152,688139195,-0.0354001,-0.9053,0.71341,0.907741,0.0420380483029397
Any AMD,444,3,23426045,24270189,515854949,-0.0347085,-0.8666,0.75741,0.908206,0.0418156332891768
Any AMD,475,3,62609819,63670803,555038723,0.01359,-0.27425,0.30492,0.924327,0.0341743608444425
Any AMD,437,3,15150877,16084005,507579781,-0.0145241,-0.36294,0.32708,0.930551,0.0312598198340054
Any AMD,552,3,149998412,151131307,642427316,-0.0208321,-0.7191,0.6948,0.938498,0.0275666485513075
Any AMD,461,3,42301658,44141693,534730562,0.0107112,-0.31054,0.33479,0.945377,0.0243949678196406
Any AMD,528,3,122340833,123518507,614769737,0.013409,-0.47627,0.52443,0.952141,0.0212987333512161
Any AMD,534,3,129091976,130242360,621520880,0.00681178,-0.55282,0.57111,0.976636,0.0102672711299317
Any AMD,438,3,16084006,17182494,508512910,-0.00376811,-0.51479,0.51532,0.9866,0.00585888887387756
Any AMD,587,3,190591294,191229357,683020198,0.00304309,-0.45793,0.46517,0.988607,0.00497631876841371
Any AMD,560,3,158460059,159478751,650888963,0.00179226,-1,1,0.999477,0.000227195430820649
Dry AMD,695,4,106479156,108131206,796870440,-0.438596,-0.73552,-0.177,0.00139309,2.85602082525532
Dry AMD,764,4,181122434,182065646,871513718,0.802386,0.16736,1,0.0122959,1.91023967752074
Dry AMD,651,4,54659779,55681701,745051063,0.555368,0.11171,1,0.0164401,1.78409554511007
Dry AMD,617,4,17290237,18753263,707681521,0.728948,0.14319,1,0.0195277,1.70934890551556
Dry AMD,712,4,123768694,124534997,814159978,0.822605,0.1467,1,0.0211941,1.67378502086658
Dry AMD,653,4,57103101,58011085,747494385,0.59325,0.09408,1,0.0240153,1.61951198376869
Dry AMD,597,4,812416,1529267,691203700,-0.419887,-0.98856,-0.06204,0.0281016,1.55126895228748
Dry AMD,684,4,93451600,94757265,783842884,0.932632,0.10396,1,0.0308269,1.51107014639205
Dry AMD,754,4,171643020,172555990,862034304,0.389532,0.04061,0.7867,0.0313829,1.50330692703957
Dry AMD,628,4,29758400,30455555,720149684,0.404025,0.04505,0.84279,0.0323966,1.48950056629709
Dry AMD,747,4,164781848,165824650,855173132,0.494263,0.04396,1,0.0338613,1.47029637251212
Dry AMD,623,4,24764725,25832018,715156009,0.373166,0.02036,0.83198,0.0402284,1.39546724023484
Dry AMD,741,4,159176074,160828480,849567358,-0.723382,-1,-0.05063,0.0406646,1.39078349530892
Dry AMD,676,4,84003063,85437805,774394347,-0.659053,-1,-0.06082,0.043509,1.36142089830859
Dry AMD,654,4,58011086,58940256,748402370,1,-0.10643,1,0.044671,1.34997432535174
Dry AMD,692,4,102544804,104384534,792936088,-0.524922,-1,0.01263,0.0605268,1.21805228625726
Dry AMD,659,4,63337955,64117431,753729239,0.737578,-0.0312,1,0.0646277,1.18958129967198
Dry AMD,763,4,180540878,181122433,870932162,-0.851396,-1,0.04198,0.0716752,1.14463108653948
Dry AMD,768,4,184338585,185483262,874729869,0.469049,-0.05754,1,0.0811981,1.09045413294072
Dry AMD,714,4,125486536,126476842,815877820,-0.455189,-1,0.13302,0.113191,0.946188103233654
Dry AMD,636,4,35993839,36671801,726385123,0.516822,-0.15349,1,0.117101,0.931439396194695
Dry AMD,715,4,126476843,127279171,816868127,-0.446883,-1,0.1275,0.120962,0.917351041107228
Dry AMD,688,4,98445516,99532480,788836800,0.880475,-0.25,1,0.12332,0.908966483945529
Dry AMD,711,4,122655435,123768693,813046719,0.310182,-0.08349,0.84189,0.127115,0.895803198204042
Dry AMD,637,4,36671802,37880860,727063086,-0.497651,-1,0.16558,0.131401,0.881401329655771
Dry AMD,726,4,138537345,139553760,828928629,0.650187,-0.17786,1,0.135627,0.867653844512026
Dry AMD,631,4,32260118,32746820,722651402,-0.421374,-1,0.1984,0.153358,0.814293563892563
Dry AMD,641,4,40590542,41360937,730981826,-0.560998,-1,0.22709,0.158097,0.801076371027988
Dry AMD,604,4,7135820,7726034,697527104,0.190807,-0.07634,0.4907,0.16004,0.795771457293041
Dry AMD,772,4,187985394,189153279,878376678,-0.338281,-1,0.14913,0.167499,0.775987781437753
Dry AMD,753,4,170682810,171643019,861074094,0.211396,-0.0879,0.56785,0.173045,0.761840944788118
Dry AMD,717,4,128321877,129625376,818713161,-0.2094,-0.53917,0.09632,0.175176,0.756525394637913
Dry AMD,770,4,186232883,186881568,876624167,0.533875,-0.25782,1,0.183687,0.735921578740707
Dry AMD,716,4,127279172,128321876,817670456,-0.260542,-0.75039,0.13647,0.188144,0.725509626977072
Dry AMD,767,4,183603893,184338584,873995177,-0.347425,-1,0.18951,0.193564,0.713175411775347
Dry AMD,706,4,119138098,119927262,809529382,0.955077,-0.3062,1,0.197895,0.703565178506294
Dry AMD,658,4,61971162,63337954,752362446,0.331971,-0.18737,1,0.199725,0.699567570169359
Dry AMD,600,4,3549230,4266178,693940514,-0.189525,-0.52741,0.10702,0.200638,0.69758680996268
Dry AMD,723,4,134109979,135809542,824501263,-0.39738,-1,0.22489,0.204312,0.689706124896023
Dry AMD,621,4,22835186,23858350,713226470,-0.386601,-1,0.23114,0.208721,0.680433853161182
Dry AMD,640,4,39820062,40590541,730211346,-0.315104,-1,0.20144,0.215052,0.667456514119307
Dry AMD,769,4,185483263,186232882,875874547,0.258395,-0.16948,0.83029,0.215926,0.665695060413899
Dry AMD,755,4,172555991,174470206,862947275,0.149503,-0.09495,0.40412,0.220265,0.657054506546297
Dry AMD,671,4,78045638,78967715,768436922,0.288728,-0.20045,0.92769,0.224378,0.649019727393547
Dry AMD,744,4,162239290,163245541,852630574,-0.302649,-1,0.22835,0.235763,0.627524350880746
Dry AMD,598,4,1529268,2468935,691920552,0.360154,-0.26614,1,0.247165,0.60701302785119
Dry AMD,601,4,4266179,5051834,694657463,-0.274448,-1,0.20158,0.247353,0.60668281796386
Dry AMD,735,4,151014323,152162098,841405607,0.214323,-0.16253,0.62787,0.260024,0.584986565157911
Dry AMD,700,4,112830230,113916002,803221514,0.195134,-0.16495,0.59034,0.28234,0.549227589622615
Dry AMD,719,4,131098951,131873453,821490235,-0.255116,-0.87244,0.25596,0.30257,0.519174134740936
Dry AMD,648,4,47408266,49325138,737799550,0.220134,-0.23052,0.8503,0.313206,0.504169926876124
Dry AMD,613,4,13127577,14395886,703518861,-0.160258,-0.55566,0.15671,0.313714,0.503466099768698
Dry AMD,745,4,163245542,163937103,853636826,0.339713,-0.36572,1,0.323184,0.490550148156467
Dry AMD,739,4,156520289,157597309,846911573,0.20083,-0.21465,0.6974,0.325304,0.487710596517571
Dry AMD,721,4,132801981,133524886,823193265,-0.67306,-1,0.66523,0.325996,0.486787728731402
Dry AMD,693,4,104384535,105319195,794775819,0.341324,-0.40572,1,0.329436,0.482228943881926
Dry AMD,677,4,85437806,86931670,775829090,0.318488,-0.38999,1,0.338456,0.470497782515772
Dry AMD,734,4,149998529,151014322,840389813,-0.179721,-0.60498,0.2042,0.338533,0.470398990141743
Dry AMD,758,4,175959698,177129678,866350982,0.206646,-0.24295,0.87215,0.338542,0.470387444447876
Dry AMD,749,4,166702856,167643768,857094140,-0.29398,-1,0.34199,0.339348,0.469354706046769
Dry AMD,702,4,115306150,116204703,805697434,0.300998,-0.40169,1,0.353436,0.451689216557967
Dry AMD,708,4,120563074,121393008,810954358,0.363082,-0.57529,1,0.362308,0.440922076350512
Dry AMD,661,4,65563101,66597446,755954385,-0.203467,-0.74113,0.25889,0.374996,0.425973364771462
Dry AMD,673,4,79880102,81206182,770271386,0.414567,-0.49572,1,0.382484,0.417386727456892
Dry AMD,635,4,35411237,35993838,725802521,0.412401,-0.64955,1,0.385394,0.414095050934264
Dry AMD,751,4,168623791,169555114,859015075,-0.158871,-0.56827,0.20895,0.387812,0.411378756749959
Dry AMD,757,4,175295843,175959697,865687127,0.422222,-0.5433,1,0.394473,0.403982717048472
Dry AMD,696,4,108131207,109122458,798522491,0.119086,-0.16486,0.41257,0.401347,0.396479978951853
Dry AMD,670,4,76497359,78045637,766888643,-0.169407,-0.65252,0.27267,0.417379,0.379469405806148
Dry AMD,619,4,20086839,21416380,710478123,-0.158374,-0.72987,0.27586,0.429634,0.366901357131361
Dry AMD,615,4,14967148,15910801,705358432,0.182148,-0.30649,0.81848,0.431735,0.364782742423837
Dry AMD,727,4,139553761,141087047,829945045,-0.124744,-0.52887,0.21769,0.43705,0.35946887542791
Dry AMD,668,4,73258295,74885900,763649579,-0.182889,-0.86637,0.32626,0.437076,0.359443040121484
Dry AMD,618,4,18753264,20086838,709144548,0.234966,-0.42901,1,0.44738,0.349323434820939
Dry AMD,630,4,31395093,32260117,721786377,-0.351045,-1,0.73637,0.480745,0.318085223956257
Dry AMD,697,4,109122459,109978982,799513743,-0.0824192,-0.32138,0.15505,0.484183,0.314990463006227
Dry AMD,691,4,101132996,102544803,791524280,0.162814,-0.34386,0.7967,0.489581,0.310175444937804
Dry AMD,657,4,60746710,61971161,751137994,-0.278002,-1,0.77289,0.492351,0.30772517566054
Dry AMD,644,4,43192425,43962561,733583709,0.289353,-0.79872,1,0.494561,0.305780134138497
Dry AMD,752,4,169555115,170682809,859946399,0.563865,-0.75903,1,0.50379,0.29775045729825
Dry AMD,665,4,69603369,70516836,759994653,0.263224,-0.64762,1,0.507839,0.294273950105833
Dry AMD,645,4,43962562,45186767,734353846,0.227819,-0.5817,1,0.514304,0.288780097939901
Dry AMD,642,4,41360938,42189251,731752222,-0.172604,-0.87884,0.41375,0.52048,0.283595954062222
Dry AMD,689,4,99532481,100333334,789923765,-0.179406,-0.92108,0.44721,0.526376,0.278703920505767
Dry AMD,655,4,58940257,59692948,749331541,0.390056,-0.73631,1,0.542196,0.265843690710412
Dry AMD,761,4,179233906,179932391,869625190,-0.176943,-1,0.50726,0.556373,0.254633953869655
Dry AMD,678,4,86931671,88502717,777322955,0.0974062,-0.25991,0.46508,0.560186,0.251667749133876
Dry AMD,728,4,141087048,142807914,831478332,-0.154582,-1,0.49574,0.572629,0.242126661516912
Dry AMD,718,4,129625377,131098950,820016661,0.132552,-0.41031,0.83643,0.578821,0.237455720782657
Dry AMD,605,4,7726035,8309826,698117319,0.0768695,-0.2096,0.37184,0.58799,0.230630059947245
Dry AMD,765,4,182065647,182946258,872456931,-0.081333,-0.41023,0.24719,0.613374,0.212274637052334
Dry AMD,599,4,2468936,3549229,692860220,-0.0695871,-0.37437,0.21722,0.618986,0.208319173583283
Dry AMD,679,4,88502718,89244554,778894002,-0.225823,-1,0.76777,0.622892,0.205587246872153
Dry AMD,771,4,186881569,187985393,877272853,0.146673,-0.5594,1,0.645408,0.190165655705708
Dry AMD,643,4,42189252,43192424,732580536,0.089425,-0.33634,0.53118,0.652557,0.185381547278129
Dry AMD,596,4,10227,812415,690401511,0.228998,-0.92199,1,0.652581,0.185365574917249
Dry AMD,743,4,161666202,162239289,852057486,0.150205,-0.64217,1,0.659094,0.181052641900644
Dry AMD,704,4,117313637,118395262,807704921,0.0806938,-0.29024,0.46564,0.659563,0.180743715287277
Dry AMD,766,4,182946259,183603892,873337543,-0.0570455,-0.32051,0.21286,0.662469,0.178834439570679
Dry AMD,774,4,189899574,191043880,880290858,0.066589,-0.25454,0.41305,0.672196,0.17250407619129
Dry AMD,750,4,167643769,168623790,858035053,-0.107286,-0.74158,0.46562,0.678951,0.168161567689308
Dry AMD,638,4,37880861,38984838,728272145,-0.061918,-0.38287,0.2355,0.681755,0.166371668253297
Dry AMD,666,4,70516837,71468300,760908121,0.143211,-0.73589,1,0.687485,0.162736773117039
Dry AMD,773,4,189153280,189899573,879544564,-0.135538,-1,0.60793,0.689149,0.161686869700675
Dry AMD,736,4,152162099,153520883,842553383,-0.15536,-1,0.68815,0.692865,0.159351376450948
Dry AMD,660,4,64117432,65563100,754508716,0.126513,-0.64929,1,0.694177,0.158529779801109
Dry AMD,713,4,124534998,125486535,814926282,-0.0794968,-0.52124,0.34645,0.696018,0.157379528780831
Dry AMD,680,4,89244555,90236971,779635839,-0.181719,-1,0.8645,0.701164,0.15418039007212
Dry AMD,652,4,55681702,57103100,746072986,0.0687957,-0.31268,0.4916,0.709423,0.149094735498753
Dry AMD,748,4,165824651,166702855,856215935,0.0826134,-0.41169,0.61463,0.710112,0.148673148258524
Dry AMD,760,4,178314528,179233905,868705812,0.142888,-0.82718,1,0.711908,0.147576126691691
Dry AMD,725,4,137400032,138537344,827791316,-0.0817475,-0.65439,0.44881,0.726349,0.138854657047746
Dry AMD,629,4,30455556,31395092,720846840,-0.2291,-1,1,0.744863,0.127923598144787
Dry AMD,746,4,163937104,164781847,854328388,0.0713961,-0.47356,0.71951,0.764279,0.116748073307105
Dry AMD,627,4,28927439,29758399,719318723,0.105415,-0.78486,1,0.765254,0.116194391657596
Dry AMD,694,4,105319196,106479155,795710480,0.0929284,-0.68628,0.92732,0.767072,0.115163869773139
Dry AMD,709,4,121393009,121981243,811784293,0.0926787,-0.66894,0.95526,0.769716,0.113669485716097
Dry AMD,729,4,142807915,144401042,833199199,-0.0739071,-0.80087,0.54803,0.770023,0.113496302588682
Dry AMD,649,4,49325139,53879571,739716423,-0.053595,-0.54359,0.39384,0.784304,0.105515570054938
Dry AMD,625,4,27385581,28177792,717776865,0.117795,-1,1,0.792599,0.10094647993869
Dry AMD,724,4,135809543,137400031,826200827,0.0402656,-0.30344,0.38391,0.809496,0.0917852929047021
Dry AMD,663,4,67616363,68742859,758007647,0.0568231,-0.46517,0.58542,0.810115,0.0914533264048607
Dry AMD,759,4,177129679,178314527,867520963,-0.0412909,-0.44807,0.34567,0.818792,0.0868264092592001
Dry AMD,685,4,94757266,96183801,785148550,0.0677166,-0.7337,0.94926,0.831236,0.0802756561838143
Dry AMD,737,4,153520884,155044409,843912168,0.0421145,-0.44177,0.57472,0.841205,0.0750981545948986
Dry AMD,622,4,23858351,24764724,714249635,-0.0362047,-0.47916,0.40013,0.850052,0.070554506494762
Dry AMD,701,4,113916003,115306149,804307287,0.0398511,-0.43289,0.55469,0.851023,0.0700587023853266
Dry AMD,674,4,81206183,82655623,771597467,-0.0685555,-1,0.80111,0.854175,0.0684531436571843
Dry AMD,614,4,14395887,14967147,704787171,-0.0412862,-0.54999,0.43509,0.854573,0.0682508327173345
Dry AMD,710,4,121981244,122655434,812372528,-0.0375064,-0.49207,0.40168,0.857446,0.0667932213032455
Dry AMD,662,4,66597447,67616362,756988731,0.0622131,-0.81275,1,0.858263,0.066379609649365
Dry AMD,610,4,10370667,11050119,700761951,0.043257,-0.55436,0.6723,0.868293,0.0613337001562077
Dry AMD,699,4,111733580,112830229,802124864,0.0224489,-0.25692,0.29561,0.869279,0.0608408119131656
Dry AMD,687,4,97540788,98445515,787932072,0.159655,-1,1,0.872915,0.0590280436119583
Dry AMD,762,4,179932392,180540877,870323676,-0.10291,-1,1,0.874398,0.0582908444137484
Dry AMD,667,4,71468301,73258294,761859585,-0.0366492,-0.65219,0.54882,0.882839,0.0541184898390228
Dry AMD,731,4,146174872,147161042,836566156,0.0186845,-0.305,0.34916,0.903707,0.0439723537162252
Dry AMD,620,4,21416381,22835185,711807665,0.0515533,-1,1,0.906529,0.0426182981999977
Dry AMD,720,4,131873454,132801980,822264738,0.0380503,-0.78382,0.96305,0.908049,0.0418907155147769
Dry AMD,698,4,109978983,111733579,800370267,0.00682515,-0.12829,0.14065,0.92043,0.0360092346121215
Dry AMD,656,4,59692949,60746709,750084233,0.01678,-0.42444,0.45876,0.934973,0.0292009304326371
Dry AMD,669,4,74885901,76497358,765277185,0.0210766,-0.64637,0.71651,0.937225,0.0281561353362368
Dry AMD,732,4,147161043,148462208,837552327,0.0219907,-0.67029,0.76302,0.937354,0.0280963629945495
Dry AMD,664,4,68742860,69603368,759134144,0.0293657,-1,1,0.93951,0.0270985929751574
Dry AMD,611,4,11050120,12209028,701441404,0.0107431,-0.30455,0.33749,0.944638,0.0247345880221068
Dry AMD,624,4,25832019,27385580,716223303,-0.00929258,-0.39788,0.37632,0.957807,0.0187219933006523
Dry AMD,686,4,96183802,97540787,786575086,-0.00641656,-1,1,0.989272,0.00468428286394415
Wet AMD,679,4,88502718,89244554,778894002,-0.485389,-0.7817,-0.21571,0.000961899,3.01687052676203
Wet AMD,695,4,106479156,108131206,796870440,-0.379171,-0.62574,-0.15928,0.00141864,2.84812779893951
Wet AMD,617,4,17290237,18753263,707681521,0.347637,0.11938,0.58854,0.00393408,2.40515681289526
Wet AMD,691,4,101132996,102544803,791524280,0.651787,0.20664,1,0.005166,2.2868455981627
Wet AMD,770,4,186232883,186881568,876624167,0.527358,0.12994,1,0.0127506,1.89446937832351
Wet AMD,734,4,149998529,151014322,840389813,-0.940142,-1,-0.13475,0.0243765,1.61302865063745
Wet AMD,747,4,164781848,165824650,855173132,0.758664,0.10316,1,0.0263788,1.57874496486365
Wet AMD,760,4,178314528,179233905,868705812,-0.865082,-1,-0.10199,0.0279668,1.55335722336202
Wet AMD,613,4,13127577,14395886,703518861,-0.267468,-0.52071,-0.02921,0.029559,1.52931026249061
Wet AMD,717,4,128321877,129625376,818713161,0.984406,0.1169,1,0.0309497,1.50934355630383
Wet AMD,633,4,33640823,34721845,724032107,-0.860018,-1,-0.10165,0.0332603,1.47807383786584
Wet AMD,687,4,97540788,98445515,787932072,0.94435,0.02914,1,0.0423563,1.37308198434749
Wet AMD,764,4,181122434,182065646,871513718,0.515381,0.01856,1,0.0458275,1.33887383391426
Wet AMD,677,4,85437806,86931670,775829090,-0.974684,-1,-0.02924,0.0469735,1.32814707928755
Wet AMD,738,4,155044410,156520288,845435694,0.369236,0.01999,0.89552,0.047216,1.32591080784412
Wet AMD,619,4,20086839,21416380,710478123,0.456578,-0.00588,1,0.0563796,1.24887800967068
Wet AMD,699,4,111733580,112830229,802124864,0.330919,-0.0148,0.73345,0.0589805,1.22929155009008
Wet AMD,602,4,5051835,5972709,695443119,-0.289154,-0.63982,0.02013,0.0677441,1.16912852257932
Wet AMD,767,4,183603893,184338584,873995177,-0.293917,-0.68186,0.03007,0.0736589,1.13277477105669
Wet AMD,668,4,73258295,74885900,763649579,-0.978049,-1,0.10838,0.0977239,1.0099992093748
Wet AMD,658,4,61971162,63337954,752362446,0.338006,-0.09201,0.94441,0.112882,0.947375304522409
Wet AMD,741,4,159176074,160828480,849567358,-0.272983,-0.70486,0.07076,0.114164,0.942470823114378
Wet AMD,610,4,10370667,11050119,700761951,0.325702,-0.08513,0.80547,0.116398,0.934054481854739
Wet AMD,705,4,118395263,119138097,808786547,0.465371,-0.159,1,0.134872,0.870078202349336
Wet AMD,667,4,71468301,73258294,761859585,0.633592,-0.2,1,0.136661,0.864355405705437
Wet AMD,726,4,138537345,139553760,828928629,0.393763,-0.15187,1,0.143808,0.842216953596984
Wet AMD,618,4,18753264,20086838,709144548,0.291918,-0.12097,0.7838,0.146706,0.833552123964453
Wet AMD,757,4,175295843,175959697,865687127,0.28191,-0.08869,0.73478,0.148322,0.828794427056727
Wet AMD,632,4,32746821,33640822,723138105,-0.251584,-0.6683,0.09698,0.155899,0.8071566705448
Wet AMD,676,4,84003063,85437805,774394347,-0.602171,-1,0.2324,0.159375,0.79757980222197
Wet AMD,720,4,131873454,132801980,822264738,0.612971,-0.27807,1,0.165737,0.780580526571342
Wet AMD,742,4,160828481,161666201,851219765,-0.380347,-1,0.19431,0.174542,0.758100051951356
Wet AMD,653,4,57103101,58011085,747494385,0.248802,-0.12409,0.67162,0.175216,0.756426238382339
Wet AMD,704,4,117313637,118395262,807704921,-0.37765,-1,0.18466,0.178122,0.74928243714239
Wet AMD,748,4,165824651,166702855,856215935,-0.372743,-1,0.17319,0.179842,0.745108876350501
Wet AMD,756,4,174470207,175295842,864861491,-0.596152,-1,0.312,0.18272,0.738213913434246
Wet AMD,759,4,177129679,178314527,867520963,-0.290905,-1,0.16566,0.193367,0.7136176405982
Wet AMD,605,4,7726035,8309826,698117319,-0.239481,-0.69583,0.13962,0.211454,0.674784095045354
Wet AMD,660,4,64117432,65563100,754508716,0.58947,-0.31596,1,0.216507,0.664528057683697
Wet AMD,751,4,168623791,169555114,859015075,-0.243898,-0.71691,0.16216,0.223262,0.651185189130461
Wet AMD,631,4,32260118,32746820,722651402,-0.51572,-1,0.38311,0.235317,0.628346696965497
Wet AMD,638,4,37880861,38984838,728272145,-0.166353,-0.4639,0.11636,0.241579,0.616940820798044
Wet AMD,744,4,162239290,163245541,852630574,0.342605,-0.26642,1,0.250249,0.601627649294596
Wet AMD,620,4,21416381,22835185,711807665,0.83699,-0.4131,1,0.272748,0.564238425312117
Wet AMD,697,4,109122459,109978982,799513743,-0.140461,-0.4073,0.11391,0.27355,0.562963280886512
Wet AMD,690,4,100333335,101132995,790724619,0.676724,-0.42932,1,0.273815,0.562542764241509
Wet AMD,651,4,54659779,55681701,745051063,0.343167,-0.31688,1,0.278614,0.554997064617063
Wet AMD,774,4,189899574,191043880,880290858,-0.234822,-0.98339,0.23425,0.290057,0.537516649159701
Wet AMD,616,4,15910802,17290236,706302086,-0.680365,-1,0.52294,0.30022,0.522560379380176
Wet AMD,663,4,67616363,68742859,758007647,-0.317946,-1,0.3391,0.30164,0.520511067883818
Wet AMD,597,4,812416,1529267,691203700,-0.19847,-0.69155,0.20554,0.304731,0.516083363157963
Wet AMD,622,4,23858351,24764724,714249635,0.880795,-0.39998,1,0.30564,0.51478980898876
Wet AMD,721,4,132801981,133524886,823193265,0.462267,-0.50847,1,0.308538,0.510691339980847
Wet AMD,615,4,14967148,15910801,705358432,-0.654628,-1,0.46735,0.314846,0.501901819874901
Wet AMD,753,4,170682810,171643019,861074094,0.386404,-0.49102,1,0.326344,0.486324367618979
Wet AMD,768,4,184338585,185483262,874729869,-0.167982,-0.58293,0.1792,0.328709,0.483188404841931
Wet AMD,649,4,49325139,53879571,739716423,0.133352,-0.13978,0.41964,0.336254,0.473332540691855
Wet AMD,655,4,58940257,59692948,749331541,-0.393627,-1,0.4882,0.34202,0.465948497348325
Wet AMD,727,4,139553761,141087047,829945045,-0.166025,-0.66334,0.22452,0.359248,0.444605640984639
Wet AMD,698,4,109978983,111733579,800370267,-0.0724105,-0.23609,0.09043,0.372527,0.428842244993367
Wet AMD,682,4,91309864,92219192,781701148,-0.508298,-1,0.58651,0.375434,0.425466399419132
Wet AMD,752,4,169555115,170682809,859946399,-0.446953,-1,0.57317,0.382633,0.417217577173676
Wet AMD,700,4,112830230,113916002,803221514,0.196432,-0.27782,0.75012,0.391808,0.406926700754797
Wet AMD,662,4,66597447,67616362,756988731,-0.4328,-1,0.59214,0.392924,0.40569144344771
Wet AMD,725,4,137400032,138537344,827791316,0.183122,-0.26248,0.71371,0.393242,0.405340103774467
Wet AMD,772,4,187985394,189153279,878376678,-0.142984,-0.61255,0.22233,0.407882,0.389465459853688
Wet AMD,604,4,7135820,7726034,697527104,-0.123206,-0.48916,0.19844,0.429806,0.366727526144009
Wet AMD,735,4,151014323,152162098,841405607,-0.294505,-1,0.54352,0.459566,0.337652109136466
Wet AMD,665,4,69603369,70516836,759994653,0.255333,-0.54884,1,0.46186,0.335489648776418
Wet AMD,683,4,92219193,93451599,782610477,-0.372366,-1,0.61204,0.478494,0.320123503620113
Wet AMD,713,4,124534998,125486535,814926282,0.276541,-0.57482,1,0.480929,0.317919034196223
Wet AMD,603,4,5972710,7135819,696363994,0.384044,-0.58961,1,0.500882,0.300264575100536
Wet AMD,745,4,163245542,163937103,853636826,0.578921,-0.73183,1,0.514696,0.288449206890063
Wet AMD,755,4,172555991,174470206,862947275,-0.0854815,-0.37348,0.18411,0.520925,0.283224799600298
Wet AMD,693,4,104384535,105319195,794775819,-0.106743,-0.50248,0.25906,0.561569,0.250596874347858
Wet AMD,600,4,3549230,4266178,693940514,0.203239,-0.52153,1,0.563046,0.249456122501979
Wet AMD,656,4,59692949,60746709,750084233,-0.125923,-0.65158,0.35241,0.570061,0.2440786696855
Wet AMD,758,4,175959698,177129678,866350982,0.0918668,-0.24639,0.45593,0.574221,0.240920928841691
Wet AMD,686,4,96183802,97540787,786575086,-0.0946461,-0.46726,0.27019,0.587482,0.231005435303768
Wet AMD,664,4,68742860,69603368,759134144,0.169124,-0.58592,1,0.600055,0.221808941113377
Wet AMD,675,4,82655624,84003062,773046908,0.115597,-0.36077,0.63937,0.613731,0.212021939631308
Wet AMD,641,4,40590542,41360937,730981826,-0.140574,-1,0.53699,0.628928,0.201399069964089
Wet AMD,694,4,105319196,106479155,795710480,-0.128844,-0.82445,0.45724,0.630161,0.200548478357997
Wet AMD,719,4,131098951,131873453,821490235,-0.159834,-1,0.65099,0.636237,0.196381078346256
Wet AMD,607,4,8882617,9482867,699273901,0.736265,-1,1,0.638946,0.194535844334564
Wet AMD,754,4,171643020,172555990,862034304,-0.231598,-1,0.92172,0.640855,0.193240222935859
Wet AMD,643,4,42189252,43192424,732580536,0.263976,-1,1,0.662108,0.17907116467137
Wet AMD,750,4,167643769,168623790,858035053,0.101474,-0.4042,0.6458,0.667098,0.17581036138649
Wet AMD,696,4,108131207,109122458,798522491,-0.0660854,-0.39523,0.24688,0.674072,0.171293712466682
Wet AMD,614,4,14395887,14967147,704787171,-0.147467,-1,0.72106,0.679965,0.167513441261505
Wet AMD,601,4,4266179,5051834,694657463,-0.117459,-0.96122,0.58085,0.689772,0.161294438980372
Wet AMD,773,4,189153280,189899573,879544564,-0.0860188,-0.66137,0.40226,0.690792,0.160652700600776
Wet AMD,771,4,186881569,187985393,877272853,-0.0685832,-0.45996,0.29373,0.693883,0.15871375251063
Wet AMD,640,4,39820062,40590541,730211346,0.0649876,-0.28432,0.42664,0.695283,0.157838389191187
Wet AMD,672,4,78967716,79880101,769359000,-0.181023,-1,0.90116,0.69639,0.157147473878659
Wet AMD,598,4,1529268,2468935,691920552,-0.154992,-1,0.68128,0.698847,0.155617894824984
Wet AMD,611,4,11050120,12209028,701441404,-0.0817863,-0.64171,0.40623,0.707715,0.150141599437569
Wet AMD,731,4,146174872,147161042,836566156,-0.0929204,-0.84297,0.48796,0.711262,0.147970393370413
Wet AMD,724,4,135809543,137400031,826200827,0.0533885,-0.24605,0.35684,0.713751,0.146453270277896
Wet AMD,681,4,90236972,91309863,780628256,0.113472,-0.67542,1,0.728705,0.137448250558973
Wet AMD,685,4,94757266,96183801,785148550,0.228586,-1,1,0.731681,0.135678222405847
Wet AMD,661,4,65563101,66597446,755954385,-0.0701288,-0.53354,0.38368,0.742627,0.129229264996951
Wet AMD,666,4,70516837,71468300,760908121,-0.431168,-1,1,0.748783,0.125644024165787
Wet AMD,729,4,142807915,144401042,833199199,-0.0905008,-0.96212,0.58697,0.750671,0.124550361519053
Wet AMD,644,4,43192425,43962561,733583709,0.228766,-1,1,0.750955,0.124386086747131
Wet AMD,715,4,126476843,127279171,816868127,-0.0632459,-0.50184,0.35005,0.754508,0.122336151067403
Wet AMD,674,4,81206183,82655623,771597467,-0.0562297,-0.57569,0.39757,0.78619,0.104472484520558
Wet AMD,765,4,182065647,182946258,872456931,0.0454684,-0.32121,0.41792,0.794817,0.099732852524432
Wet AMD,625,4,27385581,28177792,717776865,-0.111829,-1,0.98919,0.7954,0.0994144133500385
Wet AMD,701,4,113916003,115306149,804307287,-0.0611702,-0.67908,0.50246,0.797374,0.0983379294970771
Wet AMD,606,4,8309827,8882616,698701111,-0.0439092,-0.40478,0.31178,0.798009,0.0979922106188244
Wet AMD,628,4,29758400,30455555,720149684,-0.128301,-1,1,0.800956,0.0963913409470523
Wet AMD,737,4,153520884,155044409,843912168,-0.0324746,-0.29319,0.22451,0.801088,0.0963197737844263
Wet AMD,669,4,74885901,76497358,765277185,0.0423721,-0.3392,0.4615,0.801457,0.0961197735764391
Wet AMD,621,4,22835186,23858350,713226470,0.0558572,-0.44219,0.59257,0.803123,0.0952179365015083
Wet AMD,624,4,25832019,27385580,716223303,0.0429601,-0.36273,0.4903,0.816895,0.0878337621348338
Wet AMD,671,4,78045638,78967715,768436922,0.0640458,-0.62314,0.78467,0.81825,0.0871139860199581
Wet AMD,670,4,76497359,78045637,766888643,-0.0576518,-0.69509,0.53643,0.820782,0.0857721763384864
Wet AMD,716,4,127279172,128321876,817670456,0.0526622,-0.65222,0.79843,0.850168,0.0704952457402962
Wet AMD,678,4,86931671,88502717,777322955,-0.0224223,-0.29376,0.24558,0.866595,0.0621838210467096
Wet AMD,692,4,102544804,104384534,792936088,-0.0447846,-0.72889,0.62274,0.868435,0.0612626817623456
Wet AMD,680,4,89244555,90236971,779635839,0.0478117,-0.67562,0.81233,0.869745,0.06060805925028
Wet AMD,599,4,2468936,3549229,692860220,0.0437466,-0.69254,0.81631,0.88226,0.0544034104174618
Wet AMD,740,4,157597310,159176073,847988594,-0.032986,-0.64187,0.54886,0.887871,0.0516501288811621
Wet AMD,623,4,24764725,25832018,715156009,0.0226321,-0.30219,0.35627,0.887884,0.0516437700892512
Wet AMD,763,4,180540878,181122433,870932162,-0.0594502,-1,1,0.891206,0.0500218982945386
Wet AMD,612,4,12209029,13127576,702600313,-0.0184259,-0.40042,0.36418,0.920662,0.0358997818304736
Wet AMD,637,4,36671802,37880860,727063086,-0.0341953,-1,1,0.941273,0.026284398678579
Wet AMD,712,4,123768694,124534997,814159978,-0.140693,-1,1,0.956123,0.0194862345176807
Wet AMD,627,4,28927439,29758399,719318723,0.0297905,-1,1,0.958353,0.0184744933073983
Wet AMD,645,4,43962562,45186767,734353846,-0.0176883,-0.91912,0.89757,0.958525,0.0183965554823642
Wet AMD,706,4,119138098,119927262,809529382,-0.0112084,-0.70855,0.67736,0.968345,0.0139698855611961
Wet AMD,657,4,60746710,61971161,751137994,0.0153022,-1,1,0.97732,0.00996321368160043
Wet AMD,648,4,47408266,49325138,737799550,0.00556802,-0.5438,0.57956,0.980525,0.0085413288461372
Wet AMD,714,4,125486536,126476842,815877820,-0.0069126,-0.73813,0.71114,0.981087,0.00829247891505231
Wet AMD,702,4,115306150,116204703,805697434,0.00576402,-0.88078,0.95948,0.986773,0.00578274214889274
Wet AMD,769,4,185483263,186232882,875874547,-0.00023149,-0.81025,0.81346,0.999392,0.000264131349066445
Any AMD,695,4,106479156,108131206,796870440,-0.426034,-0.6499,-0.21762,0.000123697,3.90764083310528
Any AMD,764,4,181122434,182065646,871513718,0.725052,0.18628,1,0.00863561,2.06370697943097
Any AMD,617,4,17290237,18753263,707681521,0.371247,0.08794,0.68576,0.0111115,1.95422730939846
Any AMD,654,4,58011086,58940256,748402370,0.639462,0.16392,1,0.0124539,1.90469462581733
Any AMD,738,4,155044410,156520288,845435694,0.406291,0.07693,0.84502,0.0175275,1.75628002421607
Any AMD,711,4,122655435,123768693,813046719,0.569591,0.10621,1,0.018659,1.72911163530117
Any AMD,653,4,57103101,58011085,747494385,0.388605,0.05453,0.77752,0.0240442,1.61898966822068
Any AMD,636,4,35993839,36671801,726385123,1,-0.04766,1,0.0266792,1.57382719727403
Any AMD,734,4,149998529,151014322,840389813,-0.381147,-0.76739,-0.04942,0.0273898,1.5624111389477
Any AMD,672,4,78967716,79880101,769359000,-0.824303,-1,-0.07296,0.0349075,1.45708125330793
Any AMD,679,4,88502718,89244554,778894002,-0.405497,-0.88565,-0.02707,0.0375492,1.42539931137051
Any AMD,632,4,32746821,33640822,723138105,-1,-1,0.0787,0.0446815,1.34987225563727
Any AMD,691,4,101132996,102544803,791524280,0.616288,0.03704,1,0.0454785,1.34219386791715
Any AMD,747,4,164781848,165824650,855173132,0.471774,0.01801,1,0.0456534,1.34052687319534
Any AMD,658,4,61971162,63337954,752362446,0.546212,-0.01606,1,0.0586048,1.23206681182933
Any AMD,597,4,812416,1529267,691203700,-0.534814,-1,0.02163,0.0619618,1.20787597440682
Any AMD,676,4,84003063,85437805,774394347,-0.576209,-1,0.03774,0.0772258,1.11223758404579
Any AMD,715,4,126476843,127279171,816868127,-0.481689,-1,0.06545,0.079524,1.09950178336128
Any AMD,726,4,138537345,139553760,828928629,0.652587,-0.10561,1,0.0829839,1.08100615846007
Any AMD,741,4,159176074,160828480,849567358,-0.388174,-1,0.05597,0.0843379,1.07397721704853
Any AMD,651,4,54659779,55681701,745051063,0.361295,-0.06972,0.89815,0.0856048,1.06750188304401
Any AMD,623,4,24764725,25832018,715156009,0.29571,-0.05455,0.70141,0.0929018,1.03197587134011
Any AMD,692,4,102544804,104384534,792936088,-0.395388,-1,0.06668,0.0969192,1.01359017931599
Any AMD,770,4,186232883,186881568,876624167,0.556289,-0.09373,1,0.0984897,1.00660918541162
Any AMD,727,4,139553761,141087047,829945045,-0.375703,-1,0.09144,0.113106,0.946514356190589
Any AMD,628,4,29758400,30455555,720149684,0.350449,-0.0894,0.90264,0.116594,0.933323798067035
Any AMD,772,4,187985394,189153279,878376678,-0.292731,-0.99715,0.08724,0.121672,0.914809353114107
Any AMD,756,4,174470207,175295842,864861491,-0.477097,-1,0.13947,0.123665,0.90775319816942
Any AMD,767,4,183603893,184338584,873995177,-0.282452,-0.82728,0.09034,0.133495,0.874535000314948
Any AMD,668,4,73258295,74885900,763649579,-0.265909,-0.73283,0.12477,0.164453,0.783958199581376
Any AMD,754,4,171643020,172555990,862034304,0.620827,-0.26162,1,0.177169,0.751612266121204
Any AMD,714,4,125486536,126476842,815877820,-0.411169,-1,0.24947,0.192848,0.714784860782735
Any AMD,719,4,131098951,131873453,821490235,-0.340129,-1,0.20722,0.194534,0.711004483171526
Any AMD,702,4,115306150,116204703,805697434,0.384025,-0.23173,1,0.204684,0.688916104495732
Any AMD,718,4,129625377,131098950,820016661,0.550729,-0.28395,1,0.208122,0.681682009295363
Any AMD,739,4,156520289,157597309,846911573,0.206918,-0.11978,0.55338,0.209496,0.678824264795595
Any AMD,618,4,18753264,20086838,709144548,0.270662,-0.16614,0.85301,0.210549,0.676646816915353
Any AMD,613,4,13127577,14395886,703518861,-0.214107,-0.68883,0.13268,0.211286,0.675129278736515
Any AMD,641,4,40590542,41360937,730981826,-0.291032,-0.93578,0.18305,0.216764,0.664012843441621
Any AMD,758,4,175959698,177129678,866350982,0.19124,-0.12086,0.53055,0.220798,0.656004864787484
Any AMD,763,4,180540878,181122433,870932162,-0.60784,-1,0.43604,0.222328,0.653005838786704
Any AMD,757,4,175295843,175959697,865687127,0.361006,-0.25328,1,0.223725,0.650285483246237
Any AMD,682,4,91309864,92219192,781701148,-0.622561,-1,0.39003,0.228031,0.64200610820233
Any AMD,606,4,8309827,8882616,698701111,-0.257101,-0.91435,0.18201,0.231228,0.635959577218612
Any AMD,744,4,162239290,163245541,852630574,-0.343295,-1,0.27204,0.246748,0.607746358789973
Any AMD,626,4,28177793,28927438,718569077,-0.599844,-1,0.46759,0.265001,0.576752487219183
Any AMD,760,4,178314528,179233905,868705812,-0.803584,-1,0.50493,0.267068,0.573378145883457
Any AMD,753,4,170682810,171643019,861074094,0.355038,-0.32763,1,0.268807,0.570559426013339
Any AMD,601,4,4266179,5051834,694657463,-0.37533,-1,0.32066,0.282216,0.549418367921391
Any AMD,671,4,78045638,78967715,768436922,0.24616,-0.26315,0.90226,0.309385,0.509500746147789
Any AMD,687,4,97540788,98445515,787932072,0.660051,-0.70777,1,0.317715,0.497962280723855
Any AMD,683,4,92219193,93451599,782610477,-1,-1,0.53906,0.323544,0.490066649592516
Any AMD,703,4,116204704,117313636,806595988,-0.821946,-1,0.65675,0.323793,0.489732544385098
Any AMD,603,4,5972710,7135819,696363994,0.317609,-0.34517,1,0.330612,0.480681387185618
Any AMD,642,4,41360938,42189251,731752222,-0.296674,-1,0.35737,0.338116,0.470934277482389
Any AMD,745,4,163245542,163937103,853636826,0.460241,-0.43909,1,0.353446,0.451676928948948
Any AMD,600,4,3549230,4266178,693940514,-0.191259,-0.83326,0.23701,0.358297,0.445756828141174
Any AMD,716,4,127279172,128321876,817670456,-0.196443,-0.76106,0.26737,0.364521,0.438277446985489
Any AMD,656,4,59692949,60746709,750084233,-0.208931,-0.86068,0.3073,0.389574,0.409410035451844
Any AMD,674,4,81206183,82655623,771597467,-0.144725,-0.53628,0.20183,0.401134,0.39671052578553
Any AMD,697,4,109122459,109978982,799513743,-0.0923071,-0.31586,0.13209,0.410109,0.387100699848218
Any AMD,670,4,76497359,78045637,766888643,-0.209579,-0.95549,0.34495,0.413736,0.383276688625567
Any AMD,700,4,112830230,113916002,803221514,0.14142,-0.2299,0.53669,0.440792,0.355766296160317
Any AMD,699,4,111733580,112830229,802124864,0.112479,-0.17991,0.42294,0.445455,0.351196161972303
Any AMD,720,4,131873454,132801980,822264738,0.342281,-0.69928,1,0.451909,0.344949009384852
Any AMD,638,4,37880861,38984838,728272145,-0.102942,-0.39984,0.18964,0.478701,0.319935665281728
Any AMD,769,4,185483263,186232882,875874547,0.300046,-0.56804,1,0.4928,0.307329300843631
Any AMD,660,4,64117432,65563100,754508716,0.168256,-0.38223,0.8391,0.496579,0.304011650421729
Any AMD,622,4,23858351,24764724,714249635,0.216673,-0.45729,1,0.499314,0.301626256821904
Any AMD,759,4,177129679,178314527,867520963,-0.114938,-0.52736,0.2653,0.525466,0.279455379521729
Any AMD,649,4,49325139,53879571,739716423,0.0870036,-0.19537,0.37081,0.529196,0.276383447146088
Any AMD,621,4,22835186,23858350,713226470,-0.457056,-1,0.72444,0.540718,0.267029172923807
Any AMD,663,4,67616363,68742859,758007647,-0.116781,-0.55889,0.28293,0.544517,0.263988556879848
Any AMD,685,4,94757266,96183801,785148550,0.136405,-0.35966,0.71564,0.55416,0.256364825371218
Any AMD,610,4,10370667,11050119,700761951,0.137913,-0.37317,0.7044,0.558371,0.253077145662527
Any AMD,604,4,7135820,7726034,697527104,0.0906587,-0.23115,0.46082,0.565311,0.247712563818455
Any AMD,643,4,42189252,43192424,732580536,0.114504,-0.31665,0.57834,0.569844,0.244244020137883
Any AMD,693,4,104384535,105319195,794775819,0.118897,-0.3185,0.60677,0.573078,0.241786263435452
Any AMD,710,4,121981244,122655434,812372528,-0.141004,-0.83553,0.42049,0.579475,0.236965295845771
Any AMD,666,4,70516837,71468300,760908121,0.228923,-0.78868,1,0.589044,0.229852263373353
Any AMD,661,4,65563101,66597446,755954385,-0.111447,-0.60069,0.33857,0.604485,0.218614471474928
Any AMD,731,4,146174872,147161042,836566156,-0.0802882,-0.42022,0.23588,0.606812,0.216945839417522
Any AMD,746,4,163937104,164781847,854328388,-0.142413,-0.98323,0.47886,0.60698,0.216825618698608
Any AMD,771,4,186881569,187985393,877272853,-0.12554,-0.91409,0.47601,0.617447,0.209400315145864
Any AMD,761,4,179233906,179932391,869625190,-0.22989,-1,0.93124,0.619582,0.207901207785373
Any AMD,644,4,43192425,43962561,733583709,0.22955,-0.95017,1,0.620941,0.206949663256146
Any AMD,751,4,168623791,169555114,859015075,-0.0974715,-0.52962,0.32262,0.625871,0.20351517120075
Any AMD,721,4,132801981,133524886,823193265,-0.262825,-1,1,0.634311,0.197697757153887
Any AMD,768,4,184338585,185483262,874729869,0.105312,-0.40754,0.73861,0.644568,0.190731259122146
Any AMD,605,4,7726035,8309826,698117319,-0.0616757,-0.34562,0.2121,0.656233,0.182941934026858
Any AMD,629,4,30455556,31395092,720846840,0.199384,-0.78352,1,0.665367,0.176938742501311
Any AMD,725,4,137400032,138537344,827791316,-0.109966,-0.77765,0.48619,0.667764,0.175376998014175
Any AMD,749,4,166702856,167643768,857094140,-0.118182,-0.90783,0.53474,0.672399,0.172372941120141
Any AMD,598,4,1529268,2468935,691920552,0.295712,-0.67113,1,0.676477,0.169746964687776
Any AMD,648,4,47408266,49325138,737799550,0.0716803,-0.2883,0.45461,0.680752,0.167011074060436
Any AMD,624,4,25832019,27385580,716223303,-0.0649582,-0.40804,0.25723,0.682238,0.166064094470255
Any AMD,599,4,2468936,3549229,692860220,-0.0570537,-0.35981,0.23445,0.685429,0.164037524835334
Any AMD,755,4,172555991,174470206,862947275,-0.0448351,-0.27135,0.1762,0.687824,0.162522674565591
Any AMD,740,4,157597310,159176073,847988594,-0.11947,-1,0.59154,0.688168,0.162305526057624
Any AMD,713,4,124534998,125486535,814926282,-0.114654,-0.87733,0.56176,0.691121,0.160445910611471
Any AMD,611,4,11050120,12209028,701441404,-0.0541645,-0.32969,0.21985,0.691453,0.160237334765602
Any AMD,698,4,109978983,111733579,800370267,-0.0265945,-0.1627,0.10831,0.696719,0.156942345798656
Any AMD,664,4,68742860,69603368,759134144,0.0902983,-0.41208,0.61369,0.698242,0.155994031460482
Any AMD,645,4,43962562,45186767,734353846,0.102076,-0.5748,0.88364,0.724179,0.140154073162136
Any AMD,742,4,160828481,161666201,851219765,-0.463336,-1,1,0.72791,0.137922314257886
Any AMD,615,4,14967148,15910801,705358432,0.149019,-0.79813,1,0.729956,0.136703317322165
Any AMD,630,4,31395093,32260117,721786377,-0.205851,-1,1,0.742302,0.129419369316918
Any AMD,627,4,28927439,29758399,719318723,0.125529,-0.84904,1,0.743298,0.128837035756357
Any AMD,748,4,165824651,166702855,856215935,-0.0736455,-0.62541,0.43702,0.746816,0.126786386173851
Any AMD,639,4,38984839,39820061,729376123,0.576878,-0.95579,1,0.75527,0.121897765525542
Any AMD,728,4,141087048,142807914,831478332,-0.117015,-1,0.71463,0.75677,0.121036092637843
Any AMD,729,4,142807915,144401042,833199199,-0.0682479,-0.67983,0.46161,0.759656,0.119383027617826
Any AMD,762,4,179932392,180540877,870323676,0.151763,-1,1,0.759706,0.119354443614668
Any AMD,665,4,69603369,70516836,759994653,0.0753493,-0.53349,0.71078,0.77414,0.111180491863218
Any AMD,743,4,161666202,162239289,852057486,0.134387,-1,1,0.775277,0.110543099973805
Any AMD,704,4,117313637,118395262,807704921,0.0515912,-0.40408,0.53715,0.809894,0.0915718184392827
Any AMD,717,4,128321877,129625376,818713161,-0.0478758,-0.50808,0.39864,0.810805,0.0910835818022725
Any AMD,774,4,189899574,191043880,880290858,-0.0340724,-0.33056,0.26635,0.81216,0.0903584039214081
Any AMD,652,4,55681702,57103100,746072986,-0.0499215,-0.58715,0.44287,0.812555,0.0901472329483676
Any AMD,750,4,167643769,168623790,858035053,0.0521668,-0.44832,0.57719,0.820341,0.0860055822088926
Any AMD,724,4,135809543,137400031,826200827,0.0362423,-0.28392,0.36208,0.820505,0.0859187680956007
Any AMD,667,4,71468301,73258294,761859585,0.0523872,-0.48779,0.59673,0.821316,0.0854897166296123
Any AMD,614,4,14395887,14967147,704787171,-0.0515942,-0.70046,0.55376,0.842141,0.0746151883158868
Any AMD,708,4,120563074,121393008,810954358,0.0943638,-1,1,0.846888,0.0721740208359866
Any AMD,709,4,121393009,121981243,811784293,0.0680192,-0.84941,1,0.851291,0.0699219580219346
Any AMD,773,4,189153280,189899573,879544564,-0.0311808,-0.40732,0.33176,0.853514,0.0687893508551868
Any AMD,765,4,182065647,182946258,872456931,-0.0294133,-0.37162,0.29672,0.854925,0.0680719829499871
Any AMD,732,4,147161043,148462208,837552327,0.0556823,-0.81053,0.98168,0.869506,0.0607274168149192
Any AMD,766,4,182946259,183603892,873337543,-0.0227137,-0.31562,0.26721,0.869947,0.0605072052074509
Any AMD,696,4,108131207,109122458,798522491,-0.019781,-0.28359,0.24847,0.880206,0.0554156753572475
Any AMD,619,4,20086839,21416380,710478123,0.0230034,-0.37979,0.44222,0.89956,0.0459698642251768
Any AMD,701,4,113916003,115306149,804307287,-0.0203966,-0.38138,0.34129,0.906538,0.0426139865553237
Any AMD,736,4,152162099,153520883,842553383,-0.0960211,-1,1,0.91463,0.0387545577981305
Any AMD,735,4,151014323,152162098,841405607,0.0196135,-0.36549,0.41371,0.916463,0.0378850639480249
Any AMD,640,4,39820062,40590541,730211346,-0.0168757,-0.35444,0.31435,0.917476,0.0374052875160819
Any AMD,686,4,96183802,97540787,786575086,-0.0200509,-0.46107,0.4046,0.921376,0.035563104437707
Any AMD,669,4,74885901,76497358,765277185,0.0459692,-0.91716,0.96521,0.933765,0.0297624086143981
Any AMD,737,4,153520884,155044409,843912168,0.0126783,-0.35856,0.37892,0.94,0.0268721464003014
Any AMD,662,4,66597447,67616362,756988731,0.0184634,-0.58402,0.62737,0.943663,0.0251830728319816
Any AMD,694,4,105319196,106479155,795710480,-0.0116462,-0.59446,0.54047,0.96197,0.0168384716603301
Any AMD,612,4,12209029,13127576,702600313,0.00775358,-0.53525,0.5306,0.973453,0.0116850121289532
Any AMD,689,4,99532481,100333334,789923765,-0.0122453,-1,1,0.975134,0.0109357007508286
Any AMD,678,4,86931671,88502717,777322955,-0.00107065,-0.25781,0.26582,0.993312,0.00291431787337844
Any AMD,625,4,27385581,28177792,717776865,0.000310564,-1,1,0.999584,0.000180704093529731
Dry AMD,887,5,130573818,132554690,1012008982,-0.491568,-0.88643,-0.17638,0.00271327,2.56650698704356
Dry AMD,812,5,41279591,42856332,922714755,-0.840336,-1,-0.2827,0.0043842,2.35810964227114
Dry AMD,840,5,77290256,79005158,958725420,-0.609252,-1,-0.17507,0.00783441,2.10599370415932
Dry AMD,895,5,143605909,145319096,1025041073,0.716231,0.16956,1,0.0112326,1.94951970634234
Dry AMD,906,5,156345452,157191081,1037780616,-0.408445,-0.79851,-0.08602,0.0153231,1.81465336416169
Dry AMD,791,5,16592320,17803477,898027484,-0.759518,-1,-0.13406,0.017182,1.76492628530049
Dry AMD,899,5,149850204,150981934,1031285368,1,0.01758,1,0.0244065,1.61249449586634
Dry AMD,913,5,163781269,165289211,1045216433,-0.589196,-1,-0.06234,0.0299234,1.52398906196576
Dry AMD,780,5,3677596,4636542,885112760,0.431061,0.03479,1,0.0344354,1.46299486790492
Dry AMD,901,5,151892618,152878627,1033327782,0.534128,0.04571,1,0.0395463,1.40289414338633
Dry AMD,909,5,159663734,160519049,1041098898,-0.730687,-1,-0.01273,0.0440173,1.35637660038021
Dry AMD,847,5,85311780,86493763,966746944,0.470546,0.01304,1,0.044574,1.35091839126766
Dry AMD,872,5,115117632,116208000,996552796,-0.484296,-1,-0.02078,0.0446812,1.34987517158194
Dry AMD,835,5,71468652,73314061,952903816,-0.436927,-1,0.04585,0.066499,1.17718488549009
Dry AMD,902,5,152878628,153734494,1034313792,-0.636109,-1,0.04903,0.0722146,1.14137498998678
Dry AMD,836,5,73314062,74245354,954749226,0.368985,-0.07413,1,0.0945021,1.02455854060948
Dry AMD,888,5,132554691,134556570,1013989855,-0.258545,-0.62066,0.05148,0.0989628,1.00452802551165
Dry AMD,871,5,113998533,115117631,995433697,-0.483248,-1,0.11039,0.1082,0.965772739229449
Dry AMD,908,5,158484776,159663733,1039919940,-0.247687,-0.60626,0.05463,0.113368,0.945509514972439
Dry AMD,890,5,135344944,136949853,1016780108,-0.426081,-1,0.10655,0.115519,0.937346579265101
Dry AMD,907,5,157191082,158484775,1038626246,-0.211242,-0.50947,0.06693,0.133893,0.873242127549903
Dry AMD,796,5,22149043,23246745,903584207,-0.611899,-1,0.18171,0.134194,0.872266901642021
Dry AMD,896,5,145319097,147180171,1026754261,0.894053,-0.15238,1,0.13448,0.871342299568586
Dry AMD,833,5,67096192,68006993,948531356,-0.329735,-0.90758,0.11466,0.140004,0.853859556085253
Dry AMD,876,5,119664174,120371857,1001099338,-1,-1,0.42313,0.146182,0.835106100578862
Dry AMD,788,5,12867190,13608147,894302354,0.484294,-0.19018,1,0.149166,0.826330156052994
Dry AMD,838,5,75239303,75959515,956674467,0.288793,-0.11023,0.80546,0.15192,0.818385048271039
Dry AMD,852,5,91956906,93814604,973392070,-0.417401,-1,0.17552,0.15851,0.799943334027786
Dry AMD,885,5,128067415,128734905,1009502579,0.418087,-0.20159,1,0.164945,0.782660844746229
Dry AMD,798,5,24362662,25722097,905797826,-0.28464,-0.95196,0.14955,0.18213,0.739618512407389
Dry AMD,892,5,139408117,141253830,1020843281,0.165681,-0.07911,0.4195,0.18297,0.737620111922637
Dry AMD,843,5,81710195,82720248,963145359,0.268315,-0.15722,0.75815,0.196327,0.707019969657942
Dry AMD,879,5,122005292,123191941,1003440456,0.251327,-0.18967,0.76418,0.250461,0.60125988977046
Dry AMD,862,5,103788461,104850490,985223625,-0.396678,-1,0.33359,0.253709,0.59566412646763
Dry AMD,813,5,42856333,44049878,924291497,-0.24213,-0.76662,0.20102,0.268297,0.571384183424706
Dry AMD,886,5,128734906,130573817,1010170070,0.139793,-0.11406,0.40363,0.270237,0.568255189008552
Dry AMD,869,5,111983116,113121555,993418280,0.167707,-0.14281,0.47893,0.279333,0.553877754340867
Dry AMD,790,5,14910296,16592319,896345460,-0.733578,-1,0.38959,0.28098,0.551324591834276
Dry AMD,921,5,174662886,176180301,1056098050,0.319344,-0.27619,1,0.292102,0.534465469435248
Dry AMD,823,5,55968967,56896890,937404131,0.321693,-0.3111,1,0.294331,0.531163994033853
Dry AMD,882,5,125131721,126054697,1006566885,-0.278291,-1,0.27228,0.297313,0.52678610086963
Dry AMD,811,5,40290852,41279590,921726016,-0.501818,-1,0.55122,0.318965,0.496256969421817
Dry AMD,848,5,86493764,87943482,967928928,0.185747,-0.18628,0.5975,0.321877,0.492310055094298
Dry AMD,868,5,110819518,111983115,992254682,-0.370408,-1,0.41408,0.323165,0.490575681096593
Dry AMD,864,5,106389389,107265911,987824553,-0.698737,-1,0.46816,0.330755,0.480493581891795
Dry AMD,917,5,169506967,170898340,1050942131,0.22732,-0.27205,1,0.341547,0.466549524965884
Dry AMD,837,5,74245355,75239302,955680519,-0.595732,-1,0.55981,0.346552,0.460231590435536
Dry AMD,824,5,56896891,57895012,938332055,-0.668557,-1,0.45335,0.348895,0.457305254363781
Dry AMD,911,5,161478178,162386027,1042913342,-0.416866,-1,0.41448,0.359893,0.44382660039054
Dry AMD,904,5,154599751,155459556,1036034915,0.806685,-0.60314,1,0.361652,0.441709128834356
Dry AMD,893,5,141253831,142532956,1022688995,-0.14249,-0.50274,0.18933,0.384361,0.415260685374106
Dry AMD,898,5,148662215,149850203,1030097379,0.156932,-0.20746,0.55678,0.386366,0.413001098255681
Dry AMD,781,5,4636543,5828694,886071707,0.113962,-0.14943,0.39002,0.389978,0.408959892327596
Dry AMD,814,5,44049879,45305566,925485043,0.259901,-0.37413,1,0.395886,0.402429856242878
Dry AMD,839,5,75959516,77290255,957394680,0.16892,-0.24447,0.63322,0.404776,0.392785245616286
Dry AMD,900,5,150981935,151892617,1032417099,0.239075,-0.4044,1,0.420192,0.376552220347318
Dry AMD,905,5,155459557,156345451,1036894721,-0.36299,-1,0.60576,0.428939,0.367604465034474
Dry AMD,825,5,57895013,58721458,939330177,0.191895,-0.3151,0.80527,0.42919,0.367350405521122
Dry AMD,873,5,116208001,117348497,997643165,-0.101502,-0.37802,0.16531,0.452382,0.344494683711646
Dry AMD,874,5,117348498,118605251,998783662,-0.214992,-1,0.40929,0.453289,0.343624819871966
Dry AMD,865,5,107265912,108641784,988701076,-0.224258,-1,0.42718,0.456459,0.340598225519434
Dry AMD,918,5,170898341,172285682,1052333505,-0.187179,-1,0.36048,0.461093,0.33621147089369
Dry AMD,922,5,176180302,177659902,1057615466,-0.236772,-1,0.47821,0.481168,0.317703263056078
Dry AMD,919,5,172285683,173606995,1053720847,-0.195374,-1,0.42875,0.490766,0.309125532586972
Dry AMD,853,5,93814605,95117259,975249769,-0.0940615,-0.40063,0.20241,0.524404,0.280334004298311
Dry AMD,800,5,26938179,28315653,908373343,-0.146769,-0.74474,0.36368,0.536011,0.270826297638794
Dry AMD,855,5,96467378,97316601,977902542,-0.216377,-1,0.63481,0.541831,0.266136151123087
Dry AMD,925,5,179794711,180902886,1061229875,0.175859,-0.49224,1,0.544754,0.26379957214816
Dry AMD,850,5,89584467,90793804,971019631,0.167916,-0.47134,0.95028,0.548006,0.26121468649259
Dry AMD,822,5,55221399,55968966,936656563,-0.152419,-0.78905,0.4005,0.553949,0.256530217289863
Dry AMD,891,5,136949854,139408116,1018385018,-0.0924279,-0.44854,0.23528,0.560442,0.251469325768939
Dry AMD,915,5,166863414,168342743,1048298578,0.329281,-0.64965,1,0.58409,0.233520229100138
Dry AMD,854,5,95117260,96467377,976552424,-0.141655,-0.81537,0.43557,0.586256,0.231912699494673
Dry AMD,916,5,168342744,169506966,1049777908,-0.252708,-1,0.6763,0.588913,0.229948858711492
Dry AMD,880,5,123191942,124109485,1004627106,0.0976099,-0.30265,0.50392,0.608305,0.215878613812459
Dry AMD,795,5,21211400,22149042,902646564,0.155144,-0.55543,1,0.61759,0.209299744699489
Dry AMD,830,5,63214090,64438518,944649254,-0.119204,-0.71158,0.42044,0.620367,0.207351312243151
Dry AMD,787,5,11850851,12867189,893286015,-0.132013,-0.8372,0.49719,0.63066,0.200204713528913
Dry AMD,785,5,9203856,10549029,890639020,0.0666286,-0.21732,0.36044,0.634318,0.19769296448184
Dry AMD,867,5,109606906,110819517,991042070,-0.106884,-0.76777,0.43198,0.652279,0.185566603281789
Dry AMD,856,5,97316602,98567769,978751766,0.32891,-1,1,0.683463,0.165284991455743
Dry AMD,849,5,87943483,89584466,969378647,0.0684953,-0.31314,0.4782,0.710903,0.148189653051694
Dry AMD,861,5,102903986,103788460,984339150,0.0815447,-0.44364,0.62385,0.715808,0.145203452165014
Dry AMD,782,5,5828695,6936733,887263859,-0.133652,-1,0.67562,0.717179,0.144372435670988
Dry AMD,881,5,124109486,125131720,1005544650,-0.0451318,-0.29814,0.20182,0.717536,0.144156304755455
Dry AMD,784,5,8079416,9203855,889514580,0.0897659,-0.51085,0.78309,0.73238,0.135263524021126
Dry AMD,801,5,28315654,29593755,909750818,0.107666,-0.76921,1,0.762007,0.11804103909687
Dry AMD,842,5,80448226,81710194,961883390,-0.0575703,-0.48307,0.35356,0.771307,0.112772727178151
Dry AMD,777,5,1206610,2106885,882641774,-0.0520104,-0.43486,0.32323,0.772655,0.112014380651026
Dry AMD,910,5,160519050,161478177,1041954214,0.237046,-1,1,0.785652,0.104769779592694
Dry AMD,863,5,104850491,106389388,986285655,0.101807,-0.81863,1,0.789043,0.102899328661477
Dry AMD,786,5,10549030,11850850,891984194,0.0363697,-0.25656,0.33087,0.796265,0.0989423733619382
Dry AMD,875,5,118605252,119664173,1000040416,-0.338083,-1,1,0.798857,0.0975309549401727
Dry AMD,841,5,79005159,80448225,960440323,-0.0281392,-0.26081,0.198,0.805749,0.0938002248100447
Dry AMD,820,5,52837226,53747856,934272390,0.0343537,-0.25554,0.33287,0.814636,0.0890364016943066
Dry AMD,775,5,10043,598320,881445207,0.156492,-1,1,0.816942,0.0878087757492212
Dry AMD,831,5,64438519,65606870,945873683,-0.0372081,-0.36882,0.29139,0.818219,0.0871304398958831
Dry AMD,829,5,62180369,63214089,943615533,0.058183,-0.51449,0.67814,0.819258,0.0865793090680867
Dry AMD,846,5,84697851,85311779,966133015,-0.478402,-1,1,0.826648,0.0826793806537594
Dry AMD,924,5,178595253,179794710,1060030417,0.0674522,-0.67038,0.9456,0.829357,0.0812584854258589
Dry AMD,866,5,108641785,109606905,990076949,0.231357,-1,1,0.834386,0.0786329914628235
Dry AMD,889,5,134556571,135344943,1015991735,-0.0934064,-1,1,0.862296,0.0643436284905253
Dry AMD,883,5,126054698,126992836,1007489862,0.0701754,-0.99823,1,0.867458,0.0617515434071841
Dry AMD,878,5,120960738,122005291,1002395902,-0.0380856,-0.61215,0.52698,0.87779,0.0566093710526278
Dry AMD,923,5,177659903,178595252,1059095067,0.0423451,-0.72254,0.90023,0.891824,0.0497208444697979
Dry AMD,828,5,60930754,62180368,942365918,-0.0623227,-1,1,0.9009,0.0453234130813565
Dry AMD,778,5,2106886,2960068,883542050,0.0191024,-0.43348,0.52331,0.9263,0.0332483359486221
Dry AMD,810,5,39438986,40290851,920874150,0.0414042,-1,1,0.93303,0.0301043920252098
Dry AMD,779,5,2960069,3677595,884395233,0.0154492,-0.41051,0.44185,0.935331,0.0290346714432747
Dry AMD,834,5,68006994,71468651,949442158,0.0110775,-0.62845,0.63529,0.964114,0.0158716106576105
Dry AMD,870,5,113121556,113998532,994556720,0.0222869,-1,1,0.966165,0.0149486991846099
Dry AMD,821,5,53747857,55221398,935183021,-0.00759026,-0.49472,0.46106,0.969769,0.0133317028190925
Dry AMD,832,5,65606871,67096191,947042035,0.00453558,-0.25381,0.25871,0.971121,0.0127266543779091
Dry AMD,884,5,126992837,128067414,1008428001,-0.00273601,-0.4648,0.44306,0.988737,0.00491921359831812
Dry AMD,819,5,52139774,52837225,933574938,0.0111407,-1,1,0.993996,0.00261536327011421
Wet AMD,814,5,44049879,45305566,925485043,0.754504,0.23467,1,0.00502194,2.29912848035758
Wet AMD,886,5,128734906,130573817,1010170070,0.248093,0.06537,0.43889,0.00907363,2.0422189341547
Wet AMD,901,5,151892618,152878627,1033327782,1,0.04326,1,0.0193175,1.71404907908293
Wet AMD,821,5,53747857,55221398,935183021,-0.395871,-0.91485,-0.06678,0.0218732,1.66008767600767
Wet AMD,921,5,174662886,176180301,1056098050,0.335845,0.0329,0.73016,0.0266817,1.57378650320007
Wet AMD,817,5,50164836,51203265,931600000,-0.602572,-1,-0.07886,0.0284403,1.54606582680101
Wet AMD,827,5,59868568,60930753,941303732,0.588348,0.0661,1,0.0323519,1.49010020849498
Wet AMD,837,5,74245355,75239302,955680519,-0.842855,-1,-0.04899,0.0478282,1.3203159633634
Wet AMD,835,5,71468652,73314061,952903816,-0.526092,-1,0.00607,0.0530405,1.27539239059466
Wet AMD,818,5,51203266,52139773,932638430,0.50143,-0.04014,1,0.0670141,1.17383381061348
Wet AMD,793,5,18791411,20397013,900226575,0.54606,-0.02778,1,0.0688408,1.16215409137227
Wet AMD,780,5,3677596,4636542,885112760,0.46039,-0.03856,1,0.069175,1.16005083218701
Wet AMD,857,5,98567770,99257995,980002934,-0.548304,-1,0.04391,0.0753473,1.12293230560695
Wet AMD,811,5,40290852,41279590,921726016,0.762216,-0.06764,1,0.0763799,1.1170209145602
Wet AMD,843,5,81710195,82720248,963145359,0.405232,-0.03163,1,0.0766836,1.11529750686029
Wet AMD,873,5,116208001,117348497,997643165,-0.528154,-1,0.0628,0.090758,1.04211508306623
Wet AMD,848,5,86493764,87943482,967928928,0.295461,-0.05563,0.69141,0.100075,0.999674401222857
Wet AMD,833,5,67096192,68006993,948531356,0.352514,-0.11027,0.97359,0.123739,0.907493398064174
Wet AMD,807,5,35157147,36431967,916592311,-0.325616,-1,0.09768,0.124881,0.903503632265121
Wet AMD,809,5,37925488,39438985,919360652,-0.239371,-0.58879,0.07174,0.127117,0.895796365162066
Wet AMD,845,5,84094798,84697850,965529962,-0.884433,-1,0.25817,0.140088,0.853599064978234
Wet AMD,906,5,156345452,157191081,1037780616,-0.290526,-0.74597,0.10203,0.14261,0.845850020118452
Wet AMD,911,5,161478178,162386027,1042913342,0.3163,-0.12058,1,0.146377,0.834527157962075
Wet AMD,910,5,160519050,161478177,1041954214,0.906548,-0.35853,1,0.178881,0.74743578594669
Wet AMD,820,5,52837226,53747856,934272390,-0.47781,-1,0.21576,0.189817,0.721664894777158
Wet AMD,900,5,150981935,151892617,1032417099,0.466829,-0.26924,1,0.19623,0.707234596148372
Wet AMD,784,5,8079416,9203855,889514580,0.341566,-0.19121,1,0.197797,0.703780299661621
Wet AMD,840,5,77290256,79005158,958725420,-0.173468,-0.46706,0.10584,0.209116,0.679612736929474
Wet AMD,828,5,60930754,62180368,942365918,-0.567439,-1,0.3827,0.216948,0.663644349189839
Wet AMD,879,5,122005292,123191941,1003440456,-0.200204,-0.56442,0.13108,0.229483,0.639249481279881
Wet AMD,867,5,109606906,110819517,991042070,-0.340507,-1,0.25361,0.237857,0.623684063009523
Wet AMD,909,5,159663734,160519049,1041098898,0.249892,-0.18661,0.76928,0.24304,0.614322243481289
Wet AMD,851,5,90793805,91956905,972228969,0.346453,-0.26911,1,0.247408,0.606586261458384
Wet AMD,870,5,113121556,113998532,994556720,0.38348,-0.33863,1,0.273259,0.563425525312499
Wet AMD,856,5,97316602,98567769,978751766,0.225531,-0.19851,0.69048,0.273968,0.562300160665059
Wet AMD,924,5,178595253,179794710,1060030417,0.170287,-0.14473,0.54857,0.274876,0.560863177663197
Wet AMD,859,5,100594082,101575367,982029246,-0.344672,-1,0.34731,0.283517,0.54742089520197
Wet AMD,800,5,26938179,28315653,908373343,0.361511,-0.39643,1,0.321478,0.492848742197052
Wet AMD,875,5,118605252,119664173,1000040416,-0.443895,-1,0.47603,0.325281,0.48774130356765
Wet AMD,849,5,87943483,89584466,969378647,-0.175752,-0.58727,0.1841,0.326329,0.48634432988869
Wet AMD,858,5,99257996,100594081,980693160,-0.240678,-1,0.28449,0.334491,0.475615563106684
Wet AMD,912,5,162386028,163781268,1043821192,-0.261567,-1,0.3317,0.359042,0.444854745568372
Wet AMD,908,5,158484776,159663733,1039919940,0.132176,-0.16291,0.44134,0.360457,0.443146536149978
Wet AMD,799,5,25722098,26938178,907157262,-0.306072,-1,0.44626,0.360537,0.443050159318285
Wet AMD,883,5,126054698,126992836,1007489862,0.67877,-0.59158,1,0.364926,0.437795193214497
Wet AMD,887,5,130573818,132554690,1012008982,0.0956305,-0.11409,0.31553,0.365983,0.436539087222149
Wet AMD,869,5,111983116,113121555,993418280,0.214486,-0.28309,0.85359,0.366326,0.436132256176276
Wet AMD,914,5,165289212,166863413,1046724376,-0.210272,-0.99111,0.2919,0.373615,0.427575695915029
Wet AMD,826,5,58721459,59868567,940156623,0.243347,-0.37206,1,0.388454,0.410660402162868
Wet AMD,897,5,147180172,148662214,1028615336,-0.131281,-0.45785,0.18191,0.39288,0.405740078876453
Wet AMD,882,5,125131721,126054697,1006566885,-0.200993,-0.81378,0.32222,0.418036,0.378786316483035
Wet AMD,806,5,33971057,35157146,915406221,-0.127859,-0.47824,0.19119,0.418602,0.378198701016709
Wet AMD,778,5,2106886,2960068,883542050,-0.246274,-1,0.41177,0.425007,0.371603916923011
Wet AMD,872,5,115117632,116208000,996552796,-0.432798,-1,0.60165,0.438398,0.358131435798653
Wet AMD,898,5,148662215,149850203,1030097379,0.115633,-0.19127,0.43975,0.451455,0.345385532671996
Wet AMD,850,5,89584467,90793804,971019631,0.17875,-0.3398,0.78279,0.45966,0.337563287276681
Wet AMD,868,5,110819518,111983115,992254682,0.208423,-0.42017,0.99647,0.460984,0.336314147999285
Wet AMD,794,5,20397014,21211399,901832178,-0.323087,-1,0.77192,0.466464,0.331181867897425
Wet AMD,782,5,5828695,6936733,887263859,-0.10548,-0.41011,0.19064,0.471997,0.326060761720968
Wet AMD,781,5,4636543,5828694,886071707,-0.0998313,-0.38963,0.18235,0.47282,0.325304161344374
Wet AMD,824,5,56896891,57895012,938332055,-0.199152,-1,0.43779,0.488978,0.310710680126963
Wet AMD,842,5,80448226,81710194,961883390,0.238446,-0.54881,1,0.489603,0.310155929752499
Wet AMD,829,5,62180369,63214089,943615533,0.260433,-0.58911,1,0.490273,0.309562023282248
Wet AMD,877,5,120371858,120960737,1001807022,0.327154,-0.83595,1,0.501824,0.299448572159875
Wet AMD,852,5,91956906,93814604,973392070,-0.254266,-1,0.66152,0.542263,0.265790027583776
Wet AMD,890,5,135344944,136949853,1016780108,-0.130908,-0.63906,0.32569,0.546951,0.26205157930243
Wet AMD,846,5,84697851,85311779,966133015,-0.554924,-1,1,0.548156,0.261095827833574
Wet AMD,905,5,155459557,156345451,1036894721,0.15067,-0.37837,0.778,0.548709,0.260657916388062
Wet AMD,876,5,119664174,120371857,1001099338,-0.506282,-1,1,0.55494,0.255753970170186
Wet AMD,917,5,169506967,170898340,1050942131,0.248069,-0.6145,1,0.566394,0.246881355919794
Wet AMD,788,5,12867190,13608147,894302354,-0.258679,-1,0.73595,0.567766,0.245830618246404
Wet AMD,785,5,9203856,10549029,890639020,0.067291,-0.17924,0.31537,0.574938,0.240378986109776
Wet AMD,864,5,106389389,107265911,987824553,-0.167177,-1,0.52874,0.585794,0.232255080896544
Wet AMD,822,5,55221399,55968966,936656563,-0.203688,-1,0.7067,0.587362,0.231094154040911
Wet AMD,920,5,173606996,174662885,1055042160,-0.211567,-1,0.57582,0.592905,0.227014887210689
Wet AMD,825,5,57895013,58721458,939330177,-0.1364,-0.81541,0.43612,0.605856,0.217630586785656
Wet AMD,896,5,145319097,147180171,1026754261,-0.168608,-1,0.59849,0.619342,0.20806946778673
Wet AMD,925,5,179794711,180902886,1061229875,0.0733814,-0.24018,0.39254,0.634835,0.197339137544404
Wet AMD,853,5,93814605,95117259,975249769,-0.107034,-0.7713,0.42257,0.648833,0.187867069781122
Wet AMD,831,5,64438519,65606870,945873683,-0.235929,-1,0.94323,0.665132,0.177092157429557
Wet AMD,830,5,63214090,64438518,944649254,0.13112,-0.59056,1,0.677145,0.16931832399272
Wet AMD,775,5,10043,598320,881445207,-1,-1,1,0.690445,0.160870911072101
Wet AMD,832,5,65606871,67096191,947042035,0.0604787,-0.26161,0.39035,0.694572,0.158282728210105
Wet AMD,913,5,163781269,165289211,1045216433,-0.0864861,-0.76688,0.4124,0.702158,0.153565151677501
Wet AMD,885,5,128067415,128734905,1009502579,0.224459,-1,1,0.716944,0.144514765449062
Wet AMD,795,5,21211400,22149042,902646564,0.153998,-0.93087,1,0.734934,0.133751660538679
Wet AMD,891,5,136949854,139408116,1018385018,0.0824499,-0.48896,0.79114,0.736679,0.132721710101828
Wet AMD,813,5,42856333,44049878,924291497,0.0762749,-0.42478,0.60688,0.743939,0.128462673391599
Wet AMD,841,5,79005159,80448225,960440323,-0.0656733,-0.54775,0.38317,0.747437,0.126425407291708
Wet AMD,863,5,104850491,106389388,986285655,0.160619,-0.99468,1,0.765115,0.116273283654429
Wet AMD,801,5,28315654,29593755,909750818,0.163042,-1,1,0.767293,0.115038763841807
Wet AMD,923,5,177659903,178595252,1059095067,0.141723,-0.84901,1,0.782034,0.106774364981848
Wet AMD,919,5,172285683,173606995,1053720847,-0.0572897,-0.63709,0.4685,0.793546,0.100427893147154
Wet AMD,907,5,157191082,158484775,1038626246,0.0389319,-0.28001,0.35242,0.799191,0.0973494155132371
Wet AMD,866,5,108641785,109606905,990076949,0.05166,-0.39544,0.53692,0.803419,0.0950579018829325
Wet AMD,861,5,102903986,103788460,984339150,0.159399,-0.98248,1,0.808787,0.0921658379729882
Wet AMD,902,5,152878628,153734494,1034313792,-0.200227,-1,1,0.819379,0.0865151708453983
Wet AMD,803,5,30416067,31679464,911851231,-0.11853,-1,0.89857,0.826551,0.0827303443487447
Wet AMD,904,5,154599751,155459556,1036034915,-0.0499255,-0.60456,0.47236,0.832721,0.0795004829349288
Wet AMD,865,5,107265912,108641784,988701076,0.0461224,-0.54683,0.67032,0.859809,0.0655980132433428
Wet AMD,854,5,95117260,96467377,976552424,0.0412526,-0.50597,0.59992,0.865544,0.0627108498319232
Wet AMD,871,5,113998533,115117631,995433697,0.0538165,-0.80848,1,0.878722,0.0561485003097937
Wet AMD,812,5,41279591,42856332,922714755,-0.0364859,-0.64573,0.55407,0.8814,0.0548269538260999
Wet AMD,792,5,17803478,18791410,899238642,0.050474,-0.77817,0.97487,0.883553,0.0537673941853207
Wet AMD,874,5,117348498,118605251,998783662,0.180352,-1,1,0.884648,0.0532294999996761
Wet AMD,786,5,10549030,11850850,891984194,-0.0181463,-0.31566,0.28284,0.901919,0.0448324640463311
Wet AMD,895,5,143605909,145319096,1025041073,-0.0275653,-0.75062,0.64969,0.916892,0.0376818165287995
Wet AMD,903,5,153734495,154599750,1035169659,-0.0806558,-1,1,0.920654,0.03590355560516
Wet AMD,884,5,126992837,128067414,1008428001,-0.0183295,-0.43906,0.42,0.921141,0.0356738868118188
Wet AMD,787,5,11850851,12867189,893286015,0.0229262,-0.7156,0.75528,0.937306,0.0281186029048649
Wet AMD,918,5,170898341,172285682,1052333505,0.0146278,-0.77342,0.86566,0.962529,0.0165861767802481
Wet AMD,888,5,132554691,134556570,1013989855,0.0041412,-0.31691,0.33204,0.978582,0.0094027768987552
Wet AMD,808,5,36431968,37925487,917867132,-0.00469055,-0.6007,0.59948,0.98494,0.00659022479434867
Wet AMD,894,5,142532957,143605908,1023968121,0.00197865,-0.4583,0.4878,0.992082,0.00345242998722845
Any AMD,840,5,77290256,79005158,958725420,-0.509955,-0.89947,-0.19346,0.00218732,2.66008767600767
Any AMD,780,5,3677596,4636542,885112760,0.568219,0.14142,1,0.0108867,1.96310374457677
Any AMD,901,5,151892618,152878627,1033327782,1,0.21504,1,0.0138064,1.85991954835491
Any AMD,836,5,73314062,74245354,954749226,0.759444,0.15433,1,0.0164758,1.78315348859129
Any AMD,843,5,81710195,82720248,963145359,0.437866,0.05159,0.92121,0.0262358,1.58110568845865
Any AMD,814,5,44049879,45305566,925485043,0.422254,0.05969,1,0.0289846,1.5378326887033
Any AMD,892,5,139408117,141253830,1020843281,0.686746,0.06775,1,0.0299643,1.52339586346018
Any AMD,902,5,152878628,153734494,1034313792,-0.764882,-1,-0.11161,0.0303921,1.51723929047937
Any AMD,886,5,128734906,130573817,1010170070,0.209082,0.01297,0.40716,0.0367906,1.43426312941366
Any AMD,809,5,37925488,39438985,919360652,-0.589629,-1,-0.04113,0.0379716,1.42054110271453
Any AMD,835,5,71468652,73314061,952903816,-0.498093,-1,-0.01849,0.0413339,1.38369361556099
Any AMD,848,5,86493764,87943482,967928928,0.313894,-0.00027,0.65231,0.0478872,1.31978055573458
Any AMD,906,5,156345452,157191081,1037780616,-0.322217,-0.69467,-0.00124,0.0508864,1.29339827255838
Any AMD,837,5,74245355,75239302,955680519,-0.721341,-1,0.0305,0.0654555,1.18405385531194
Any AMD,895,5,143605909,145319096,1025041073,0.444279,-0.04749,1,0.0816261,1.08817095308947
Any AMD,921,5,174662886,176180301,1056098050,0.354949,-0.04674,1,0.0853598,1.06874661114448
Any AMD,827,5,59868568,60930753,941303732,0.679743,-0.12887,1,0.0981602,1.00806456541137
Any AMD,876,5,119664174,120371857,1001099338,-1,-1,0.48644,0.107442,0.96882591600502
Any AMD,812,5,41279591,42856332,922714755,-0.283526,-0.67041,0.08201,0.109985,0.958666540854809
Any AMD,790,5,14910296,16592319,896345460,-0.48212,-1,0.13614,0.123847,0.907114509055744
Any AMD,869,5,111983116,113121555,993418280,0.291569,-0.11231,0.75641,0.139603,0.855105248837167
Any AMD,873,5,116208001,117348497,997643165,-0.243667,-0.66567,0.09721,0.155062,0.809494618771244
Any AMD,881,5,124109486,125131720,1005544650,-0.230175,-0.62024,0.09308,0.162919,0.78802826428586
Any AMD,899,5,149850204,150981934,1031285368,0.723193,-0.28344,1,0.175407,0.755953079152918
Any AMD,857,5,98567770,99257995,980002934,-0.564819,-1,0.28173,0.177583,0.75059861152796
Any AMD,862,5,103788461,104850490,985223625,-0.444269,-1,0.27172,0.195147,0.709638120751988
Any AMD,890,5,135344944,136949853,1016780108,-0.279154,-0.84067,0.16159,0.19934,0.700405546075077
Any AMD,852,5,91956906,93814604,973392070,-0.465673,-1,0.26442,0.203063,0.692369201950653
Any AMD,872,5,115117632,116208000,996552796,-0.405743,-1,0.25722,0.210064,0.677648369017048
Any AMD,864,5,106389389,107265911,987824553,-0.23866,-0.68313,0.15283,0.221524,0.654579215251631
Any AMD,838,5,75239303,75959515,956674467,0.331075,-0.21388,1,0.22243,0.652806638152063
Any AMD,823,5,55968967,56896890,937404131,0.356467,-0.25155,1,0.224065,0.649625976994543
Any AMD,826,5,58721459,59868567,940156623,-0.541,-1,0.39859,0.227242,0.643511397069742
Any AMD,898,5,148662215,149850203,1030097379,0.235211,-0.16961,0.70676,0.236407,0.626339668161489
Any AMD,910,5,160519050,161478177,1041954214,0.597205,-0.42528,1,0.237058,0.625145383955107
Any AMD,925,5,179794711,180902886,1061229875,0.319056,-0.23656,1,0.239028,0.621551222343773
Any AMD,828,5,60930754,62180368,942365918,-0.46957,-1,0.39405,0.240737,0.618457155836665
Any AMD,870,5,113121556,113998532,994556720,0.646988,-0.37236,1,0.252836,0.597161089059625
Any AMD,821,5,53747857,55221398,935183021,-0.149155,-0.42259,0.12083,0.272176,0.565150172766395
Any AMD,887,5,130573818,132554690,1012008982,-0.128304,-0.37094,0.1128,0.286851,0.542343631771692
Any AMD,798,5,24362662,25722097,905797826,-0.482983,-1,0.36333,0.293248,0.532764941162734
Any AMD,850,5,89584467,90793804,971019631,0.258976,-0.25308,0.93785,0.311559,0.506459698770054
Any AMD,863,5,104850491,106389388,986285655,0.306211,-0.33405,1,0.317209,0.498654499176352
Any AMD,801,5,28315654,29593755,909750818,0.338687,-0.39185,1,0.325648,0.487251584745023
Any AMD,810,5,39438986,40290851,920874150,0.520568,-0.65148,1,0.328863,0.482984985744293
Any AMD,853,5,93814605,95117259,975249769,-0.147717,-0.49207,0.17019,0.355975,0.448580501306038
Any AMD,885,5,128067415,128734905,1009502579,0.31444,-0.44283,1,0.362389,0.440824993422942
Any AMD,913,5,163781269,165289211,1045216433,-0.154064,-0.60303,0.20824,0.380268,0.419910219442866
Any AMD,904,5,154599751,155459556,1036034915,0.405359,-0.53397,1,0.382191,0.417719544116061
Any AMD,807,5,35157147,36431967,916592311,-0.286691,-1,0.44095,0.384503,0.415100267362256
Any AMD,806,5,33971057,35157146,915406221,-0.170689,-0.73649,0.24223,0.390074,0.408852996196382
Any AMD,894,5,142532957,143605908,1023968121,0.132064,-0.21219,0.51156,0.423103,0.373553895304899
Any AMD,909,5,159663734,160519049,1041098898,-0.179734,-0.73408,0.28768,0.431007,0.36551567638988
Any AMD,830,5,63214090,64438518,944649254,-0.19966,-0.93269,0.34884,0.432871,0.363641508577808
Any AMD,924,5,178595253,179794710,1060030417,0.145642,-0.26045,0.70643,0.446732,0.349952937329675
Any AMD,882,5,125131721,126054697,1006566885,-0.174357,-0.7108,0.30985,0.452062,0.344801997906904
Any AMD,817,5,50164836,51203265,931600000,-0.214964,-1,0.4287,0.45678,0.340292919823045
Any AMD,888,5,132554691,134556570,1013989855,-0.105507,-0.39461,0.18076,0.458102,0.33903781215959
Any AMD,896,5,145319097,147180171,1026754261,0.257641,-0.49346,1,0.470465,0.327472680148015
Any AMD,893,5,141253831,142532956,1022688995,-0.124746,-0.52618,0.23728,0.474195,0.324043029615228
Any AMD,824,5,56896891,57895012,938332055,-0.143956,-0.65949,0.28515,0.480145,0.31862758931131
Any AMD,917,5,169506967,170898340,1050942131,0.129314,-0.27472,0.62396,0.488692,0.310964770413803
Any AMD,803,5,30416067,31679464,911851231,0.250658,-0.49164,1,0.501634,0.299613035351255
Any AMD,865,5,107265912,108641784,988701076,-0.136499,-0.65768,0.33904,0.537539,0.269590020955896
Any AMD,834,5,68006994,71468651,949442158,-0.191621,-1,0.5107,0.540052,0.267564421240394
Any AMD,884,5,126992837,128067414,1008428001,-0.0950364,-0.46129,0.2351,0.550709,0.259077825973051
Any AMD,918,5,170898341,172285682,1052333505,-0.224546,-1,0.51709,0.551926,0.258119146810687
Any AMD,779,5,2960069,3677595,884395233,0.112117,-0.30561,0.59334,0.562962,0.24952091908699
Any AMD,851,5,90793805,91956905,972228969,0.203657,-0.62098,1,0.563201,0.249336582747165
Any AMD,907,5,157191082,158484775,1038626246,-0.074684,-0.33828,0.18698,0.567449,0.2460731649963
Any AMD,920,5,173606996,174662885,1055042160,0.18895,-0.51094,1,0.570056,0.244082478895273
Any AMD,782,5,5828695,6936733,887263859,-0.112264,-0.65247,0.34328,0.60051,0.221479756106773
Any AMD,778,5,2106886,2960068,883542050,-0.115922,-0.72687,0.39684,0.607886,0.216177858577659
Any AMD,813,5,42856333,44049878,924291497,-0.104855,-0.57679,0.32412,0.614174,0.211708572613778
Any AMD,908,5,158484776,159663733,1039919940,-0.0631216,-0.31579,0.19741,0.622619,0.205777630410248
Any AMD,878,5,120960738,122005291,1002395902,-0.48908,-1,0.96591,0.628565,0.201649805198893
Any AMD,788,5,12867190,13608147,894302354,0.333957,-0.87586,1,0.631369,0.199716745629502
Any AMD,820,5,52837226,53747856,934272390,-0.0802517,-0.4381,0.26612,0.634409,0.19763066455771
Any AMD,912,5,162386028,163781268,1043821192,0.0920524,-0.33787,0.56058,0.641681,0.19268081986
Any AMD,846,5,84697851,85311779,966133015,-0.57932,-1,1,0.641709,0.192661869664821
Any AMD,866,5,108641785,109606905,990076949,0.088058,-0.30584,0.50593,0.645708,0.189963832868851
Any AMD,856,5,97316602,98567769,978751766,0.110222,-0.44049,0.71482,0.655731,0.183274284366585
Any AMD,822,5,55221399,55968966,936656563,-0.102136,-0.63915,0.39589,0.658017,0.181762886156834
Any AMD,808,5,36431968,37925487,917867132,0.132453,-0.60862,1,0.671404,0.173016075699337
Any AMD,874,5,117348498,118605251,998783662,-0.180785,-1,0.74392,0.672598,0.172244428413377
Any AMD,781,5,4636543,5828694,886071707,0.0612646,-0.24075,0.3733,0.673669,0.171553436970757
Any AMD,829,5,62180369,63214089,943615533,-0.0891399,-0.58461,0.38083,0.686156,0.163577134676632
Any AMD,777,5,1206610,2106885,882641774,-0.0791547,-0.5352,0.35827,0.695812,0.157508085664826
Any AMD,867,5,109606906,110819517,991042070,-0.0711868,-0.52874,0.34619,0.71307,0.146867834634089
Any AMD,784,5,8079416,9203855,889514580,0.0858049,-0.45178,0.68611,0.72068,0.142257530126156
Any AMD,871,5,113998533,115117631,995433697,-0.15396,-1,0.78588,0.726013,0.139055602746577
Any AMD,915,5,166863414,168342743,1048298578,-0.200234,-1,0.90714,0.735521,0.133404923135061
Any AMD,793,5,18791411,20397013,900226575,-0.0919007,-0.95285,0.51693,0.735843,0.133214837166659
Any AMD,891,5,136949854,139408116,1018385018,-0.0687209,-0.65664,0.43051,0.744857,0.127927096475871
Any AMD,880,5,123191942,124109485,1004627106,-0.0708111,-0.58412,0.41321,0.751601,0.124012650745284
Any AMD,897,5,147180172,148662214,1028615336,0.200748,-0.89994,1,0.776683,0.109756200558085
Any AMD,877,5,120371858,120960737,1001807022,0.155195,-1,1,0.790571,0.102059120641886
Any AMD,831,5,64438519,65606870,945873683,0.0502447,-0.34449,0.45412,0.792577,0.100958534724534
Any AMD,900,5,150981935,151892617,1032417099,0.123495,-1,1,0.795674,0.0992648330172345
Any AMD,854,5,95117260,96467377,976552424,-0.0388037,-0.43319,0.34939,0.83697,0.0772901083961717
Any AMD,911,5,161478178,162386027,1042913342,0.0441029,-0.50686,0.62027,0.847814,0.0716994161795156
Any AMD,839,5,75959516,77290255,957394680,-0.056992,-0.91191,0.68215,0.847983,0.0716128542057833
Any AMD,868,5,110819518,111983115,992254682,-0.0606224,-1,0.80415,0.856098,0.0674765175388496
Any AMD,849,5,87943483,89584466,969378647,-0.0318174,-0.41728,0.35422,0.860273,0.0653637073852605
Any AMD,923,5,177659903,178595252,1059095067,-0.047482,-0.83585,0.67941,0.865632,0.0626666972853995
Any AMD,861,5,102903986,103788460,984339150,-0.0321211,-0.49818,0.41452,0.872784,0.0590932238947403
Any AMD,818,5,51203266,52139773,932638430,0.127169,-1,1,0.874597,0.0581920166843704
Any AMD,786,5,10549030,11850850,891984194,-0.02774,-0.48403,0.39989,0.886493,0.0523246893618518
Any AMD,879,5,122005292,123191941,1003440456,0.0245492,-0.36258,0.40389,0.893217,0.0490430198863878
Any AMD,775,5,10043,598320,881445207,-0.0540963,-1,0.98638,0.894685,0.0483298438368017
Any AMD,811,5,40290852,41279590,921726016,0.0445022,-0.8585,1,0.898064,0.0466927124903497
Any AMD,787,5,11850851,12867189,893286015,0.0390708,-0.7879,0.89469,0.903133,0.0442482885427717
Any AMD,903,5,153734495,154599750,1035169659,0.129726,-1,1,0.906956,0.042413781760987
Any AMD,800,5,26938179,28315653,908373343,-0.0438691,-1,0.93634,0.90698,0.0424022895500531
Any AMD,841,5,79005159,80448225,960440323,-0.0128376,-0.24417,0.21565,0.912522,0.0397566563362258
Any AMD,785,5,9203856,10549029,890639020,0.0113449,-0.20388,0.23146,0.917603,0.0373451752274122
Any AMD,833,5,67096192,68006993,948531356,-0.0250123,-0.68218,0.59941,0.923647,0.0344939760132957
Any AMD,860,5,101575368,102903985,983010532,-0.0436885,-1,1,0.929296,0.0318459321943385
Any AMD,795,5,21211400,22149042,902646564,0.0199666,-0.66734,0.74133,0.944638,0.0247345880221068
Any AMD,792,5,17803478,18791410,899238642,-0.0961034,-1,1,0.952533,0.0211199694899887
Any AMD,825,5,57895013,58721458,939330177,0.0113838,-0.4959,0.5091,0.959577,0.0179201701381302
Any AMD,842,5,80448226,81710194,961883390,0.00808313,-0.39003,0.40648,0.966476,0.0148089261123862
Any AMD,916,5,168342744,169506966,1049777908,0.0131353,-0.80856,0.8761,0.96654,0.0147801681022591
Any AMD,847,5,85311780,86493763,966746944,-0.0135072,-1,0.99206,0.971387,0.0126077129548536
Any AMD,905,5,155459557,156345451,1036894721,0.00856573,-0.67084,0.66586,0.97474,0.0111112116076313
Any AMD,919,5,172285683,173606995,1053720847,-0.00506993,-0.38703,0.37439,0.976347,0.010395803847509
Any AMD,832,5,65606871,67096191,947042035,-0.00329683,-0.25746,0.24988,0.979147,0.00915210237834119
Dry AMD,1027,6,95176338,96480153,1157514388,-0.957293,-1,-0.50356,0.00010246,3.98944564845968
Dry AMD,963,6,32454578,32539567,1094792628,-0.703995,-1,-0.33646,0.00327785,2.48441092436614
Dry AMD,939,6,16566883,17391994,1078904933,-0.973768,-1,-0.27521,0.00566844,2.24653644597655
Dry AMD,947,6,23192338,23939306,1085530388,-0.831374,-1,-0.2402,0.00648286,2.18823335706191
Dry AMD,1044,6,115062812,116132147,1177400862,0.74073,0.21188,1,0.0094835,2.02303135146369
Dry AMD,967,6,32682214,32897998,1095020264,-0.413489,-0.78106,-0.07957,0.0158721,1.79936560896816
Dry AMD,953,6,28666365,29529755,1091004415,0.584037,0.12433,1,0.0190246,1.7206844656806
Dry AMD,982,6,47313444,48393981,1109651494,0.466403,0.05918,1,0.0256085,1.5916158592825
Dry AMD,1033,6,102637707,103612625,1164975757,0.807079,0.13326,1,0.0262509,1.58085580241676
Dry AMD,977,6,42103739,43770626,1104441789,0.318865,0.03485,0.6397,0.0270122,1.56844004339674
Dry AMD,942,6,18775023,19449152,1081113073,-0.748772,-1,-0.1359,0.0281181,1.55101402886537
Dry AMD,1022,6,89974268,91097024,1152312318,-0.449508,-1,-0.02576,0.0415554,1.38137253294316
Dry AMD,1043,6,113705004,115062811,1176043054,0.452528,0.01248,1,0.0424335,1.37229114527799
Dry AMD,1093,6,169667887,171053405,1232005937,-0.387213,-0.88568,-0.0059,0.049054,1.30932557325654
Dry AMD,968,6,32897999,33194975,1095236049,-0.380028,-0.82941,0.00369,0.0534799,1.27180941347978
Dry AMD,984,6,49528165,50940767,1111866215,-0.493455,-1,0.03572,0.0631602,1.1995565034459
Dry AMD,937,6,13352327,15069421,1075690377,-0.551739,-1,0.03353,0.0661072,1.17975123718636
Dry AMD,1064,6,138825722,139716713,1201163772,0.477109,-0.02365,1,0.0668315,1.17501879124183
Dry AMD,1067,6,143083348,144791455,1205421398,-0.608031,-1,0.03226,0.0699816,1.15501613239859
Dry AMD,1030,6,99678877,100878645,1162016927,-0.512701,-1,0.08575,0.0919627,1.03638828644704
Dry AMD,1061,6,134313644,135544083,1196651694,0.431048,-0.07226,1,0.096158,1.0170145781824
Dry AMD,1038,6,107309328,109043244,1169647378,-0.45867,-1,0.0784,0.103389,0.985525665240407
Dry AMD,1068,6,144791456,145778282,1207129506,0.421988,-0.08607,1,0.106029,0.974575334570594
Dry AMD,943,6,19449153,20418020,1081787203,0.343376,-0.07561,0.96516,0.106159,0.974043181105635
Dry AMD,1046,6,117674077,118529071,1180012127,0.428521,-0.12358,1,0.116017,0.935478368831279
Dry AMD,928,6,2746532,3964072,1065084582,-0.249758,-0.64486,0.06265,0.118548,0.926105768520805
Dry AMD,966,6,32629240,32682213,1094967290,-0.25768,-0.57165,0.07276,0.118756,0.925344438957296
Dry AMD,1087,6,163336362,164687462,1225674412,-0.582012,-1,0.15715,0.138559,0.858365259680432
Dry AMD,934,6,9020711,10416550,1071358761,0.315729,-0.12422,1,0.139176,0.856435649540179
Dry AMD,1045,6,116132148,117674076,1178470198,0.229167,-0.08468,0.58035,0.148579,0.828042568964463
Dry AMD,1015,6,82388205,83571953,1144726255,0.337322,-0.13213,1,0.158158,0.800908835566259
Dry AMD,970,6,33864263,34979270,1096202313,-0.266818,-0.76019,0.11997,0.158472,0.800047461015384
Dry AMD,1017,6,85038135,85837203,1147376185,-0.609307,-1,0.27693,0.159845,0.796300944042724
Dry AMD,1007,6,74401507,75461313,1136739557,-0.357653,-1,0.1358,0.161977,0.790546648927928
Dry AMD,959,6,31250557,31320268,1093588607,-0.562886,-1,0.25571,0.170106,0.769280367628257
Dry AMD,932,6,6621938,7808323,1068959988,0.202493,-0.08942,0.52833,0.176057,0.754346702766837
Dry AMD,927,6,1380680,2746531,1063718730,-0.220117,-0.64875,0.10934,0.182959,0.737646222120529
Dry AMD,1039,6,109043245,110647842,1171381295,-0.491666,-1,0.21055,0.183261,0.736929947950549
Dry AMD,954,6,29529756,29833843,1091867806,0.460557,-0.27171,1,0.200541,0.697796823774796
Dry AMD,936,6,11790672,13352326,1074128722,-0.217137,-0.62452,0.11697,0.202272,0.694064231352331
Dry AMD,1066,6,141449454,143083347,1203787504,0.2192,-0.13268,0.70558,0.223203,0.651299972482264
Dry AMD,1041,6,111363444,112342873,1173701494,-0.274106,-0.85163,0.19484,0.240136,0.619542727784043
Dry AMD,1089,6,165835954,166853325,1228174004,0.199019,-0.15269,0.61329,0.260687,0.583880625789999
Dry AMD,1055,6,127545460,128763380,1189883510,0.291133,-0.26137,1,0.267239,0.573100162031698
Dry AMD,1021,6,88499746,89974267,1150837796,-0.166825,-0.49537,0.13837,0.277929,0.556066135184215
Dry AMD,980,6,45408422,46430701,1107746472,0.455432,-0.3848,1,0.28192,0.549874113268046
Dry AMD,1076,6,153082362,153791461,1215420412,-0.48557,-1,0.40774,0.287359,0.541575196340872
Dry AMD,950,6,25684630,26396200,1088022680,0.228515,-0.21021,0.73797,0.287699,0.541061647651685
Dry AMD,1008,6,75461314,77274030,1137799364,0.139436,-0.12212,0.4195,0.293593,0.532254303311875
Dry AMD,1057,6,129850179,130550137,1192188229,0.293755,-0.30645,1,0.302855,0.518765251934692
Dry AMD,951,6,26396201,27261035,1088734251,-0.17309,-0.51773,0.17066,0.310854,0.507443539855257
Dry AMD,1073,6,150635316,151629954,1212973366,-0.195839,-0.67214,0.20994,0.317156,0.498727068147195
Dry AMD,983,6,48393982,49528164,1110732032,-1,-1,0.63172,0.31853,0.496849658396472
Dry AMD,988,6,53425493,54452767,1115763543,-0.330186,-1,0.44013,0.323932,0.489546147584261
Dry AMD,1065,6,139716714,141449453,1202054764,0.707355,-0.40877,1,0.34039,0.468023207132139
Dry AMD,1004,6,71610788,72290723,1133948838,-0.288428,-1,0.35708,0.345952,0.460984154332194
Dry AMD,1070,6,147015883,148184844,1209353933,-0.2176,-0.90609,0.28266,0.350224,0.455654096086885
Dry AMD,962,6,32208902,32454577,1094546952,-0.139571,-0.46938,0.17699,0.379701,0.420558259078507
Dry AMD,945,6,21295865,22199713,1083633915,0.223797,-0.35148,1,0.391631,0.407122938431514
Dry AMD,933,6,7808324,9020710,1070146374,0.302703,-0.43703,1,0.397494,0.400669422445392
Dry AMD,989,6,54452768,55469137,1116790818,-0.29599,-1,0.46735,0.400238,0.397681680300377
Dry AMD,955,6,29833844,30070717,1092171894,-0.254631,-1,0.43502,0.403766,0.393870254570362
Dry AMD,952,6,27261036,28666364,1089599086,0.123709,-0.17396,0.4364,0.409186,0.388079233774049
Dry AMD,1054,6,125365055,127545459,1187703105,0.153446,-0.23247,0.56957,0.412952,0.384100426180458
Dry AMD,944,6,20418021,21295864,1082756071,0.182207,-0.31597,0.81403,0.436417,0.360098340433849
Dry AMD,926,6,63979,1380679,1062402029,0.998558,-0.63196,1,0.436816,0.359701462371891
Dry AMD,946,6,22199714,23192337,1084537764,0.18962,-0.33722,0.79297,0.440672,0.355884543390267
Dry AMD,1002,6,69294228,70363348,1131632278,0.499671,-0.62776,1,0.449751,0.347027862348172
Dry AMD,986,6,51826424,52598879,1114164474,0.246477,-0.52431,1,0.468987,0.328839195465116
Dry AMD,976,6,40778402,42103738,1103116452,0.157006,-0.30323,0.84615,0.46908,0.328753083520128
Dry AMD,975,6,39785908,40778401,1102123958,0.151167,-0.31252,0.77208,0.483238,0.315838921776367
Dry AMD,961,6,31427210,32208901,1093765260,-0.0542893,-0.21401,0.10523,0.502441,0.298914928691171
Dry AMD,985,6,50940768,51826423,1113278818,-0.182856,-0.91385,0.40981,0.503229,0.29823433938896
Dry AMD,1047,6,118529072,119451294,1180867122,0.145029,-0.31755,0.64699,0.504089,0.297492779434343
Dry AMD,1053,6,123854858,125365054,1186192908,0.123836,-0.26613,0.52938,0.50483,0.296854844636894
Dry AMD,1088,6,164687463,165835953,1227025513,-0.242065,-1,0.56388,0.506297,0.295594645963556
Dry AMD,1020,6,87516323,88499745,1149854373,0.449756,-0.75069,1,0.506298,0.295593788178396
Dry AMD,964,6,32539568,32586784,1094877618,-0.112061,-0.45433,0.23234,0.512538,0.290273930119004
Dry AMD,969,6,33194976,33864262,1095533026,0.109998,-0.23296,0.46519,0.514001,0.289036036074648
Dry AMD,971,6,34979271,36346353,1097317321,0.106104,-0.25751,0.53359,0.535908,0.270909759788031
Dry AMD,1032,6,101793543,102637706,1164131593,-0.160944,-0.89441,0.43432,0.541777,0.266179435967869
Dry AMD,1010,6,78168732,78959762,1140506782,0.189507,-0.50641,1,0.549837,0.259766038673782
Dry AMD,998,6,66445496,67036787,1128783546,0.436492,-1,1,0.554207,0.25632799309335
Dry AMD,1037,6,106053916,107309327,1168391966,-0.144607,-0.86277,0.42222,0.555571,0.255260431884526
Dry AMD,1072,6,149278799,150635315,1211616849,-0.121191,-0.70206,0.34279,0.573744,0.24128184312007
Dry AMD,1063,6,137553213,138825721,1199891263,0.133439,-0.43969,0.88053,0.592138,0.227577067509857
Dry AMD,1042,6,112342874,113705003,1174680924,0.137012,-0.45014,0.86457,0.601123,0.221036654859552
Dry AMD,1016,6,83571954,85038134,1145910004,0.0924335,-0.26589,0.48156,0.604501,0.218602976367936
Dry AMD,1083,6,159604053,160583918,1221942103,0.223928,-0.76744,1,0.618447,0.208697512839711
Dry AMD,1058,6,130550138,131457164,1192888188,0.112684,-0.36634,0.63601,0.623477,0.205179562967033
Dry AMD,941,6,18208677,18775022,1080546727,-0.153376,-1,0.58291,0.629668,0.200888377170466
Dry AMD,958,6,31106494,31250556,1093444544,-0.138445,-0.89586,0.53034,0.632199,0.199146195454404
Dry AMD,1006,6,73170169,74401506,1135508219,0.122855,-0.44659,0.76991,0.635522,0.196869410785464
Dry AMD,940,6,17391995,18208676,1079730045,-0.0817812,-0.44324,0.26625,0.638517,0.194827535506426
Dry AMD,1014,6,81567707,82388204,1143905757,-0.121951,-0.75417,0.44909,0.639959,0.193847848897571
Dry AMD,1011,6,78959763,79859903,1141297813,0.108774,-0.40676,0.66839,0.642261,0.192288448839131
Dry AMD,948,6,23939307,24950379,1086277357,-0.123305,-1,0.50826,0.646663,0.189321987290903
Dry AMD,1051,6,121908064,122929290,1184246114,-0.17362,-1,0.83204,0.66623,0.176375815143623
Dry AMD,1075,6,152376500,153082361,1214714550,0.176397,-0.84899,1,0.671068,0.173233470101554
Dry AMD,1040,6,110647843,111363443,1172985893,-0.357904,-1,0.9807,0.673642,0.171570843421106
Dry AMD,949,6,24950380,25684629,1087288430,-0.0891136,-0.59304,0.37465,0.67638,0.169809242614884
Dry AMD,1060,6,132890695,134313643,1195228745,-0.0612851,-0.39016,0.2488,0.683932,0.164987075900984
Dry AMD,1005,6,72290724,73170168,1134628774,0.100733,-0.47528,0.70095,0.691487,0.160215980242068
Dry AMD,1028,6,96480154,98173003,1158818204,-0.110581,-0.95113,0.55536,0.693262,0.159102604276349
Dry AMD,1074,6,151629955,152376499,1213968005,0.430106,-1,1,0.719581,0.142920312397211
Dry AMD,1079,6,155523958,156762740,1217862008,0.0806947,-0.40581,0.61911,0.724095,0.140204451386865
Dry AMD,1086,6,162254230,163336361,1224592280,0.18972,-1,1,0.728418,0.137619330856131
Dry AMD,1090,6,166853326,167714865,1229191376,0.0783835,-0.40733,0.62357,0.7314,0.135845043997974
Dry AMD,1069,6,145778283,147015882,1208116333,0.122846,-0.75027,1,0.731736,0.135645577990051
Dry AMD,1013,6,80693928,81567706,1143031978,0.101515,-0.61049,0.8974,0.742351,0.129390702106976
Dry AMD,1082,6,158952061,159604052,1221290111,-0.102229,-1,0.691,0.752202,0.123665516183749
Dry AMD,978,6,43770627,44596897,1106108677,0.0419545,-0.22806,0.31482,0.753856,0.122711604233663
Dry AMD,987,6,52598880,53425492,1114936930,0.0997034,-0.82856,1,0.785362,0.104930116039324
Dry AMD,931,6,5378214,6621937,1067716264,0.134268,-0.91773,1,0.789407,0.102699026853736
Dry AMD,1050,6,121087445,121908063,1183425495,0.0854466,-0.73183,0.98111,0.793998,0.100180591515042
Dry AMD,1080,6,156762741,158220143,1219100791,-0.0435185,-0.4702,0.36373,0.811879,0.0905086918770946
Dry AMD,1059,6,131457165,132890694,1193795215,-0.104147,-1,0.88798,0.836344,0.0776150544115098
Dry AMD,965,6,32586785,32629239,1094924835,-0.0348705,-0.38423,0.31347,0.839322,0.0760713931702478
Dry AMD,1092,6,168707339,169667886,1231045389,0.0338555,-0.38319,0.47697,0.861144,0.0649242200024606
Dry AMD,1012,6,79859904,80693927,1142197954,0.0248823,-0.29441,0.33417,0.871835,0.0595657001247666
Dry AMD,1071,6,148184845,149278798,1210522895,-0.0396458,-0.80253,0.66214,0.88929,0.0509565912660712
Dry AMD,956,6,30070718,30715006,1092408768,-0.0414861,-0.8022,0.68078,0.889458,0.0508745543803778
Dry AMD,957,6,30715007,31106493,1093053057,0.0158789,-0.26276,0.30115,0.907823,0.0419988184575139
Dry AMD,991,6,56200986,57316157,1118539036,-0.0585981,-1,1,0.91619,0.0380144527569665
Dry AMD,1023,6,91097025,92015279,1153435075,0.025553,-0.59241,0.64993,0.920286,0.0360771846984158
Dry AMD,1052,6,122929291,123854857,1185267341,-0.0230088,-0.69986,0.65163,0.933485,0.0298926562575572
Dry AMD,960,6,31320269,31427209,1093658319,0.00963538,-0.32414,0.34316,0.952782,0.0210064561584823
Dry AMD,1009,6,77274031,78168731,1139612081,-0.00879542,-0.36915,0.35676,0.959378,0.0180102447904369
Dry AMD,1077,6,153791462,154462010,1216129512,0.0108118,-0.97768,1,0.976168,0.0104754331589135
Dry AMD,1000,6,67559695,68547494,1129897745,-0.00885468,-1,0.97737,0.980599,0.00850855397654598
Dry AMD,1029,6,98173004,99678876,1160511054,-0.00405341,-0.78763,0.78067,0.98939,0.00463248346725557
Dry AMD,935,6,10416551,11790671,1072754601,0.00298754,-0.72711,0.69226,0.991935,0.00351678557385559
Wet AMD,1044,6,115062812,116132147,1177400862,1,0.39862,1,0.00107332,2.96927077801985
Wet AMD,972,6,36346354,37570051,1098684404,0.922192,0.36934,1,0.00143721,2.84247976966826
Wet AMD,1093,6,169667887,171053405,1232005937,-0.778021,-1,-0.28303,0.00356333,2.44814395577345
Wet AMD,1070,6,147015883,148184844,1209353933,-0.642192,-1,-0.18999,0.00672841,2.17208755238964
Wet AMD,952,6,27261036,28666364,1089599086,0.384012,0.11133,0.67829,0.00714483,2.14600810010468
Wet AMD,1072,6,149278799,150635315,1211616849,-0.564493,-1,-0.15496,0.00754761,2.12219054878583
Wet AMD,963,6,32454578,32539567,1094792628,-0.682131,-1,-0.26541,0.00770814,2.11305040602031
Wet AMD,1023,6,91097025,92015279,1153435075,0.895198,0.24874,1,0.00792257,2.10113391490454
Wet AMD,980,6,45408422,46430701,1107746472,0.465576,0.12219,0.89012,0.00951227,2.02171583102962
Wet AMD,1043,6,113705004,115062811,1176043054,0.708921,0.12995,1,0.0220121,1.65733852287571
Wet AMD,1058,6,130550138,131457164,1192888188,0.496325,0.05627,1,0.0276478,1.55833942081038
Wet AMD,1054,6,125365055,127545459,1187703105,-0.550961,-1,-0.03523,0.035844,1.44558353134825
Wet AMD,1078,6,154462011,155523957,1216800061,0.493909,0.03314,1,0.0376577,1.42414620869035
Wet AMD,1063,6,137553213,138825721,1199891263,-0.614752,-1,-0.04511,0.0420934,1.37578599367221
Wet AMD,932,6,6621938,7808323,1068959988,0.316492,0.0185,0.66677,0.0438018,1.35850804214419
Wet AMD,966,6,32629240,32682213,1094967290,-0.354953,-0.68617,-0.01354,0.0470287,1.32763702615781
Wet AMD,938,6,15069422,16566882,1077407472,-0.371203,-0.87234,-0.00759,0.0489635,1.31012754559374
Wet AMD,927,6,1380680,2746531,1063718730,-0.322428,-0.78338,-0.00773,0.0498191,1.30260412241501
Wet AMD,926,6,63979,1380679,1062402029,-0.476291,-1,-0.00568,0.0506313,1.2955809216043
Wet AMD,1032,6,101793543,102637706,1164131593,-0.407198,-0.91419,0.00564,0.0524702,1.2800872804037
Wet AMD,982,6,47313444,48393981,1109651494,0.343823,-0.01676,0.77021,0.061515,1.21101897165683
Wet AMD,947,6,23192338,23939306,1085530388,-0.369847,-0.88453,0.01937,0.0615647,1.21066823247038
Wet AMD,970,6,33864263,34979270,1096202313,0.254995,-0.01113,0.53936,0.0623124,1.20542552130689
Wet AMD,1009,6,77274031,78168731,1139612081,0.52439,-0.0176,1,0.0656944,1.18247164950801
Wet AMD,950,6,25684630,26396200,1088022680,0.51117,-0.03953,1,0.0669167,1.17446548443302
Wet AMD,953,6,28666365,29529755,1091004415,0.386894,-0.0418,0.93795,0.0778068,1.10898244576835
Wet AMD,949,6,24950380,25684629,1087288430,-0.388708,-1,0.05029,0.0822853,1.08467774314863
Wet AMD,939,6,16566883,17391994,1078904933,-0.380033,-1,0.04675,0.083989,1.07577758955864
Wet AMD,1037,6,106053916,107309327,1168391966,-0.217005,-0.49732,0.04817,0.106408,0.973025719548049
Wet AMD,1006,6,73170169,74401506,1135508219,0.402017,-0.11207,1,0.117188,0.931116857606351
Wet AMD,1008,6,75461314,77274030,1137799364,0.727306,-0.12397,1,0.126321,0.898524444963324
Wet AMD,940,6,17391995,18208676,1079730045,-0.320104,-0.85856,0.09663,0.131125,0.882314498798386
Wet AMD,977,6,42103739,43770626,1104441789,0.243869,-0.07462,0.63296,0.134033,0.872788261683953
Wet AMD,978,6,43770627,44596897,1106108677,0.170817,-0.05414,0.40236,0.135858,0.86691478305721
Wet AMD,1089,6,165835954,166853325,1228174004,0.361567,-0.11641,1,0.136499,0.864870530279436
Wet AMD,1021,6,88499746,89974267,1150837796,0.387531,-0.13652,1,0.13862,0.858174105488925
Wet AMD,1003,6,70363349,71610787,1132701399,-0.35336,-1,0.12584,0.140976,0.850854816101613
Wet AMD,954,6,29529756,29833843,1091867806,0.441609,-0.1754,1,0.145663,0.836650749784544
Wet AMD,1033,6,102637707,103612625,1164975757,0.279727,-0.1031,0.71078,0.148399,0.828569025579533
Wet AMD,971,6,34979271,36346353,1097317321,0.162236,-0.06749,0.39125,0.157011,0.804069920380873
Wet AMD,1039,6,109043245,110647842,1171381295,0.31368,-0.142,1,0.158357,0.800362734349657
Wet AMD,959,6,31250557,31320268,1093588607,-0.587256,-1,0.23509,0.158567,0.799787190341961
Wet AMD,1047,6,118529072,119451294,1180867122,0.327611,-0.14806,0.96013,0.162049,0.790353644643014
Wet AMD,1022,6,89974268,91097024,1152312318,-0.399594,-1,0.19589,0.16951,0.770804676123356
Wet AMD,1004,6,71610788,72290723,1133948838,-0.428508,-1,0.25152,0.186922,0.728339580823859
Wet AMD,996,6,64010287,65759861,1126348337,0.290531,-0.17157,1,0.20519,0.687843808524377
Wet AMD,1056,6,128763381,129850178,1191101431,0.318432,-0.19595,1,0.21337,0.670866642785713
Wet AMD,995,6,62693129,64010286,1125031179,0.386176,-0.25539,1,0.215213,0.667131498536585
Wet AMD,1060,6,132890695,134313643,1195228745,0.146,-0.09241,0.39321,0.226862,0.644238243526257
Wet AMD,967,6,32682214,32897998,1095020264,-0.202636,-0.56346,0.14392,0.23136,0.635711724385563
Wet AMD,945,6,21295865,22199713,1083633915,0.328545,-0.23984,1,0.235802,0.627452515673159
Wet AMD,974,6,38688721,39785907,1101026771,-0.131738,-0.35831,0.08628,0.240543,0.618807276905699
Wet AMD,981,6,46430702,47313443,1108768752,-0.349977,-1,0.27051,0.240685,0.6185509750354
Wet AMD,1057,6,129850179,130550137,1192188229,0.393842,-0.31067,1,0.242673,0.614978540945802
Wet AMD,964,6,32539568,32586784,1094877618,-0.220647,-0.59019,0.15165,0.242824,0.614708391103962
Wet AMD,960,6,31320269,31427209,1093658319,-0.195818,-0.54063,0.14138,0.255442,0.592707694117987
Wet AMD,975,6,39785908,40778401,1102123958,0.160916,-0.13093,0.46362,0.260372,0.584405720946076
Wet AMD,965,6,32586785,32629239,1094924835,-0.215566,-0.59955,0.16921,0.263803,0.578720269911574
Wet AMD,1011,6,78959763,79859903,1141297813,0.446748,-0.42715,1,0.270486,0.567855208487517
Wet AMD,973,6,37570052,38688720,1099908102,0.237571,-0.1984,0.84338,0.271113,0.566849657288926
Wet AMD,1083,6,159604053,160583918,1221942103,-0.421337,-1,0.30621,0.271803,0.565745754092651
Wet AMD,942,6,18775023,19449152,1081113073,-0.920445,-1,0.72145,0.276413,0.558441535482
Wet AMD,948,6,23939307,24950379,1086277357,-0.234228,-0.95519,0.23874,0.305092,0.515569180103927
Wet AMD,962,6,32208902,32454577,1094546952,-0.160723,-0.48426,0.16386,0.32281,0.491053020178125
Wet AMD,1027,6,95176338,96480153,1157514388,-0.224472,-0.84134,0.24485,0.324356,0.488978063996155
Wet AMD,1085,6,161371015,162254229,1223709065,-0.333026,-1,0.37889,0.324594,0.488659512208415
Wet AMD,1016,6,83571954,85038134,1145910004,0.180456,-0.19079,0.61145,0.329397,0.482280360507426
Wet AMD,1082,6,158952061,159604052,1221290111,0.598681,-0.60683,1,0.331691,0.479266312331481
Wet AMD,1065,6,139716714,141449453,1202054764,0.245321,-0.31494,1,0.352321,0.453061470039559
Wet AMD,1055,6,127545460,128763380,1189883510,0.199585,-0.26107,0.75782,0.364067,0.438818684887577
Wet AMD,1010,6,78168732,78959762,1140506782,-0.31216,-1,0.45425,0.368434,0.433640298857812
Wet AMD,1034,6,103612626,104209796,1165950676,0.34938,-0.56385,1,0.372639,0.428711694264162
Wet AMD,961,6,31427210,32208901,1093765260,-0.0693038,-0.23403,0.09328,0.402087,0.395679967980233
Wet AMD,946,6,22199714,23192337,1084537764,-0.80542,-1,0.82794,0.407293,0.390093053914733
Wet AMD,1084,6,160583919,161371014,1222921969,0.221261,-0.34815,0.99441,0.411843,0.385268311220199
Wet AMD,985,6,50940768,51826423,1113278818,0.228015,-0.37259,1,0.417233,0.379621349451829
Wet AMD,943,6,19449153,20418020,1081787203,0.141578,-0.20863,0.52013,0.418766,0.378028586333696
Wet AMD,944,6,20418021,21295864,1082756071,-0.2594,-1,0.43871,0.421516,0.375185935677843
Wet AMD,1061,6,134313644,135544083,1196651694,-0.150005,-0.59269,0.24482,0.424025,0.372608537176199
Wet AMD,941,6,18208677,18775022,1080546727,-0.367039,-1,0.58338,0.439859,0.356686517458462
Wet AMD,1017,6,85038135,85837203,1147376185,-0.375642,-1,0.84254,0.461799,0.335547011858323
Wet AMD,957,6,30715007,31106493,1093053057,0.103461,-0.17998,0.40063,0.469286,0.328562401707894
Wet AMD,1052,6,122929291,123854857,1185267341,-0.185937,-0.92656,0.38111,0.488025,0.311557929874444
Wet AMD,937,6,13352327,15069421,1075690377,-0.128259,-0.59635,0.26587,0.488456,0.311174551326668
Wet AMD,983,6,48393982,49528164,1110732032,0.374748,-0.77081,1,0.49566,0.304816127453963
Wet AMD,998,6,66445496,67036787,1128783546,0.257163,-0.62667,1,0.5073,0.294735137682596
Wet AMD,969,6,33194976,33864262,1095533026,0.0920717,-0.19227,0.37732,0.511664,0.291015138336365
Wet AMD,1007,6,74401507,75461313,1136739557,-0.261965,-1,0.69941,0.521896,0.282416031722016
Wet AMD,976,6,40778402,42103738,1103116452,0.0872833,-0.2012,0.38629,0.535428,0.271298921293408
Wet AMD,1012,6,79859904,80693927,1142197954,-0.153106,-0.85779,0.42161,0.549166,0.260296358670301
Wet AMD,1026,6,93696826,95176337,1156034876,0.256109,-0.68803,1,0.559403,0.25227520889772
Wet AMD,1046,6,117674077,118529071,1180012127,0.304534,-0.9858,1,0.562199,0.250109931220339
Wet AMD,1062,6,135544084,137553212,1197882134,0.206449,-0.53204,1,0.580877,0.235915819204328
Wet AMD,934,6,9020711,10416550,1071358761,-0.115495,-0.6727,0.36372,0.585277,0.232638542295095
Wet AMD,968,6,32897999,33194975,1095236049,-0.110435,-0.55244,0.30926,0.586286,0.231890476266064
Wet AMD,936,6,11790672,13352326,1074128722,-0.104374,-0.55942,0.30611,0.586298,0.231881587293022
Wet AMD,1073,6,150635316,151629954,1212973366,-0.083921,-0.40334,0.22697,0.587824,0.230752686288613
Wet AMD,1035,6,104209797,104951344,1166547847,-0.267999,-1,0.80627,0.588568,0.230203353859259
Wet AMD,1036,6,104951345,106053915,1167289395,-0.136055,-0.78072,0.43669,0.594756,0.225661168031768
Wet AMD,1038,6,107309328,109043244,1169647378,-0.086066,-0.46205,0.26565,0.595914,0.224816411434879
Wet AMD,1071,6,148184845,149278798,1210522895,-0.1896,-1,0.63147,0.596435,0.224436879201495
Wet AMD,955,6,29833844,30070717,1092171894,-0.151203,-0.90016,0.51993,0.605916,0.217587579241439
Wet AMD,989,6,54452768,55469137,1116790818,0.105998,-0.3213,0.57245,0.610675,0.2141898589206
Wet AMD,1059,6,131457165,132890694,1193795215,-0.0889928,-0.47904,0.27181,0.612551,0.212857746805869
Wet AMD,992,6,57316158,58141889,1119654208,0.22713,-0.94681,1,0.618817,0.208437763969472
Wet AMD,1005,6,72290724,73170168,1134628774,-0.149463,-1,0.55791,0.621243,0.206738491745131
Wet AMD,1031,6,100878646,101793542,1163216696,0.611184,-1,1,0.621336,0.206673482780885
Wet AMD,1077,6,153791462,154462010,1216129512,0.817285,-1,1,0.638297,0.194977196752253
Wet AMD,1050,6,121087445,121908063,1183425495,-0.509224,-1,1,0.654043,0.184393698084255
Wet AMD,935,6,10416551,11790671,1072754601,0.109165,-0.43645,0.87792,0.654843,0.183862810552741
Wet AMD,988,6,53425493,54452767,1115763543,-0.386674,-1,1,0.65497,0.183778591814074
Wet AMD,958,6,31106494,31250556,1093444544,-0.123918,-0.93501,0.59528,0.685334,0.16409772193118
Wet AMD,1000,6,67559695,68547494,1129897745,-0.144911,-1,0.80907,0.701255,0.154124029172976
Wet AMD,1042,6,112342874,113705003,1174680924,-0.0772243,-0.54453,0.35573,0.708698,0.149538792849023
Wet AMD,993,6,58141890,61883560,1120479940,0.197398,-1,1,0.709469,0.14906657613754
Wet AMD,1025,6,92953799,93696825,1155291849,0.464053,-1,1,0.712116,0.147449256283779
Wet AMD,1040,6,110647843,111363443,1172985893,-0.109415,-0.96907,0.63038,0.71976,0.142812292528867
Wet AMD,994,6,61883561,62693128,1124221611,-0.100889,-0.92736,0.6313,0.745457,0.127577402782837
Wet AMD,1076,6,153082362,153791461,1215420412,-0.113536,-1,0.74327,0.750731,0.124515650403805
Wet AMD,1091,6,167714866,168707338,1230052916,0.232595,-1,1,0.7698,0.113622093241428
Wet AMD,951,6,26396201,27261035,1088734251,-0.053765,-0.43942,0.34073,0.771828,0.112479470355295
Wet AMD,1092,6,168707339,169667886,1231045389,-0.0431736,-0.34544,0.26136,0.771903,0.112437271181775
Wet AMD,1015,6,82388205,83571953,1144726255,0.0825087,-0.60089,0.89107,0.778305,0.108850179540392
Wet AMD,979,6,44596898,45408421,1106934948,0.0812326,-0.58238,0.83005,0.781296,0.107184399141562
Wet AMD,1051,6,121908064,122929290,1184246114,-0.0641685,-0.70028,0.52679,0.809444,0.0918131917929459
Wet AMD,1001,6,68547495,69294227,1130885545,0.232743,-1,1,0.830773,0.0805176264142076
Wet AMD,1074,6,151629955,152376499,1213968005,-0.0399864,-0.4423,0.35584,0.831938,0.0799090382058985
Wet AMD,956,6,30070718,30715006,1092408768,0.0537486,-0.64728,0.83714,0.848479,0.071358902075807
Wet AMD,1090,6,166853326,167714865,1229191376,-0.0699655,-1,0.89816,0.853734,0.0686774224340698
Wet AMD,1066,6,141449454,143083347,1203787504,0.436614,-0.98569,1,0.861429,0.0647805118072528
Wet AMD,1080,6,156762741,158220143,1219100791,-0.033242,-0.58791,0.47084,0.877024,0.0569885218848724
Wet AMD,1041,6,111363444,112342873,1173701494,0.036351,-0.48183,0.58575,0.878701,0.0561588793524264
Wet AMD,1064,6,138825722,139716713,1201163772,-0.0451908,-1,0.78999,0.892757,0.0492667358711593
Wet AMD,929,6,3964073,4657086,1066302123,-0.0476637,-1,0.86481,0.896607,0.0473978748283508
Wet AMD,1013,6,80693928,81567706,1143031978,0.0357385,-1,1,0.931099,0.0310041397835588
Wet AMD,1067,6,143083348,144791455,1205421398,-0.0178851,-0.80086,0.75089,0.951492,0.0215948588435515
Wet AMD,1030,6,99678877,100878645,1162016927,-0.0114984,-0.40931,0.38498,0.951979,0.0213726317465253
Wet AMD,1045,6,116132148,117674076,1178470198,0.0100503,-0.35533,0.38118,0.953426,0.0207130090037262
Wet AMD,1029,6,98173004,99678876,1160511054,0.0161926,-0.84518,0.86114,0.960145,0.0176631753514691
Wet AMD,984,6,49528165,50940767,1111866215,-0.00903875,-0.91218,0.88774,0.978593,0.00939789512854965
Any AMD,963,6,32454578,32539567,1094792628,-0.76087,-1,-0.41574,0.00120246,2.9199293615805
Any AMD,1044,6,115062812,116132147,1177400862,0.876344,0.37799,1,0.0016065,2.79411927011246
Any AMD,1027,6,95176338,96480153,1157514388,-0.863203,-1,-0.34094,0.00160674,2.79405439436347
Any AMD,1093,6,169667887,171053405,1232005937,-0.60424,-1,-0.21923,0.00300501,2.52215407842411
Any AMD,1043,6,113705004,115062811,1176043054,0.607667,0.20733,1,0.00467218,2.33048043398194
Any AMD,982,6,47313444,48393981,1109651494,0.53719,0.16363,1,0.00655545,2.18339749073073
Any AMD,953,6,28666365,29529755,1091004415,0.536741,0.14918,1,0.00833356,2.07916943339837
Any AMD,1070,6,147015883,148184844,1209353933,-0.519946,-1,-0.13025,0.00998149,2.00080462399546
Any AMD,981,6,46430702,47313443,1108768752,-0.597583,-1,-0.12639,0.0136385,1.86523339196291
Any AMD,947,6,23192338,23939306,1085530388,-0.501408,-1,-0.10793,0.0147482,1.83126098156854
Any AMD,939,6,16566883,17391994,1078904933,-0.529066,-1,-0.11845,0.0155188,1.80914186384632
Any AMD,977,6,42103739,43770626,1104441789,0.323412,0.04546,0.62834,0.0208162,1.68159854810382
Any AMD,967,6,32682214,32897998,1095020264,-0.370527,-0.72623,-0.06507,0.0209732,1.67833530170842
Any AMD,980,6,45408422,46430701,1107746472,0.517738,0.07792,1,0.0222878,1.65193279805247
Any AMD,1022,6,89974268,91097024,1152312318,-0.840492,-1,-0.0917,0.026089,1.5835425672319
Any AMD,1033,6,102637707,103612625,1164975757,0.52325,0.0667,1,0.0284549,1.54584293630849
Any AMD,966,6,32629240,32682213,1094967290,-0.316219,-0.60798,-0.01336,0.0431714,1.36480386743324
Any AMD,1003,6,70363349,71610787,1132701399,-0.987584,-1,-0.02274,0.0478061,1.32051668440639
Any AMD,952,6,27261036,28666364,1089599086,0.274328,-0.00178,0.58024,0.0497967,1.30279943674384
Any AMD,1084,6,160583919,161371014,1222921969,0.705839,0.01265,1,0.0509984,1.29244344904071
Any AMD,942,6,18775023,19449152,1081113073,-0.923973,-1,0.04067,0.0688149,1.16231751689281
Any AMD,1058,6,130550138,131457164,1192888188,0.3365,-0.04886,0.7944,0.0851299,1.06991787676238
Any AMD,933,6,7808324,9020710,1070146374,0.665883,-0.11317,1,0.095462,1.0201694710816
Any AMD,968,6,32897999,33194975,1095236049,-0.290256,-0.67922,0.05621,0.0976929,1.01013699823484
Any AMD,932,6,6621938,7808323,1068959988,0.207354,-0.04426,0.47271,0.103035,0.987015224567885
Any AMD,974,6,38688721,39785907,1101026771,-0.253159,-0.61304,0.06787,0.117588,0.929636996284502
Any AMD,1072,6,149278799,150635315,1211616849,-0.265477,-0.69073,0.06967,0.123935,0.906806028891613
Any AMD,1023,6,91097025,92015279,1153435075,0.339122,-0.10492,0.93802,0.128172,0.892206838886145
Any AMD,954,6,29529756,29833843,1091867806,0.46821,-0.14007,1,0.129763,0.886849122531926
Any AMD,1067,6,143083348,144791455,1205421398,-0.605187,-1,0.15261,0.141807,0.848302330603312
Any AMD,1007,6,74401507,75461313,1136739557,-0.373793,-1,0.14572,0.149386,0.825690101366959
Any AMD,1089,6,165835954,166853325,1228174004,0.372046,-0.1559,1,0.156643,0.805089007927497
Any AMD,1035,6,104209797,104951344,1166547847,-0.581903,-1,0.24871,0.159359,0.797623404170405
Any AMD,1036,6,104951345,106053915,1167289395,-0.361976,-1,0.14635,0.159444,0.797391818947954
Any AMD,1017,6,85038135,85837203,1147376185,-0.560562,-1,0.24227,0.165231,0.781908468723203
Any AMD,959,6,31250557,31320268,1093588607,-0.543509,-1,0.2377,0.169615,0.77053574329884
Any AMD,1030,6,99678877,100878645,1162016927,-0.431137,-1,0.22439,0.173849,0.759827803086739
Any AMD,1032,6,101793543,102637706,1164131593,-0.275832,-0.75233,0.12625,0.177072,0.751850107397609
Any AMD,949,6,24950380,25684629,1087288430,-0.283852,-0.81364,0.14787,0.177653,0.75042745424589
Any AMD,1065,6,139716714,141449453,1202054764,1,-0.25032,1,0.189216,0.723042142680988
Any AMD,927,6,1380680,2746531,1063718730,-0.186239,-0.50384,0.09663,0.190129,0.72095163600454
Any AMD,936,6,11790672,13352326,1074128722,-0.262752,-0.86332,0.15137,0.19453,0.711013413208371
Any AMD,1068,6,144791456,145778282,1207129506,0.259704,-0.15569,0.77496,0.21062,0.67650039156825
Any AMD,975,6,39785908,40778401,1102123958,0.211135,-0.12993,0.60703,0.213523,0.670555337336449
Any AMD,988,6,53425493,54452767,1115763543,-0.504177,-1,0.33963,0.214254,0.66907106129876
Any AMD,945,6,21295865,22199713,1083633915,0.325398,-0.23551,1,0.229789,0.638670764828075
Any AMD,1004,6,71610788,72290723,1133948838,-0.327593,-1,0.24842,0.23527,0.628433447516266
Any AMD,1057,6,129850179,130550137,1192188229,0.319402,-0.24176,1,0.238279,0.622914231199486
Any AMD,1046,6,117674077,118529071,1180012127,0.322114,-0.25463,1,0.238361,0.622764801240325
Any AMD,1037,6,106053916,107309327,1168391966,-0.221875,-0.66902,0.15995,0.241078,0.617842420126669
Any AMD,950,6,25684630,26396200,1088022680,0.224458,-0.18252,0.69925,0.26351,0.579202899000155
Any AMD,1066,6,141449454,143083347,1203787504,0.220716,-0.1961,0.77978,0.266032,0.575066120558585
Any AMD,1064,6,138825722,139716713,1201163772,0.25997,-0.23323,0.94877,0.27496,0.560730480870831
Any AMD,1015,6,82388205,83571953,1144726255,0.329858,-0.31089,1,0.279284,0.553953944036733
Any AMD,1059,6,131457165,132890694,1193795215,-0.184422,-0.58717,0.15814,0.282628,0.548784814734047
Any AMD,987,6,52598880,53425492,1114936930,0.723357,-0.55373,1,0.288518,0.539827086990686
Any AMD,984,6,49528165,50940767,1111866215,-0.27111,-0.93929,0.25471,0.289349,0.538578014234363
Any AMD,978,6,43770627,44596897,1106108677,0.121721,-0.10694,0.35671,0.29308,0.533013817133032
Any AMD,1047,6,118529072,119451294,1180867122,0.204089,-0.19569,0.63961,0.299728,0.523272684223249
Any AMD,930,6,4657087,5378213,1066995137,-0.721194,-1,0.52111,0.301316,0.520977806503817
Any AMD,1069,6,145778283,147015882,1208116333,0.351631,-0.36405,1,0.309207,0.509750682842452
Any AMD,964,6,32539568,32586784,1094877618,-0.167087,-0.49194,0.15944,0.310627,0.507760797669337
Any AMD,1006,6,73170169,74401506,1135508219,0.259013,-0.27564,0.946,0.315109,0.501539192527308
Any AMD,1079,6,155523958,156762740,1217862008,0.480961,-0.51625,1,0.316702,0.499349194012928
Any AMD,962,6,32208902,32454577,1094546952,-0.141972,-0.44527,0.15578,0.339747,0.468844369442261
Any AMD,940,6,17391995,18208676,1079730045,-0.154542,-0.4997,0.17555,0.344233,0.463147498241685
Any AMD,1038,6,107309328,109043244,1169647378,-0.186673,-0.79614,0.23321,0.354291,0.450639879842894
Any AMD,928,6,2746532,3964072,1065084582,-0.200334,-0.92889,0.2745,0.358362,0.445678048299154
Any AMD,986,6,51826424,52598879,1114164474,0.215071,-0.31815,1,0.388147,0.411003766162887
Any AMD,973,6,37570052,38688720,1099908102,0.181194,-0.25969,0.71672,0.390357,0.408538028329227
Any AMD,989,6,54452768,55469137,1116790818,-0.195836,-0.77867,0.28685,0.397196,0.400995133758416
Any AMD,937,6,13352327,15069421,1075690377,-0.177361,-0.80074,0.26559,0.398044,0.400068918124786
Any AMD,1053,6,123854858,125365054,1186192908,0.632756,-0.54081,1,0.423415,0.373233760624976
Any AMD,1008,6,75461314,77274030,1137799364,0.127069,-0.18615,0.47219,0.426355,0.370228639542
Any AMD,979,6,44596898,45408421,1106934948,0.377799,-0.71555,1,0.441649,0.354922748573557
Any AMD,969,6,33194976,33864262,1095533026,0.109829,-0.17792,0.39575,0.442166,0.354414655199368
Any AMD,943,6,19449153,20418020,1081787203,0.122371,-0.20462,0.45308,0.443943,0.352672787485817
Any AMD,998,6,66445496,67036787,1128783546,0.289145,-0.61268,1,0.453992,0.342951799976523
Any AMD,1086,6,162254230,163336361,1224592280,0.700663,-1,1,0.454398,0.342563588808647
Any AMD,1074,6,151629955,152376499,1213968005,-0.152317,-0.64438,0.28606,0.468248,0.329524068925109
Any AMD,955,6,29833844,30070717,1092171894,-0.196766,-0.9291,0.40017,0.47015,0.327763559555453
Any AMD,1041,6,111363444,112342873,1173701494,-0.130236,-0.53665,0.26618,0.486578,0.312847531029112
Any AMD,1016,6,83571954,85038134,1145910004,0.132296,-0.25488,0.59063,0.488778,0.310888350011049
Any AMD,1060,6,132890695,134313643,1195228745,0.100577,-0.20687,0.43238,0.500223,0.300836343506274
Any AMD,1013,6,80693928,81567706,1143031978,0.188537,-0.4415,0.98135,0.510596,0.291922591773704
Any AMD,976,6,40778402,42103738,1103116452,0.102037,-0.22275,0.46062,0.513246,0.289674426632864
Any AMD,965,6,32586785,32629239,1094924835,-0.103788,-0.43838,0.23603,0.529772,0.275910999166081
Any AMD,1009,6,77274031,78168731,1139612081,0.124793,-0.30193,0.58799,0.542268,0.265786023138703
Any AMD,1028,6,96480154,98173003,1158818204,-0.198922,-1,0.51984,0.544817,0.263749349533222
Any AMD,1011,6,78959763,79859903,1141297813,0.159186,-0.43166,0.81382,0.54724,0.261822165775562
Any AMD,1061,6,134313644,135544083,1196651694,0.2048,-0.53424,1,0.55393,0.25654511349271
Any AMD,938,6,15069422,16566882,1077407472,-0.116779,-0.59799,0.32108,0.567194,0.246268371937602
Any AMD,970,6,33864263,34979270,1096202313,-0.0797545,-0.36745,0.20412,0.568728,0.245095389743001
Any AMD,1026,6,93696826,95176337,1156034876,-0.516286,-1,0.93606,0.571773,0.242776356546875
Any AMD,1045,6,116132148,117674076,1178470198,0.0846779,-0.22692,0.40573,0.574744,0.240525553822046
Any AMD,956,6,30070718,30715006,1092408768,-0.140853,-0.93631,0.50298,0.609706,0.214879531148213
Any AMD,961,6,31427210,32208901,1093765260,-0.0400122,-0.1969,0.11361,0.610934,0.214005704624916
Any AMD,1080,6,156762741,158220143,1219100791,-0.0790696,-0.42266,0.24908,0.61233,0.21301446257098
Any AMD,951,6,26396201,27261035,1088734251,-0.0754971,-0.38524,0.22388,0.618348,0.20876703956613
Any AMD,926,6,63979,1380679,1062402029,0.157624,-0.56786,1,0.619098,0.208240598975896
Any AMD,1054,6,125365055,127545459,1187703105,-0.0937768,-0.53306,0.32899,0.637904,0.195244674581816
Any AMD,1051,6,121908064,122929290,1184246114,0.146314,-0.58256,1,0.639339,0.194268802576637
Any AMD,934,6,9020711,10416550,1071358761,0.075079,-0.26621,0.43229,0.647521,0.188746142248675
Any AMD,946,6,22199714,23192337,1084537764,0.16946,-0.74539,1,0.648818,0.187877110103564
Any AMD,1055,6,127545460,128763380,1189883510,0.107736,-0.45313,0.79852,0.669169,0.174464186419717
Any AMD,1073,6,150635316,151629954,1212973366,-0.0548902,-0.33415,0.222,0.689366,0.161550140099109
Any AMD,957,6,30715007,31106493,1093053057,0.0479713,-0.21721,0.31356,0.709757,0.148890315538446
Any AMD,1071,6,148184845,149278798,1210522895,-0.207346,-1,0.84324,0.715363,0.14547352618227
Any AMD,1050,6,121087445,121908063,1183425495,-0.166039,-1,1,0.716298,0.144906261448074
Any AMD,1034,6,103612626,104209796,1165950676,-0.296205,-1,1,0.719921,0.142715157938804
Any AMD,1090,6,166853326,167714865,1229191376,-0.110323,-1,0.62242,0.724733,0.139821963062007
Any AMD,971,6,34979271,36346353,1097317321,0.0462509,-0.23502,0.3338,0.735551,0.133387209747193
Any AMD,1029,6,98173004,99678876,1160511054,-0.113389,-1,0.70206,0.748411,0.125859837948894
Any AMD,1014,6,81567707,82388204,1143905757,-0.0900688,-0.78488,0.57329,0.753146,0.123120826125825
Any AMD,1092,6,168707339,169667886,1231045389,0.0622741,-0.38607,0.55706,0.760755,0.118755184595463
Any AMD,960,6,31320269,31427209,1093658319,-0.0489037,-0.37973,0.27135,0.762383,0.117826796378789
Any AMD,1087,6,163336362,164687462,1225674412,-0.0825497,-0.92519,0.6336,0.78002,0.107894261696337
Any AMD,929,6,3964073,4657086,1066302123,-0.0842996,-1,0.81567,0.809475,0.0917965595476753
Any AMD,1010,6,78168732,78959762,1140506782,0.0793801,-0.72777,1,0.811674,0.0906183653762207
Any AMD,1083,6,159604053,160583918,1221942103,0.0998438,-0.91168,1,0.822918,0.0846434380826884
Any AMD,1077,6,153791462,154462010,1216129512,0.0682188,-0.75124,0.94247,0.835969,0.077809827080793
Any AMD,1085,6,161371015,162254229,1223709065,-0.108995,-1,1,0.849845,0.0706602763834063
Any AMD,1063,6,137553213,138825721,1199891263,-0.0418721,-0.62607,0.50861,0.855395,0.0678332926328153
Any AMD,1012,6,79859904,80693927,1142197954,-0.0319097,-0.41952,0.34325,0.85989,0.0655571016035033
Any AMD,944,6,20418021,21295864,1082756071,0.0367543,-0.41589,0.51203,0.860478,0.0652602288817334
Any AMD,1042,6,112342874,113705003,1174680924,-0.0232203,-0.43053,0.37057,0.90198,0.0448030921542172
Any AMD,1052,6,122929291,123854857,1185267341,0.0326296,-0.57823,0.66379,0.902644,0.0444835003179153
Any AMD,958,6,31106494,31250556,1093444544,-0.0307175,-0.70772,0.61853,0.911769,0.0401151778258842
Any AMD,948,6,23939307,24950379,1086277357,0.0174518,-0.31062,0.35681,0.912198,0.0399108842874901
Any AMD,1021,6,88499746,89974267,1150837796,0.0159772,-0.29938,0.33445,0.916044,0.0380836655261784
Any AMD,1040,6,110647843,111363443,1172985893,-0.0353287,-0.99422,0.85198,0.91791,0.0371998987764281
Any AMD,1000,6,67559695,68547494,1129897745,-0.0126929,-1,1,0.977684,0.00980149207567071
Any AMD,1082,6,158952061,159604052,1221290111,0.0108637,-1,1,0.978049,0.00963938662698716
Any AMD,985,6,50940768,51826423,1113278818,0.00478055,-0.91482,0.90754,0.988757,0.00491042885395139
Any AMD,1005,6,72290724,73170168,1134628774,-0.00297038,-0.48564,0.50087,0.989425,0.00461712042738756
Any AMD,935,6,10416551,11790671,1072754601,-0.000686872,-0.42465,0.43525,0.996978,0.00131442502236526
Dry AMD,1095,7,617320,1366972,1234008775,0.616954,0.25256,1,0.00127366,2.89494649023522
Dry AMD,1192,7,106399740,107658603,1339791195,0.524198,0.16242,1,0.0059493,2.22553413074564
Dry AMD,1178,7,89330088,90660831,1322721543,0.793652,0.25059,1,0.00602513,2.22003357818487
Dry AMD,1120,7,21390645,22165060,1254782100,1,0.25298,1,0.00622461,2.2058878538955
Dry AMD,1176,7,86446539,87836641,1319837994,-0.683638,-1,-0.18704,0.00900344,2.04559152527449
Dry AMD,1118,7,19131027,20122179,1252522482,0.522556,0.12822,1,0.0129516,1.88767657689175
Dry AMD,1145,7,48984626,49632426,1282376081,0.566066,0.10626,1,0.0164552,1.78369683483004
Dry AMD,1190,7,104109232,105312563,1337500687,-0.326646,-0.6096,-0.06513,0.017155,1.76560927760781
Dry AMD,1197,7,113339387,115321301,1346730842,0.699779,0.12576,1,0.0192316,1.71598458251842
Dry AMD,1175,7,85356716,86446538,1318748171,-0.58673,-1,-0.10299,0.019982,1.6993610453646
Dry AMD,1196,7,111795300,113339386,1345186755,-0.320102,-0.61264,-0.0576,0.0206297,1.68550708755239
Dry AMD,1134,7,36507691,37981936,1269899146,0.44952,0.07129,1,0.0212294,1.67306227999186
Dry AMD,1123,7,24151100,24894119,1257542555,1,0.13142,1,0.0270472,1.56787768758108
Dry AMD,1127,7,28890887,30175113,1262282342,-0.961523,-1,-0.08071,0.0305245,1.51535144119207
Dry AMD,1117,7,17596579,19131026,1250988034,-0.307336,-0.61715,-0.02921,0.03056,1.51484665009635
Dry AMD,1228,7,155280611,156344386,1388672066,-0.58265,-1,-0.04851,0.0325448,1.48751839301635
Dry AMD,1099,7,4139432,4938442,1237530887,0.374446,0.02069,0.86399,0.040328,1.39439331556991
Dry AMD,1199,7,116835337,118342090,1350226792,-0.684671,-1,0.01351,0.0544951,1.26364254613861
Dry AMD,1114,7,15013695,15877564,1248405150,-0.504174,-1,0.02507,0.0616417,1.2101253924968
Dry AMD,1198,7,115321302,116835336,1348712757,0.488432,-0.0103,1,0.0619239,1.20814169936745
Dry AMD,1221,7,147352172,148622913,1380743627,0.491652,-0.02618,1,0.0642342,1.19223368039615
Dry AMD,1166,7,73128831,75243899,1306520286,-0.258103,-0.58451,0.02905,0.0694821,1.15812706407886
Dry AMD,1172,7,81533567,82759283,1314925022,0.467127,-0.05249,1,0.0698234,1.15599900735102
Dry AMD,1151,7,54086988,54550500,1287478443,0.686965,-0.06409,1,0.0746923,1.12672416712535
Dry AMD,1132,7,34114533,35354135,1267505988,-0.453289,-1,0.10015,0.103466,0.985202340431714
Dry AMD,1186,7,99465541,100849307,1332856996,-0.225816,-0.54717,0.04916,0.109055,0.962354417910779
Dry AMD,1157,7,63311298,64216135,1296702753,0.784994,-0.19792,1,0.112418,0.949164145396845
Dry AMD,1138,7,41415926,42494806,1274807381,-0.520626,-1,0.15343,0.129904,0.88637747593866
Dry AMD,1094,7,15064,617319,1233406519,0.297415,-0.10372,0.86616,0.13783,0.860656243847625
Dry AMD,1158,7,64216136,65294277,1297607591,0.446533,-0.16406,1,0.137917,0.860382198282819
Dry AMD,1185,7,98173565,99465540,1331565020,0.297291,-0.10511,0.85846,0.138685,0.857970509146698
Dry AMD,1154,7,56303514,57383657,1289694969,0.407923,-0.15479,1,0.147556,0.831043126293387
Dry AMD,1216,7,140217631,142098979,1373609086,-0.21423,-0.57564,0.08821,0.159348,0.797653383049456
Dry AMD,1162,7,67474723,68569224,1300866178,-0.225216,-0.63357,0.12194,0.187909,0.72605241863959
Dry AMD,1188,7,101950749,103191322,1335342204,0.531239,-0.26198,1,0.193604,0.713085674093835
Dry AMD,1164,7,70144615,71215741,1303536070,0.29207,-0.18532,1,0.194411,0.711279165828739
Dry AMD,1163,7,68569225,70144614,1301960680,0.29861,-0.21205,1,0.21846,0.660628070682413
Dry AMD,1187,7,100849308,101950748,1334240763,0.477358,-0.3382,1,0.224155,0.649451569320202
Dry AMD,1101,7,6020654,6716905,1239412109,-0.193831,-0.5706,0.14778,0.259595,0.58570367663793
Dry AMD,1169,7,77663965,78685009,1311055420,0.802763,-0.40642,1,0.263725,0.578848698999074
Dry AMD,1202,7,121042051,121946052,1354433506,-0.327299,-1,0.28167,0.268293,0.571390658304699
Dry AMD,1160,7,66453994,66914875,1299845449,0.460864,-0.43378,1,0.273705,0.562717268893949
Dry AMD,1098,7,3100212,4139431,1236491667,0.268653,-0.25544,1,0.280649,0.55183650090647
Dry AMD,1107,7,9900802,10481677,1243292257,0.354396,-0.33957,1,0.28301,0.548198218652069
Dry AMD,1105,7,8718352,9225106,1242109807,-0.230503,-0.85287,0.22849,0.299192,0.524050023114744
Dry AMD,1212,7,134943222,136113467,1368334677,0.516891,-0.35917,1,0.31566,0.500780447819197
Dry AMD,1113,7,13676748,15013694,1247068203,-0.184443,-0.63794,0.19059,0.321288,0.493105494900104
Dry AMD,1227,7,154407488,155280610,1387798943,-0.132836,-0.40665,0.1358,0.323753,0.489786198578926
Dry AMD,1125,7,25671576,27351286,1259063031,-0.124477,-0.41131,0.15103,0.374061,0.427057569448744
Dry AMD,1174,7,83953010,85356715,1317344465,-0.756195,-1,0.57042,0.377132,0.423506615741292
Dry AMD,1133,7,35354136,36507690,1268745591,0.231243,-0.34461,0.97913,0.382608,0.417245953494473
Dry AMD,1173,7,82759284,83953009,1316150739,-0.928032,-1,0.93463,0.38783,0.411358599768579
Dry AMD,1148,7,51951648,52635123,1285343103,0.376889,-0.53414,1,0.403614,0.394033777972055
Dry AMD,1152,7,54550501,55161394,1287941956,0.219608,-0.34805,1,0.40588,0.391602348297487
Dry AMD,1144,7,48363586,48984625,1281755041,0.24769,-0.44528,1,0.423631,0.373012267081238
Dry AMD,1100,7,4938443,6020653,1238329898,0.0729226,-0.11341,0.26191,0.437936,0.358589352687027
Dry AMD,1111,7,12694916,13213541,1246086371,0.212818,-0.41048,1,0.452755,0.344136744856159
Dry AMD,1147,7,50894509,51951647,1284285964,0.245038,-0.50861,1,0.455563,0.341451555770189
Dry AMD,1115,7,15877565,16739013,1249269020,-0.306754,-1,0.64597,0.456894,0.340184545126613
Dry AMD,1142,7,46247336,47253454,1279638791,-0.107801,-0.41119,0.1893,0.471266,0.326733891759624
Dry AMD,1106,7,9225107,9900801,1242616562,-0.134548,-0.56659,0.26458,0.484908,0.314340650845921
Dry AMD,1193,7,107658604,109095558,1341050059,-0.137632,-0.70883,0.30876,0.50617,0.295703598451866
Dry AMD,1209,7,130418705,131856481,1363810160,-0.107885,-0.48122,0.22206,0.508195,0.293969612176424
Dry AMD,1224,7,150897819,152253294,1384289274,0.112626,-0.25394,0.51714,0.520961,0.283194787485048
Dry AMD,1122,7,23106681,24151099,1256498136,0.364194,-0.61446,1,0.528252,0.277158850002446
Dry AMD,1139,7,42494807,43448815,1275886262,0.215,-0.57236,1,0.538884,0.268504710846109
Dry AMD,1104,7,7926501,8718351,1241317956,-0.185929,-1,0.48128,0.546225,0.26262842665403
Dry AMD,1146,7,49632427,50894508,1283023882,-0.125058,-0.72774,0.34332,0.552814,0.257420966998264
Dry AMD,1143,7,47253455,48363585,1280644910,-0.105224,-0.54446,0.28205,0.560339,0.251549149270161
Dry AMD,1108,7,10481678,11232447,1243873133,-0.189033,-1,0.64507,0.599305,0.222352098970708
Dry AMD,1165,7,71215742,73128830,1304607197,-0.161689,-1,0.52169,0.60086,0.221226706550073
Dry AMD,1149,7,52635124,53176523,1286026579,0.275223,-0.98534,1,0.603918,0.219022025890649
Dry AMD,1168,7,76451929,77663964,1309843384,0.179016,-0.65273,1,0.607121,0.216724744846723
Dry AMD,1180,7,92530166,93691725,1325921621,1,-1,1,0.616563,0.210022540877705
Dry AMD,1226,7,153241229,154407487,1386632684,-0.333479,-1,0.5782,0.618695,0.208523393728155
Dry AMD,1170,7,78685010,80055721,1312076465,-0.115272,-0.78799,0.40434,0.619418,0.208016178399494
Dry AMD,1182,7,95174848,96564981,1328566303,-0.128829,-0.92026,0.54567,0.654248,0.184257596300296
Dry AMD,1121,7,22165061,23106680,1255556516,0.217327,-0.74593,1,0.671231,0.173127994345559
Dry AMD,1097,7,2473750,3100211,1235865205,0.0843455,-0.33994,0.5755,0.672675,0.172194712593402
Dry AMD,1177,7,87836642,89330087,1321228097,0.142385,-0.73512,1,0.684669,0.164519335392097
Dry AMD,1184,7,97420208,98173564,1330811663,0.238034,-0.78662,1,0.69121,0.160389987378985
Dry AMD,1222,7,148622914,149842999,1382014369,0.079166,-0.35673,0.56386,0.692225,0.159752720028909
Dry AMD,1126,7,27351287,28890886,1260742742,0.0871172,-0.48554,0.78179,0.715895,0.145150670799085
Dry AMD,1219,7,145415776,146574327,1378807231,-0.0677886,-0.47968,0.32239,0.717079,0.144432995832773
Dry AMD,1137,7,40261241,41415925,1273652696,-0.0894244,-0.8546,0.53206,0.725809,0.139177650869406
Dry AMD,1195,7,110479480,111795299,1343870935,0.0820779,-0.47828,0.68637,0.732294,0.135314524210229
Dry AMD,1194,7,109095559,110479479,1342487014,-0.0725284,-0.61866,0.40966,0.738412,0.131701254166007
Dry AMD,1136,7,38966484,40261240,1272357939,-0.102733,-1,0.64299,0.748613,0.125742635437943
Dry AMD,1131,7,33159278,34114532,1266550733,0.037351,-0.19963,0.28105,0.758311,0.12015264412599
Dry AMD,1191,7,105312564,106399739,1338704019,-0.0464893,-0.4707,0.34698,0.803276,0.0951352085417273
Dry AMD,1223,7,149843000,150897818,1383234455,-0.0543154,-0.5888,0.44442,0.803539,0.0949930397795978
Dry AMD,1189,7,103191323,104109231,1336582778,-0.037734,-0.34592,0.27613,0.80524,0.0940746598293337
Dry AMD,1112,7,13213542,13676747,1246604997,-0.052814,-0.60905,0.4657,0.826396,0.0828117935965334
Dry AMD,1150,7,53176524,54086987,1286567979,-0.0836729,-1,0.97625,0.830519,0.0806504276306861
Dry AMD,1229,7,156344387,157199331,1389735842,-0.232314,-1,1,0.834423,0.0786137335419552
Dry AMD,1167,7,75243900,76451928,1308635355,0.104585,-0.90143,1,0.83633,0.0776223243550215
Dry AMD,1128,7,30175114,31730554,1263566569,0.0397441,-0.40492,0.52312,0.8384,0.0765487303603486
Dry AMD,1159,7,65294278,66453993,1298685733,-0.06222,-0.92544,0.73486,0.843188,0.0740755828370162
Dry AMD,1110,7,11855414,12694915,1245246869,-0.0379118,-0.47628,0.37736,0.850207,0.0704753236821652
Dry AMD,1153,7,55161395,56303513,1288552850,0.0366895,-0.47236,0.54099,0.87094,0.0600117629790923
Dry AMD,1140,7,43448816,44989571,1276840271,0.068991,-1,1,0.878542,0.0562374715821989
Dry AMD,1109,7,11232448,11855413,1244623903,-0.0305079,-0.55916,0.49011,0.89674,0.0473334576617913
Dry AMD,1155,7,57383658,61969717,1290775113,-0.055988,-1,1,0.917495,0.0373962938097438
Dry AMD,1141,7,44989572,46247335,1278381027,0.0255304,-0.55211,0.59792,0.918133,0.0370944026960633
Dry AMD,1124,7,24894120,25671575,1258285575,-0.0328648,-0.97595,0.86458,0.922048,0.035246469843857
Dry AMD,1220,7,146574328,147352171,1379965783,0.0307788,-0.89531,0.98741,0.937208,0.0281640129250251
Dry AMD,1171,7,80055722,81533566,1313447177,0.00869292,-0.22131,0.24605,0.941536,0.0261630699091888
Dry AMD,1130,7,32460229,33159277,1265851684,0.0144946,-0.8268,0.85179,0.964485,0.0157045222636275
Dry AMD,1225,7,152253295,153241228,1385644750,0.0156922,-0.8858,0.97461,0.965605,0.015200494084291
Dry AMD,1119,7,20122180,21390644,1253513635,-0.00616588,-0.34554,0.33376,0.969619,0.013398882952635
Dry AMD,1183,7,96564982,97420207,1329956437,-0.0686919,-1,1,0.970441,0.0130308633187198
Dry AMD,1129,7,31730555,32460228,1265122010,-0.00762419,-0.56158,0.51747,0.974463,0.0112346462342937
Wet AMD,1188,7,101950749,103191322,1335342204,0.658608,0.37924,1,3.10118e-05,4.50847302552726
Wet AMD,1114,7,15013695,15877564,1248405150,-0.720242,-1,-0.35591,0.000244405,3.61188991360871
Wet AMD,1187,7,100849308,101950748,1334240763,0.463942,0.14734,0.85336,0.00468086,2.32967434800666
Wet AMD,1172,7,81533567,82759283,1314925022,0.721914,0.23928,1,0.0053501,2.27163810040077
Wet AMD,1105,7,8718352,9225106,1242109807,-1,-1,-0.11178,0.0101548,1.99332862565669
Wet AMD,1115,7,15877565,16739013,1249269020,-0.697083,-1,-0.1362,0.0196474,1.70669491299149
Wet AMD,1226,7,153241229,154407487,1386632684,-0.4561,-1,-0.07681,0.0220798,1.65600486478748
Wet AMD,1134,7,36507691,37981936,1269899146,0.323657,0.04769,0.67949,0.0260361,1.58442406907958
Wet AMD,1203,7,121946053,123859746,1355337508,0.876046,0.0826,1,0.0308241,1.5111095950482
Wet AMD,1099,7,4139432,4938442,1237530887,0.613909,0.0515,1,0.0330741,1.48051196483817
Wet AMD,1216,7,140217631,142098979,1373609086,-0.265551,-0.54877,-0.02103,0.039481,1.4036118557749
Wet AMD,1131,7,33159278,34114532,1266550733,0.706788,-0.01077,1,0.0532982,1.27328745782648
Wet AMD,1167,7,75243900,76451928,1308635355,0.469723,-0.00542,1,0.0555682,1.25517367092613
Wet AMD,1190,7,104109232,105312563,1337500687,-0.200481,-0.41682,0.01269,0.0619876,1.20769517808517
Wet AMD,1148,7,51951648,52635123,1285343103,0.594743,-0.03448,1,0.0715836,1.1451864643587
Wet AMD,1119,7,20122180,21390644,1253513635,0.368901,-0.05335,1,0.0924746,1.03397753855454
Wet AMD,1094,7,15064,617319,1233406519,0.490571,-0.0784,1,0.0927185,1.03283360300426
Wet AMD,1198,7,115321302,116835336,1348712757,-0.276681,-0.6684,0.05809,0.101054,0.99544649121799
Wet AMD,1103,7,7167611,7926500,1240559066,-0.520932,-1,0.12522,0.10534,0.977406685978538
Wet AMD,1230,7,157199332,158031247,1390590787,-0.657275,-1,0.11436,0.109034,0.962438055179492
Wet AMD,1168,7,76451929,77663964,1309843384,0.308331,-0.06553,0.75572,0.109146,0.961992175756577
Wet AMD,1100,7,4938443,6020653,1238329898,0.284343,-0.08236,0.86129,0.114309,0.941919574535065
Wet AMD,1209,7,130418705,131856481,1363810160,-0.205968,-0.49733,0.06754,0.13572,0.86735614902692
Wet AMD,1135,7,37981937,38966483,1271373392,0.601594,-0.23144,1,0.173615,0.760412755335772
Wet AMD,1171,7,80055722,81533566,1313447177,-0.278499,-1,0.14502,0.181633,0.740805243833136
Wet AMD,1113,7,13676748,15013694,1247068203,-0.318624,-1,0.18029,0.18384,0.73555998865579
Wet AMD,1215,7,138755108,140217630,1372146563,-0.272481,-1,0.14948,0.187757,0.726403862554407
Wet AMD,1164,7,70144615,71215741,1303536070,0.250362,-0.13868,0.76735,0.194182,0.711791030159123
Wet AMD,1117,7,17596579,19131026,1250988034,-0.142486,-0.36605,0.07213,0.195729,0.708344822748232
Wet AMD,1138,7,41415926,42494806,1274807381,0.425737,-0.27432,1,0.207836,0.682279224597858
Wet AMD,1110,7,11855414,12694915,1245246869,-0.539005,-1,0.3049,0.211991,0.673682576492504
Wet AMD,1163,7,68569225,70144614,1301960680,0.421467,-0.23195,1,0.212655,0.672324401584422
Wet AMD,1147,7,50894509,51951647,1284285964,0.35156,-0.31533,1,0.257568,0.589108094288493
Wet AMD,1143,7,47253455,48363585,1280644910,-0.186879,-0.61285,0.16266,0.280169,0.552579919991509
Wet AMD,1118,7,19131027,20122179,1252522482,0.198936,-0.21014,0.67321,0.310253,0.508284010386375
Wet AMD,1160,7,66453994,66914875,1299845449,0.382851,-0.45557,1,0.316048,0.500246953609315
Wet AMD,1139,7,42494807,43448815,1275886262,0.229399,-0.25403,0.81417,0.330866,0.48034785892368
Wet AMD,1165,7,71215742,73128830,1304607197,-0.472388,-1,0.41457,0.336565,0.472931049076751
Wet AMD,1208,7,128779174,130418704,1362170629,0.19992,-0.23985,0.77715,0.33941,0.469275366258648
Wet AMD,1111,7,12694916,13213541,1246086371,-0.319122,-1,0.41859,0.342032,0.465933260103837
Wet AMD,1175,7,85356716,86446538,1318748171,-0.238575,-0.8749,0.30885,0.350018,0.455909621079253
Wet AMD,1125,7,25671576,27351286,1259063031,0.103401,-0.11914,0.32799,0.354069,0.450912095603635
Wet AMD,1191,7,105312564,106399739,1338704019,-0.122514,-0.4118,0.14609,0.378189,0.422291107190545
Wet AMD,1109,7,11232448,11855413,1244623903,0.409763,-0.62465,1,0.389299,0.409716711861185
Wet AMD,1189,7,103191323,104109231,1336582778,0.123244,-0.16581,0.41816,0.392905,0.405712444441967
Wet AMD,1205,7,125389587,126640872,1358781042,0.270854,-0.49507,1,0.420002,0.376748641538062
Wet AMD,1199,7,116835337,118342090,1350226792,-0.211536,-1,0.36267,0.425837,0.370756606407054
Wet AMD,1185,7,98173565,99465540,1331565020,0.104261,-0.15794,0.36867,0.426161,0.370426297136564
Wet AMD,1231,7,158031248,159128566,1391422703,0.177668,-0.32369,0.91847,0.449764,0.347015309298439
Wet AMD,1137,7,40261241,41415925,1273652696,0.156958,-0.3118,0.81315,0.468613,0.329185667617092
Wet AMD,1229,7,156344387,157199331,1389735842,-0.120759,-0.48221,0.22156,0.471713,0.326322154811184
Wet AMD,1121,7,22165061,23106680,1255556516,-0.242348,-1,0.53376,0.506699,0.295249952813948
Wet AMD,1177,7,87836642,89330087,1321228097,0.174885,-0.42903,0.90099,0.515206,0.288019087900344
Wet AMD,1217,7,142098980,144324464,1375490435,-0.120793,-0.63259,0.27742,0.519853,0.284119445431088
Wet AMD,1173,7,82759284,83953009,1316150739,0.301024,-0.91189,1,0.529309,0.276290721506357
Wet AMD,1166,7,73128831,75243899,1306520286,-0.0965346,-0.45913,0.23043,0.535804,0.270994048526535
Wet AMD,1207,7,127903739,128779173,1361295194,-0.205207,-1,0.63154,0.554802,0.255861982012238
Wet AMD,1197,7,113339387,115321301,1346730842,-0.106487,-0.54371,0.2783,0.567631,0.245933894466675
Wet AMD,1155,7,57383658,61969717,1290775113,0.208251,-0.65624,1,0.572856,0.241954533817845
Wet AMD,1182,7,95174848,96564981,1328566303,0.204839,-0.6359,1,0.573976,0.241106266635956
Wet AMD,1169,7,77663965,78685009,1311055420,-0.104961,-0.5245,0.28944,0.579376,0.237039498920736
Wet AMD,1154,7,56303514,57383657,1289694969,0.175066,-0.57046,1,0.582969,0.23435453870049
Wet AMD,1224,7,150897819,152253294,1384289274,-0.0874399,-0.44174,0.25198,0.597018,0.224012574762041
Wet AMD,1170,7,78685010,80055721,1312076465,0.234541,-0.68934,1,0.610661,0.214199815431743
Wet AMD,1158,7,64216136,65294277,1297607591,0.178817,-0.70889,1,0.627658,0.202276931375587
Wet AMD,1201,7,119568237,121042050,1352959692,0.196305,-0.63642,1,0.636123,0.196458901558349
Wet AMD,1150,7,53176524,54086987,1286567979,-0.335158,-1,1,0.636297,0.196340124361634
Wet AMD,1153,7,55161395,56303513,1288552850,-0.152722,-1,0.63269,0.637825,0.19529846228142
Wet AMD,1196,7,111795300,113339386,1345186755,0.138665,-0.55716,1,0.640334,0.193593437703616
Wet AMD,1116,7,16739014,17596578,1250130469,0.257968,-0.83584,1,0.655921,0.183148464481221
Wet AMD,1098,7,3100212,4139431,1236491667,-0.070614,-0.40947,0.27348,0.668077,0.175173479518601
Wet AMD,1128,7,30175114,31730554,1263566569,0.152528,-0.66555,1,0.674666,0.170911175696858
Wet AMD,1130,7,32460229,33159277,1265851684,-0.280797,-1,1,0.675592,0.170315501754116
Wet AMD,1101,7,6020654,6716905,1239412109,0.0821382,-0.35244,0.55197,0.678369,0.168534006618902
Wet AMD,1157,7,63311298,64216135,1296702753,0.110119,-0.50123,0.77451,0.681498,0.166535414356436
Wet AMD,1174,7,83953010,85356715,1317344465,0.132274,-0.64507,1,0.683303,0.165386672529785
Wet AMD,1184,7,97420208,98173564,1330811663,0.05266,-0.21461,0.31691,0.691009,0.160516296149849
Wet AMD,1225,7,152253295,153241228,1385644750,0.106546,-0.59313,1,0.709756,0.148890927430668
Wet AMD,1126,7,27351287,28890886,1260742742,-0.141882,-1,0.71356,0.745645,0.127467890002316
Wet AMD,1159,7,65294278,66453993,1298685733,0.168704,-1,1,0.752317,0.123599124379436
Wet AMD,1195,7,110479480,111795299,1343870935,-0.0906353,-0.95997,0.61251,0.75566,0.121673566056733
Wet AMD,1211,7,133807217,134943221,1367198672,0.119719,-0.80834,1,0.756289,0.121312216242848
Wet AMD,1206,7,126640873,127903738,1360032328,0.141517,-0.86431,1,0.762974,0.117490261322867
Wet AMD,1221,7,147352172,148622913,1380743627,0.0891222,-0.60793,0.96692,0.763347,0.11727799687132
Wet AMD,1192,7,106399740,107658603,1339791195,-0.0580069,-0.5091,0.36572,0.765495,0.116057641646976
Wet AMD,1212,7,134943222,136113467,1368334677,0.0437039,-0.27374,0.36893,0.776312,0.109963700589767
Wet AMD,1161,7,66914876,67474722,1300306331,-0.151936,-1,1,0.782525,0.106501778780094
Wet AMD,1142,7,46247336,47253454,1279638791,0.060714,-0.46005,0.59511,0.785104,0.105072809962451
Wet AMD,1214,7,137657460,138755107,1371048915,0.0751672,-0.63825,0.91385,0.797965,0.0980161570705944
Wet AMD,1186,7,99465541,100849307,1332856996,-0.0250952,-0.22812,0.17451,0.802379,0.0956204462681299
Wet AMD,1124,7,24894120,25671575,1258285575,0.0926588,-0.81238,1,0.807723,0.0927375503601391
Wet AMD,1210,7,131856482,133807216,1365247937,0.116604,-0.90457,1,0.812423,0.0902177900534329
Wet AMD,1183,7,96564982,97420207,1329956437,0.16862,-1,1,0.818151,0.0871665344524766
Wet AMD,1200,7,118342091,119568236,1351733546,-0.0693115,-0.82473,0.62241,0.818971,0.0867314764605348
Wet AMD,1156,7,61969718,63311297,1295361173,0.100712,-1,1,0.825713,0.0831708778313368
Wet AMD,1227,7,154407488,155280610,1387798943,-0.0397782,-0.51046,0.40114,0.837341,0.077097643250302
Wet AMD,1129,7,31730555,32460228,1265122010,-0.0516549,-0.65243,0.50653,0.837695,0.0769140767491849
Wet AMD,1194,7,109095559,110479479,1342487014,0.0288531,-0.26204,0.32132,0.83939,0.0760362090233715
Wet AMD,1108,7,10481678,11232447,1243873133,0.0787208,-0.94589,1,0.839572,0.0759420537107247
Wet AMD,1146,7,49632427,50894508,1283023882,-0.0771601,-1,0.75972,0.862288,0.0643476577008801
Wet AMD,1102,7,6716906,7167610,1240108361,0.0276336,-0.3122,0.36184,0.863433,0.0637713568333027
Wet AMD,1120,7,21390645,22165060,1254782100,0.172228,-1,1,0.864705,0.0631320297879586
Wet AMD,1152,7,54550501,55161394,1287941956,-0.0442558,-0.80454,0.62929,0.872875,0.0590479449509271
Wet AMD,1097,7,2473750,3100211,1235865205,0.0252703,-0.4337,0.51696,0.899106,0.0461891041496224
Wet AMD,1176,7,86446539,87836641,1319837994,-0.0129464,-0.56502,0.50653,0.955863,0.0196043489452872
Wet AMD,1096,7,1366973,2473749,1234758428,-0.00597138,-0.44027,0.41177,0.974023,0.0114307878286244
Wet AMD,1218,7,144324465,145415775,1377715920,-0.0110194,-0.94754,0.94386,0.974825,0.011073341589463
Wet AMD,1181,7,93691726,95174847,1327083181,-0.00716169,-0.58795,0.55839,0.976278,0.0104264972159375
Wet AMD,1095,7,617320,1366972,1234008775,0.00412718,-0.29152,0.29705,0.976572,0.0102957318436414
Wet AMD,1144,7,48363586,48984625,1281755041,0.0113003,-1,1,0.984308,0.00686898513533814
Any AMD,1114,7,15013695,15877564,1248405150,-0.637165,-1,-0.27512,0.00115989,2.93558319582327
Any AMD,1188,7,101950749,103191322,1335342204,0.605125,0.23246,1,0.00280441,2.55215849294473
Any AMD,1118,7,19131027,20122179,1252522482,0.481875,0.11977,0.99847,0.0114641,1.94066003429435
Any AMD,1099,7,4139432,4938442,1237530887,0.408661,0.09662,0.79018,0.0116813,1.93250882234268
Any AMD,1172,7,81533567,82759283,1314925022,0.63095,0.16275,1,0.0117547,1.92978845033378
Any AMD,1134,7,36507691,37981936,1269899146,0.308912,0.066,0.58454,0.0148243,1.82902580476402
Any AMD,1187,7,100849308,101950748,1334240763,0.438732,0.08076,0.87387,0.0174057,1.75930850613297
Any AMD,1228,7,155280611,156344386,1388672066,-0.917511,-1,-0.13742,0.0187412,1.72720260465992
Any AMD,1203,7,121946053,123859746,1355337508,0.511828,0.08986,1,0.0193609,1.71307445818729
Any AMD,1199,7,116835337,118342090,1350226792,-0.92752,-1,-0.14567,0.0247098,1.60713076974353
Any AMD,1117,7,17596579,19131026,1250988034,-0.282036,-0.5397,-0.04569,0.0248755,1.60422818113265
Any AMD,1162,7,67474723,68569224,1300866178,-0.386137,-0.8585,-0.0502,0.0267179,1.57319767996344
Any AMD,1105,7,8718352,9225106,1242109807,-0.487862,-1,-0.06389,0.0277512,1.55671823264543
Any AMD,1113,7,13676748,15013694,1247068203,-0.381265,-0.8676,-0.04131,0.0317995,1.49757970859884
Any AMD,1175,7,85356716,86446538,1318748171,-0.53165,-1,-0.05731,0.0360073,1.4436094428904
Any AMD,1095,7,617320,1366972,1234008775,0.292556,0.01845,0.62808,0.0379249,1.4210755556831
Any AMD,1094,7,15064,617319,1233406519,0.44862,0.02648,1,0.0398632,1.39942784144687
Any AMD,1216,7,140217631,142098979,1373609086,-0.338152,-0.88852,-0.01364,0.0449879,1.34690427888817
Any AMD,1190,7,104109232,105312563,1337500687,-0.222432,-0.45337,8e-05,0.0555351,1.25543244177769
Any AMD,1163,7,68569225,70144614,1301960680,0.465425,-0.04605,1,0.0709186,1.14923984636886
Any AMD,1151,7,54086988,54550500,1287478443,1,-0.15148,1,0.0748994,1.12552166130898
Any AMD,1192,7,106399740,107658603,1339791195,0.459222,-0.04715,1,0.0752362,1.12357314774031
Any AMD,1226,7,153241229,154407487,1386632684,-0.606522,-1,0.076,0.109132,0.962047885656384
Any AMD,1176,7,86446539,87836641,1319837994,-0.389226,-1,0.10884,0.119733,0.92178613578644
Any AMD,1145,7,48984626,49632426,1282376081,0.518084,-0.18006,1,0.14883,0.827309518244152
Any AMD,1166,7,73128831,75243899,1306520286,-0.196928,-0.50579,0.08582,0.161197,0.792643045009647
Any AMD,1115,7,15877565,16739013,1249269020,-0.392027,-1,0.19496,0.174197,0.758959328631827
Any AMD,1209,7,130418705,131856481,1363810160,-0.163813,-0.41183,0.07943,0.178339,0.748753672906107
Any AMD,1106,7,9225107,9900801,1242616562,-0.338293,-1,0.16934,0.18058,0.743330351312767
Any AMD,1161,7,66914876,67474722,1300306331,-0.636123,-1,0.3659,0.193709,0.712850200863053
Any AMD,1164,7,70144615,71215741,1303536070,0.357162,-0.18153,1,0.198962,0.701229862113884
Any AMD,1158,7,64216136,65294277,1297607591,0.552379,-0.30364,1,0.202043,0.694556191566475
Any AMD,1154,7,56303514,57383657,1289694969,0.298704,-0.1779,0.88249,0.206201,0.685709232876805
Any AMD,1185,7,98173565,99465540,1331565020,0.288963,-0.1989,1,0.219175,0.659208984773625
Any AMD,1196,7,111795300,113339386,1345186755,-0.20669,-0.6061,0.13803,0.228972,0.640217622415461
Any AMD,1132,7,34114533,35354135,1267505988,-0.475703,-1,0.34761,0.241861,0.616434155822918
Any AMD,1152,7,54550501,55161394,1287941956,0.208306,-0.15834,0.6254,0.262521,0.58083595008914
Any AMD,1112,7,13213542,13676747,1246604997,-0.258514,-0.82549,0.212,0.264348,0.577823971024898
Any AMD,1138,7,41415926,42494806,1274807381,-0.550556,-1,0.37976,0.271841,0.565685040867308
Any AMD,1168,7,76451929,77663964,1309843384,0.210026,-0.17167,0.67493,0.285886,0.543807111769041
Any AMD,1193,7,107658604,109095558,1341050059,-0.506112,-1,0.34816,0.296186,0.528435473385509
Any AMD,1100,7,4938443,6020653,1238329898,0.118415,-0.12121,0.3629,0.310126,0.508461822336722
Any AMD,1220,7,146574328,147352171,1379965783,0.487929,-0.41428,1,0.320848,0.493700663530874
Any AMD,1214,7,137657460,138755107,1371048915,-0.324566,-1,0.37125,0.35736,0.446894060536218
Any AMD,1133,7,35354136,36507690,1268745591,0.420917,-0.55395,1,0.361029,0.442457911573214
Any AMD,1120,7,21390645,22165060,1254782100,0.627027,-0.49412,1,0.361479,0.441916927827353
Any AMD,1131,7,33159278,34114532,1266550733,0.128369,-0.15484,0.41818,0.362882,0.440234573531467
Any AMD,1143,7,47253455,48363585,1280644910,-0.157602,-0.61699,0.22722,0.389666,0.409307486577247
Any AMD,1184,7,97420208,98173564,1330811663,0.149876,-0.21075,0.55133,0.392196,0.406496840007313
Any AMD,1225,7,152253295,153241228,1385644750,0.233756,-0.35088,1,0.412299,0.38478771854574
Any AMD,1101,7,6020654,6716905,1239412109,-0.129321,-0.47349,0.19485,0.423142,0.373513865562197
Any AMD,1186,7,99465541,100849307,1332856996,-0.0852021,-0.30082,0.1314,0.42852,0.368028903759593
Any AMD,1096,7,1366973,2473749,1234758428,-0.189851,-1,0.32455,0.437351,0.35916987612618
Any AMD,1230,7,157199332,158031247,1390590787,-0.153402,-0.70704,0.27054,0.447435,0.349270046809931
Any AMD,1223,7,149843000,150897818,1383234455,-0.123016,-0.46283,0.20582,0.449463,0.347306053779944
Any AMD,1156,7,61969718,63311297,1295361173,0.376352,-0.74698,1,0.452817,0.344077276900171
Any AMD,1157,7,63311298,64216135,1296702753,0.335281,-0.75798,1,0.453483,0.343438988966788
Any AMD,1136,7,38966484,40261240,1272357939,0.13619,-0.26201,0.61745,0.466616,0.331040373573609
Any AMD,1147,7,50894509,51951647,1284285964,0.182832,-0.39838,0.88514,0.491831,0.308184101248703
Any AMD,1122,7,23106681,24151099,1256498136,0.255148,-0.56164,1,0.517636,0.2859755274366
Any AMD,1206,7,126640873,127903738,1360032328,0.27134,-0.54776,1,0.517755,0.285875698398924
Any AMD,1110,7,11855414,12694915,1245246869,-0.134101,-0.60965,0.30868,0.521648,0.28262245336507
Any AMD,1119,7,20122180,21390644,1253513635,0.122289,-0.29527,0.57642,0.524848,0.279966453392571
Any AMD,1160,7,66453994,66914875,1299845449,0.462021,-1,1,0.529136,0.276432690047072
Any AMD,1183,7,96564982,97420207,1329956437,0.314878,-0.70026,1,0.540861,0.266914333210251
Any AMD,1208,7,128779174,130418704,1362170629,-0.297279,-1,0.66395,0.556506,0.254530148934225
Any AMD,1102,7,6716906,7167610,1240108361,-0.151249,-1,0.48741,0.59401,0.226206243725435
Any AMD,1153,7,55161395,56303513,1288552850,-0.111566,-0.61161,0.34705,0.603534,0.219298258961071
Any AMD,1197,7,113339387,115321301,1346730842,0.105226,-0.34688,0.60124,0.606424,0.217223619280175
Any AMD,1171,7,80055722,81533566,1313447177,-0.07398,-0.40859,0.23282,0.623925,0.204867612310776
Any AMD,1204,7,123859747,125389586,1357251202,-0.534846,-1,0.83321,0.627388,0.202463792274587
Any AMD,1155,7,57383658,61969717,1290775113,0.190722,-0.74359,1,0.629547,0.200971841284969
Any AMD,1177,7,87836642,89330087,1321228097,0.151442,-0.57692,1,0.635867,0.196633713292511
Any AMD,1227,7,154407488,155280610,1387798943,-0.0857539,-0.51699,0.29875,0.637879,0.195261695285257
Any AMD,1224,7,150897819,152253294,1384289274,-0.0539328,-0.28675,0.17905,0.643686,0.191325936558256
Any AMD,1212,7,134943222,136113467,1368334677,0.0978899,-0.39332,0.68221,0.645047,0.190408640253107
Any AMD,1130,7,32460229,33159277,1265851684,-0.160345,-1,0.64838,0.650282,0.18689826722671
Any AMD,1217,7,142098980,144324464,1375490435,0.575198,-0.71185,1,0.668625,0.174817389096927
Any AMD,1194,7,109095559,110479479,1342487014,-0.0781143,-0.50431,0.30554,0.674751,0.170856463134306
Any AMD,1173,7,82759284,83953009,1316150739,0.30386,-1,1,0.688966,0.161802209698651
Any AMD,1174,7,83953010,85356715,1317344465,-0.157144,-1,0.7207,0.691054,0.160488014875128
Any AMD,1124,7,24894120,25671575,1258285575,0.185029,-0.89593,1,0.6966,0.157016529877783
Any AMD,1128,7,30175114,31730554,1263566569,0.0737431,-0.345,0.56176,0.699151,0.155429016837205
Any AMD,1150,7,53176524,54086987,1286567979,-0.199686,-1,1,0.702992,0.153049617193013
Any AMD,1116,7,16739014,17596578,1250130469,0.206491,-0.90539,1,0.724428,0.140004772037595
Any AMD,1109,7,11232448,11855413,1244623903,0.129425,-0.77775,1,0.724488,0.139968803535723
Any AMD,1144,7,48363586,48984625,1281755041,0.176048,-1,1,0.731844,0.135581483367098
Any AMD,1126,7,27351287,28890886,1260742742,-0.0534411,-0.4017,0.26259,0.734052,0.13427317371725
Any AMD,1139,7,42494807,43448815,1275886262,0.116352,-0.81027,1,0.757253,0.120758997452532
Any AMD,1111,7,12694916,13213541,1246086371,0.07336,-0.48978,0.68747,0.772017,0.112373136290036
Any AMD,1125,7,25671576,27351286,1259063031,-0.0337367,-0.27207,0.2037,0.775602,0.110361079701837
Any AMD,1142,7,46247336,47253454,1279638791,-0.0449874,-0.38028,0.28685,0.779452,0.108210624255754
Any AMD,1189,7,103191323,104109231,1336582778,0.0384033,-0.25196,0.33716,0.787106,0.103966777024482
Any AMD,1207,7,127903739,128779173,1361295194,0.239148,-1,1,0.803725,0.0948925226598283
Any AMD,1137,7,40261241,41415925,1273652696,0.0416915,-0.45164,0.56425,0.841133,0.075135328103095
Any AMD,1210,7,131856482,133807216,1365247937,-0.0631303,-1,0.7565,0.849367,0.0709046164278805
Any AMD,1191,7,105312564,106399739,1338704019,-0.0317154,-0.39843,0.32164,0.851588,0.069770466973618
Any AMD,1129,7,31730555,32460228,1265122010,0.0410475,-0.42567,0.51659,0.851749,0.0696883676453058
Any AMD,1198,7,115321302,116835336,1348712757,-0.0327065,-0.49496,0.41034,0.870146,0.0604078718933401
Any AMD,1108,7,10481678,11232447,1243873133,-0.0550212,-0.99582,0.8778,0.878198,0.0564075562887397
Any AMD,1141,7,44989572,46247335,1278381027,-0.0581638,-1,0.98085,0.878699,0.0561598678456139
Any AMD,1195,7,110479480,111795299,1343870935,0.027791,-0.35345,0.41048,0.879795,0.0556185105093944
Any AMD,1222,7,148622914,149842999,1382014369,0.0355962,-0.5757,0.66213,0.882501,0.0542847938220256
Any AMD,1202,7,121042051,121946052,1354433506,-0.038031,-0.79551,0.66553,0.888316,0.0514325154784173
Any AMD,1159,7,65294278,66453993,1298685733,-0.0410205,-0.97931,0.84405,0.906578,0.0425948242079846
Any AMD,1098,7,3100212,4139431,1236491667,0.0189013,-0.32342,0.34875,0.908083,0.0418744545685611
Any AMD,1169,7,77663965,78685009,1311055420,-0.0249754,-0.6626,0.59653,0.920895,0.0357898850259507
Any AMD,1182,7,95174848,96564981,1328566303,-0.0408089,-1,1,0.925559,0.0335958918135832
Any AMD,1146,7,49632427,50894508,1283023882,-0.0211336,-0.7725,0.72904,0.941612,0.0261280154358892
Any AMD,1229,7,156344387,157199331,1389735842,0.0122577,-0.42386,0.4591,0.949589,0.0224643248737795
Any AMD,1097,7,2473750,3100211,1235865205,-0.00685847,-0.35443,0.33551,0.966311,0.0148830766418425
Any AMD,1170,7,78685010,80055721,1312076465,0.0023965,-0.57797,0.61025,0.991717,0.00361224203238368
Any AMD,1121,7,22165061,23106680,1255556516,-0.000491806,-1,1,0.999163,0.000363656692918438
Dry AMD,1338,8,109920828,111207349,1502440849,-1,-1,-0.25584,0.00721964,2.14148445754275
Dry AMD,1256,8,14389306,14872767,1406909327,0.406143,0.11335,0.72827,0.00763507,2.11718697688204
Dry AMD,1325,8,94999067,96175630,1487519088,-0.478144,-1,-0.05379,0.0290861,1.53631450707976
Dry AMD,1293,8,56346879,57436722,1448866900,0.919607,0.09561,1,0.0320592,1.49404731915968
Dry AMD,1294,8,57436723,58675117,1449956744,0.365761,0.01771,0.88461,0.0410034,1.38718013010912
Dry AMD,1315,8,81340232,82878769,1473860253,0.351114,0.00859,0.78064,0.0458599,1.33856689660773
Dry AMD,1336,8,107787164,108647463,1500307185,-0.478583,-1,0.03375,0.0712143,1.14743279024633
Dry AMD,1307,8,72013185,72917489,1464533206,0.279842,-0.03737,0.6394,0.0837506,1.07701207293881
Dry AMD,1240,8,3787249,4273083,1396307270,0.263367,-0.05399,0.61831,0.0925714,1.03352316818519
Dry AMD,1352,8,126766828,128073654,1519286849,0.689848,-0.13557,1,0.108291,0.965407635828562
Dry AMD,1355,8,130383564,131545725,1522903585,-0.513854,-1,0.13581,0.10985,0.959199938743471
Dry AMD,1361,8,136220343,137527617,1528740364,-0.319059,-0.87001,0.07496,0.11561,0.937004598813533
Dry AMD,1295,8,58675118,59555977,1451195139,0.37826,-0.10279,0.99971,0.116732,0.932810073531483
Dry AMD,1299,8,62330901,63253462,1454850922,-0.777576,-1,0.1935,0.127242,0.895369513235395
Dry AMD,1311,8,76295484,77377989,1468815505,-0.515061,-1,0.1799,0.137337,0.862212443600294
Dry AMD,1320,8,87563146,89081177,1480083167,0.718282,-0.20478,1,0.13928,0.856111241890725
Dry AMD,1333,8,104467846,105370130,1496987867,-1,-1,0.58058,0.172541,0.763107689239929
Dry AMD,1300,8,63253463,64215358,1455773484,-0.506696,-1,0.21881,0.172836,0.762365793263547
Dry AMD,1251,8,11466762,12296849,1403986783,0.273187,-0.16656,0.79352,0.204394,0.689531857094748
Dry AMD,1257,8,14872768,15359692,1407392789,0.345618,-0.20569,1,0.20611,0.685900936704716
Dry AMD,1364,8,139404632,140355988,1531924653,0.647141,-0.30309,1,0.213207,0.671198540679859
Dry AMD,1253,8,12947936,13395051,1405467957,0.210829,-0.14946,0.60259,0.237246,0.624801101103292
Dry AMD,1298,8,61324890,62330900,1453844911,1,-0.46376,1,0.249402,0.603100068157071
Dry AMD,1275,8,29744541,31134786,1422264562,0.278239,-0.21929,1,0.249762,0.60247363660114
Dry AMD,1354,8,129291119,130383563,1521811140,0.267638,-0.21224,0.91237,0.249937,0.602169447329438
Dry AMD,1264,8,19488889,20135628,1412008910,1,-0.43623,1,0.267482,0.572705438179942
Dry AMD,1368,8,143611462,144934288,1536131483,-1,-1,0.45357,0.270148,0.568398243346622
Dry AMD,1262,8,17947005,18668609,1410467026,-0.219406,-0.76409,0.18902,0.271414,0.566367754443664
Dry AMD,1239,8,3386668,3787248,1395906689,-0.228438,-0.74843,0.20001,0.273214,0.563497050353003
Dry AMD,1304,8,68683824,70004665,1461203845,0.284457,-0.26485,1,0.273833,0.562514215609259
Dry AMD,1302,8,66018205,66960438,1458538226,-0.371289,-1,0.3417,0.280661,0.551817931724437
Dry AMD,1348,8,121554391,122622804,1514074412,0.224608,-0.21262,0.7483,0.288892,0.539264484476193
Dry AMD,1358,8,133461552,134509448,1525981573,-0.279718,-1,0.31787,0.328873,0.482971780005761
Dry AMD,1356,8,131545726,132534636,1524065747,-0.518163,-1,0.4996,0.336561,0.47293621060053
Dry AMD,1237,8,2396123,2970491,1394916144,-0.498391,-1,0.40715,0.340046,0.46846232944343
Dry AMD,1282,8,40179578,40974254,1432699599,0.703911,-0.75022,1,0.344881,0.462330730893404
Dry AMD,1287,8,50288661,51461455,1442808682,0.429292,-0.48205,1,0.363433,0.439575640959692
Dry AMD,1357,8,132534637,133461551,1525054658,-0.323058,-1,0.39979,0.373415,0.427808240520884
Dry AMD,1241,8,4273084,4893120,1396793105,-0.344812,-1,0.45345,0.382157,0.41775818099977
Dry AMD,1365,8,140355989,141527881,1532876010,-0.22611,-1,0.34545,0.391487,0.407282654862752
Dry AMD,1340,8,112601514,113650853,1505121535,1,-1,1,0.39614,0.40215130275553
Dry AMD,1267,8,21650454,22895018,1414170475,0.179871,-0.27107,0.963,0.404483,0.393099726613737
Dry AMD,1245,8,6663428,8064600,1399183449,0.174304,-0.24987,0.72341,0.412011,0.385091188880632
Dry AMD,1343,8,115334859,116094203,1507854880,-0.240164,-1,0.38933,0.416309,0.380584200191562
Dry AMD,1337,8,108647464,109920827,1501167485,-0.195485,-0.87943,0.32977,0.427767,0.368792722033536
Dry AMD,1318,8,85116735,86251870,1477636756,0.411731,-0.9147,1,0.450754,0.346060410650553
Dry AMD,1290,8,53108911,54119373,1445628932,0.179857,-0.36041,0.80147,0.468187,0.329580649389174
Dry AMD,1269,8,23788495,24863243,1416308516,-0.132265,-0.58972,0.24997,0.470485,0.327454218190122
Dry AMD,1233,8,660415,1161824,1393180436,0.209511,-0.49014,1,0.504768,0.296908185190088
Dry AMD,1309,8,73838028,75011699,1466358049,0.142584,-0.3491,0.73162,0.529588,0.276061864189253
Dry AMD,1305,8,70004666,70872088,1462524687,-0.112991,-0.54314,0.26756,0.534484,0.272065291045878
Dry AMD,1270,8,24863244,25859277,1417383265,0.110851,-0.32079,0.58462,0.586254,0.231914181083681
Dry AMD,1323,8,91457963,92876620,1483977984,-0.301456,-1,0.8048,0.592691,0.227171667463215
Dry AMD,1273,8,27406512,28344176,1419926533,-0.154275,-1,0.49098,0.598095,0.223229828220707
Dry AMD,1306,8,70872089,72013184,1463392110,-0.113103,-0.64628,0.36872,0.620763,0.207074176696238
Dry AMD,1249,8,9835864,10478851,1402355885,0.201313,-0.70961,1,0.627264,0.202549636821013
Dry AMD,1265,8,20135629,20812107,1412655650,0.129206,-0.47553,0.84449,0.630746,0.200145494965657
Dry AMD,1258,8,15359693,15999328,1407879714,-0.111419,-0.69809,0.3984,0.63523,0.197068999676055
Dry AMD,1280,8,36641175,38803980,1429161196,0.0744678,-0.25863,0.44675,0.642365,0.192218130121907
Dry AMD,1263,8,18668610,19488888,1411188631,-0.104153,-0.75132,0.41566,0.651805,0.185882312382564
Dry AMD,1243,8,5566270,6019163,1398086291,0.195536,-0.74396,1,0.655601,0.183360392663847
Dry AMD,1314,8,79756170,81340231,1472276191,-0.0661142,-0.37956,0.23366,0.656149,0.182997528718845
Dry AMD,1326,8,96175631,96900513,1488695652,-0.082745,-0.52159,0.30064,0.657198,0.182303766889875
Dry AMD,1344,8,116094204,118300068,1508614225,0.0989939,-0.44645,0.77885,0.682096,0.166154497284599
Dry AMD,1285,8,43825634,49044813,1436345655,0.0850517,-0.37852,0.58079,0.689129,0.161699473674095
Dry AMD,1334,8,105370131,106500950,1497890152,-0.10276,-0.83354,0.47228,0.693137,0.159180917677304
Dry AMD,1266,8,20812108,21650453,1413332129,-0.078835,-0.565,0.35263,0.694119,0.15856606756678
Dry AMD,1322,8,90364150,91457962,1482884171,0.0756434,-0.33165,0.49763,0.699983,0.154912507265521
Dry AMD,1349,8,122622805,124001019,1515142826,-0.0761542,-0.64909,0.43093,0.725494,0.139366174925303
Dry AMD,1288,8,51461456,52326236,1443981477,-0.244094,-1,0.98986,0.727576,0.138121635116351
Dry AMD,1353,8,128073655,129291118,1520593676,-0.0912956,-0.88277,0.57615,0.744889,0.127908439035713
Dry AMD,1254,8,13395052,13948095,1405915073,-0.089561,-0.84878,0.58398,0.755802,0.121591963189295
Dry AMD,1329,8,99388945,101448439,1491908966,0.107877,-0.73823,1,0.758127,0.120258036084068
Dry AMD,1308,8,72917490,73838027,1465437511,-0.112791,-1,0.79866,0.758843,0.11984806769691
Dry AMD,1345,8,118300069,119423298,1510820090,-0.0632719,-0.5472,0.39546,0.765356,0.116136508804067
Dry AMD,1268,8,22895019,23788494,1415415040,0.0711894,-0.536,0.72739,0.78426,0.10553993496094
Dry AMD,1296,8,59555978,60476248,1452075999,0.23042,-1,1,0.793862,0.100254986045647
Dry AMD,1281,8,38803981,40179577,1431324002,-0.054583,-0.52922,0.39581,0.797074,0.0985013570232284
Dry AMD,1350,8,124001020,125453322,1516521041,0.0563359,-0.47072,0.64683,0.807037,0.09310655384364
Dry AMD,1242,8,4893121,5566269,1397413142,-0.0434027,-0.46675,0.37888,0.820087,0.086140072475195
Dry AMD,1321,8,89081178,90364149,1481601199,-0.108882,-1,1,0.826988,0.0825007922268894
Dry AMD,1367,8,142611890,143611461,1535131911,-0.0610758,-0.9446,0.69446,0.840869,0.0752716581956443
Dry AMD,1272,8,26679136,27406511,1419199157,-0.0920917,-1,0.87633,0.84467,0.0733129303063166
Dry AMD,1276,8,31134787,32454962,1423654808,0.133812,-1,1,0.846872,0.0721822259083825
Dry AMD,1366,8,141527882,142611889,1534047903,-0.0218382,-0.29702,0.24942,0.870247,0.0603574651832218
Dry AMD,1331,8,102548681,103716053,1495068702,0.0364379,-0.45794,0.54913,0.870755,0.0601040230814114
Dry AMD,1342,8,114781575,115334858,1507301596,-0.0299455,-0.57835,0.50345,0.901392,0.0450863006818074
Dry AMD,1255,8,13948096,14389305,1406468117,-0.0222142,-0.51834,0.49099,0.92076,0.0358535557516425
Dry AMD,1244,8,6019164,6663427,1398539185,-0.0200329,-0.53474,0.49089,0.923922,0.034364691549868
Dry AMD,1363,8,138564844,139404631,1531084865,0.017504,-0.54686,0.60577,0.938742,0.0274537510483978
Dry AMD,1332,8,103716054,104467845,1496236075,-0.0928948,-1,1,0.939838,0.0269469993463983
Dry AMD,1341,8,113650854,114781574,1506170875,0.0216658,-0.69691,0.75399,0.94136,0.0262442595543286
Dry AMD,1359,8,134509449,135313673,1527029470,0.0124281,-0.39725,0.42128,0.948071,0.0231591376054042
Dry AMD,1369,8,144934289,146303787,1537454310,0.0233211,-0.9275,0.94377,0.952227,0.0212595084477636
Dry AMD,1301,8,64215359,66018204,1456735380,0.0164922,-1,1,0.973538,0.0116470920451056
Dry AMD,1310,8,75011700,76295483,1467531721,0.00352438,-0.48391,0.48065,0.986293,0.00599404917605357
Dry AMD,1238,8,2970492,3386667,1395490513,0.0023245,-0.34816,0.35979,0.988984,0.00481073445733935
Dry AMD,1324,8,92876621,94999066,1485396642,-0.0016667,-0.2842,0.28842,0.990548,0.00412447456254476
Dry AMD,1360,8,135313674,136220342,1527833695,-0.00525471,-1,1,0.993397,0.00287715588238297
Wet AMD,1253,8,12947936,13395051,1405467957,0.921926,0.38265,1,0.00131363,2.88152694191946
Wet AMD,1315,8,81340232,82878769,1473860253,0.596376,0.2217,1,0.00250206,2.6017022800317
Wet AMD,1293,8,56346879,57436722,1448866900,1,0.20546,1,0.0152055,1.81799929444976
Wet AMD,1233,8,660415,1161824,1393180436,-0.655305,-1,-0.1132,0.0196994,1.70554700128295
Wet AMD,1358,8,133461552,134509448,1525981573,-0.563861,-1,-0.08891,0.0221817,1.6540051726897
Wet AMD,1320,8,87563146,89081177,1480083167,0.603156,0.09172,1,0.0253232,1.59648141498446
Wet AMD,1245,8,6663428,8064600,1399183449,-0.363254,-0.75735,-0.04754,0.0314387,1.50253542047293
Wet AMD,1304,8,68683824,70004665,1461203845,0.466449,0.02818,1,0.033387,1.47642260286775
Wet AMD,1251,8,11466762,12296849,1403986783,0.631123,0.03208,1,0.03985,1.39957167426787
Wet AMD,1336,8,107787164,108647463,1500307185,-0.868076,-1,-0.00652,0.0506323,1.29557234410001
Wet AMD,1249,8,9835864,10478851,1402355885,-0.588754,-1,0.04933,0.0733742,1.13445662083775
Wet AMD,1234,8,1161825,1628039,1393681846,-0.26768,-0.67195,0.04106,0.0854655,1.06820916227016
Wet AMD,1273,8,27406512,28344176,1419926533,-0.505872,-1,0.05361,0.0855267,1.06789828465788
Wet AMD,1345,8,118300069,119423298,1510820090,0.483354,-0.12291,1,0.107462,0.968745080937611
Wet AMD,1311,8,76295484,77377989,1468815505,-0.476246,-1,0.11162,0.107877,0.967071139541743
Wet AMD,1295,8,58675118,59555977,1451195139,0.3101,-0.10664,0.83077,0.138886,0.85734152985044
Wet AMD,1339,8,111207350,112601513,1503727371,-0.955074,-1,0.26745,0.148083,0.829494795833704
Wet AMD,1237,8,2396123,2970491,1394916144,0.285668,-0.12708,0.94895,0.163129,0.787468826081603
Wet AMD,1364,8,139404632,140355988,1531924653,-0.341555,-1,0.1685,0.188666,0.724306358143579
Wet AMD,1323,8,91457963,92876620,1483977984,0.405298,-0.22381,1,0.188893,0.723784135872248
Wet AMD,1257,8,14872768,15359692,1407392789,0.23615,-0.13079,0.66371,0.192771,0.714958299724026
Wet AMD,1319,8,86251871,87563145,1478771892,0.489171,-0.26205,1,0.199171,0.700773896117317
Wet AMD,1368,8,143611462,144934288,1536131483,0.192958,-0.10817,0.5561,0.205857,0.686434360584468
Wet AMD,1255,8,13948096,14389305,1406468117,0.706523,-0.28305,1,0.209576,0.678658452911363
Wet AMD,1246,8,8064601,8589770,1400584622,-0.471398,-1,0.3179,0.246366,0.608419227640881
Wet AMD,1360,8,135313674,136220342,1527833695,0.4361,-0.34378,1,0.271566,0.566124604556105
Wet AMD,1313,8,78633660,79756169,1471153681,1,-0.65835,1,0.27483,0.56093586213895
Wet AMD,1276,8,31134787,32454962,1423654808,0.239198,-0.22414,0.78101,0.283415,0.547577168044682
Wet AMD,1283,8,40974255,41725002,1433494276,0.604082,-0.51869,1,0.286324,0.543142247400278
Wet AMD,1351,8,125453323,126766827,1517973344,0.232085,-0.21801,0.93684,0.294296,0.531215640685755
Wet AMD,1250,8,10478852,11466761,1402998873,-0.611237,-1,0.37677,0.296498,0.527978231783338
Wet AMD,1307,8,72013185,72917489,1464533206,0.22686,-0.22036,0.87845,0.29764,0.526308704134484
Wet AMD,1343,8,115334859,116094203,1507854880,0.71479,-0.83937,1,0.311132,0.507055319303641
Wet AMD,1284,8,41725003,43825633,1434245024,-0.42824,-1,0.33976,0.3169,0.4990777608097
Wet AMD,1344,8,116094204,118300068,1508614225,-0.240637,-1,0.27997,0.342422,0.46543834045614
Wet AMD,1305,8,70004666,70872088,1462524687,0.192072,-0.22461,0.73929,0.344705,0.462552417036901
Wet AMD,1275,8,29744541,31134786,1422264562,0.303047,-0.38017,1,0.345096,0.462060074576944
Wet AMD,1363,8,138564844,139404631,1531084865,0.243646,-0.2984,1,0.34721,0.459407775194054
Wet AMD,1356,8,131545726,132534636,1524065747,-0.31695,-1,0.41047,0.349971,0.455967941540518
Wet AMD,1282,8,40179578,40974254,1432699599,0.696931,-0.78119,1,0.354308,0.450619041523355
Wet AMD,1350,8,124001020,125453322,1516521041,0.199592,-0.27137,0.91172,0.377928,0.422590930800591
Wet AMD,1288,8,51461456,52326236,1443981477,0.17846,-0.25313,0.64224,0.388333,0.410795702142748
Wet AMD,1271,8,25859278,26679135,1418379299,0.341871,-0.53936,1,0.40743,0.389946996065423
Wet AMD,1361,8,136220343,137527617,1528740364,-0.172726,-0.70693,0.26432,0.407535,0.389835087159268
Wet AMD,1244,8,6019164,6663427,1398539185,-0.212096,-1,0.37617,0.437089,0.359430123044581
Wet AMD,1260,8,16988031,17492672,1409508052,0.311533,-0.49738,1,0.44618,0.350489900848029
Wet AMD,1359,8,134509449,135313673,1527029470,0.13129,-0.23011,0.52856,0.463218,0.334214572879956
Wet AMD,1310,8,75011700,76295483,1467531721,-0.400075,-1,0.59019,0.465521,0.332060722892289
Wet AMD,1338,8,109920828,111207349,1502440849,-0.327092,-1,0.66399,0.473191,0.32496352416141
Wet AMD,1352,8,126766828,128073654,1519286849,0.182872,-0.39494,1,0.477923,0.320642068594658
Wet AMD,1369,8,144934289,146303787,1537454310,-0.107157,-0.43174,0.20134,0.486706,0.312733299840673
Wet AMD,1324,8,92876621,94999066,1485396642,0.118051,-0.25383,0.55489,0.499005,0.301895102750297
Wet AMD,1290,8,53108911,54119373,1445628932,0.157149,-0.35999,0.73746,0.51748,0.286106430523191
Wet AMD,1330,8,101448440,102548680,1493968461,0.26316,-0.57207,1,0.519047,0.2847933147595
Wet AMD,1292,8,55275355,56346878,1447795376,0.548408,-0.7792,1,0.536013,0.270824677173275
Wet AMD,1365,8,140355989,141527881,1532876010,-0.108755,-0.54036,0.28374,0.560468,0.251449178466245
Wet AMD,1240,8,3787249,4273083,1396307270,-0.157362,-0.9928,0.44135,0.568599,0.245193908442383
Wet AMD,1265,8,20135629,20812107,1412655650,-0.265414,-1,0.76639,0.580624,0.236105016640506
Wet AMD,1312,8,77377990,78633659,1469898011,-0.103626,-0.51846,0.30008,0.586665,0.231609820698407
Wet AMD,1256,8,14389306,14872767,1406909327,0.235534,-0.74051,1,0.590174,0.229019927172982
Wet AMD,1242,8,4893121,5566269,1397413142,-0.0805925,-0.40266,0.22716,0.594028,0.226193083707532
Wet AMD,1355,8,130383564,131545725,1522903585,0.158477,-0.54913,1,0.603463,0.219349352556582
Wet AMD,1348,8,121554391,122622804,1514074412,-0.0980727,-0.60905,0.35747,0.644775,0.190591809870044
Wet AMD,1342,8,114781575,115334858,1507301596,-0.703757,-1,1,0.662711,0.17867582071771
Wet AMD,1308,8,72917490,73838027,1465437511,0.260615,-0.973,1,0.664401,0.177569722556954
Wet AMD,1239,8,3386668,3787248,1395906689,-0.0807356,-0.49525,0.30308,0.665288,0.176990309983657
Wet AMD,1236,8,2070903,2396122,1394590924,0.0667741,-0.26834,0.41852,0.686838,0.163145685069397
Wet AMD,1334,8,105370131,106500950,1497890152,0.601933,-0.92587,1,0.689455,0.161494074505471
Wet AMD,1243,8,5566270,6019163,1398086291,0.0952922,-0.44784,0.74335,0.696678,0.156967903588379
Wet AMD,1366,8,141527882,142611889,1534047903,-0.0818186,-0.69236,0.43499,0.709954,0.148769789581425
Wet AMD,1296,8,59555978,60476248,1452075999,-0.136023,-1,0.7693,0.716243,0.144939609459079
Wet AMD,1264,8,19488889,20135628,1412008910,-0.161338,-1,0.86596,0.741356,0.129973193224526
Wet AMD,1317,8,83730338,85116734,1476250359,0.152359,-1,1,0.743113,0.128945141091378
Wet AMD,1289,8,52326237,53108910,1444846258,-0.115314,-1,0.80515,0.747656,0.126298177089685
Wet AMD,1232,8,11740,660414,1392531761,0.0505505,-0.28841,0.41801,0.764748,0.11648165012635
Wet AMD,1285,8,43825634,49044813,1436345655,0.0756425,-0.53045,0.75955,0.767595,0.114867862857204
Wet AMD,1277,8,32454963,33982537,1424974984,0.137044,-0.89841,1,0.77912,0.10839564717439
Wet AMD,1281,8,38803981,40179577,1431324002,-0.0505613,-0.51751,0.40324,0.81006,0.091482812351149
Wet AMD,1267,8,21650454,22895018,1414170475,0.0563257,-0.52946,0.73918,0.815403,0.0886276950410255
Wet AMD,1347,8,120216588,121554390,1512736609,-0.0686644,-0.93368,0.69345,0.824162,0.0839874135565973
Wet AMD,1300,8,63253463,64215358,1455773484,-0.0937733,-1,0.99673,0.825274,0.0834018369873434
Wet AMD,1294,8,57436723,58675117,1449956744,0.0960875,-0.78173,1,0.827312,0.0823306762697645
Wet AMD,1269,8,23788495,24863243,1416308516,0.0292481,-0.2649,0.32799,0.840391,0.0755186072314188
Wet AMD,1286,8,49044814,50288660,1441564835,0.0999425,-1,1,0.841642,0.0748726002897744
Wet AMD,1326,8,96175631,96900513,1488695652,-0.0527891,-0.81036,0.59104,0.844685,0.0733052179933584
Wet AMD,1248,8,9167796,9835863,1401687817,-0.668939,-1,1,0.85312,0.0689898766022536
Wet AMD,1303,8,66960439,68683823,1459480460,0.0714515,-0.8316,1,0.858689,0.0661641004760308
Wet AMD,1297,8,60476249,61324889,1452996270,0.0581997,-0.87192,1,0.869475,0.0607429007436573
Wet AMD,1280,8,36641175,38803980,1429161196,0.0272724,-0.33696,0.40176,0.870922,0.0600207387770311
Wet AMD,1258,8,15359693,15999328,1407879714,0.0379552,-0.61446,0.69226,0.886155,0.052490307732405
Wet AMD,1349,8,122622805,124001019,1515142826,0.0269327,-0.51765,0.56458,0.903406,0.0441170293842789
Wet AMD,1314,8,79756170,81340231,1472276191,-0.018389,-0.37942,0.33052,0.913538,0.0392733827974096
Wet AMD,1270,8,24863244,25859277,1417383265,0.0243457,-0.51166,0.55396,0.914052,0.0390290967490246
Wet AMD,1266,8,20812108,21650453,1413332129,0.0160191,-0.59313,0.59753,0.944554,0.0247732084868387
Wet AMD,1262,8,17947005,18668609,1410467026,-0.00951877,-0.33327,0.32143,0.952465,0.0211509742729669
Wet AMD,1331,8,102548681,103716053,1495068702,-0.0185229,-1,1,0.961753,0.0169364503225104
Wet AMD,1299,8,62330901,63253462,1454850922,0.0202458,-1,1,0.970165,0.0131543971816611
Any AMD,1358,8,133461552,134509448,1525981573,-0.472064,-1,-0.1077,0.0148272,1.82894085432296
Any AMD,1315,8,81340232,82878769,1473860253,0.431177,0.08492,0.88836,0.0167173,1.77683386384608
Any AMD,1351,8,125453323,126766827,1517973344,0.481946,0.07071,1,0.0234572,1.62972382926749
Any AMD,1253,8,12947936,13395051,1405467957,0.394546,0.04366,0.78319,0.0267093,1.5733374938626
Any AMD,1336,8,107787164,108647463,1500307185,-0.425172,-0.93649,-0.04187,0.0299633,1.5234103574323
Any AMD,1338,8,109920828,111207349,1502440849,-0.73252,-1,-0.07967,0.0322805,1.49105974701195
Any AMD,1320,8,87563146,89081177,1480083167,0.633966,0.02333,1,0.04541,1.34284849809903
Any AMD,1325,8,94999067,96175630,1487519088,-0.695639,-1,-0.02652,0.048717,1.31231946346961
Any AMD,1311,8,76295484,77377989,1468815505,-0.565108,-1,0.02527,0.0537173,1.26988582445771
Any AMD,1256,8,14389306,14872767,1406909327,0.344853,-0.02649,0.77967,0.0690026,1.16113454485145
Any AMD,1307,8,72013185,72917489,1464533206,0.30576,-0.02291,0.68601,0.0718588,1.14352003953507
Any AMD,1251,8,11466762,12296849,1403986783,0.4836,-0.04296,1,0.0744097,1.12837044641806
Any AMD,1361,8,136220343,137527617,1528740364,-0.318247,-0.7613,0.05144,0.0872721,1.05912457362146
Any AMD,1257,8,14872768,15359692,1407392789,0.350153,-0.05621,1,0.0927665,1.03260882864949
Any AMD,1295,8,58675118,59555977,1451195139,0.435394,-0.08066,1,0.0945413,1.02437843018051
Any AMD,1234,8,1161825,1628039,1393681846,-0.449404,-1,0.0986,0.112504,0.94883203624555
Any AMD,1262,8,17947005,18668609,1410467026,-0.256384,-0.6666,0.08651,0.141052,0.850620751530552
Any AMD,1294,8,57436723,58675117,1449956744,0.292819,-0.11794,0.97796,0.144496,0.84014417506641
Any AMD,1356,8,131545726,132534636,1524065747,-0.503534,-1,0.18042,0.148189,0.829184032636061
Any AMD,1304,8,68683824,70004665,1461203845,0.434709,-0.2096,1,0.181052,0.742196673364692
Any AMD,1236,8,2070903,2396122,1394590924,0.209199,-0.11929,0.55783,0.196249,0.707192547553861
Any AMD,1337,8,108647464,109920827,1501167485,0.433733,-0.25994,1,0.197085,0.705346428308716
Any AMD,1352,8,126766828,128073654,1519286849,0.354177,-0.21571,1,0.20193,0.694799154723592
Any AMD,1365,8,140355989,141527881,1532876010,-0.224088,-0.64417,0.12889,0.205278,0.68765759222984
Any AMD,1239,8,3386668,3787248,1395906689,-0.201552,-0.54742,0.12242,0.20989,0.678008252452736
Any AMD,1246,8,8064601,8589770,1400584622,-0.680767,-1,0.38286,0.234093,0.630611572663161
Any AMD,1273,8,27406512,28344176,1419926533,-0.307758,-1,0.22379,0.239951,0.61987743579792
Any AMD,1299,8,62330901,63253462,1454850922,-0.7304,-1,0.49136,0.24612,0.608853093584009
Any AMD,1312,8,77377990,78633659,1469898011,-0.357468,-1,0.28267,0.24848,0.604708561615517
Any AMD,1280,8,36641175,38803980,1429161196,0.189298,-0.15191,0.63801,0.263482,0.579249048640015
Any AMD,1233,8,660415,1161824,1393180436,-0.35633,-1,0.27665,0.280935,0.551394151293367
Any AMD,1245,8,6663428,8064600,1399183449,-0.169331,-0.50965,0.15253,0.289182,0.53882874299563
Any AMD,1306,8,70872089,72013184,1463392110,-0.331788,-1,0.3297,0.29871,0.524750238152071
Any AMD,1269,8,23788495,24863243,1416308516,-0.141736,-0.43626,0.12687,0.303346,0.518061727403239
Any AMD,1284,8,41725003,43825633,1434245024,-0.434307,-1,0.30342,0.306012,0.514261542696202
Any AMD,1290,8,53108911,54119373,1445628932,0.283013,-0.32221,1,0.306654,0.513351365994921
Any AMD,1300,8,63253463,64215358,1455773484,-0.416947,-1,0.45268,0.311632,0.506357953085909
Any AMD,1322,8,90364150,91457962,1482884171,0.203807,-0.23224,0.67974,0.33384,0.476461628296348
Any AMD,1282,8,40179578,40974254,1432699599,0.462862,-0.58698,1,0.337466,0.471769976184672
Any AMD,1296,8,59555978,60476248,1452075999,-0.337736,-1,0.50187,0.386491,0.412860614800885
Any AMD,1240,8,3787249,4273083,1396307270,0.153426,-0.20719,0.58337,0.388435,0.41068164482471
Any AMD,1354,8,129291119,130383563,1521811140,0.242996,-0.38975,1,0.399441,0.398547359695941
Any AMD,1350,8,124001020,125453322,1516521041,0.195638,-0.30324,0.89979,0.405762,0.391728627492564
Any AMD,1275,8,29744541,31134786,1422264562,0.613623,-0.5975,1,0.412411,0.384669759548584
Any AMD,1364,8,139404632,140355988,1531924653,-0.223114,-1,0.38415,0.422917,0.37374485716144
Any AMD,1363,8,138564844,139404631,1531084865,0.240313,-0.39752,1,0.429156,0.367384811255855
Any AMD,1249,8,9835864,10478851,1402355885,-0.201657,-0.98952,0.37276,0.439278,0.357260546604592
Any AMD,1329,8,99388945,101448439,1491908966,0.205085,-0.38409,1,0.460535,0.336737358454643
Any AMD,1353,8,128073655,129291118,1520593676,-0.381914,-1,0.55961,0.461727,0.335614728853319
Any AMD,1359,8,134509449,135313673,1527029470,0.114655,-0.1968,0.42661,0.462108,0.335256512923015
Any AMD,1265,8,20135629,20812107,1412655650,0.224791,-0.48457,1,0.478232,0.320361367244814
Any AMD,1313,8,78633660,79756169,1471153681,-0.89015,-1,1,0.4789,0.319755162957392
Any AMD,1243,8,5566270,6019163,1398086291,0.171448,-0.35644,0.85626,0.484208,0.314968039497438
Any AMD,1274,8,28344177,29744540,1420864198,0.248721,-0.42452,1,0.497056,0.303594679433829
Any AMD,1241,8,4273084,4893120,1396793105,-0.504652,-1,0.75889,0.508567,0.293651823835639
Any AMD,1369,8,144934289,146303787,1537454310,0.128402,-0.29883,0.6048,0.514791,0.288369054394893
Any AMD,1235,8,1628040,2070902,1394148061,0.267729,-0.53542,1,0.52099,0.283170612567075
Any AMD,1348,8,121554391,122622804,1514074412,0.14348,-0.34512,0.70421,0.529061,0.276494251526073
Any AMD,1317,8,83730338,85116734,1476250359,1,-1,1,0.530427,0.275374377415186
Any AMD,1255,8,13948096,14389305,1406468117,0.155978,-0.41013,0.86221,0.546975,0.262032523045302
Any AMD,1344,8,116094204,118300068,1508614225,-0.128338,-0.72581,0.3323,0.553582,0.256818039627463
Any AMD,1260,8,16988031,17492672,1409508052,0.150033,-0.43545,0.94579,0.564885,0.248039957399838
Any AMD,1266,8,20812108,21650453,1413332129,-0.132426,-0.85422,0.42079,0.583358,0.234064841969256
Any AMD,1355,8,130383564,131545725,1522903585,-0.115283,-0.58286,0.32469,0.58398,0.233602026240978
Any AMD,1238,8,2970492,3386667,1395490513,0.0956067,-0.27432,0.48304,0.584874,0.232937684342791
Any AMD,1267,8,21650454,22895018,1414170475,0.17939,-0.46476,0.98065,0.593048,0.226910154373531
Any AMD,1271,8,25859278,26679135,1418379299,-0.449708,-1,0.86495,0.630862,0.200065631553182
Any AMD,1270,8,24863244,25859277,1417383265,0.0880774,-0.29634,0.49682,0.635505,0.196881028172338
Any AMD,1285,8,43825634,49044813,1436345655,0.0982602,-0.3639,0.58823,0.651013,0.186410338971142
Any AMD,1258,8,15359693,15999328,1407879714,-0.100094,-0.65904,0.4169,0.66724,0.175717926311325
Any AMD,1276,8,31134787,32454962,1423654808,0.532325,-1,1,0.668659,0.174795305512007
Any AMD,1264,8,19488889,20135628,1412008910,0.366916,-0.99507,1,0.67006,0.173886306997349
Any AMD,1248,8,9167796,9835863,1401687817,0.274028,-0.86258,1,0.67835,0.168546170663419
Any AMD,1242,8,4893121,5566269,1397413142,-0.0620939,-0.37877,0.24161,0.679476,0.167825878521835
Any AMD,1259,8,15999329,16988030,1408519350,0.503961,-0.73678,1,0.692256,0.159733271399508
Any AMD,1357,8,132534637,133461551,1525054658,-0.127572,-1,0.64409,0.695634,0.157619199453217
Any AMD,1314,8,79756170,81340231,1472276191,-0.0553987,-0.37177,0.2537,0.71541,0.145444993576949
Any AMD,1341,8,113650854,114781574,1506170875,0.118487,-0.6818,1,0.718421,0.143620981392501
Any AMD,1268,8,22895019,23788494,1415415040,0.079768,-0.40245,0.59389,0.722275,0.141297417051584
Any AMD,1360,8,135313674,136220342,1527833695,0.117407,-0.68385,1,0.725599,0.139303324479909
Any AMD,1368,8,143611462,144934288,1536131483,0.0809843,-0.48929,0.83543,0.739819,0.130874519345041
Any AMD,1326,8,96175631,96900513,1488695652,-0.0577066,-0.48178,0.3497,0.758286,0.12016696218418
Any AMD,1324,8,92876621,94999066,1485396642,0.040745,-0.24262,0.32544,0.765116,0.116272716034923
Any AMD,1349,8,122622805,124001019,1515142826,-0.0842689,-0.95021,0.52931,0.766964,0.11522502062504
Any AMD,1366,8,141527882,142611889,1534047903,-0.0392578,-0.32053,0.23883,0.773475,0.111553718858615
Any AMD,1309,8,73838028,75011699,1466358049,0.0578767,-0.39931,0.53212,0.778909,0.108513278022394
Any AMD,1244,8,6019164,6663427,1398539185,-0.0561513,-0.65303,0.4771,0.803789,0.0948579415030154
Any AMD,1331,8,102548681,103716053,1495068702,0.0804617,-0.79704,1,0.821269,0.0855145699439371
Any AMD,1305,8,70004666,70872088,1462524687,0.0492391,-0.48351,0.63236,0.826131,0.0829510809288322
Any AMD,1347,8,120216588,121554390,1512736609,-0.102856,-1,1,0.833702,0.078989156655872
Any AMD,1237,8,2396123,2970491,1394916144,0.058484,-0.75171,0.96846,0.858673,0.066172192784712
Any AMD,1232,8,11740,660414,1392531761,0.0650674,-0.97923,1,0.896662,0.0473712349918153
Any AMD,1319,8,86251871,87563145,1478771892,0.0397454,-0.79368,0.95716,0.90402,0.0438219613459236
Any AMD,1310,8,75011700,76295483,1467531721,-0.0197901,-0.50309,0.44973,0.9232,0.0347042041883438
Any AMD,1323,8,91457963,92876620,1483977984,0.0378871,-0.96477,1,0.924641,0.0340268531875997
Any AMD,1342,8,114781575,115334858,1507301596,-0.02493,-0.67793,0.57988,0.925594,0.0335794692846313
Any AMD,1288,8,51461456,52326236,1443981477,0.0421821,-1,1,0.927132,0.0328584289725754
Any AMD,1261,8,17492673,17947004,1410012694,0.123181,-1,1,0.928446,0.0322433504961026
Any AMD,1308,8,72917490,73838027,1465437511,-0.0352664,-1,1,0.944997,0.0245695702055665
Any AMD,1343,8,115334859,116094203,1507854880,0.0190674,-1,1,0.959225,0.0180795108719264
Any AMD,1345,8,118300069,119423298,1510820090,0.0112012,-0.57053,0.59129,0.963535,0.0161325051592382
Any AMD,1254,8,13395052,13948095,1405915073,0.00800338,-0.68751,0.72211,0.977787,0.00975574112188271
Any AMD,1281,8,38803981,40179577,1431324002,-0.00546186,-0.44712,0.43527,0.978965,0.00923283483484421
Dry AMD,1376,9,4025356,4596614,1542849164,-0.567309,-0.96964,-0.27,0.000294141,3.53144443542929
Dry AMD,1409,9,31115154,32253283,1569938962,0.45471,0.21653,0.70433,0.000362906,3.44020585145954
Dry AMD,1468,9,124119884,125137578,1662943692,0.522086,0.20208,0.9365,0.0021978,2.65801183095181
Dry AMD,1407,9,29596502,30410078,1568420310,-1,-1,-0.13881,0.00980272,2.00865340215565
Dry AMD,1432,9,87815450,89171796,1626639258,0.478055,0.11019,1,0.0118108,1.92772068462031
Dry AMD,1484,9,140097760,141146682,1678921568,0.228976,0.0217,0.43802,0.0290947,1.53618611652578
Dry AMD,1467,9,122677720,124119883,1661501528,0.354068,0.04026,0.72331,0.0326111,1.48663455182658
Dry AMD,1450,9,105846546,107061019,1644670354,-0.364803,-0.79831,-0.01176,0.0437516,1.35900606016246
Dry AMD,1413,9,36749274,37687112,1575573082,0.620494,-0.06754,1,0.0731725,1.13565210667691
Dry AMD,1463,9,117989018,119001227,1656812826,-0.380047,-1,0.0281,0.0742855,1.12909594915381
Dry AMD,1377,9,4596615,5437591,1543420423,0.357227,-0.03794,0.94544,0.0750491,1.12465451151368
Dry AMD,1439,9,94175375,94924482,1632999183,-0.4144,-1,0.04167,0.0762107,1.11798404933331
Dry AMD,1387,9,12664859,13512852,1551488667,-0.329348,-0.88865,0.04639,0.0840389,1.07551964078603
Dry AMD,1418,9,70939678,72288878,1609763486,0.489789,-0.06127,1,0.0845537,1.07286738328298
Dry AMD,1470,9,126092932,127184582,1664916740,-0.368586,-1,0.05912,0.0876629,1.05718416643172
Dry AMD,1405,9,28067455,28766060,1566891263,-0.808751,-1,0.12535,0.0972677,1.01203135336599
Dry AMD,1416,9,43903830,66673058,1582727638,0.613431,-0.12582,1,0.106996,0.970632457925996
Dry AMD,1456,9,112076382,112865520,1650900190,-0.317832,-0.827,0.07319,0.11102,0.954598777004158
Dry AMD,1427,9,81161598,82601465,1619985406,-0.273888,-0.73795,0.08775,0.120348,0.919561122640144
Dry AMD,1420,9,73915495,74950318,1612739303,0.503736,-0.12135,1,0.122731,0.911045727179238
Dry AMD,1383,9,9920259,10675474,1548744067,-0.313698,-0.91664,0.10378,0.126899,0.896541800255123
Dry AMD,1411,9,33194893,34704544,1572018701,-0.39818,-1,0.1206,0.12972,0.886993059999065
Dry AMD,1375,9,3079046,4025355,1541902854,-0.287392,-0.80328,0.10511,0.13624,0.865695365045455
Dry AMD,1460,9,115390113,116159540,1654213921,0.282122,-0.10765,0.71116,0.142376,0.84656321256723
Dry AMD,1426,9,80137025,81161597,1618960833,0.351467,-0.14023,1,0.148473,0.828352516159134
Dry AMD,1398,9,21674033,23091193,1560497841,0.223334,-0.08253,0.55249,0.155589,0.80802111048367
Dry AMD,1447,9,103165726,104222848,1641989534,-0.422199,-1,0.19312,0.168366,0.773745605848341
Dry AMD,1378,9,5437592,6859791,1544261400,-0.20251,-0.52813,0.08664,0.168923,0.772311214294985
Dry AMD,1423,9,77862309,78630915,1616686117,0.356805,-0.17966,1,0.170964,0.767095329650694
Dry AMD,1394,9,17990566,18754196,1556814374,1,-0.45275,1,0.175211,0.75643863167629
Dry AMD,1390,9,14902925,15839403,1553726733,0.393965,-0.20603,1,0.177695,0.750324792245119
Dry AMD,1415,9,38822978,43903829,1577646786,0.533481,-0.35326,1,0.206435,0.685216668390628
Dry AMD,1384,9,10675475,11270764,1549499283,0.277014,-0.1807,0.83375,0.220947,0.65571189087603
Dry AMD,1425,9,79451036,80137024,1618274844,0.401605,-0.26927,1,0.221594,0.654442002978665
Dry AMD,1451,9,107061020,108203095,1645884828,0.147198,-0.09026,0.3889,0.227202,0.64358784996304
Dry AMD,1431,9,86769887,87815449,1625593695,0.242075,-0.1686,0.73336,0.232943,0.632750335686034
Dry AMD,1403,9,26747215,27366479,1565571023,-0.406009,-1,0.34646,0.263839,0.578661007755139
Dry AMD,1421,9,74950319,76197744,1613774127,-0.438276,-1,0.38441,0.268815,0.57054650111125
Dry AMD,1389,9,14244748,14902924,1553068556,-0.258969,-0.93661,0.224,0.27641,0.558446249046543
Dry AMD,1392,9,16658378,17392382,1555482186,-0.909158,-1,0.51851,0.27698,0.557551589069931
Dry AMD,1442,9,96670172,97418633,1635493980,0.416992,-0.38999,1,0.283437,0.547543457380851
Dry AMD,1422,9,76197745,77862308,1615021553,0.156003,-0.13699,0.46741,0.286072,0.543524647754265
Dry AMD,1464,9,119001228,119890464,1657825036,-0.483452,-1,0.36073,0.295104,0.530024903796705
Dry AMD,1385,9,11270765,12044915,1550094573,0.517918,-0.5292,1,0.303794,0.517420807802474
Dry AMD,1479,9,136042491,136770926,1674866299,0.235049,-0.23342,0.81406,0.305312,0.515256125831164
Dry AMD,1471,9,127184583,128785782,1666008391,-0.118676,-0.35578,0.12163,0.323167,0.490572993347994
Dry AMD,1465,9,119890465,121008529,1658714273,0.22064,-0.27124,0.86196,0.348069,0.458334654476278
Dry AMD,1400,9,23859375,24757729,1562683183,0.211476,-0.2689,0.96611,0.350668,0.455103863595264
Dry AMD,1457,9,112865521,113646149,1651689329,-0.301964,-1,0.39665,0.351402,0.454195771052187
Dry AMD,1480,9,136770927,137593527,1675594735,-0.217465,-1,0.29706,0.3751,0.425852935849277
Dry AMD,1461,9,116159541,117054909,1654983349,-0.278775,-1,0.38279,0.377279,0.42333736770634
Dry AMD,1397,9,20483881,21674032,1559307689,-0.12515,-0.42914,0.16221,0.379242,0.421083571760745
Dry AMD,1454,9,110630151,111368107,1649453959,-0.332005,-1,0.50662,0.382376,0.417509374227169
Dry AMD,1440,9,94924483,95854925,1633748291,-0.430619,-1,0.43858,0.384436,0.415175950167683
Dry AMD,1472,9,128785783,129617771,1667609591,0.11876,-0.16724,0.41807,0.413406,0.383623224496389
Dry AMD,1412,9,34704545,36749273,1573528353,0.135485,-0.25106,0.64043,0.444861,0.351775666239388
Dry AMD,1433,9,89171797,90135154,1627995605,0.14929,-0.27119,0.63328,0.447531,0.349176876185746
Dry AMD,1382,9,9170121,9920258,1547993929,-0.178297,-0.94745,0.36022,0.478735,0.319904820374306
Dry AMD,1482,9,138202113,138995791,1677025921,0.101369,-0.19047,0.40892,0.480554,0.318257803449495
Dry AMD,1410,9,32253284,33194892,1571077092,0.203022,-0.46813,1,0.50159,0.299651130447098
Dry AMD,1452,9,108203096,109150717,1647026904,0.095826,-0.21365,0.41632,0.53414,0.272344897917772
Dry AMD,1469,9,125137579,126092931,1663961387,0.200657,-0.52082,1,0.535666,0.271105918460054
Dry AMD,1455,9,111368108,112076381,1650191916,0.187637,-0.54229,1,0.549346,0.260154033402226
Dry AMD,1436,9,91643256,92500277,1630467064,-0.0891927,-0.39928,0.21304,0.553536,0.256854128908243
Dry AMD,1462,9,117054910,117989017,1655878718,-0.112468,-0.59982,0.32593,0.585006,0.232839679638283
Dry AMD,1372,9,1103599,1874961,1539927407,-0.135677,-0.84951,0.43014,0.593583,0.226518545586028
Dry AMD,1481,9,137593528,138202112,1676417336,-0.129103,-0.89942,0.39403,0.596747,0.224209755625306
Dry AMD,1473,9,129617772,130902727,1668441580,0.118531,-0.38707,0.69743,0.602595,0.219974476183104
Dry AMD,1477,9,134141937,135135887,1672965745,0.332141,-0.86005,1,0.605478,0.217901632293316
Dry AMD,1386,9,12044916,12664858,1550868724,-0.381887,-1,0.96669,0.623169,0.205394159096404
Dry AMD,1483,9,138995792,140097759,1677819600,-0.0484495,-0.26423,0.15816,0.643394,0.191522993448102
Dry AMD,1475,9,132193799,132999452,1671017607,-0.147116,-1,0.63546,0.673181,0.171868150140662
Dry AMD,1438,9,93441051,94175374,1632264859,0.0612946,-0.22633,0.35979,0.674135,0.171253124408053
Dry AMD,1445,9,100310518,101596750,1639134326,0.0596687,-0.22852,0.34621,0.675837,0.170158035621257
Dry AMD,1388,9,13512853,14244747,1552336661,-0.135838,-1,0.64913,0.676892,0.169480618679202
Dry AMD,1446,9,101596751,103165725,1640420559,0.0591709,-0.2363,0.36443,0.682022,0.16620161607006
Dry AMD,1408,9,30410079,31115153,1569233887,-0.422488,-1,1,0.688135,0.162326352456906
Dry AMD,1381,9,8262304,9170120,1547086112,0.109511,-0.56284,0.93222,0.701931,0.153705577032661
Dry AMD,1466,9,121008530,122677719,1659832338,-0.0397955,-0.29424,0.21271,0.75067,0.124550940061146
Dry AMD,1428,9,82601466,83455502,1621425274,0.0800102,-0.49595,0.70855,0.752368,0.123569684305819
Dry AMD,1435,9,90890980,91643255,1629714788,0.0700382,-0.41206,0.586,0.754184,0.122522685382292
Dry AMD,1402,9,25957607,26747214,1564781415,0.206599,-0.89562,1,0.790286,0.102215711565269
Dry AMD,1478,9,135135888,136042490,1673959696,-0.0438336,-0.43526,0.33611,0.812307,0.0902798042465436
Dry AMD,1401,9,24757730,25957606,1563581538,0.0218382,-0.2188,0.26598,0.854,0.068542129310995
Dry AMD,1379,9,6859792,7388202,1545683600,0.086286,-0.97606,1,0.859379,0.0658152630509411
Dry AMD,1448,9,104222849,105043411,1643046657,0.0226123,-0.28273,0.33132,0.879862,0.0555854384614878
Dry AMD,1391,9,15839404,16658377,1554663212,-0.0725792,-1,1,0.882247,0.0544098097440327
Dry AMD,1434,9,90135155,90890979,1628958963,-0.046824,-1,0.90566,0.894866,0.0482419924131848
Dry AMD,1419,9,72288879,73915494,1611112687,-0.0651867,-1,1,0.904239,0.0437167656941925
Dry AMD,1430,9,85135752,86769886,1623959560,0.0327096,-0.68237,0.82167,0.907697,0.0420590999248706
Dry AMD,1444,9,98885863,100310517,1637709671,-0.0186759,-0.35779,0.31452,0.908222,0.0418079823261762
Dry AMD,1429,9,83455503,85135751,1622279311,0.0145516,-0.24554,0.2789,0.910245,0.0408416979786091
Dry AMD,1437,9,92500278,93441050,1631324086,-0.021158,-0.48677,0.44955,0.920111,0.0361597772418313
Dry AMD,1373,9,1874962,2441120,1540698770,0.0463266,-1,1,0.926366,0.0332173930416785
Dry AMD,1414,9,37687113,38822977,1576510921,-0.0216955,-0.63866,0.57295,0.928983,0.0319922333408522
Dry AMD,1443,9,97418634,98885862,1636242442,-0.0206821,-0.60417,0.53228,0.930028,0.0315039761101084
Dry AMD,1380,9,7388203,8262303,1546212011,0.025144,-0.78731,0.89069,0.93545,0.0289794206753696
Dry AMD,1399,9,23091194,23859374,1561915002,0.0141938,-0.47403,0.52612,0.947588,0.0233804477031575
Dry AMD,1449,9,105043412,105846545,1643867220,-0.0258613,-1,1,0.968392,0.013948806973186
Dry AMD,1374,9,2441121,3079045,1541264929,0.00467601,-0.49556,0.50538,0.982021,0.00787922495581598
Wet AMD,1396,9,19463293,20483880,1558287101,0.559158,0.16948,1,0.00540247,2.26740763608204
Wet AMD,1459,9,114443476,115390112,1653267284,-0.633806,-1,-0.19216,0.00743998,2.12842823191398
Wet AMD,1433,9,89171797,90135154,1627995605,0.679489,0.17689,1,0.0109158,1.96194443010109
Wet AMD,1394,9,17990566,18754196,1556814374,0.541144,0.09105,1,0.0218309,1.66092835971108
Wet AMD,1427,9,81161598,82601465,1619985406,-0.42699,-1,-0.06141,0.0243854,1.61287011616969
Wet AMD,1468,9,124119884,125137578,1662943692,0.366709,-0.00132,0.82863,0.0496518,1.30406500263894
Wet AMD,1426,9,80137025,81161597,1618960833,0.364782,-0.00415,0.83563,0.0519293,1.28458753159686
Wet AMD,1403,9,26747215,27366479,1565571023,-0.696451,-1,0.02436,0.0611962,1.2132755446889
Wet AMD,1436,9,91643256,92500277,1630467064,0.349563,-0.02786,0.87527,0.0684304,1.16475092139073
Wet AMD,1400,9,23859375,24757729,1562683183,0.248376,-0.0142,0.53479,0.0709974,1.14875755531372
Wet AMD,1432,9,87815450,89171796,1626639258,0.772008,-0.04854,1,0.0823089,1.08455320231009
Wet AMD,1467,9,122677720,124119883,1661501528,0.301571,-0.05823,0.74843,0.101479,0.993623821078034
Wet AMD,1412,9,34704545,36749273,1573528353,0.238413,-0.04436,0.61475,0.10158,0.993191791507421
Wet AMD,1450,9,105846546,107061019,1644670354,-0.382755,-1,0.08922,0.114526,0.941095907431505
Wet AMD,1454,9,110630151,111368107,1649453959,1,-0.34528,1,0.124002,0.906571310144546
Wet AMD,1444,9,98885863,100310517,1637709671,-0.501597,-1,0.13383,0.12669,0.89725766385543
Wet AMD,1423,9,77862309,78630915,1616686117,0.414372,-0.13398,1,0.142487,0.846224757310274
Wet AMD,1380,9,7388203,8262303,1546212011,-0.286945,-0.77198,0.10916,0.146206,0.835034804440929
Wet AMD,1392,9,16658378,17392382,1555482186,0.331476,-0.11793,0.94402,0.147223,0.832024336786617
Wet AMD,1462,9,117054910,117989017,1655878718,-0.617263,-1,0.21139,0.165677,0.780737778040495
Wet AMD,1430,9,85135752,86769886,1623959560,0.16463,-0.07979,0.41827,0.174788,0.757488386991528
Wet AMD,1408,9,30410079,31115153,1569233887,0.411074,-0.2185,1,0.176473,0.75332173134125
Wet AMD,1420,9,73915495,74950318,1612739303,0.487457,-0.22712,1,0.183074,0.737373329419258
Wet AMD,1445,9,100310518,101596750,1639134326,0.320666,-0.16925,1,0.184177,0.734764605391918
Wet AMD,1421,9,74950319,76197744,1613774127,-0.300805,-0.91358,0.17606,0.211325,0.675049122352311
Wet AMD,1397,9,20483881,21674032,1559307689,0.286524,-0.17503,1,0.211766,0.674143766597262
Wet AMD,1406,9,28766061,29596501,1567589869,0.278445,-0.18122,0.82171,0.222672,0.652334390105653
Wet AMD,1398,9,21674033,23091193,1560497841,0.166147,-0.10665,0.44643,0.224356,0.649062311546339
Wet AMD,1405,9,28067455,28766060,1566891263,-0.869281,-1,0.37898,0.224699,0.648398860359902
Wet AMD,1466,9,121008530,122677719,1659832338,-0.259628,-0.99271,0.19834,0.229557,0.639109459530407
Wet AMD,1453,9,109150718,110630150,1647974526,0.263827,-0.20838,1,0.235815,0.627428573244171
Wet AMD,1452,9,108203096,109150717,1647026904,-0.246758,-0.81046,0.17566,0.238884,0.621812937501738
Wet AMD,1478,9,135135888,136042490,1673959696,0.199277,-0.14753,0.58761,0.255073,0.59333550991862
Wet AMD,1469,9,125137579,126092931,1663961387,0.21022,-0.17139,0.62529,0.268533,0.571002336268877
Wet AMD,1379,9,6859792,7388202,1545683600,0.304479,-0.28596,1,0.279665,0.553361882066028
Wet AMD,1448,9,104222849,105043411,1643046657,-0.174888,-0.5138,0.15301,0.279873,0.553038996912931
Wet AMD,1395,9,18754197,19463292,1557578005,-0.344827,-1,0.33297,0.291664,0.535117172407907
Wet AMD,1431,9,86769887,87815449,1625593695,0.535926,-0.43454,1,0.294695,0.530627232629311
Wet AMD,1409,9,31115154,32253283,1569938962,0.309646,-0.33705,1,0.313241,0.504121398247581
Wet AMD,1393,9,17392383,17990565,1556216191,-0.248848,-0.96955,0.31559,0.348098,0.458298471951158
Wet AMD,1391,9,15839404,16658377,1554663212,-0.226312,-0.90108,0.29762,0.362428,0.440778257530129
Wet AMD,1470,9,126092932,127184582,1664916740,-0.139603,-0.47691,0.18259,0.371557,0.429974552329855
Wet AMD,1482,9,138202113,138995791,1677025921,-0.178716,-0.87467,0.29834,0.421064,0.375651888168171
Wet AMD,1464,9,119001228,119890464,1657825036,0.365625,-0.54606,1,0.425688,0.370908592264108
Wet AMD,1473,9,129617772,130902727,1668441580,-0.388057,-1,0.56276,0.435146,0.361365004295882
Wet AMD,1440,9,94924483,95854925,1633748291,-0.34003,-1,0.50798,0.443936,0.352679635403999
Wet AMD,1456,9,112076382,112865520,1650900190,-0.202149,-1,0.385,0.449775,0.347004687770521
Wet AMD,1402,9,25957607,26747214,1564781415,0.13082,-0.31225,0.66662,0.52407,0.28061070045265
Wet AMD,1461,9,116159541,117054909,1654983349,-0.313358,-1,0.73076,0.561988,0.250272957721727
Wet AMD,1376,9,4025356,4596614,1542849164,0.0838731,-0.21832,0.40395,0.577059,0.238779781186578
Wet AMD,1439,9,94175375,94924482,1632999183,-0.112689,-0.60102,0.33771,0.60386,0.219063737330947
Wet AMD,1410,9,32253284,33194892,1571077092,-0.0933033,-0.48997,0.27669,0.606373,0.21726014479696
Wet AMD,1414,9,37687113,38822977,1576510921,-0.214575,-1,0.69719,0.620679,0.207132948248249
Wet AMD,1372,9,1103599,1874961,1539927407,0.607459,-0.83188,1,0.626214,0.20327722727359
Wet AMD,1418,9,70939678,72288878,1609763486,0.190203,-0.7199,1,0.643852,0.191213950916829
Wet AMD,1381,9,8262304,9170120,1547086112,0.157973,-0.68397,1,0.649217,0.187610116526754
Wet AMD,1457,9,112865521,113646149,1651689329,-0.131251,-0.95139,0.55969,0.656069,0.183050482661856
Wet AMD,1472,9,128785783,129617771,1667609591,-0.0743824,-0.4776,0.29596,0.676315,0.169850980244351
Wet AMD,1419,9,72288879,73915494,1611112687,0.127856,-0.63737,1,0.685295,0.164122436839152
Wet AMD,1438,9,93441051,94175374,1632264859,-0.0825088,-0.60051,0.37347,0.697175,0.156658194649698
Wet AMD,1382,9,9170121,9920258,1547993929,-0.333764,-1,0.85509,0.711773,0.147658490304372
Wet AMD,1435,9,90890980,91643255,1629714788,-0.087829,-0.7206,0.47264,0.722251,0.141311848176488
Wet AMD,1451,9,107061020,108203095,1645884828,0.0483966,-0.21963,0.32252,0.723846,0.140353821184474
Wet AMD,1404,9,27366480,28067454,1566190288,-0.188263,-1,1,0.724993,0.139666186637351
Wet AMD,1401,9,24757730,25957606,1563581538,0.052399,-0.27269,0.37094,0.730292,0.136503456821079
Wet AMD,1446,9,101596751,103165725,1640420559,0.0512833,-0.27601,0.38309,0.741073,0.130139009381484
Wet AMD,1449,9,105043412,105846545,1643867220,-0.102798,-0.99734,0.66877,0.742007,0.129591997622545
Wet AMD,1479,9,136042491,136770926,1674866299,0.0851518,-0.59429,0.89017,0.765381,0.116122323007228
Wet AMD,1443,9,97418634,98885862,1636242442,0.0628341,-0.42735,0.61083,0.771673,0.112566694976362
Wet AMD,1437,9,92500278,93441050,1631324086,-0.0536277,-0.44277,0.3315,0.772373,0.112172916347799
Wet AMD,1387,9,12664859,13512852,1551488667,-0.0491023,-0.42763,0.30857,0.775077,0.11065515037889
Wet AMD,1411,9,33194893,34704544,1572018701,0.109406,-0.82692,1,0.784515,0.105398748246643
Wet AMD,1463,9,117989018,119001227,1656812826,-0.0666085,-0.75407,0.54884,0.793829,0.100273039581133
Wet AMD,1399,9,23091194,23859374,1561915002,-0.0408493,-0.42877,0.33716,0.820303,0.0860257001507682
Wet AMD,1424,9,78630916,79451035,1617454724,0.0539778,-0.54912,0.73227,0.830239,0.0807968697445704
Wet AMD,1480,9,136770927,137593527,1675594735,-0.0635409,-0.92274,0.68981,0.833329,0.0791835043848024
Wet AMD,1422,9,76197745,77862308,1615021553,0.0277264,-0.24951,0.30911,0.839205,0.0761319372716713
Wet AMD,1389,9,14244748,14902924,1553068556,0.0383798,-0.3745,0.44848,0.841194,0.0751038336749515
Wet AMD,1483,9,138995792,140097759,1677819600,-0.0284319,-0.34934,0.28647,0.844248,0.0735299595228649
Wet AMD,1390,9,14902925,15839403,1553726733,-0.0530045,-0.73722,0.60085,0.848247,0.0714776676518982
Wet AMD,1481,9,137593528,138202112,1676417336,-0.0506375,-0.80112,0.65814,0.86176,0.0646136682685836
Wet AMD,1425,9,79451036,80137024,1618274844,-0.0356065,-0.52127,0.43793,0.870423,0.060269641725501
Wet AMD,1460,9,115390113,116159540,1654213921,0.0417369,-0.56573,0.70764,0.872876,0.0590474474063381
Wet AMD,1378,9,5437592,6859791,1544261400,-0.0195373,-0.28523,0.24771,0.879587,0.0557211979901766
Wet AMD,1407,9,29596502,30410078,1568420310,0.0257773,-0.34479,0.40297,0.886544,0.0522997050907021
Wet AMD,1428,9,82601466,83455502,1621425274,-0.0341838,-0.6046,0.52152,0.888598,0.0512946685765133
Wet AMD,1484,9,140097760,141146682,1678921568,0.0129397,-0.23124,0.26481,0.917176,0.0375473180981565
Wet AMD,1465,9,119890465,121008529,1658714273,-0.0265621,-0.79973,0.7372,0.92745,0.0327094944454435
Wet AMD,1429,9,83455503,85135751,1622279311,0.00959585,-0.2231,0.24558,0.932946,0.0301434929959667
Wet AMD,1377,9,4596615,5437591,1543420423,0.00935566,-0.31471,0.33558,0.952135,0.021301470104598
Wet AMD,1471,9,127184583,128785782,1666008391,-0.00556345,-0.28729,0.27213,0.967574,0.0143158102235922
Wet AMD,1442,9,96670172,97418633,1635493980,0.00547834,-0.6168,0.63014,0.983424,0.00725919716403952
Wet AMD,1475,9,132193799,132999452,1671017607,0.00415975,-1,1,0.996009,0.00173673724630359
Any AMD,1432,9,87815450,89171796,1626639258,0.46971,0.15873,0.90119,0.0043254,2.36397372409279
Any AMD,1409,9,31115154,32253283,1569938962,0.385273,0.12385,0.65789,0.00475551,2.32280290074369
Any AMD,1468,9,124119884,125137578,1662943692,0.455675,0.13544,0.82433,0.00594627,2.22575537484048
Any AMD,1459,9,114443476,115390112,1653267284,-0.48367,-1,-0.08579,0.0217654,1.66223334705947
Any AMD,1467,9,122677720,124119883,1661501528,0.338419,0.04154,0.65929,0.0274984,1.56069257494742
Any AMD,1426,9,80137025,81161597,1618960833,0.504552,0.05159,1,0.0291026,1.53606820980405
Any AMD,1456,9,112076382,112865520,1650900190,-0.340712,-0.68646,-0.02335,0.0321391,1.49296628906945
Any AMD,1484,9,140097760,141146682,1678921568,0.221628,0.01667,0.43126,0.0341634,1.4664389141025
Any AMD,1433,9,89171797,90135154,1627995605,0.376626,0.02028,0.85046,0.0380851,1.41924489974262
Any AMD,1450,9,105846546,107061019,1644670354,-0.317453,-0.6647,-0.00768,0.0495625,1.30484679533832
Any AMD,1439,9,94175375,94924482,1632999183,-0.374799,-0.85608,0.01915,0.0647904,1.18848933881904
Any AMD,1403,9,26747215,27366479,1565571023,-0.608467,-1,0.04616,0.0759714,1.11934987034874
Any AMD,1383,9,9920259,10675474,1548744067,-0.596739,-1,0.06459,0.0809207,1.0919403690448
Any AMD,1384,9,10675475,11270764,1549499283,0.650848,-0.06792,1,0.0822822,1.08469410498063
Any AMD,1407,9,29596502,30410078,1568420310,-0.343428,-0.81195,0.05631,0.0884496,1.05330412678123
Any AMD,1398,9,21674033,23091193,1560497841,0.226114,-0.04416,0.50971,0.0950715,1.02194965391181
Any AMD,1394,9,17990566,18754196,1556814374,0.619078,-0.08815,1,0.0964789,1.01556765676542
Any AMD,1378,9,5437592,6859791,1544261400,-0.239625,-0.58325,0.0616,0.11484,0.939906816175532
Any AMD,1460,9,115390113,116159540,1654213921,0.299578,-0.0847,0.7367,0.11518,0.938622925806112
Any AMD,1376,9,4025356,4596614,1542849164,-0.300199,-0.8646,0.07424,0.117356,0.930494701546612
Any AMD,1412,9,34704545,36749273,1573528353,0.234015,-0.07456,0.66193,0.129693,0.887083463726355
Any AMD,1402,9,25957607,26747214,1564781415,0.399714,-0.11467,1,0.13134,0.881602988048425
Any AMD,1387,9,12664859,13512852,1551488667,-0.248081,-0.63559,0.07086,0.13208,0.879162939745263
Any AMD,1427,9,81161598,82601465,1619985406,-0.208675,-0.50562,0.0679,0.136353,0.865335302393325
Any AMD,1416,9,43903830,66673058,1582727638,0.753592,-0.20698,1,0.139147,0.856526152588944
Any AMD,1431,9,86769887,87815449,1625593695,0.440882,-0.17048,1,0.143712,0.842506966617379
Any AMD,1457,9,112865521,113646149,1651689329,-0.316674,-0.88373,0.11912,0.160606,0.794238234161839
Any AMD,1440,9,94924483,95854925,1633748291,-0.419636,-1,0.17416,0.164829,0.78296637618278
Any AMD,1451,9,107061020,108203095,1645884828,0.166972,-0.06581,0.41314,0.166878,0.777600913820281
Any AMD,1463,9,117989018,119001227,1656812826,-0.204204,-0.51904,0.09702,0.180852,0.742676684114631
Any AMD,1470,9,126092932,127184582,1664916740,-0.271106,-0.92494,0.17036,0.206724,0.684609100235316
Any AMD,1377,9,4596615,5437591,1543420423,0.359667,-0.23079,1,0.218046,0.661451875942454
Any AMD,1422,9,76197745,77862308,1615021553,0.155266,-0.09258,0.40989,0.219509,0.658547668723876
Any AMD,1370,9,10469,653661,1538834277,-0.55935,-1,0.3719,0.267816,0.57216348070661
Any AMD,1447,9,103165726,104222848,1641989534,-0.362549,-1,0.37429,0.282375,0.549173756071581
Any AMD,1445,9,100310518,101596750,1639134326,0.164584,-0.15116,0.50735,0.28632,0.543148314618052
Any AMD,1418,9,70939678,72288878,1609763486,0.213761,-0.2173,0.70985,0.30477,0.516027784956066
Any AMD,1420,9,73915495,74950318,1612739303,0.217592,-0.25108,0.8993,0.33091,0.4802901083941
Any AMD,1390,9,14902925,15839403,1553726733,0.23512,-0.27798,0.88671,0.331953,0.478923402095963
Any AMD,1430,9,85135752,86769886,1623959560,0.194233,-0.22999,0.81971,0.335709,0.474037015624364
Any AMD,1423,9,77862309,78630915,1616686117,0.211069,-0.2495,0.77555,0.346901,0.459794448229846
Any AMD,1453,9,109150718,110630150,1647974526,0.244425,-0.30801,1,0.358991,0.444916439163553
Any AMD,1421,9,74950319,76197744,1613774127,-0.191103,-0.67476,0.25849,0.375041,0.425921252004467
Any AMD,1400,9,23859375,24757729,1562683183,0.193287,-0.30766,0.93803,0.407889,0.389458006631219
Any AMD,1414,9,37687113,38822977,1576510921,-0.300118,-1,0.45551,0.412443,0.38463606286183
Any AMD,1444,9,98885863,100310517,1637709671,-0.141727,-0.55563,0.22407,0.422329,0.374349095919275
Any AMD,1462,9,117054910,117989017,1655878718,-0.151936,-0.60482,0.25519,0.440238,0.356312473191032
Any AMD,1380,9,7388203,8262303,1546212011,-0.223771,-1,0.41711,0.448336,0.348396387224713
Any AMD,1469,9,125137579,126092931,1663961387,0.155369,-0.27447,0.6203,0.453368,0.343549136864705
Any AMD,1415,9,38822978,43903829,1577646786,0.381251,-0.75088,1,0.453853,0.343084789492258
Any AMD,1374,9,2441121,3079045,1541264929,-0.272612,-1,0.49807,0.461385,0.335936528850734
Any AMD,1442,9,96670172,97418633,1635493980,0.20712,-0.41456,1,0.461416,0.335907350015981
Any AMD,1386,9,12044916,12664858,1550868724,-0.31302,-1,0.69959,0.512337,0.290444279072743
Any AMD,1480,9,136770927,137593527,1675594735,-0.114761,-0.53038,0.24752,0.514443,0.288662737824437
Any AMD,1425,9,79451036,80137024,1618274844,0.139684,-0.34694,0.64552,0.535282,0.271417360450137
Any AMD,1466,9,121008530,122677719,1659832338,-0.0898782,-0.4139,0.20904,0.540963,0.266832438119579
Any AMD,1481,9,137593528,138202112,1676417336,-0.0913324,-0.48895,0.24979,0.55296,0.25730628353722
Any AMD,1392,9,16658378,17392382,1555482186,-0.231247,-1,0.66179,0.560641,0.251315145208166
Any AMD,1471,9,127184583,128785782,1666008391,-0.0611639,-0.28475,0.15576,0.581526,0.235430863215669
Any AMD,1379,9,6859792,7388202,1545683600,0.186931,-0.67473,1,0.606114,0.217445684555364
Any AMD,1419,9,72288879,73915494,1611112687,0.119889,-0.39021,0.696,0.610401,0.214384763562144
Any AMD,1479,9,136042491,136770926,1674866299,0.0993992,-0.32282,0.53851,0.619566,0.207912423090907
Any AMD,1408,9,30410079,31115153,1569233887,0.253308,-1,1,0.62652,0.20306506074166
Any AMD,1461,9,116159541,117054909,1654983349,-0.127123,-0.89618,0.47621,0.630216,0.200510575101241
Any AMD,1429,9,83455503,85135751,1622279311,-0.0521479,-0.27865,0.17152,0.641622,0.192720753335493
Any AMD,1437,9,92500278,93441050,1631324086,-0.173774,-1,0.72747,0.654757,0.183919849840305
Any AMD,1434,9,90135155,90890979,1628958963,-0.158581,-1,0.72328,0.66376,0.177988922916721
Any AMD,1382,9,9170121,9920258,1547993929,-0.0990629,-0.77604,0.47389,0.689104,0.161715229155278
Any AMD,1397,9,20483881,21674032,1559307689,0.0750956,-0.36541,0.57197,0.704922,0.151858935269114
Any AMD,1435,9,90890980,91643255,1629714788,0.0919842,-0.49883,0.71959,0.714442,0.146033022439667
Any AMD,1410,9,32253284,33194892,1571077092,0.0705867,-0.33449,0.50812,0.717817,0.143986260521076
Any AMD,1455,9,111368108,112076381,1650191916,-0.101286,-0.88772,0.58169,0.727701,0.138047028274668
Any AMD,1411,9,33194893,34704544,1572018701,-0.0848448,-0.76942,0.50565,0.742302,0.129419369316918
Any AMD,1443,9,97418634,98885862,1636242442,-0.053556,-0.39701,0.28835,0.746116,0.127193646731747
Any AMD,1424,9,78630916,79451035,1617454724,0.0669144,-0.39507,0.58248,0.749206,0.125398753244935
Any AMD,1372,9,1103599,1874961,1539927407,0.0841342,-0.61285,0.9103,0.772426,0.11214311621516
Any AMD,1401,9,24757730,25957606,1563581538,0.0386367,-0.27222,0.36442,0.801904,0.0958776202018213
Any AMD,1396,9,19463293,20483880,1558287101,0.097837,-0.83756,1,0.816178,0.0882151157712394
Any AMD,1395,9,18754197,19463292,1557578005,0.0943738,-0.86126,1,0.818661,0.0868958983709495
Any AMD,1449,9,105043412,105846545,1643867220,0.0664181,-0.62815,0.8277,0.820606,0.0858653119397068
Any AMD,1381,9,8262304,9170120,1547086112,0.0451094,-0.41453,0.54531,0.834069,0.0787980200100961
Any AMD,1478,9,135135888,136042490,1673959696,0.0424196,-0.41102,0.52317,0.839104,0.0761842086266187
Any AMD,1391,9,15839404,16658377,1554663212,0.46606,-1,1,0.842604,0.074376483526517
Any AMD,1406,9,28766061,29596501,1567589869,0.10581,-1,1,0.851626,0.0697510880930839
Any AMD,1446,9,101596751,103165725,1640420559,0.0275151,-0.29002,0.35877,0.85758,0.066725355905644
Any AMD,1393,9,17392383,17990565,1556216191,0.0929876,-1,1,0.861615,0.0646867489388087
Any AMD,1428,9,82601466,83455502,1621425274,0.0277532,-0.38296,0.45317,0.887003,0.0520749113055426
Any AMD,1483,9,138995792,140097759,1677819600,-0.0168144,-0.27295,0.2437,0.893839,0.0487407001172791
Any AMD,1465,9,119890465,121008529,1658714273,0.0421257,-0.76596,0.93121,0.896276,0.0475582327269345
Any AMD,1389,9,14244748,14902924,1553068556,-0.0276162,-0.61779,0.53736,0.910127,0.0408980015791219
Any AMD,1472,9,128785783,129617771,1667609591,0.0147666,-0.25877,0.28607,0.913591,0.0392481874143278
Any AMD,1448,9,104222849,105043411,1643046657,-0.0164821,-0.34052,0.30483,0.916039,0.0380860360218486
Any AMD,1436,9,91643256,92500277,1630467064,-0.0249492,-0.66032,0.63091,0.919069,0.0366518823088312
Any AMD,1473,9,129617772,130902727,1668441580,-0.0288823,-0.92949,0.83255,0.930997,0.031051718466074
Any AMD,1438,9,93441051,94175374,1632264859,-0.0082948,-0.36243,0.34732,0.960862,0.0173389816780629
Any AMD,1482,9,138202113,138995791,1677025921,0.00507128,-0.33119,0.35754,0.974752,0.0111058650519308
Any AMD,1452,9,108203096,109150717,1647026904,-0.00369289,-0.32853,0.32111,0.981549,0.00808801506709954
Any AMD,1454,9,110630151,111368107,1649453959,0.00183927,-0.9309,0.8858,0.995585,0.00192165532007664
Dry AMD,1490,10,3880323,4813182,1683850813,0.499104,0.15477,1,0.00497865,2.30288840363245
Dry AMD,1493,10,6234719,6897037,1686205209,-0.399778,-0.72639,-0.11175,0.00705069,2.15176837967114
Dry AMD,1554,10,72659224,73514214,1752629714,-0.532852,-1,-0.12356,0.013106,1.88252983637988
Dry AMD,1536,10,53919162,55104428,1733889652,-0.569235,-1,-0.12591,0.0145416,1.83738780579186
Dry AMD,1543,10,61470384,62626465,1741440874,0.368159,0.07585,0.71285,0.0148238,1.8290404530714
Dry AMD,1567,10,87287936,88443652,1767258426,-0.483319,-0.99933,-0.10701,0.0159481,1.7972910498273
Dry AMD,1494,10,6897038,7659872,1686867528,0.335228,0.0487,0.65608,0.0221387,1.65484788478532
Dry AMD,1530,10,44893847,46327144,1724864337,-0.306199,-0.58755,-0.04875,0.0238799,1.62196749620009
Dry AMD,1581,10,104206838,106142283,1784177328,0.302983,0.0372,0.6188,0.0293754,1.53201621096327
Dry AMD,1548,10,67146044,67769822,1747116534,-0.740205,-1,-0.01847,0.0470758,1.32720229090485
Dry AMD,1524,10,36475839,37561443,1716446329,0.696623,-0.02232,1,0.0560633,1.25132134236578
Dry AMD,1550,10,68623275,69904170,1748593765,-0.378004,-0.91312,0.02011,0.0566179,1.24704624297737
Dry AMD,1574,10,95528161,97040172,1775498651,0.767858,-0.04375,1,0.0621517,1.20654698785062
Dry AMD,1555,10,73514215,75694023,1753484705,0.269068,-0.03503,0.64406,0.077116,1.11285550533682
Dry AMD,1539,10,57044846,57955671,1737015336,-0.507354,-1,0.07197,0.0856288,1.06738014212828
Dry AMD,1597,10,123856185,124894142,1803826675,0.100626,-0.02079,0.22489,0.100524,0.997730238509976
Dry AMD,1504,10,15946678,17065860,1695917168,-0.317439,-0.78657,0.05912,0.101853,0.992026174673068
Dry AMD,1563,10,83596351,84679429,1763566841,-0.498612,-1,0.11112,0.106298,0.973474906663298
Dry AMD,1579,10,101271452,102509298,1781241942,-0.242833,-0.5822,0.05757,0.111956,0.950952626541714
Dry AMD,1507,10,19421515,19965624,1699392005,-0.608552,-1,0.12752,0.118719,0.925479770221306
Dry AMD,1577,10,99367801,100337830,1779338291,0.393203,-0.11661,1,0.124415,0.905127256104124
Dry AMD,1600,10,126875817,127997708,1806846307,0.442371,-0.14689,1,0.129414,0.88801873917071
Dry AMD,1521,10,32457294,33655458,1712427784,-0.495527,-1,0.17677,0.136743,0.864094896359678
Dry AMD,1485,10,60515,1329232,1680031005,0.338304,-0.1172,1,0.140244,0.85311570991231
Dry AMD,1557,10,77144962,78665481,1757115452,0.220777,-0.07182,0.54594,0.140339,0.852821622406243
Dry AMD,1551,10,69904171,71050504,1749874661,-0.31772,-0.94948,0.12416,0.149889,0.824230237829451
Dry AMD,1506,10,18529743,19421514,1698500233,-0.318297,-0.9062,0.14265,0.165934,0.780064617595302
Dry AMD,1549,10,67769823,68623274,1747740313,-0.390508,-1,0.18445,0.167483,0.776029268512973
Dry AMD,1528,10,42984428,43769842,1722954918,-0.333552,-0.97419,0.16255,0.171038,0.766907390444711
Dry AMD,1569,10,89971629,91021321,1769942119,-0.352818,-1,0.17778,0.171431,0.765910641505052
Dry AMD,1510,10,21477693,23365685,1701448183,0.914738,-0.20253,1,0.174734,0.757622581132151
Dry AMD,1590,10,115588904,116845213,1795559394,0.163102,-0.07523,0.41416,0.1793,0.746419710437817
Dry AMD,1596,10,122803507,123856184,1802773997,-0.158192,-0.42742,0.08247,0.187251,0.727575854305013
Dry AMD,1509,10,20616433,21477692,1700586923,0.339167,-0.176,1,0.189023,0.723485348391039
Dry AMD,1546,10,65400432,66510387,1745370922,-0.266397,-0.81843,0.14322,0.190443,0.72023498581345
Dry AMD,1607,10,133111171,133818036,1813081661,-0.32194,-1,0.19314,0.193086,0.714249214274286
Dry AMD,1575,10,97040173,98005994,1777010663,0.225442,-0.12535,0.6099,0.19924,0.700623466939654
Dry AMD,1505,10,17065861,18529742,1697036351,0.212124,-0.11239,0.5617,0.200675,0.69750672835119
Dry AMD,1564,10,84679430,85463484,1764649920,0.775485,-0.50218,1,0.202409,0.693770180748059
Dry AMD,1591,10,116845214,118416049,1796815704,0.215586,-0.11482,0.58067,0.203567,0.691292623582277
Dry AMD,1529,10,43769843,44893846,1723740333,0.162209,-0.09444,0.4224,0.207593,0.682787294911383
Dry AMD,1516,10,27669567,28734422,1707640057,0.216384,-0.12874,0.5941,0.211563,0.674560283238381
Dry AMD,1541,10,58809134,59822946,1738779624,0.640092,-0.43555,1,0.212917,0.671789661664342
Dry AMD,1595,10,121874446,122803506,1801844936,-0.186312,-0.51131,0.12392,0.221569,0.654491002385471
Dry AMD,1492,10,5396243,6234718,1685366733,0.139951,-0.09449,0.37548,0.230408,0.637502445841109
Dry AMD,1584,10,108725998,109579149,1788696488,0.472484,-0.35924,1,0.235109,0.628730745713324
Dry AMD,1601,10,127997709,129134738,1807968199,0.161039,-0.12949,0.48742,0.277637,0.556522657003019
Dry AMD,1609,10,134856055,135524372,1814826545,-0.19753,-0.71366,0.19191,0.290305,0.53714548413488
Dry AMD,1565,10,85463485,86459980,1765433975,0.29004,-0.28435,1,0.295084,0.530054338111335
Dry AMD,1519,10,30000224,30919469,1709970714,0.658539,-0.48798,1,0.303244,0.518207783347359
Dry AMD,1604,10,130694009,131694738,1810664499,-0.181878,-0.63841,0.18836,0.313216,0.504156061000343
Dry AMD,1570,10,91021322,91960435,1770991812,0.30252,-0.35979,1,0.321767,0.492458498623561
Dry AMD,1538,10,55867695,57044845,1735838185,0.20824,-0.23375,0.71811,0.327512,0.484772782883475
Dry AMD,1491,10,4813183,5396242,1684783673,0.129159,-0.12989,0.39585,0.330699,0.480567118346468
Dry AMD,1598,10,124894143,125798319,1804864633,0.0898797,-0.09437,0.28482,0.339453,0.469220348787533
Dry AMD,1562,10,82378049,83596350,1762348539,-0.336159,-1,0.41939,0.348438,0.45787448773333
Dry AMD,1558,10,78665482,79952996,1758635972,0.187205,-0.23802,0.6807,0.355799,0.448795276867867
Dry AMD,1553,10,71672998,72659223,1751643488,0.185221,-0.24894,0.69521,0.379184,0.421149996382262
Dry AMD,1499,10,11856925,12581571,1691827415,0.291721,-0.46356,1,0.384765,0.414804440267776
Dry AMD,1523,10,35178225,36475838,1715148715,-0.305338,-1,0.43355,0.386924,0.41237433116193
Dry AMD,1496,10,8771921,10081279,1688742411,0.278078,-0.42302,1,0.390201,0.408711621938104
Dry AMD,1501,10,13208062,14008135,1693178552,-0.145831,-0.57148,0.22184,0.427764,0.368795767822515
Dry AMD,1589,10,114255955,115588903,1794226445,-0.167364,-0.74289,0.2859,0.434522,0.361988230177974
Dry AMD,1578,10,100337831,101271451,1780308321,0.2241,-0.42777,1,0.44771,0.349003205155718
Dry AMD,1594,10,120592840,121874445,1800563330,0.171336,-0.35174,0.89802,0.471352,0.326654645817901
Dry AMD,1582,10,106142284,107877787,1786112774,0.184317,-0.36586,0.90828,0.471909,0.326141739942355
Dry AMD,1517,10,28734423,29393749,1708704913,0.278348,-0.67123,1,0.474443,0.323815956624338
Dry AMD,1583,10,107877788,108725997,1787848278,0.162623,-0.3472,0.82021,0.474692,0.323588087399255
Dry AMD,1540,10,57955672,58809133,1737926162,0.843421,-1,1,0.491501,0.308475594222405
Dry AMD,1572,10,92911507,94503299,1772881997,-0.196658,-1,0.43154,0.492387,0.307693421830881
Dry AMD,1571,10,91960436,92911506,1771930926,0.139356,-0.28462,0.6316,0.50568,0.296124222680294
Dry AMD,1486,10,1329233,1872960,1681299723,0.0862421,-0.17844,0.354,0.514604,0.2885268423558
Dry AMD,1512,10,24489448,25577761,1704459938,0.978152,-0.73843,1,0.515794,0.287523714121399
Dry AMD,1495,10,7659873,8771920,1687630363,-0.0852944,-0.36395,0.18704,0.528416,0.277024040780242
Dry AMD,1592,10,118416050,119528730,1798386540,-0.082595,-0.36868,0.18985,0.548601,0.260743405090793
Dry AMD,1511,10,23365686,24489447,1703336176,-0.459418,-1,0.74149,0.561814,0.250407442694089
Dry AMD,1608,10,133818037,134856054,1813788527,-0.0585242,-0.28143,0.15246,0.587964,0.230649264195933
Dry AMD,1602,10,129134739,129831969,1809105229,-0.153425,-0.98231,0.50741,0.600825,0.221252004871797
Dry AMD,1502,10,14008136,14820755,1693978626,0.136433,-0.46044,0.93964,0.604391,0.218682011373778
Dry AMD,1599,10,125798320,126875816,1805768810,0.0720469,-0.20957,0.35472,0.608388,0.21581936066963
Dry AMD,1498,10,10969482,11856924,1690939972,-0.0710606,-0.37416,0.22369,0.625171,0.204001175937694
Dry AMD,1532,10,49197321,50145673,1729167811,0.246285,-0.95712,1,0.628863,0.201443956819455
Dry AMD,1606,10,132576794,133111170,1812547284,0.106697,-0.4055,0.74535,0.64111,0.193067448960991
Dry AMD,1603,10,129831970,130694008,1809802460,0.229983,-0.93948,1,0.679665,0.167705093912132
Dry AMD,1588,10,113117616,114255954,1793088106,-0.255812,-1,0.86643,0.690101,0.161087343273371
Dry AMD,1535,10,53129610,53919161,1733100100,-0.203984,-1,0.8092,0.706295,0.151013868193255
Dry AMD,1585,10,109579150,110358382,1789549640,0.404121,-1,1,0.714962,0.145717040197345
Dry AMD,1515,10,26888717,27669566,1706859207,-0.106089,-0.86431,0.57995,0.722614,0.141093628619301
Dry AMD,1533,10,50145674,51724039,1730116164,0.162245,-0.77049,1,0.731017,0.136072523287906
Dry AMD,1518,10,29393750,30000223,1709364240,-0.590434,-1,0.97664,0.733599,0.134541269342913
Dry AMD,1580,10,102509299,104206837,1782479789,0.118501,-0.71736,1,0.750736,0.124512757936092
Dry AMD,1568,10,88443653,89971628,1768414143,-0.0643065,-0.60084,0.40884,0.765455,0.116080335764067
Dry AMD,1559,10,79952997,81190573,1759923487,0.0525488,-0.34092,0.46598,0.768725,0.114228994843966
Dry AMD,1545,10,64069688,65400431,1744040178,0.0458829,-0.30224,0.39495,0.779442,0.10821619608401
Dry AMD,1542,10,59822947,61470383,1739793437,-0.0504442,-0.60346,0.42776,0.810111,0.0914554707698167
Dry AMD,1552,10,71050505,71672997,1751020995,-0.0752764,-1,0.7003,0.817562,0.0874793025981072
Dry AMD,1576,10,98005995,99367800,1777976485,0.0366516,-0.32622,0.41021,0.830217,0.0808083780032685
Dry AMD,1487,10,1872961,2637065,1681843451,-0.0447622,-0.64113,0.54788,0.862114,0.0644353022757618
Dry AMD,1566,10,86459981,87287935,1766430471,0.134921,-1,1,0.872951,0.0590101331865869
Dry AMD,1531,10,46327145,49197320,1726297635,-0.0254835,-0.52641,0.46014,0.904111,0.0437782468165155
Dry AMD,1508,10,19965625,20616432,1699936115,0.0805704,-1,1,0.914245,0.0389374061371397
Dry AMD,1573,10,94503300,95528160,1774473790,0.0196843,-0.37684,0.43571,0.91858,0.0368830145943366
Dry AMD,1497,10,10081280,10969481,1690051770,0.0166543,-0.44984,0.47826,0.935941,0.0287515275247586
Dry AMD,1503,10,14820756,15946677,1694791246,-0.011868,-0.60337,0.55841,0.956787,0.0191847341359945
Dry AMD,1525,10,37561444,38566460,1717531934,0.0127423,-0.71223,0.73379,0.965873,0.01507997402463
Dry AMD,1544,10,62626466,64069687,1742596956,-0.00464111,-0.28539,0.27246,0.973046,0.011866628309296
Dry AMD,1488,10,2637066,3225336,1682607556,0.00342027,-0.39453,0.39067,0.984864,0.00662373714445158
Wet AMD,1536,10,53919162,55104428,1733889652,-0.681765,-1,-0.30448,0.000884781,3.0531642120834
Wet AMD,1571,10,91960436,92911506,1771930926,-0.855399,-1,-0.37746,0.00115139,2.93877754677916
Wet AMD,1490,10,3880323,4813182,1683850813,0.44099,0.15383,0.80169,0.0040742,2.38995765556059
Wet AMD,1605,10,131694739,132576793,1811665229,-0.578205,-1,-0.18805,0.00443648,2.35296147197423
Wet AMD,1577,10,99367801,100337830,1779338291,0.508068,0.13458,0.99023,0.00984936,2.00659198853778
Wet AMD,1579,10,101271452,102509298,1781241942,-0.456031,-0.98544,-0.11125,0.0114441,1.94141835592983
Wet AMD,1588,10,113117616,114255954,1793088106,-0.847881,-1,-0.10652,0.0261571,1.58241040728247
Wet AMD,1537,10,55104429,55867694,1735074919,0.75974,0.11189,1,0.0270826,1.56730964458624
Wet AMD,1609,10,134856055,135524372,1814826545,0.792585,0.09219,1,0.0277063,1.55742146760908
Wet AMD,1538,10,55867695,57044845,1735838185,0.414663,-0.01845,1,0.0622518,1.20584808650105
Wet AMD,1531,10,46327145,49197320,1726297635,1,-0.14228,1,0.0721233,1.14192441036058
Wet AMD,1532,10,49197321,50145673,1729167811,-0.707128,-1,0.07425,0.0736033,1.13310271365623
Wet AMD,1509,10,20616433,21477692,1700586923,0.440348,-0.06558,1,0.081964,1.08637685535212
Wet AMD,1608,10,133818037,134856054,1813788527,-0.171993,-0.37814,0.0235,0.0843196,1.07407146235692
Wet AMD,1590,10,115588904,116845213,1795559394,0.351196,-0.06417,1,0.0879136,1.0559439355283
Wet AMD,1573,10,94503300,95528160,1774473790,-0.5252,-1,0.07914,0.0884516,1.05329430673519
Wet AMD,1592,10,118416050,119528730,1798386540,-0.327799,-0.94389,0.04705,0.0912481,1.03977616980964
Wet AMD,1498,10,10969482,11856924,1690939972,0.26486,-0.0625,0.66109,0.110489,0.956680957065729
Wet AMD,1534,10,51724040,53129609,1731694530,-0.422017,-1,0.10499,0.111666,0.952079040493434
Wet AMD,1570,10,91021322,91960435,1770991812,0.346264,-0.08761,0.99394,0.116943,0.932025769172125
Wet AMD,1494,10,6897038,7659872,1686867528,0.25596,-0.08829,0.65829,0.133346,0.875020007375549
Wet AMD,1505,10,17065861,18529742,1697036351,-0.281209,-0.72558,0.0889,0.133891,0.873248614785614
Wet AMD,1497,10,10081280,10969481,1690051770,-0.226317,-0.54717,0.07681,0.136672,0.86432045025327
Wet AMD,1523,10,35178225,36475838,1715148715,0.425223,-0.15994,1,0.137147,0.862813687860367
Wet AMD,1565,10,85463485,86459980,1765433975,0.440896,-0.15303,1,0.138174,0.85957366983324
Wet AMD,1544,10,62626466,64069687,1742596956,-0.220667,-0.53385,0.0764,0.149559,0.825187447341927
Wet AMD,1550,10,68623275,69904170,1748593765,0.188126,-0.07688,0.45959,0.157953,0.801472121129058
Wet AMD,1518,10,29393750,30000223,1709364240,-0.873398,-1,0.22086,0.165797,0.780423332019962
Wet AMD,1600,10,126875817,127997708,1806846307,-0.420526,-1,0.19987,0.165894,0.780169321112548
Wet AMD,1555,10,73514215,75694023,1753484705,0.272239,-0.11875,0.97366,0.166468,0.778669238188173
Wet AMD,1569,10,89971629,91021321,1769942119,-0.509836,-1,0.2957,0.192991,0.714462943538725
Wet AMD,1516,10,27669567,28734422,1707640057,-0.399921,-1,0.22683,0.193295,0.713779379807423
Wet AMD,1548,10,67146044,67769822,1747116534,-0.500986,-1,0.28239,0.194092,0.711992364804613
Wet AMD,1601,10,127997709,129134738,1807968199,0.183584,-0.10432,0.4892,0.1973,0.704872914747809
Wet AMD,1513,10,25577762,26161974,1705548252,0.575422,-0.39936,1,0.219502,0.658561518314768
Wet AMD,1500,10,12581572,13208061,1692552062,0.358762,-0.24402,1,0.225713,0.646443426896207
Wet AMD,1597,10,123856185,124894142,1803826675,0.0722595,-0.04302,0.19225,0.227213,0.643566824075682
Wet AMD,1596,10,122803507,123856184,1802773997,-0.137569,-0.40747,0.0949,0.235464,0.628075482575305
Wet AMD,1515,10,26888717,27669566,1706859207,-0.61486,-1,0.46743,0.253128,0.596659812277898
Wet AMD,1584,10,108725998,109579149,1788696488,0.261074,-0.21301,0.85136,0.258868,0.586921631613608
Wet AMD,1501,10,13208062,14008135,1693178552,-0.325688,-1,0.28916,0.272358,0.564859863626287
Wet AMD,1504,10,15946678,17065860,1695917168,-0.193553,-0.59651,0.16019,0.274209,0.561918295038147
Wet AMD,1529,10,43769843,44893846,1723740333,0.238708,-0.23665,0.96846,0.282181,0.549472231804034
Wet AMD,1525,10,37561444,38566460,1717531934,0.322274,-0.32602,1,0.287395,0.541520791843055
Wet AMD,1521,10,32457294,33655458,1712427784,-0.259952,-0.94725,0.30253,0.31882,0.49645444255449
Wet AMD,1499,10,11856925,12581571,1691827415,-0.148455,-0.47681,0.17135,0.338174,0.470859785533633
Wet AMD,1506,10,18529743,19421514,1698500233,-0.549223,-1,0.71136,0.360134,0.443535875253712
Wet AMD,1507,10,19421515,19965624,1699392005,-0.235516,-0.93556,0.30379,0.364058,0.438829421094512
Wet AMD,1553,10,71672998,72659223,1751643488,-0.196257,-0.72759,0.25946,0.371437,0.430114837011243
Wet AMD,1493,10,6234719,6897037,1686205209,0.182282,-0.24835,0.69698,0.376156,0.424632006432566
Wet AMD,1530,10,44893847,46327144,1724864337,-0.195061,-0.9285,0.28567,0.391497,0.407271561545853
Wet AMD,1522,10,33655459,35178224,1713625949,0.237404,-0.3752,1,0.406264,0.391191659814955
Wet AMD,1580,10,102509299,104206837,1782479789,0.198334,-0.31352,0.97307,0.407281,0.390105849643011
Wet AMD,1512,10,24489448,25577761,1704459938,0.62544,-0.57996,1,0.421081,0.375634354355839
Wet AMD,1543,10,61470384,62626465,1741440874,-0.111132,-0.40106,0.16931,0.425533,0.371066754822219
Wet AMD,1528,10,42984428,43769842,1722954918,-0.614182,-1,0.73629,0.426025,0.370564914879733
Wet AMD,1508,10,19965625,20616432,1699936115,0.244486,-0.43396,1,0.426936,0.369637223171782
Wet AMD,1572,10,92911507,94503299,1772881997,0.209701,-0.37588,1,0.435866,0.360647007073818
Wet AMD,1566,10,86459981,87287935,1766430471,-0.783375,-1,1,0.447292,0.349408869291965
Wet AMD,1517,10,28734423,29393749,1708704913,0.495801,-0.98662,1,0.470443,0.327492989208207
Wet AMD,1540,10,57955672,58809133,1737926162,-0.694788,-1,1,0.483961,0.315189634568872
Wet AMD,1593,10,119528731,120592839,1799499221,0.103514,-0.22356,0.43859,0.504578,0.297071688988659
Wet AMD,1568,10,88443653,89971628,1768414143,-0.257292,-1,0.55083,0.504817,0.296866028403626
Wet AMD,1574,10,95528161,97040172,1775498651,-0.11255,-0.48196,0.2386,0.508556,0.29366121746709
Wet AMD,1549,10,67769823,68623274,1747740313,-0.19264,-1,0.47268,0.517568,0.286032582905497
Wet AMD,1496,10,8771921,10081279,1688742411,-0.188926,-0.9931,0.45245,0.520368,0.283689418203308
Wet AMD,1556,10,75694024,77144961,1755664514,-0.0794979,-0.3574,0.19153,0.559253,0.252391677539869
Wet AMD,1551,10,69904171,71050504,1749874661,0.152705,-0.4157,0.90284,0.563444,0.249149241462663
Wet AMD,1557,10,77144962,78665481,1757115452,0.0852103,-0.23752,0.42572,0.584856,0.232951050334387
Wet AMD,1546,10,65400432,66510387,1745370922,-0.177452,-1,0.58617,0.59868,0.222805250013194
Wet AMD,1491,10,4813183,5396242,1684783673,-0.110218,-0.69469,0.38025,0.616598,0.209997888286728
Wet AMD,1520,10,30919470,32457293,1710889960,-0.10087,-0.59116,0.34338,0.626392,0.203153797530639
Wet AMD,1511,10,23365686,24489447,1703336176,0.13684,-0.52759,0.98851,0.627969,0.202061794895353
Wet AMD,1589,10,114255955,115588903,1794226445,-0.106024,-0.68956,0.38418,0.638475,0.194856103215929
Wet AMD,1519,10,30000224,30919469,1709970714,-0.105594,-0.62434,0.37387,0.64203,0.192444678270626
Wet AMD,1591,10,116845214,118416049,1796815704,0.079996,-0.27576,0.45829,0.649953,0.187118047324301
Wet AMD,1535,10,53129610,53919161,1733100100,-0.101483,-0.69247,0.39343,0.655191,0.183632076872153
Wet AMD,1559,10,79952997,81190573,1759923487,-0.0574237,-0.34402,0.21536,0.678506,0.168446307539439
Wet AMD,1567,10,87287936,88443652,1767258426,-0.270065,-1,1,0.68418,0.16482962529359
Wet AMD,1576,10,98005995,99367800,1777976485,0.0819514,-0.35796,0.59569,0.690668,0.160730665240941
Wet AMD,1581,10,104206838,106142283,1784177328,-0.109178,-0.9234,0.55416,0.703422,0.152784052952274
Wet AMD,1603,10,129831970,130694008,1809802460,0.0651647,-0.29677,0.42515,0.706965,0.150602086462117
Wet AMD,1554,10,72659224,73514214,1752629714,-0.120194,-1,0.63914,0.710699,0.148314295637898
Wet AMD,1594,10,120592840,121874445,1800563330,-0.048804,-0.3248,0.2285,0.718167,0.143774554719791
Wet AMD,1545,10,64069688,65400431,1744040178,-0.0488906,-0.36068,0.25197,0.740204,0.130648572343807
Wet AMD,1585,10,109579150,110358382,1789549640,0.063864,-0.35967,0.50746,0.753946,0.122659758562391
Wet AMD,1492,10,5396243,6234718,1685366733,-0.0551395,-0.49678,0.35401,0.764305,0.116733299298571
Wet AMD,1599,10,125798320,126875816,1805768810,-0.0383412,-0.30256,0.22467,0.771212,0.11282622146358
Wet AMD,1595,10,121874446,122803506,1801844936,-0.0401682,-0.32154,0.24618,0.773292,0.111656482740387
Wet AMD,1563,10,83596351,84679429,1763566841,0.0949903,-0.74147,1,0.777928,0.109060596647445
Wet AMD,1489,10,3225337,3880322,1683195827,-0.0831097,-0.9748,0.71177,0.797707,0.098156596932054
Wet AMD,1606,10,132576794,133111170,1812547284,-0.0643939,-0.80533,0.57969,0.811418,0.0907553624020075
Wet AMD,1582,10,106142284,107877787,1786112774,-0.0660041,-0.84969,0.60642,0.815878,0.088374777383388
Wet AMD,1583,10,107877788,108725997,1787848278,0.0543218,-0.59773,0.77062,0.835861,0.0778659378146724
Wet AMD,1502,10,14008136,14820755,1693978626,-0.11997,-1,0.90621,0.838849,0.0763162088599242
Wet AMD,1564,10,84679430,85463484,1764649920,-0.0755504,-1,1,0.848703,0.0712442626741268
Wet AMD,1542,10,59822947,61470383,1739793437,-0.0294098,-0.39543,0.32644,0.860022,0.0654904390396933
Wet AMD,1539,10,57044846,57955671,1737015336,-0.0448159,-0.79709,0.64906,0.877406,0.0567994000678621
Wet AMD,1575,10,97040173,98005994,1777010663,0.031427,-0.4985,0.58346,0.892671,0.049308573823149
Wet AMD,1561,10,81763231,82378048,1761733721,-0.0381991,-0.93764,0.80012,0.906013,0.0428655707693683
Wet AMD,1510,10,21477693,23365685,1701448183,-0.0168687,-0.3632,0.33155,0.91733,0.0374744032640047
Wet AMD,1602,10,129134739,129831969,1809105229,0.0792748,-1,1,0.926945,0.0329460338222028
Wet AMD,1598,10,124894143,125798319,1804864633,-0.00717533,-0.1853,0.16813,0.936038,0.0287065200062102
Wet AMD,1607,10,133111171,133818036,1813081661,-0.0417351,-1,1,0.940802,0.026501768023846
Wet AMD,1495,10,7659873,8771920,1687630363,-0.00738869,-0.253,0.24637,0.951551,0.0215679299991265
Wet AMD,1488,10,2637066,3225336,1682607556,0.00883111,-0.29312,0.29967,0.951827,0.0214419799483795
Wet AMD,1486,10,1329233,1872960,1681299723,-0.00873859,-0.433,0.43388,0.964606,0.0156500410262166
Any AMD,1536,10,53919162,55104428,1733889652,-0.634283,-1,-0.29288,0.000416843,3.38002748716658
Any AMD,1490,10,3880323,4813182,1683850813,0.448087,0.1751,0.79048,0.00203557,2.69131395833444
Any AMD,1577,10,99367801,100337830,1779338291,0.491099,0.14534,0.918,0.00698388,2.1559032314711
Any AMD,1494,10,6897038,7659872,1686867528,0.285776,0.05762,0.52342,0.0153625,1.81353810410549
Any AMD,1579,10,101271452,102509298,1781241942,-0.300247,-0.5556,-0.06534,0.0160151,1.79547034521042
Any AMD,1529,10,43769843,44893846,1723740333,0.323303,0.06286,0.6065,0.0171038,1.76690739044471
Any AMD,1548,10,67146044,67769822,1747116534,-0.735389,-1,-0.1536,0.0178912,1.74736052942142
Any AMD,1554,10,72659224,73514214,1752629714,-0.559677,-1,-0.04965,0.0323971,1.4894938635701
Any AMD,1565,10,85463485,86459980,1765433975,0.485723,0.01674,1,0.044903,1.34772464251736
Any AMD,1555,10,73514215,75694023,1753484705,0.320022,-0.00589,0.78327,0.0553069,1.25722068343328
Any AMD,1530,10,44893847,46327144,1724864337,-0.251464,-0.5472,0.02178,0.0712848,1.14700306453617
Any AMD,1549,10,67769823,68623274,1747740313,-0.472183,-1,0.05529,0.077648,1.10986972602879
Any AMD,1538,10,55867695,57044845,1735838185,0.301567,-0.05017,0.70278,0.0939792,1.02696825623863
Any AMD,1608,10,133818037,134856054,1813788527,-0.14864,-0.33374,0.03508,0.113302,0.94576242392921
Any AMD,1504,10,15946678,17065860,1695917168,-0.274071,-0.66358,0.06752,0.115021,0.939222860937616
Any AMD,1584,10,108725998,109579149,1788696488,0.471198,-0.10648,1,0.115118,0.938856764211383
Any AMD,1509,10,20616433,21477692,1700586923,0.370916,-0.10768,1,0.122797,0.910812243124498
Any AMD,1567,10,87287936,88443652,1767258426,-0.391814,-1,0.12545,0.12389,0.906963747054837
Any AMD,1510,10,21477693,23365685,1701448183,0.418051,-0.13703,1,0.132795,0.876818276724697
Any AMD,1569,10,89971629,91021321,1769942119,-0.325035,-0.88002,0.09625,0.133681,0.873930314364983
Any AMD,1597,10,123856185,124894142,1803826675,0.088399,-0.02657,0.20776,0.137969,0.860218483463463
Any AMD,1528,10,42984428,43769842,1722954918,-0.328089,-0.85845,0.12367,0.138043,0.859985611034504
Any AMD,1557,10,77144962,78665481,1757115452,0.193075,-0.06297,0.45837,0.138505,0.85853454838138
Any AMD,1485,10,60515,1329232,1680031005,0.462777,-0.16478,1,0.144299,0.840736678580704
Any AMD,1590,10,115588904,116845213,1795559394,0.176767,-0.05976,0.43258,0.147944,0.829902643343702
Any AMD,1605,10,131694739,132576793,1811665229,-0.453898,-1,0.19455,0.148814,0.827356209672282
Any AMD,1543,10,61470384,62626465,1741440874,0.240768,-0.09607,0.64441,0.150611,0.822143307917245
Any AMD,1506,10,18529743,19421514,1698500233,-0.383554,-1,0.16503,0.154462,0.811178346143119
Any AMD,1591,10,116845214,118416049,1796815704,0.282765,-0.11224,0.75769,0.154854,0.810077571995983
Any AMD,1507,10,19421515,19965624,1699392005,-0.330922,-0.96248,0.1665,0.160287,0.795101699462509
Any AMD,1521,10,32457294,33655458,1712427784,-0.316354,-0.928,0.1399,0.168494,0.773415559559919
Any AMD,1574,10,95528161,97040172,1775498651,0.205373,-0.09855,0.53657,0.185631,0.731349495764146
Any AMD,1501,10,13208062,14008135,1693178552,-0.3861,-1,0.21323,0.188027,0.72577978313489
Any AMD,1581,10,104206838,106142283,1784177328,0.319411,-0.17829,1,0.196265,0.707157141368531
Any AMD,1515,10,26888717,27669566,1706859207,-1,-1,0.53065,0.202566,0.693433447680217
Any AMD,1551,10,69904171,71050504,1749874661,-0.367286,-1,0.23208,0.205244,0.687729529969686
Any AMD,1524,10,36475839,37561443,1716446329,0.624788,-0.41948,1,0.219534,0.658498209504349
Any AMD,1595,10,121874446,122803506,1801844936,-0.164133,-0.44559,0.10792,0.224318,0.649135875828431
Any AMD,1546,10,65400432,66510387,1745370922,-0.230717,-0.68111,0.16545,0.225356,0.647130874547952
Any AMD,1583,10,107877788,108725997,1787848278,0.204385,-0.13989,0.57734,0.234476,0.629901603272901
Any AMD,1561,10,81763231,82378048,1761733721,1,-0.44687,1,0.242026,0.616137976788179
Any AMD,1493,10,6234719,6897037,1686205209,-0.148506,-0.40952,0.10555,0.247357,0.606675794948649
Any AMD,1596,10,122803507,123856184,1802773997,-0.125,-0.38093,0.10651,0.271152,0.566787187888086
Any AMD,1539,10,57044846,57955671,1737015336,-0.309961,-1,0.26595,0.275319,0.560163816538291
Any AMD,1534,10,51724040,53129609,1731694530,-0.64379,-1,0.51188,0.283851,0.546909571427235
Any AMD,1541,10,58809134,59822946,1738779624,0.379939,-0.42487,1,0.307833,0.511684825213805
Any AMD,1575,10,97040173,98005994,1777010663,0.18386,-0.18,0.58692,0.313743,0.503425955057637
Any AMD,1588,10,113117616,114255954,1793088106,-0.281208,-1,0.31898,0.330286,0.48110983457866
Any AMD,1578,10,100337831,101271451,1780308321,0.321901,-0.407,1,0.336724,0.472725928173525
Any AMD,1508,10,19965625,20616432,1699936115,0.359911,-0.47771,1,0.350995,0.454699070109321
Any AMD,1592,10,118416050,119528730,1798386540,-0.228964,-1,0.2817,0.352797,0.452475116536208
Any AMD,1573,10,94503300,95528160,1774473790,-0.169023,-0.57065,0.20147,0.353817,0.451221304188245
Any AMD,1537,10,55104429,55867694,1735074919,0.288118,-0.41007,1,0.354342,0.450577367883628
Any AMD,1518,10,29393750,30000223,1709364240,-0.277524,-1,0.38718,0.355808,0.448784291449406
Any AMD,1497,10,10081280,10969481,1690051770,-0.155221,-0.50912,0.19084,0.355962,0.448596361777583
Any AMD,1607,10,133111171,133818036,1813081661,-0.26449,-1,0.38395,0.37588,0.424950781816689
Any AMD,1492,10,5396243,6234718,1685366733,0.106603,-0.1314,0.35263,0.379619,0.420652059182954
Any AMD,1580,10,102509299,104206837,1782479789,0.231058,-0.33158,1,0.392996,0.405611869947139
Any AMD,1598,10,124894143,125798319,1804864633,0.0722288,-0.10216,0.24648,0.404479,0.393104021445701
Any AMD,1570,10,91021322,91960435,1770991812,0.298077,-0.4772,1,0.413598,0.38342156998922
Any AMD,1585,10,109579150,110358382,1789549640,0.21882,-0.38658,1,0.417596,0.379243669934548
Any AMD,1517,10,28734423,29393749,1708704913,0.3954,-0.75931,1,0.42871,0.367836386108758
Any AMD,1601,10,127997709,129134738,1807968199,0.103285,-0.15258,0.37851,0.431204,0.365317219134235
Any AMD,1587,10,112164982,113117615,1792135472,-0.42579,-1,0.54145,0.446615,0.350066694816236
Any AMD,1602,10,129134739,129831969,1809105229,-0.185373,-0.80007,0.33722,0.447554,0.349154557024803
Any AMD,1566,10,86459981,87287935,1766430471,-0.409005,-1,0.94981,0.48207,0.316889894527886
Any AMD,1544,10,62626466,64069687,1742596956,-0.0916937,-0.35784,0.16959,0.491275,0.308675335678526
Any AMD,1502,10,14008136,14820755,1693978626,0.190398,-0.42881,1,0.497065,0.303586815903459
Any AMD,1564,10,84679430,85463484,1764649920,0.31346,-0.86244,1,0.509069,0.293223348727448
Any AMD,1503,10,14820756,15946677,1694791246,-0.131006,-0.74562,0.31811,0.519658,0.284282382475457
Any AMD,1535,10,53129610,53919161,1733100100,-0.159204,-0.92601,0.41472,0.538656,0.268688498256974
Any AMD,1550,10,68623275,69904170,1748593765,-0.10672,-0.50842,0.26374,0.557872,0.253465435597435
Any AMD,1594,10,120592840,121874445,1800563330,0.075809,-0.20201,0.35433,0.577686,0.238308157292274
Any AMD,1563,10,83596351,84679429,1763566841,-0.113554,-0.57017,0.31656,0.579608,0.236865628839445
Any AMD,1593,10,119528731,120592839,1799499221,0.109325,-0.33028,0.60087,0.587513,0.230982519242097
Any AMD,1540,10,57955672,58809133,1737926162,-0.410628,-1,1,0.58905,0.229847839673901
Any AMD,1571,10,91960436,92911506,1771930926,-0.181105,-1,0.61771,0.598819,0.222704428328573
Any AMD,1505,10,17065861,18529742,1697036351,0.0972367,-0.27802,0.50676,0.602937,0.219728064280648
Any AMD,1520,10,30919470,32457293,1710889960,-0.181818,-1,0.62765,0.603596,0.21925364693436
Any AMD,1604,10,130694009,131694738,1810664499,0.15042,-0.51772,1,0.608494,0.215743699734226
Any AMD,1488,10,2637066,3225336,1682607556,-0.0966574,-0.56831,0.3084,0.615718,0.210618149987523
Any AMD,1498,10,10969482,11856924,1690939972,0.0744335,-0.25017,0.4233,0.635359,0.196980813821529
Any AMD,1532,10,49197321,50145673,1729167811,-0.369897,-1,1,0.665028,0.177160068998406
Any AMD,1582,10,106142284,107877787,1786112774,0.101622,-0.40637,0.67256,0.665785,0.176665993635062
Any AMD,1589,10,114255955,115588903,1794226445,-0.113079,-0.92844,0.49097,0.669592,0.17418974374928
Any AMD,1562,10,82378049,83596350,1762348539,0.152002,-0.71726,1,0.676809,0.169533874814853
Any AMD,1572,10,92911507,94503299,1772881997,0.119657,-0.57589,1,0.685799,0.163803152488497
Any AMD,1496,10,8771921,10081279,1688742411,0.110768,-0.57219,0.93031,0.705516,0.151493132678001
Any AMD,1600,10,126875817,127997708,1806846307,0.107479,-0.57402,0.9061,0.709209,0.149225761754797
Any AMD,1603,10,129831970,130694008,1809802460,0.0794868,-0.37046,0.57093,0.712181,0.147409616880841
Any AMD,1553,10,71672998,72659223,1751643488,0.0819794,-0.41097,0.60762,0.713195,0.146791710196657
Any AMD,1486,10,1329233,1872960,1681299723,-0.0521497,-0.34461,0.23979,0.7197,0.142848497312507
Any AMD,1545,10,64069688,65400431,1744040178,-0.0480047,-0.31975,0.22079,0.721357,0.141849749485507
Any AMD,1599,10,125798320,126875816,1805768810,-0.0366262,-0.27571,0.20228,0.760967,0.118634176381401
Any AMD,1609,10,134856055,135524372,1814826545,0.0678045,-0.62688,0.8826,0.807179,0.0930301454613797
Any AMD,1511,10,23365686,24489447,1703336176,-0.119199,-1,0.83984,0.807988,0.0925950891913578
Any AMD,1556,10,75694024,77144961,1755664514,-0.0592204,-0.74237,0.50388,0.810266,0.0913723843709104
Any AMD,1576,10,98005995,99367800,1777976485,0.039124,-0.32247,0.37966,0.812023,0.0904316694883569
Any AMD,1568,10,88443653,89971628,1768414143,-0.0484226,-0.61889,0.46095,0.830552,0.0806331716339169
Any AMD,1491,10,4813183,5396242,1684783673,0.0299812,-0.25098,0.32004,0.830987,0.0804057702861974
Any AMD,1499,10,11856925,12581571,1691827415,-0.0410062,-0.47539,0.37122,0.831594,0.0800886527896927
Any AMD,1495,10,7659873,8771920,1687630363,0.0210737,-0.21177,0.25277,0.85712,0.0669583709712159
Any AMD,1512,10,24489448,25577761,1704459938,0.0598862,-0.80535,1,0.868879,0.0610406991453136
Any AMD,1606,10,132576794,133111170,1812547284,0.0431459,-0.62183,0.79163,0.869354,0.0608033432971173
Any AMD,1523,10,35178225,36475838,1715148715,-0.0244575,-0.53653,0.44384,0.910871,0.0405431246242709
Any AMD,1525,10,37561444,38566460,1717531934,-0.0274866,-0.6079,0.54959,0.915071,0.0385452078877048
Any AMD,1559,10,79952997,81190573,1759923487,0.0139156,-0.30411,0.33149,0.925047,0.0338362009668097
Any AMD,1519,10,30000224,30919469,1709970714,0.021011,-0.53325,0.58002,0.93055,0.0312602865410588
Any AMD,1487,10,1872961,2637065,1681843451,0.0252595,-0.74415,0.82865,0.934729,0.0293142830997316
Any AMD,1558,10,78665482,79952996,1758635972,0.0152224,-0.50058,0.57574,0.945771,0.0242140068072337
Any AMD,1542,10,59822947,61470383,1739793437,0.00902673,-0.53902,0.5182,0.966936,0.0146022702465438
Any AMD,1516,10,27669567,28734422,1707640057,-0.0071671,-0.4533,0.42735,0.97189,0.0123828864074535
Dry AMD,1611,11,1061400,1857845,1816556262,-0.42345,-0.71522,-0.17766,0.00113215,2.94609602910483
Dry AMD,1669,11,58452709,59256232,1873947571,0.537308,0.12401,1,0.0147015,1.83263835174922
Dry AMD,1733,11,128262551,129451784,1943757413,0.668778,0.11896,1,0.0160826,1.7936437395195
Dry AMD,1635,11,23164545,24091272,1838659407,-0.33996,-0.64516,-0.05818,0.0201852,1.69496694313422
Dry AMD,1678,11,69713997,71242834,1885208859,0.438567,0.0687,1,0.0210212,1.6773424958005
Dry AMD,1637,11,24892440,25662918,1840387302,0.81178,0.16642,1,0.0210988,1.67574224461692
Dry AMD,1633,11,21442723,22368743,1836937585,0.514273,0.07896,1,0.0245689,1.60961428733857
Dry AMD,1655,11,42858198,43949377,1858353060,-0.726478,-1,-0.08739,0.0278324,1.55544934264849
Dry AMD,1617,11,5533058,6180840,1821027920,-0.666413,-1,-0.06971,0.0296846,1.52746879881686
Dry AMD,1636,11,24091273,24892439,1839586135,0.666797,0.06986,1,0.0366174,1.43631249580002
Dry AMD,1612,11,1857846,2477449,1817352708,0.30987,0.00968,0.65354,0.0461769,1.33557522598974
Dry AMD,1735,11,130500784,131424361,1945995646,0.414575,-0.02811,1,0.0620188,1.20747664116899
Dry AMD,1720,11,113889020,114742317,1929383882,-0.374771,-0.87125,0.02803,0.0674827,1.17080754950255
Dry AMD,1729,11,124403478,125266684,1939898340,-0.420604,-1,0.04234,0.0722128,1.14138581521894
Dry AMD,1681,11,74399332,75445253,1889894194,-0.596613,-1,0.06515,0.0819483,1.08646005134641
Dry AMD,1610,11,87150,1061399,1815582012,0.296456,-0.05428,0.72825,0.0894986,1.04818375817046
Dry AMD,1641,11,28577719,29530460,1844072581,-0.37337,-0.94708,0.06537,0.0918487,1.03692698619347
Dry AMD,1667,11,56623495,57675986,1872118357,0.292679,-0.05428,0.69967,0.100258,0.998880963174265
Dry AMD,1640,11,27018308,28577718,1842513170,0.834302,-0.08742,1,0.102974,0.987272416866963
Dry AMD,1651,11,37953087,39329140,1853447949,-0.279168,-0.67789,0.06389,0.112882,0.947375304522409
Dry AMD,1691,11,84613230,85869059,1900108092,-0.249117,-0.63237,0.07712,0.128486,0.89114419104073
Dry AMD,1690,11,83677774,84613229,1899172636,0.310387,-0.12276,0.88941,0.14464,0.839711586868712
Dry AMD,1680,11,72875069,74399331,1888369931,0.192029,-0.07277,0.47344,0.150388,0.822786816282281
Dry AMD,1727,11,122589225,123398882,1938084087,-0.736998,-1,0.17884,0.150613,0.822137540853772
Dry AMD,1684,11,77719871,78912252,1893214733,0.322339,-0.15245,1,0.161146,0.792780470167084
Dry AMD,1647,11,34672698,35500367,1850167560,-0.365601,-1,0.17386,0.161655,0.791410858087208
Dry AMD,1642,11,29530461,30570129,1845025323,0.599195,-0.26161,1,0.174674,0.757771734380905
Dry AMD,1649,11,36331190,37119024,1851826052,-0.402838,-1,0.20825,0.183558,0.736226682910783
Dry AMD,1652,11,39329141,40362940,1854824003,0.337589,-0.21463,1,0.201979,0.694693782326752
Dry AMD,1672,11,61717118,62800368,1877211980,-0.339092,-1,0.21232,0.208193,0.681533876710594
Dry AMD,1694,11,87676871,88359287,1903171733,0.434574,-0.45349,1,0.288586,0.539724741399922
Dry AMD,1695,11,88359288,89209738,1903854150,0.508383,-0.51614,1,0.28983,0.537856663170802
Dry AMD,1676,11,68000950,68887344,1883495812,0.228351,-0.23971,0.77692,0.307097,0.512724426115738
Dry AMD,1683,11,76518907,77719870,1892013769,0.271654,-0.33845,1,0.328108,0.483983180423161
Dry AMD,1726,11,121208187,122589224,1936703049,-0.187104,-0.75479,0.19983,0.32968,0.481907398483468
Dry AMD,1708,11,100423902,101152831,1915918764,-0.321648,-1,0.40876,0.341459,0.466661435885024
Dry AMD,1717,11,109891838,111117780,1925386700,0.833997,-0.57307,1,0.364476,0.438331063808906
Dry AMD,1626,11,13364728,15126767,1828859590,0.318961,-0.39111,1,0.367094,0.43522271380216
Dry AMD,1731,11,126304241,127306871,1941799103,0.206266,-0.30408,0.95557,0.39494,0.403468878166396
Dry AMD,1646,11,33905328,34672697,1849400190,-0.192753,-0.87099,0.30317,0.410656,0.38652182741391
Dry AMD,1719,11,112755447,113889019,1928250309,-0.200258,-0.88415,0.32783,0.413613,0.38340581967345
Dry AMD,1734,11,129451785,130500783,1944946647,-0.348305,-1,0.5487,0.425031,0.371579393154501
Dry AMD,1686,11,79802287,80726012,1895297149,-0.238557,-1,0.43186,0.444174,0.35244686673983
Dry AMD,1619,11,7191231,7915071,1822686093,0.477273,-0.67436,1,0.459643,0.337579349458994
Dry AMD,1657,11,45019560,46316005,1860514422,-0.107737,-0.45218,0.2142,0.49278,0.307346926789042
Dry AMD,1615,11,4405708,4946051,1819900570,0.258291,-0.6354,1,0.496016,0.304504314236341
Dry AMD,1707,11,99619348,100423901,1915114210,-0.123482,-0.52122,0.25729,0.50518,0.2965538514294
Dry AMD,1622,11,10370101,11081299,1825864963,-0.215168,-1,0.49219,0.506185,0.295690728624129
Dry AMD,1644,11,32065772,32830422,1847560634,0.384135,-1,1,0.516441,0.286979286609081
Dry AMD,1718,11,111117781,112755446,1926612643,0.156555,-0.38443,0.8926,0.519739,0.284214693511365
Dry AMD,1648,11,35500368,36331189,1850995230,0.210016,-0.55355,1,0.527819,0.277514980454284
Dry AMD,1702,11,95327211,96150134,1910822073,-0.137706,-0.67676,0.31831,0.529738,0.275938872451637
Dry AMD,1711,11,102671666,103495635,1918166528,0.249231,-0.74879,1,0.541619,0.266306109000864
Dry AMD,1723,11,117295642,118901213,1932790504,0.0939751,-0.26469,0.5142,0.576028,0.239556405552584
Dry AMD,1675,11,66782662,68000949,1882277524,0.123952,-0.36698,0.74586,0.583793,0.233741116747112
Dry AMD,1650,11,37119025,37953086,1852613887,0.576001,-1,1,0.5868,0.231509894828755
Dry AMD,1621,11,9080940,10370100,1824575802,0.175295,-0.5882,1,0.594621,0.225759757049899
Dry AMD,1716,11,107846825,109891837,1923341687,0.0769992,-0.23484,0.4044,0.604389,0.218683448507026
Dry AMD,1643,11,30570130,32065771,1846064992,-0.359711,-1,0.98521,0.617814,0.209142254574781
Dry AMD,1703,11,96150135,97091671,1911644997,-0.426601,-1,0.88291,0.625419,0.203828929185483
Dry AMD,1706,11,98929381,99619347,1914424243,0.343811,-1,1,0.637202,0.195722869739078
Dry AMD,1721,11,114742318,116247377,1930237180,0.08139,-0.31714,0.53303,0.652943,0.185124729698811
Dry AMD,1722,11,116247378,117295641,1931742240,-0.0737666,-0.42131,0.26656,0.656388,0.182839367261572
Dry AMD,1710,11,101881253,102671665,1917376115,-0.0973354,-0.62926,0.39669,0.669824,0.174039295612466
Dry AMD,1674,11,64594823,66782661,1880089685,0.0714831,-0.37328,0.56234,0.71284,0.147007938471924
Dry AMD,1639,11,26356981,27018307,1841851843,-0.277233,-1,1,0.732275,0.13532579250166
Dry AMD,1730,11,125266685,126304240,1940761547,0.12124,-0.741,1,0.74557,0.127511575300774
Dry AMD,1714,11,105932283,107054024,1921427145,-0.0772529,-0.6721,0.4702,0.757897,0.120389812007938
Dry AMD,1728,11,123398883,124403477,1938893745,0.114299,-0.76412,1,0.764174,0.116807742686107
Dry AMD,1682,11,75445254,76518906,1890940116,0.0578759,-0.36481,0.49583,0.767048,0.115177458107254
Dry AMD,1620,11,7915072,9080939,1823409934,0.0566309,-0.40113,0.54966,0.781642,0.10699211270001
Dry AMD,1692,11,85869060,86629333,1901363922,-0.0496294,-0.46189,0.34621,0.787016,0.104016438363837
Dry AMD,1739,11,134351065,134946450,1949845927,0.203236,-1,1,0.794557,0.099874941883264
Dry AMD,1627,11,15126768,16383386,1830621630,0.176283,-0.98463,1,0.798407,0.0977756640452764
Dry AMD,1679,11,71242835,72875068,1886737697,0.0378388,-0.26848,0.34604,0.799907,0.0969605026763465
Dry AMD,1698,11,90967062,92209168,1906461924,-0.093663,-1,0.86208,0.802229,0.0957016426381782
Dry AMD,1614,11,3362509,4405707,1818857371,-0.0903487,-1,0.78218,0.806608,0.0933374749410636
Dry AMD,1654,11,41603196,42858197,1857098058,-0.0981677,-1,1,0.822174,0.0850362612397707
Dry AMD,1623,11,11081300,11632650,1826576162,-0.0613378,-0.81519,0.61161,0.829057,0.081415609456399
Dry AMD,1645,11,32830423,33905327,1848325285,-0.0476969,-0.54439,0.45252,0.832278,0.0797315851278107
Dry AMD,1736,11,131424362,132584401,1946919224,-0.05671,-0.90777,0.70792,0.852756,0.069175216209367
Dry AMD,1631,11,19780785,20686336,1835275647,-0.0334218,-0.45503,0.38581,0.859625,0.0656909626499211
Dry AMD,1696,11,89209739,90199932,1904704601,0.052332,-0.82866,1,0.879918,0.0555577980848558
Dry AMD,1688,11,81658299,82833181,1897153161,-0.0583171,-1,0.92532,0.88592,0.0526054938321418
Dry AMD,1628,11,16383387,17583948,1831878249,0.0208431,-0.28993,0.33766,0.890309,0.0504592363839595
Dry AMD,1732,11,127306872,128262550,1942801734,-0.0682464,-1,1,0.89104,0.0501027994543161
Dry AMD,1738,11,133521643,134351064,1949016505,0.0708543,-0.92418,1,0.900421,0.0455543847535181
Dry AMD,1715,11,107054025,107846824,1922548887,-0.0356361,-0.77354,0.67899,0.903012,0.0443064783696005
Dry AMD,1632,11,20686337,21442722,1836181199,-0.0190257,-0.37849,0.34323,0.910638,0.0406542309815114
Dry AMD,1638,11,25662919,26356980,1841157781,0.0330763,-0.98142,1,0.935295,0.0290513873462403
Dry AMD,1724,11,118901214,120064528,1934396076,0.0272612,-0.84128,0.91177,0.93631,0.0285803382281341
Dry AMD,1693,11,86629334,87676870,1902124196,0.0241288,-0.8548,0.92811,0.940804,0.0265008447817179
Dry AMD,1616,11,4946052,5533057,1820440914,-0.0130183,-0.5192,0.49354,0.954673,0.0201453599498412
Dry AMD,1613,11,2477450,3362508,1817972312,-0.0113119,-0.79597,0.73767,0.968632,0.0138411875774633
Dry AMD,1653,11,40362941,41603195,1855857803,-0.0236786,-1,1,0.969202,0.0135856983437889
Dry AMD,1656,11,43949378,45019559,1859444240,-0.00632662,-0.3607,0.34416,0.969889,0.0132779661934659
Wet AMD,1674,11,64594823,66782661,1880089685,0.262622,0.07421,0.45156,0.00628814,2.20147779766989
Wet AMD,1686,11,79802287,80726012,1895297149,-1,-1,-0.19367,0.0120399,1.9193771201902
Wet AMD,1646,11,33905328,34672697,1849400190,-0.570031,-1,-0.10105,0.0210123,1.67752640724955
Wet AMD,1629,11,17583949,18740267,1833078811,0.613978,0.06324,1,0.0311374,1.50671765422117
Wet AMD,1628,11,16383387,17583948,1831878249,0.305669,0.02226,0.60608,0.0319741,1.49520167110372
Wet AMD,1670,11,59256233,60515105,1874751095,0.399176,0.01909,1,0.0407192,1.39020076306321
Wet AMD,1681,11,74399332,75445253,1889894194,0.533752,0.01314,1,0.0429205,1.36733522738698
Wet AMD,1638,11,25662919,26356980,1841157781,-1,-1,-0.01345,0.0569206,1.24473053066583
Wet AMD,1683,11,76518907,77719870,1892013769,-0.70643,-1,0.07421,0.0768853,1.11415668671545
Wet AMD,1651,11,37953087,39329140,1853447949,-0.712778,-1,0.08306,0.0782773,1.10636416277035
Wet AMD,1671,11,60515106,61717117,1876009968,-0.340131,-0.88866,0.04909,0.0898439,1.0465114042119
Wet AMD,1624,11,11632651,12470449,1827127513,-0.384486,-1,0.06314,0.0937471,1.028042157984
Wet AMD,1679,11,71242835,72875068,1886737697,0.171033,-0.0609,0.40424,0.131913,0.87971240270945
Wet AMD,1710,11,101881253,102671665,1917376115,0.302981,-0.1242,0.85904,0.156627,0.805133370373416
Wet AMD,1694,11,87676871,88359287,1903171733,0.790671,-0.29493,1,0.157634,0.802350103979501
Wet AMD,1660,11,48765367,49386071,1864260229,-0.529214,-1,0.23746,0.164094,0.784907298377315
Wet AMD,1616,11,4946052,5533057,1820440914,-1,-1,0.49024,0.172815,0.762418564319503
Wet AMD,1727,11,122589225,123398882,1938084087,-0.292233,-0.97271,0.15183,0.184404,0.734229662679968
Wet AMD,1613,11,2477450,3362508,1817972312,-0.17371,-0.44383,0.0903,0.190679,0.719697134359956
Wet AMD,1611,11,1061400,1857845,1816556262,0.211827,-0.11074,0.62648,0.192529,0.715503844901502
Wet AMD,1714,11,105932283,107054024,1921427145,-0.652055,-1,0.31037,0.201815,0.695046557746636
Wet AMD,1669,11,58452709,59256232,1873947571,0.331724,-0.26858,1,0.246654,0.607911837169845
Wet AMD,1712,11,103495636,104875270,1918990498,-0.678682,-1,0.43351,0.254074,0.595039775068721
Wet AMD,1716,11,107846825,109891837,1923341687,-0.195501,-0.62269,0.15362,0.256097,0.591595508962562
Wet AMD,1655,11,42858198,43949377,1858353060,-0.699969,-1,0.44566,0.263959,0.578463525617176
Wet AMD,1725,11,120064529,121208186,1935559391,0.244669,-0.2607,1,0.308104,0.511302663362219
Wet AMD,1667,11,56623495,57675986,1872118357,0.340744,-0.36596,1,0.327064,0.485367256124999
Wet AMD,1700,11,93576642,94384535,1909071504,0.29599,-0.39185,1,0.346348,0.460487315870283
Wet AMD,1713,11,104875271,105932282,1920370133,0.702679,-0.59687,1,0.352298,0.453089822306777
Wet AMD,1705,11,98145571,98929380,1913640433,-0.223237,-0.89551,0.28554,0.357674,0.446512628391499
Wet AMD,1722,11,116247378,117295641,1931742240,0.126521,-0.1487,0.41353,0.362371,0.440846565531435
Wet AMD,1632,11,20686337,21442722,1836181199,0.192549,-0.24972,0.79624,0.368823,0.433182003937213
Wet AMD,1730,11,125266685,126304240,1940761547,0.649877,-0.56451,1,0.372498,0.428876054704401
Wet AMD,1635,11,23164545,24091272,1838659407,-0.128857,-0.42918,0.15299,0.373285,0.42795946131429
Wet AMD,1680,11,72875069,74399331,1888369931,0.120138,-0.14742,0.4047,0.384323,0.415303624189863
Wet AMD,1645,11,32830423,33905327,1848325285,-0.177793,-0.63678,0.25165,0.392305,0.406376156671454
Wet AMD,1625,11,12470450,13364727,1827965312,-0.119858,-0.41978,0.16066,0.395123,0.403267689421676
Wet AMD,1701,11,94384536,95327210,1909879398,0.274839,-0.45523,1,0.400022,0.397916123132379
Wet AMD,1687,11,80726013,81658298,1896220875,-0.207949,-0.85701,0.32962,0.408976,0.388302177013169
Wet AMD,1726,11,121208187,122589224,1936703049,0.138707,-0.20708,0.55348,0.416182,0.380716707088645
Wet AMD,1659,11,48066367,48765366,1863561229,0.277685,-0.48941,1,0.418154,0.378663744461832
Wet AMD,1633,11,21442723,22368743,1836937585,0.167662,-0.26494,0.70916,0.425761,0.370834122748596
Wet AMD,1658,11,46316006,48066366,1861810868,-0.20291,-1,0.3682,0.425944,0.370647495004456
Wet AMD,1626,11,13364728,15126767,1828859590,0.110259,-0.17332,0.4102,0.433074,0.363437888760288
Wet AMD,1677,11,68887345,69713996,1884382207,-0.250798,-1,0.44106,0.433448,0.363062996613711
Wet AMD,1721,11,114742318,116247377,1930237180,0.0989505,-0.16021,0.36329,0.444661,0.351970959661798
Wet AMD,1648,11,35500368,36331189,1850995230,-0.296182,-1,0.5827,0.454319,0.342639100247647
Wet AMD,1666,11,55947453,56623494,1871442315,-0.368626,-1,0.83793,0.461667,0.335671167749285
Wet AMD,1734,11,129451785,130500783,1944946647,-0.151385,-0.70425,0.30222,0.487724,0.311825873050813
Wet AMD,1711,11,102671666,103495635,1918166528,-0.266809,-1,0.67702,0.490937,0.308974235591533
Wet AMD,1723,11,117295642,118901213,1932790504,-0.117668,-0.58713,0.268,0.512252,0.290516337295204
Wet AMD,1665,11,55477634,55947452,1870972496,-1,-1,1,0.522482,0.281928666815625
Wet AMD,1738,11,133521643,134351064,1949016505,0.142094,-0.33935,0.82723,0.525906,0.279091874343365
Wet AMD,1692,11,85869060,86629333,1901363922,0.0995768,-0.24093,0.44596,0.534307,0.272209136052057
Wet AMD,1735,11,130500784,131424361,1945995646,-0.18851,-1,0.45095,0.540582,0.26713841929364
Wet AMD,1676,11,68000950,68887344,1883495812,0.159218,-0.43595,0.91778,0.550054,0.259594672776987
Wet AMD,1612,11,1857846,2477449,1817352708,0.0893031,-0.2135,0.39654,0.550122,0.259540986776189
Wet AMD,1736,11,131424362,132584401,1946919224,-0.0886478,-0.41058,0.21574,0.556099,0.254847885888524
Wet AMD,1615,11,4405708,4946051,1819900570,0.497897,-1,1,0.576499,0.239201441699479
Wet AMD,1636,11,24091273,24892439,1839586135,0.333994,-0.79557,1,0.584601,0.233140446087528
Wet AMD,1682,11,75445254,76518906,1890940116,0.104959,-0.29544,0.53968,0.587235,0.231188067782248
Wet AMD,1719,11,112755447,113889019,1928250309,-0.100901,-0.5905,0.32654,0.624803,0.204256893854959
Wet AMD,1737,11,132584402,133521642,1948079264,-0.14454,-1,0.58653,0.63391,0.197972397130748
Wet AMD,1631,11,19780785,20686336,1835275647,-0.114716,-0.88036,0.50382,0.656923,0.182485532471989
Wet AMD,1619,11,7191231,7915071,1822686093,-0.0710797,-0.42553,0.26725,0.668225,0.175077280330716
Wet AMD,1702,11,95327211,96150134,1910822073,0.124436,-0.55351,0.90043,0.668724,0.174753090018994
Wet AMD,1690,11,83677774,84613229,1899172636,0.0812666,-0.32479,0.51151,0.674481,0.171030279811763
Wet AMD,1673,11,62800369,64594822,1878295231,-0.0742602,-0.48859,0.29865,0.675727,0.170228727638971
Wet AMD,1643,11,30570130,32065771,1846064992,0.108575,-0.49175,0.80294,0.68147,0.16655325812899
Wet AMD,1639,11,26356981,27018307,1841851843,0.149866,-0.82229,1,0.699556,0.15517751417069
Wet AMD,1621,11,9080940,10370100,1824575802,0.0930769,-0.497,0.72323,0.716852,0.144570498750578
Wet AMD,1678,11,69713997,71242834,1885208859,-0.0473133,-0.36485,0.25403,0.747153,0.126590455411052
Wet AMD,1617,11,5533058,6180840,1821027920,-0.0951067,-0.87022,0.63011,0.751202,0.124243264474896
Wet AMD,1656,11,43949378,45019559,1859444240,-0.0578884,-0.4796,0.35184,0.757907,0.120384081788438
Wet AMD,1739,11,134351065,134946450,1949845927,0.0783895,-0.58449,0.82276,0.781778,0.106916555204663
Wet AMD,1695,11,88359288,89209738,1903854150,0.0935019,-0.80306,1,0.795976,0.0991000267657235
Wet AMD,1620,11,7915072,9080939,1823409934,-0.367613,-1,0.98285,0.807472,0.0928725283854985
Wet AMD,1720,11,113889020,114742317,1929383882,-0.0409793,-0.42625,0.33989,0.822088,0.0850816911353441
Wet AMD,1732,11,127306872,128262550,1942801734,0.0748234,-0.85404,1,0.835359,0.078126844022679
Wet AMD,1731,11,126304241,127306871,1941799103,0.129013,-1,1,0.840823,0.0752954170601361
Wet AMD,1610,11,87150,1061399,1815582012,0.0769311,-0.86523,1,0.851617,0.0697556777498001
Wet AMD,1642,11,29530461,30570129,1845025323,0.049544,-0.67752,0.82172,0.86709,0.0619358223913786
Wet AMD,1728,11,123398883,124403477,1938893745,0.0416046,-0.58009,0.6972,0.869615,0.0606729777062092
Wet AMD,1703,11,96150135,97091671,1911644997,0.203434,-1,1,0.874228,0.0583752879278631
Wet AMD,1649,11,36331190,37119024,1851826052,-0.10687,-1,1,0.888526,0.0513298593709813
Wet AMD,1718,11,111117781,112755446,1926612643,0.0262555,-0.39352,0.4636,0.893554,0.048879196719192
Wet AMD,1627,11,15126768,16383386,1830621630,-0.030019,-0.63204,0.51681,0.898006,0.0467207615975217
Wet AMD,1634,11,22368744,23164544,1837863606,0.0427306,-0.82078,1,0.899263,0.0461132751803373
Wet AMD,1672,11,61717118,62800368,1877211980,0.0270126,-0.58291,0.6667,0.915193,0.0384873103091361
Wet AMD,1691,11,84613230,85869059,1900108092,-0.0139496,-0.27441,0.24517,0.915433,0.0383734359554954
Wet AMD,1704,11,97091672,98145570,1912586534,0.0483231,-1,1,0.915667,0.0382624372013929
Wet AMD,1717,11,109891838,111117780,1925386700,0.0173043,-0.33904,0.37918,0.919798,0.0363075390867346
Wet AMD,1650,11,37119025,37953086,1852613887,0.0275277,-1,1,0.954332,0.0203005134668871
Wet AMD,1647,11,34672698,35500367,1850167560,0.0232832,-1,1,0.959521,0.0179455158901382
Wet AMD,1693,11,86629334,87676870,1902124196,0.0181393,-0.97007,0.99409,0.963766,0.0160283989238344
Wet AMD,1699,11,92209169,93576641,1907704031,0.0178862,-1,1,0.96403,0.0159094509190256
Wet AMD,1688,11,81658299,82833181,1897153161,0.00704637,-0.32313,0.33324,0.964998,0.0154735867493306
Wet AMD,1685,11,78912253,79802286,1894407115,-0.00130902,-0.21305,0.21516,0.990266,0.00424813185164322
Wet AMD,1657,11,45019560,46316005,1860514422,0.00103576,-0.24501,0.24016,0.993178,0.00297290911789846
Wet AMD,1675,11,66782662,68000949,1882277524,-0.000963948,-0.2831,0.27239,0.994391,0.00244281504624392
Any AMD,1670,11,59256233,60515105,1874751095,0.725354,0.32951,1,0.000516598,3.28684727952284
Any AMD,1669,11,58452709,59256232,1873947571,0.529126,0.13687,1,0.0107915,1.96691818493283
Any AMD,1633,11,21442723,22368743,1836937585,0.585713,0.10697,1,0.0211999,1.67366618763496
Any AMD,1687,11,80726013,81658298,1896220875,-0.749537,-1,-0.12019,0.0283758,1.54705188554551
Any AMD,1667,11,56623495,57675986,1872118357,0.411181,0.04858,0.86731,0.0287557,1.54127605590708
Any AMD,1630,11,18740268,19780784,1834235130,-1,-1,-0.10223,0.0296526,1.52793722081076
Any AMD,1674,11,64594823,66782661,1880089685,0.231196,-0.00858,0.50284,0.0619947,1.20764543726209
Any AMD,1694,11,87676871,88359287,1903171733,0.588285,-0.0372,1,0.0673478,1.17167658648094
Any AMD,1686,11,79802287,80726012,1895297149,-0.406702,-1,0.03236,0.0678853,1.16822425841536
Any AMD,1651,11,37953087,39329140,1853447949,-0.406302,-0.96617,0.02979,0.0732496,1.13519474255429
Any AMD,1641,11,28577719,29530460,1844072581,-0.494836,-1,0.05849,0.0747706,1.12626913432398
Any AMD,1616,11,4946052,5533057,1820440914,-0.589797,-1,0.08638,0.0906231,1.04276108572485
Any AMD,1635,11,23164545,24091272,1838659407,-0.263077,-0.60478,0.04682,0.0919223,1.03657911764427
Any AMD,1612,11,1857846,2477449,1817352708,0.264289,-0.04547,0.625,0.0933943,1.02967962863165
Any AMD,1646,11,33905328,34672697,1849400190,-0.36952,-1,0.07485,0.103469,0.985189748231789
Any AMD,1680,11,72875069,74399331,1888369931,0.187157,-0.03922,0.43677,0.115443,0.937632395822076
Any AMD,1690,11,83677774,84613229,1899172636,0.270927,-0.0877,0.69248,0.137218,0.862588914956363
Any AMD,1678,11,69713997,71242834,1885208859,0.20251,-0.07633,0.51815,0.147513,0.831169704570699
Any AMD,1647,11,34672698,35500367,1850167560,-0.430882,-1,0.1794,0.153076,0.815092894766224
Any AMD,1706,11,98929381,99619347,1914424243,0.721734,-0.32813,1,0.161956,0.790602958005007
Any AMD,1727,11,122589225,123398882,1938084087,-0.261025,-0.71126,0.10731,0.16242,0.78936049384585
Any AMD,1691,11,84613230,85869059,1900108092,-0.172448,-0.41835,0.07938,0.163698,0.785956626600703
Any AMD,1729,11,124403478,125266684,1939898340,-0.329045,-1,0.15543,0.177568,0.750635296865928
Any AMD,1649,11,36331190,37119024,1851826052,-0.416175,-1,0.242,0.193355,0.713644592950455
Any AMD,1636,11,24091273,24892439,1839586135,0.34207,-0.2146,1,0.208433,0.681033520577342
Any AMD,1676,11,68000950,68887344,1883495812,0.258589,-0.19013,0.81318,0.237364,0.624585148005293
Any AMD,1610,11,87150,1061399,1815582012,0.251631,-0.20895,0.93535,0.257302,0.589556838019782
Any AMD,1617,11,5533058,6180840,1821027920,-0.309018,-1,0.27984,0.277547,0.556663462587163
Any AMD,1653,11,40362941,41603195,1855857803,0.825548,-0.55676,1,0.283891,0.546848375393456
Any AMD,1642,11,29530461,30570129,1845025323,0.324641,-0.32566,1,0.289721,0.538020024459406
Any AMD,1720,11,113889020,114742317,1929383882,-0.187897,-0.56886,0.17728,0.290438,0.536946562522039
Any AMD,1734,11,129451785,130500783,1944946647,-0.377201,-1,0.37478,0.292776,0.533464526981009
Any AMD,1708,11,100423902,101152831,1915918764,-0.39622,-1,0.37204,0.293121,0.532953066387854
Any AMD,1628,11,16383387,17583948,1831878249,0.13505,-0.12019,0.40042,0.298807,0.524609232740963
Any AMD,1679,11,71242835,72875068,1886737697,0.116309,-0.11267,0.34864,0.313786,0.50336643697082
Any AMD,1698,11,90967062,92209168,1906461924,-0.38333,-1,0.46295,0.340035,0.46847637847377
Any AMD,1613,11,2477450,3362508,1817972312,-0.174394,-0.61309,0.20795,0.346139,0.460749465338717
Any AMD,1719,11,112755447,113889019,1928250309,-0.346771,-1,0.39925,0.349257,0.456854880758783
Any AMD,1710,11,101881253,102671665,1917376115,0.202338,-0.25253,0.74804,0.354035,0.450953801376787
Any AMD,1731,11,126304241,127306871,1941799103,0.196127,-0.26029,0.78359,0.373174,0.428088622293919
Any AMD,1725,11,120064529,121208186,1935559391,0.314674,-0.39536,1,0.390162,0.408755031184335
Any AMD,1695,11,88359288,89209738,1903854150,0.33885,-0.65399,1,0.414341,0.382642090132184
Any AMD,1673,11,62800369,64594822,1878295231,-0.1812,-0.89963,0.30028,0.417823,0.379007656988186
Any AMD,1730,11,125266685,126304240,1940761547,0.273516,-0.45877,1,0.419295,0.377480316431053
Any AMD,1671,11,60515106,61717117,1876009968,-0.218822,-1,0.42283,0.460605,0.336671351954455
Any AMD,1715,11,107054025,107846824,1922548887,-0.233791,-1,0.50146,0.465477,0.332101773371921
Any AMD,1721,11,114742318,116247377,1930237180,0.103581,-0.17838,0.40943,0.469473,0.328389379517556
Any AMD,1682,11,75445254,76518906,1890940116,0.59946,-0.64582,1,0.469714,0.328166495315717
Any AMD,1685,11,78912253,79802286,1894407115,-0.0954762,-0.38678,0.17683,0.491709,0.308291842524226
Any AMD,1621,11,9080940,10370100,1824575802,0.191558,-0.41644,1,0.49398,0.306290634204836
Any AMD,1620,11,7915072,9080939,1823409934,0.121322,-0.24566,0.53725,0.497153,0.303509935552254
Any AMD,1701,11,94384536,95327210,1909879398,0.226925,-0.56765,1,0.505606,0.296187780945153
Any AMD,1717,11,109891838,111117780,1925386700,0.195244,-0.48188,1,0.522952,0.281538171728902
Any AMD,1611,11,1061400,1857845,1816556262,-0.104676,-0.50628,0.26159,0.537757,0.269413927678599
Any AMD,1662,11,50217009,51098366,1865711871,-0.988891,-1,0.89176,0.54305,0.265160181968428
Any AMD,1622,11,10370101,11081299,1825864963,-0.203196,-1,0.61335,0.553402,0.256959275647914
Any AMD,1658,11,46316006,48066366,1861810868,0.979457,-0.66315,1,0.557008,0.254138567248345
Any AMD,1659,11,48066367,48765366,1863561229,0.564524,-1,1,0.574385,0.240796910169463
Any AMD,1737,11,132584402,133521642,1948079264,-0.629275,-1,0.89831,0.583094,0.234261427418431
Any AMD,1615,11,4405708,4946051,1819900570,0.264516,-0.96737,1,0.596805,0.224167547024474
Any AMD,1645,11,32830423,33905327,1848325285,-0.113842,-0.61061,0.3475,0.602696,0.219901690867732
Any AMD,1693,11,86629334,87676870,1902124196,0.150211,-0.51919,1,0.610126,0.214580467523702
Any AMD,1656,11,43949378,45019559,1859444240,-0.0809029,-0.41444,0.24475,0.614849,0.211231528970559
Any AMD,1634,11,22368744,23164544,1837863606,-0.185102,-1,0.68249,0.634594,0.197504038411481
Any AMD,1652,11,39329141,40362940,1854824003,0.112011,-0.44726,0.73993,0.657128,0.182350027275445
Any AMD,1629,11,17583949,18740267,1833078811,0.15091,-0.64693,1,0.666141,0.176433835333116
Any AMD,1716,11,107846825,109891837,1923341687,-0.0493296,-0.27966,0.18609,0.668361,0.174988899860259
Any AMD,1692,11,85869060,86629333,1901363922,-0.0656666,-0.39357,0.24995,0.67403,0.171320773279952
Any AMD,1723,11,117295642,118901213,1932790504,0.0521256,-0.20103,0.30766,0.675439,0.170413866715417
Any AMD,1668,11,57675987,58452708,1873170849,0.215334,-1,1,0.688053,0.162378107228141
Any AMD,1728,11,123398883,124403477,1938893745,0.0890159,-0.43016,0.69761,0.702519,0.153341925538796
Any AMD,1626,11,13364728,15126767,1828859590,-0.0733716,-0.59693,0.37039,0.715753,0.14523682300498
Any AMD,1625,11,12470450,13364727,1827965312,0.0686126,-0.35279,0.50876,0.729264,0.137115224785064
Any AMD,1624,11,11632651,12470449,1827127513,-0.103972,-0.97522,0.71801,0.74325,0.128865082123025
Any AMD,1707,11,99619348,100423901,1915114210,0.0704481,-0.41612,0.57619,0.755321,0.121868440554606
Any AMD,1672,11,61717118,62800368,1877211980,-0.0653515,-0.5619,0.40167,0.760247,0.119045284943799
Any AMD,1722,11,116247378,117295641,1931742240,0.0494611,-0.28845,0.38821,0.761494,0.118333514228342
Any AMD,1675,11,66782662,68000949,1882277524,-0.0406765,-0.31574,0.23711,0.764351,0.116707161899217
Any AMD,1665,11,55477634,55947452,1870972496,0.30555,-1,1,0.770856,0.113026742891045
Any AMD,1643,11,30570130,32065771,1846064992,-0.09741,-1,0.73348,0.771521,0.112652248395392
Any AMD,1681,11,74399332,75445253,1889894194,-0.0743326,-0.79919,0.57419,0.793535,0.100433913305294
Any AMD,1631,11,19780785,20686336,1835275647,-0.0403556,-0.36195,0.28918,0.794106,0.10012152258238
Any AMD,1688,11,81658299,82833181,1897153161,-0.0440507,-0.43882,0.32655,0.80677,0.0932502595379717
Any AMD,1619,11,7191231,7915071,1822686093,-0.0571583,-0.62464,0.48945,0.813848,0.0894566994417205
Any AMD,1632,11,20686337,21442722,1836181199,-0.0793073,-1,0.78563,0.825557,0.0832529358101997
Any AMD,1702,11,95327211,96150134,1910822073,0.0552562,-0.54637,0.68014,0.831691,0.0800379981336448
Any AMD,1718,11,111117781,112755446,1926612643,0.0367004,-0.49808,0.6243,0.872615,0.059177325888234
Any AMD,1726,11,121208187,122589224,1936703049,-0.0240294,-0.4468,0.38804,0.894913,0.0482191830711888
Any AMD,1732,11,127306872,128262550,1942801734,-0.0294131,-0.64691,0.60854,0.911437,0.0402733451087755
Any AMD,1627,11,15126768,16383386,1830621630,0.0273633,-0.61056,0.74347,0.91776,0.0372708746843315
Any AMD,1657,11,45019560,46316005,1860514422,-0.0142596,-0.31613,0.2763,0.922351,0.0351037770434374
Any AMD,1739,11,134351065,134946450,1949845927,-0.0257048,-0.66931,0.6031,0.922933,0.0348298252865817
Any AMD,1738,11,133521643,134351064,1949016505,-0.0297452,-0.88736,0.78285,0.924156,0.0342547125237571
Any AMD,1711,11,102671666,103495635,1918166528,-0.0360611,-1,1,0.927009,0.0329160494246904
Any AMD,1648,11,35500368,36331189,1850995230,-0.0311217,-1,0.89211,0.930092,0.0314740911060734
Any AMD,1623,11,11081300,11632650,1826576162,0.0127852,-0.61981,0.64422,0.960935,0.017305988081763
Any AMD,1650,11,37119025,37953086,1852613887,0.00824573,-1,1,0.985754,0.00623145196774651
Dry AMD,1779,12,40017397,41198229,1990458709,0.863744,0.34416,1,0.00170478,2.76833165828481
Dry AMD,1783,12,43980532,44923825,1994421844,-0.631997,-1,-0.03701,0.0466671,1.33098918632567
Dry AMD,1860,12,131404043,132012316,2081845355,-0.741526,-1,0.01168,0.0669634,1.17416250358482
Dry AMD,1841,12,111592382,113947983,2062033694,0.231581,-0.01514,0.49909,0.0677565,1.16904903582294
Dry AMD,1801,12,66114644,67183620,2016555956,0.319493,-0.04312,0.80189,0.0817254,1.08764294511446
Dry AMD,1849,12,120567741,121817509,2071009053,0.499386,-0.07955,1,0.0927687,1.03259852927924
Dry AMD,1805,12,70097806,71177961,2020539118,-0.346465,-0.86275,0.06246,0.0931948,1.03060831934461
Dry AMD,1785,12,46037745,47499603,1996479057,0.343616,-0.09989,1,0.122936,0.91032092173565
Dry AMD,1806,12,71177962,71948185,2021619274,0.484916,-0.14774,1,0.134141,0.872438460386428
Dry AMD,1853,12,126079936,126871452,2076521248,-0.257643,-0.7123,0.1215,0.177219,0.751489718381217
Dry AMD,1858,12,129887419,130629840,2080328731,-0.21579,-0.57974,0.1023,0.178275,0.74890955488012
Dry AMD,1819,12,85345632,86933476,2035786944,-0.211646,-0.53544,0.09961,0.181322,0.741549499274868
Dry AMD,1778,12,38746761,40017396,1989188073,0.331641,-0.18766,1,0.192727,0.715057438797571
Dry AMD,1799,12,63764112,64403857,2014205424,0.712345,-0.32367,1,0.212146,0.67336515241636
Dry AMD,1796,12,60000364,61737953,2010441676,-0.374093,-1,0.24887,0.221668,0.654296997126779
Dry AMD,1793,12,55416803,56987105,2005858115,-0.170921,-0.45828,0.10537,0.222257,0.653144552006796
Dry AMD,1795,12,58748140,60000363,2009189452,0.563323,-0.38008,1,0.233485,0.631741014997141
Dry AMD,1834,12,104140832,105079100,2054582144,0.35114,-0.2746,1,0.238412,0.622671889021464
Dry AMD,1807,12,71948186,73154515,2022389498,-0.232802,-0.71802,0.17987,0.263067,0.579933627842744
Dry AMD,1813,12,79315179,80952472,2029756491,0.170262,-0.13311,0.4931,0.269976,0.568674841510793
Dry AMD,1781,12,42117737,43072679,1992559049,0.326297,-0.29722,1,0.280587,0.551932454330654
Dry AMD,1743,12,3069507,3871114,1953510819,-0.336585,-1,0.31666,0.283509,0.547433149863504
Dry AMD,1824,12,93487548,94385884,2043928860,0.420528,-0.48484,1,0.314445,0.502455306610974
Dry AMD,1810,12,75563969,76524573,2026005281,0.531141,-0.44332,1,0.318287,0.497181099184719
Dry AMD,1846,12,117091844,118256124,2067533156,0.213974,-0.27193,0.93495,0.350377,0.455464410212079
Dry AMD,1859,12,130629841,131404042,2081071153,-0.211955,-0.88082,0.25799,0.354945,0.449838937218244
Dry AMD,1750,12,10176714,10946140,1960618026,0.197703,-0.25032,0.69328,0.362252,0.440989208102292
Dry AMD,1762,12,21572253,22928055,1972013565,0.198156,-0.29353,0.87834,0.388162,0.410986983110702
Dry AMD,1818,12,84356776,85345631,2034798088,0.430981,-0.72176,1,0.389559,0.409426757673158
Dry AMD,1773,12,31797153,32368905,1982238465,-0.299911,-1,0.49002,0.390811,0.408033220869158
Dry AMD,1765,12,25058715,25990813,1975500027,0.236112,-0.35259,1,0.394558,0.403889146501549
Dry AMD,1832,12,101825062,102966633,2052266374,-0.150218,-0.57025,0.21974,0.401043,0.39680905964532
Dry AMD,1843,12,114685671,115439451,2065126983,-0.230696,-1,0.39507,0.411886,0.385222969456734
Dry AMD,1838,12,108183189,109031819,2058624501,-0.194319,-0.87466,0.30989,0.420907,0.375813851548024
Dry AMD,1791,12,53039988,54371448,2003481300,0.130109,-0.20151,0.47854,0.424445,0.372178578079713
Dry AMD,1850,12,121817510,123396634,2072258822,-0.302057,-1,0.48615,0.428446,0.368103907416076
Dry AMD,1767,12,26958057,27797262,1977399369,0.269215,-0.48976,1,0.430701,0.365824119892896
Dry AMD,1823,12,92061180,93487547,2042502492,0.183737,-0.32948,0.98699,0.435176,0.361335064033629
Dry AMD,1792,12,54371449,55416802,2004812761,0.139504,-0.23054,0.56002,0.447451,0.349254516984432
Dry AMD,1836,12,106153788,106964977,2056595100,0.248993,-0.44606,1,0.456711,0.340358528174541
Dry AMD,1855,12,127545378,128372588,2077986690,-0.143334,-0.57714,0.2503,0.46355,0.333903414587568
Dry AMD,1861,12,132012317,132957945,2082453629,-0.147729,-0.74169,0.29231,0.465057,0.332493814274855
Dry AMD,1752,12,11742150,12721874,1962183462,-0.208134,-1,0.45954,0.484028,0.315129514608141
Dry AMD,1780,12,41198230,42117736,1991639542,-0.142535,-0.80294,0.4098,0.554216,0.256320940460308
Dry AMD,1848,12,119301062,120567740,2069742374,-0.138881,-0.77513,0.38582,0.555681,0.255174452479017
Dry AMD,1771,12,30358378,31067298,1980799690,-1,-1,1,0.56107,0.250982952082093
Dry AMD,1826,12,95147846,96017782,2045589158,-0.185608,-1,0.56161,0.56625,0.246991784979112
Dry AMD,1797,12,61737954,63055936,2012179266,0.233281,-0.89707,1,0.582699,0.234555727224514
Dry AMD,1854,12,126871453,127545377,2077312765,0.104937,-0.30856,0.57105,0.597141,0.22392310891794
Dry AMD,1786,12,47499604,48227035,1997940916,0.125552,-0.3756,0.73504,0.598334,0.223056317912021
Dry AMD,1852,12,124843769,126079935,2075285081,-0.060871,-0.30233,0.16914,0.604509,0.218597228928535
Dry AMD,1842,12,113947984,114685670,2064389296,0.142431,-0.50929,0.89895,0.615438,0.210815691902649
Dry AMD,1821,12,88344765,90567001,2038786077,0.0753737,-0.23144,0.3879,0.615501,0.210771237137004
Dry AMD,1815,12,81843891,82576129,2032285203,0.238407,-1,1,0.626411,0.203140624517553
Dry AMD,1856,12,128372589,129170296,2078813901,0.243103,-0.78979,1,0.63754,0.195492561899024
Dry AMD,1833,12,102966634,104140831,2053407946,0.086175,-0.28599,0.48309,0.63969,0.194030438369141
Dry AMD,1847,12,118256125,119301061,2068697437,-0.468648,-1,1,0.646039,0.189741263779616
Dry AMD,1845,12,116197676,117091843,2066638988,-0.0863019,-0.53028,0.319,0.656736,0.182609176535882
Dry AMD,1760,12,20074931,20866285,1970516243,-0.121213,-0.90129,0.52407,0.66217,0.179030499104325
Dry AMD,1744,12,3871115,4967643,1954312427,0.103294,-0.46458,0.77491,0.674617,0.170942719012267
Dry AMD,1830,12,99244338,100931423,2049685650,0.0912198,-0.41671,0.70361,0.680529,0.167153363081337
Dry AMD,1822,12,90567002,92061179,2041008314,0.0677342,-0.27455,0.41144,0.681831,0.166323257107013
Dry AMD,1776,12,34340496,38108284,1984781808,0.126582,-0.59277,1,0.681901,0.16627867266702
Dry AMD,1774,12,32368906,33076722,1982810218,0.122325,-0.6408,1,0.696929,0.156811463621966
Dry AMD,1768,12,27797263,28753585,1978238575,-0.135923,-1,0.7758,0.696972,0.156784668802638
Dry AMD,1766,12,25990814,26958056,1976432126,0.219197,-0.83275,1,0.703969,0.152446465041646
Dry AMD,1798,12,63055937,63764111,2013497249,0.133412,-0.68304,1,0.754174,0.122528443888985
Dry AMD,1758,12,18470024,19532765,1968911336,0.0936914,-0.63264,0.96022,0.757978,0.120343399403907
Dry AMD,1862,12,132957946,133841814,2083399258,0.0840289,-0.5666,0.78939,0.759391,0.119534554251132
Dry AMD,1777,12,38108285,38746760,1988549597,0.131821,-1,1,0.766199,0.115658419169393
Dry AMD,1827,12,96017783,96828314,2046459095,0.0431211,-0.27949,0.36174,0.783054,0.106208287631235
Dry AMD,1829,12,97814022,99244337,2048255334,0.0651113,-0.49803,0.67129,0.786611,0.104239984692229
Dry AMD,1772,12,31067299,31797152,1981508611,0.0776564,-0.61768,0.8364,0.78911,0.102862452984271
Dry AMD,1835,12,105079101,106153787,2055520413,0.15632,-1,1,0.792816,0.100827593838632
Dry AMD,1851,12,123396635,124843768,2073837947,0.0690939,-0.57775,0.777,0.80314,0.0952087437277314
Dry AMD,1787,12,48227036,48960265,1998668348,-0.0451113,-0.42776,0.33193,0.804429,0.0945122812963881
Dry AMD,1740,12,60317,1078397,1950501629,-0.0725752,-0.97892,0.78101,0.822042,0.0851059927978316
Dry AMD,1857,12,129170297,129887418,2079611609,-0.0584389,-0.82419,0.64774,0.831654,0.0800573193157604
Dry AMD,1804,12,68839662,70097805,2019280974,0.0381308,-0.48672,0.61152,0.861768,0.0646096365895447
Dry AMD,1817,12,83551126,84356775,2033992438,-0.0957327,-1,1,0.877788,0.0566103605717079
Dry AMD,1800,12,64403858,66114643,2014845170,-0.0716029,-1,0.9065,0.882612,0.0542301721773436
Dry AMD,1770,12,29647194,30358377,1980088506,-0.0293685,-0.52864,0.46007,0.891498,0.0498796267902958
Dry AMD,1814,12,80952473,81843890,2031393785,-0.0283512,-0.61879,0.54569,0.909559,0.0411691244802516
Dry AMD,1803,12,68006683,68839661,2018447995,0.0198757,-0.37797,0.42241,0.916678,0.0377831914635436
Dry AMD,1759,12,19532766,20074930,1969974078,-0.0612004,-1,1,0.917956,0.0371781351551489
Dry AMD,1788,12,48960266,50344346,1999401578,-0.0137509,-0.54997,0.5266,0.952731,0.0210297034610012
Dry AMD,1790,12,51769420,53039987,2002210732,0.00802191,-0.28844,0.29711,0.955567,0.0197388567929938
Dry AMD,1828,12,96828315,97814021,2047269627,-0.00986168,-0.47636,0.45722,0.963228,0.0162709014301575
Dry AMD,1831,12,100931424,101825061,2051372736,0.0156801,-1,1,0.968037,0.0141080429098538
Dry AMD,1820,12,86933477,88344764,2037374789,0.00872983,-0.5639,0.55443,0.970273,0.0131060536591224
Dry AMD,1753,12,12721875,13559527,1963163187,-0.00779999,-0.61928,0.60546,0.974563,0.0111900809506818
Wet AMD,1801,12,66114644,67183620,2016555956,0.704091,0.31998,1,0.000480893,3.31795154458038
Wet AMD,1819,12,85345632,86933476,2035786944,-0.359078,-0.62823,-0.11055,0.00622255,2.20603160502281
Wet AMD,1752,12,11742150,12721874,1962183462,-0.960531,-1,-0.23916,0.0089487,2.04824005114595
Wet AMD,1779,12,40017397,41198229,1990458709,0.833773,0.21145,1,0.0103255,1.986088908971
Wet AMD,1862,12,132957946,133841814,2083399258,0.545789,0.12985,1,0.0129812,1.8866851589001
Wet AMD,1817,12,83551126,84356775,2033992438,-0.755456,-1,-0.18076,0.0175606,1.75546064946423
Wet AMD,1825,12,94385885,95147845,2044827197,-0.433349,-0.93524,-0.06127,0.0205987,1.68616018742899
Wet AMD,1778,12,38746761,40017396,1989188073,0.617114,0.09777,1,0.0239036,1.62153668723611
Wet AMD,1792,12,54371449,55416802,2004812761,0.300908,0.01826,0.60162,0.0350558,1.45524011750884
Wet AMD,1834,12,104140832,105079100,2054582144,0.592986,0.03014,1,0.0425083,1.37152626307292
Wet AMD,1836,12,106153788,106964977,2056595100,-0.403736,-1,0.00719,0.0577644,1.23833973332379
Wet AMD,1756,12,16136743,17374895,1966578055,0.466219,-0.0118,1,0.0655153,1.18365726596802
Wet AMD,1810,12,75563969,76524573,2026005281,0.548502,-0.01241,1,0.0687929,1.16245638225776
Wet AMD,1847,12,118256125,119301061,2068697437,-0.805328,-1,0.05499,0.0721445,1.14179677213386
Wet AMD,1859,12,130629841,131404042,2081071153,-0.375759,-1,0.07033,0.0937642,1.02796294744404
Wet AMD,1820,12,86933477,88344764,2037374789,0.628202,-0.11099,1,0.106988,0.970664930969372
Wet AMD,1860,12,131404043,132012316,2081845355,0.331629,-0.08775,0.89701,0.109726,0.959690452474305
Wet AMD,1799,12,63764112,64403857,2014205424,0.35368,-0.11536,0.99655,0.136709,0.864202893466745
Wet AMD,1852,12,124843769,126079935,2075285081,0.19042,-0.06831,0.46103,0.150796,0.82161017836656
Wet AMD,1765,12,25058715,25990813,1975500027,0.35674,-0.14377,1,0.166533,0.778499694302826
Wet AMD,1809,12,74080748,75563968,2024522060,0.787428,-0.45387,1,0.194664,0.71071435688749
Wet AMD,1743,12,3069507,3871114,1953510819,-0.419574,-1,0.24288,0.196234,0.707225743474355
Wet AMD,1757,12,17374896,18470023,1967816208,-0.764321,-1,0.33397,0.207656,0.682655515894119
Wet AMD,1794,12,56987106,58748139,2007428418,0.605467,-0.26006,1,0.211966,0.673733795658882
Wet AMD,1826,12,95147846,96017782,2045589158,-0.487997,-1,0.33854,0.225095,0.647634151807684
Wet AMD,1777,12,38108285,38746760,1988549597,-0.380721,-1,0.28748,0.230531,0.63727066583316
Wet AMD,1785,12,46037745,47499603,1996479057,0.314316,-0.21166,1,0.233973,0.630834256382851
Wet AMD,1770,12,29647194,30358377,1980088506,1,-0.38593,1,0.239221,0.621200698497168
Wet AMD,1791,12,53039988,54371448,2003481300,0.185866,-0.13751,0.52244,0.245478,0.60998742373136
Wet AMD,1787,12,48227036,48960265,1998668348,0.456071,-0.38442,1,0.249465,0.602990377387766
Wet AMD,1774,12,32368906,33076722,1982810218,0.408434,-0.34206,1,0.252031,0.598546037389418
Wet AMD,1842,12,113947984,114685670,2064389296,0.227122,-0.18209,0.68829,0.267796,0.57219591422058
Wet AMD,1789,12,50344347,51769419,2000785659,-0.235316,-0.87384,0.21384,0.27634,0.558556246744945
Wet AMD,1768,12,27797263,28753585,1978238575,-0.557341,-1,0.52218,0.280545,0.551997467084423
Wet AMD,1781,12,42117737,43072679,1992559049,-0.215182,-0.67391,0.21802,0.302572,0.519171264046243
Wet AMD,1749,12,8760629,10176713,1959201941,0.330247,-0.34396,1,0.304496,0.516418408086402
Wet AMD,1783,12,43980532,44923825,1994421844,-0.256662,-0.97792,0.28501,0.308151,0.51123641857495
Wet AMD,1828,12,96828315,97814021,2047269627,-0.286439,-1,0.33626,0.322835,0.491019387571808
Wet AMD,1807,12,71948186,73154515,2022389498,-0.310612,-1,0.37755,0.329,0.482804102050026
Wet AMD,1754,12,13559528,14656849,1964000840,-0.20005,-0.73978,0.25334,0.354506,0.450376410001817
Wet AMD,1827,12,96017783,96828314,2046459095,0.193111,-0.26212,0.79791,0.368908,0.433081926724448
Wet AMD,1755,12,14656850,16136742,1965098162,-0.743621,-1,0.47656,0.388602,0.410494968567094
Wet AMD,1813,12,79315179,80952472,2029756491,0.135381,-0.17233,0.46641,0.389976,0.408962119610138
Wet AMD,1750,12,10176714,10946140,1960618026,0.165254,-0.2232,0.5806,0.390148,0.408770615049074
Wet AMD,1814,12,80952473,81843890,2031393785,0.225023,-0.3148,0.96597,0.39151,0.407257140657495
Wet AMD,1846,12,117091844,118256124,2067533156,0.158784,-0.23353,0.5865,0.396615,0.401630864780138
Wet AMD,1835,12,105079101,106153787,2055520413,-0.181674,-0.69098,0.26183,0.404783,0.392777735202905
Wet AMD,1790,12,51769420,53039987,2002210732,-0.391455,-1,0.4779,0.405809,0.391678325447094
Wet AMD,1763,12,22928056,23923798,1973369368,0.136833,-0.24177,0.64629,0.443745,0.35286652742337
Wet AMD,1764,12,23923799,25058714,1974365111,0.182619,-0.33698,0.90047,0.448121,0.348604703553103
Wet AMD,1744,12,3871115,4967643,1954312427,0.15716,-0.288,0.69384,0.461732,0.335610025943045
Wet AMD,1795,12,58748140,60000363,2009189452,0.279422,-0.6396,1,0.498698,0.302162373491494
Wet AMD,1845,12,116197676,117091843,2066638988,-0.123639,-0.54813,0.25746,0.503011,0.29842251755428
Wet AMD,1775,12,33076723,34340495,1983518035,0.130266,-0.27779,0.56003,0.506448,0.295465139587808
Wet AMD,1858,12,129887419,130629840,2080328731,0.267122,-0.53559,1,0.507787,0.294318421817031
Wet AMD,1829,12,97814022,99244337,2048255334,0.1639,-0.38476,0.85307,0.517698,0.285923512805746
Wet AMD,1841,12,111592382,113947983,2062033694,0.0987924,-0.22427,0.44315,0.52292,0.281564747492333
Wet AMD,1758,12,18470024,19532765,1968911336,-0.18081,-1,0.43546,0.523,0.281498311132726
Wet AMD,1823,12,92061180,93487547,2042502492,-0.116248,-0.59672,0.26958,0.534096,0.27238067457614
Wet AMD,1800,12,64403858,66114643,2014845170,0.128977,-0.34365,0.72781,0.543481,0.264815634170864
Wet AMD,1844,12,115439452,116197675,2065880764,0.199168,-0.54734,1,0.547151,0.261892802703268
Wet AMD,1741,12,1078398,1942426,1951519710,0.230667,-0.57567,1,0.577999,0.238072912954657
Wet AMD,1760,12,20074931,20866285,1970516243,-0.488942,-1,0.83671,0.578785,0.237482732738976
Wet AMD,1771,12,30358378,31067298,1980799690,-0.287896,-1,1,0.581857,0.235183736555938
Wet AMD,1806,12,71177962,71948185,2021619274,0.237951,-0.93287,1,0.593737,0.226405886234568
Wet AMD,1751,12,10946141,11742149,1961387453,0.179547,-0.70341,1,0.630156,0.200551924272651
Wet AMD,1837,12,106964978,108183188,2057406290,0.0925307,-0.30971,0.51045,0.633349,0.19835691082568
Wet AMD,1853,12,126079936,126871452,2076521248,0.185057,-0.70676,1,0.648124,0.188341896345676
Wet AMD,1773,12,31797153,32368905,1982238465,0.197523,-0.95244,1,0.651084,0.186362977049187
Wet AMD,1793,12,55416803,56987105,2005858115,0.0548612,-0.19464,0.30499,0.657524,0.182088390553278
Wet AMD,1796,12,60000364,61737953,2010441676,-0.145042,-1,0.69222,0.675799,0.170182455199186
Wet AMD,1786,12,47499604,48227035,1997940916,0.129571,-0.64897,1,0.68962,0.161390151818371
Wet AMD,1818,12,84356776,85345631,2034798088,0.11699,-0.55967,0.87428,0.690451,0.160867137048726
Wet AMD,1740,12,60317,1078397,1950501629,-0.0481755,-0.29999,0.20325,0.701716,0.153838620902437
Wet AMD,1851,12,123396635,124843768,2073837947,-0.10795,-0.91341,0.56748,0.707602,0.150210948249968
Wet AMD,1832,12,101825062,102966633,2052266374,0.103252,-0.57408,0.9829,0.719953,0.142695854272757
Wet AMD,1803,12,68006683,68839661,2018447995,-0.178695,-1,0.99646,0.738068,0.131903623726689
Wet AMD,1849,12,120567741,121817509,2071009053,0.077126,-0.50005,0.70875,0.764274,0.116750914520212
Wet AMD,1753,12,12721875,13559527,1963163187,-0.0596241,-0.52837,0.37499,0.766797,0.11531959491499
Wet AMD,1776,12,34340496,38108284,1984781808,-0.0743447,-0.76332,0.57862,0.785476,0.104867080167994
Wet AMD,1861,12,132012317,132957945,2082453629,0.0193137,-0.1289,0.17056,0.800974,0.0963815810940318
Wet AMD,1784,12,44923826,46037744,1995365138,0.0524516,-0.4414,0.56801,0.815675,0.0884828483811199
Wet AMD,1767,12,26958057,27797262,1977399369,0.0501038,-0.48119,0.6292,0.82722,0.0823789740269264
Wet AMD,1759,12,19532766,20074930,1969974078,-0.166684,-1,1,0.840705,0.075356369656761
Wet AMD,1772,12,31067299,31797152,1981508611,-0.0477947,-0.63997,0.52012,0.850758,0.0701939583772957
Wet AMD,1782,12,43072680,43980531,1993513992,-0.0746838,-1,1,0.858061,0.0664818368346161
Wet AMD,1769,12,28753586,29647193,1979194898,0.135342,-1,1,0.858494,0.0662627357692234
Wet AMD,1797,12,61737954,63055936,2012179266,0.0976807,-1,1,0.864506,0.063231988210939
Wet AMD,1857,12,129170297,129887418,2079611609,-0.0305963,-0.47008,0.38698,0.87313,0.0589210895367986
Wet AMD,1840,12,110111515,111592381,2060552827,-0.0249505,-0.41652,0.37664,0.894241,0.0485454220708085
Wet AMD,1855,12,127545378,128372588,2077986690,0.0308608,-0.59357,0.6775,0.903689,0.0439810040625517
Wet AMD,1824,12,93487548,94385884,2043928860,-0.024819,-0.53979,0.49754,0.914926,0.0386140306234882
Wet AMD,1742,12,1942427,3069506,1952383739,0.00943711,-0.23947,0.26992,0.940209,0.0267755959135293
Wet AMD,1805,12,70097806,71177961,2020539118,-0.0108394,-0.36731,0.33984,0.949259,0.0226152765881568
Wet AMD,1848,12,119301062,120567740,2069742374,0.0187883,-0.81272,0.91431,0.95409,0.020410656050848
Wet AMD,1831,12,100931424,101825061,2051372736,0.0112281,-0.42318,0.46392,0.956605,0.0192673534800127
Wet AMD,1766,12,25990814,26958056,1976432126,-0.0126722,-0.93974,0.92682,0.971411,0.0125969829998441
Wet AMD,1850,12,121817510,123396634,2072258822,0.00640601,-0.39157,0.40624,0.972596,0.0120675208890627
Wet AMD,1780,12,41198230,42117736,1991639542,0.00632287,-0.41396,0.43458,0.973755,0.0115502993149278
Wet AMD,1812,12,77800464,79315178,2028241776,-0.00935714,-0.77413,0.70828,0.973794,0.0115329056731796
Wet AMD,1798,12,63055937,63764111,2013497249,0.00686382,-0.64086,0.66743,0.978438,0.0094666887703834
Wet AMD,1830,12,99244338,100931423,2049685650,-0.00516873,-0.63588,0.58109,0.982347,0.00773507681005082
Wet AMD,1839,12,109031820,110111514,2059473132,0.000946654,-0.77887,0.82382,0.997431,0.0011171381030971
Any AMD,1801,12,66114644,67183620,2016555956,0.601518,0.25562,1,0.00104756,2.97982109301784
Any AMD,1779,12,40017397,41198229,1990458709,0.890189,0.3345,1,0.00266493,2.57431419414698
Any AMD,1805,12,70097806,71177961,2020539118,-0.434552,-0.84163,-0.09059,0.0144341,1.84061029021895
Any AMD,1752,12,11742150,12721874,1962183462,-0.541642,-1,-0.12229,0.0148067,1.82954172280799
Any AMD,1785,12,46037745,47499603,1996479057,0.719059,0.10001,1,0.0247407,1.60658801683961
Any AMD,1859,12,130629841,131404042,2081071153,-0.470892,-1,-0.05706,0.0266179,1.57482621085937
Any AMD,1841,12,111592382,113947983,2062033694,0.33385,0.04008,0.75147,0.0321125,1.4933258827256
Any AMD,1810,12,75563969,76524573,2026005281,0.711714,0.05026,1,0.0404458,1.39312657001035
Any AMD,1778,12,38746761,40017396,1989188073,0.475943,0.0217,1,0.0457406,1.33969814285607
Any AMD,1799,12,63764112,64403857,2014205424,0.579257,-0.01522,1,0.0596891,1.22410496940755
Any AMD,1834,12,104140832,105079100,2054582144,0.506006,-0.03947,1,0.0794232,1.10005261898021
Any AMD,1837,12,106964978,108183188,2057406290,0.372122,-0.03998,0.92394,0.0801677,1.09600057607128
Any AMD,1819,12,85345632,86933476,2035786944,-0.242274,-0.52975,0.0241,0.0825418,1.08332606463786
Any AMD,1825,12,94385885,95147845,2044827197,-0.465459,-1,0.1185,0.119666,0.922029225615949
Any AMD,1743,12,3069507,3871114,1953510819,-0.425675,-1,0.12273,0.121535,0.915298634675197
Any AMD,1807,12,71948186,73154515,2022389498,-0.368788,-1,0.09888,0.121748,0.914538164372861
Any AMD,1847,12,118256125,119301061,2068697437,-0.458228,-1,0.14033,0.127941,0.892990259114903
Any AMD,1842,12,113947984,114685670,2064389296,0.297984,-0.12623,0.79651,0.152801,0.815873803528256
Any AMD,1817,12,83551126,84356775,2033992438,-0.993279,-1,0.3194,0.156288,0.806074366407249
Any AMD,1783,12,43980532,44923825,1994421844,-0.305958,-0.86958,0.13343,0.161171,0.792713099460175
Any AMD,1750,12,10176714,10946140,1960618026,0.273019,-0.1201,0.72697,0.164316,0.784320145795676
Any AMD,1806,12,71177962,71948185,2021619274,0.428982,-0.22979,1,0.170913,0.767224902676908
Any AMD,1792,12,54371449,55416802,2004812761,0.185121,-0.08363,0.46412,0.184249,0.734594860568832
Any AMD,1862,12,132957946,133841814,2083399258,0.381739,-0.21256,1,0.193401,0.713541284682391
Any AMD,1775,12,33076723,34340495,1983518035,0.719695,-0.35244,1,0.199441,0.700185556940138
Any AMD,1813,12,79315179,80952472,2029756491,0.177366,-0.10838,0.47132,0.213219,0.67117409782795
Any AMD,1744,12,3871115,4967643,1954312427,0.283759,-0.18556,0.97937,0.219463,0.658638688407321
Any AMD,1829,12,97814022,99244337,2048255334,0.483454,-0.33271,1,0.2421,0.616005210558267
Any AMD,1846,12,117091844,118256124,2067533156,0.168355,-0.14104,0.49796,0.277454,0.55680900966616
Any AMD,1790,12,51769420,53039987,2002210732,-0.209873,-0.78108,0.20083,0.285492,0.544406056961158
Any AMD,1751,12,10946141,11742149,1961387453,0.368977,-0.36666,1,0.289291,0.538665077278863
Any AMD,1774,12,32368906,33076722,1982810218,0.340289,-0.40513,1,0.320429,0.494268185565228
Any AMD,1780,12,41198230,42117736,1991639542,-0.237602,-0.99496,0.27368,0.323362,0.490311017700995
Any AMD,1793,12,55416803,56987105,2005858115,-0.113409,-0.34288,0.11614,0.324155,0.489247275138781
Any AMD,1770,12,29647194,30358377,1980088506,0.275659,-0.31628,1,0.33286,0.477738391154607
Any AMD,1796,12,60000364,61737953,2010441676,-0.64442,-1,0.59894,0.338247,0.470766046583181
Any AMD,1822,12,90567002,92061179,2041008314,0.342656,-0.39248,1,0.344239,0.463139928531104
Any AMD,1835,12,105079101,106153787,2055520413,-0.25523,-1,0.33518,0.352792,0.45248127159931
Any AMD,1760,12,20074931,20866285,1970516243,-0.368518,-1,0.44111,0.353485,0.451629010595356
Any AMD,1824,12,93487548,94385884,2043928860,0.314058,-0.44533,1,0.354614,0.450244122647327
Any AMD,1838,12,108183189,109031819,2058624501,-0.191807,-0.6776,0.23578,0.355297,0.449408459521497
Any AMD,1832,12,101825062,102966633,2052266374,-0.225768,-1,0.31562,0.373485,0.427726835744282
Any AMD,1791,12,53039988,54371448,2003481300,0.127264,-0.17217,0.43154,0.386736,0.412585398980364
Any AMD,1789,12,50344347,51769419,2000785659,-0.241917,-1,0.38717,0.413576,0.38344467148565
Any AMD,1858,12,129887419,130629840,2080328731,-0.203583,-1,0.36929,0.428179,0.368374636452523
Any AMD,1833,12,102966634,104140831,2053407946,0.239429,-0.42472,1,0.431014,0.365508623055046
Any AMD,1849,12,120567741,121817509,2071009053,0.209316,-0.40565,1,0.442754,0.353837506546515
Any AMD,1765,12,25058715,25990813,1975500027,0.116698,-0.23361,0.52302,0.476964,0.321514399138845
Any AMD,1787,12,48227036,48960265,1998668348,0.144721,-0.30783,0.63342,0.511722,0.2909659113976
Any AMD,1797,12,61737954,63055936,2012179266,0.501262,-1,1,0.516805,0.2866732932678
Any AMD,1827,12,96017783,96828314,2046459095,0.0965404,-0.20589,0.41478,0.522759,0.28169848148171
Any AMD,1826,12,95147846,96017782,2045589158,-0.214027,-1,0.53324,0.524893,0.279929218966751
Any AMD,1839,12,109031820,110111514,2059473132,-0.143007,-0.70719,0.32259,0.526763,0.278384737620959
Any AMD,1771,12,30358378,31067298,1980799690,-0.351458,-1,1,0.567049,0.246379411106844
Any AMD,1854,12,126871453,127545377,2077312765,0.191266,-0.55315,1,0.571642,0.242875869982292
Any AMD,1820,12,86933477,88344764,2037374789,0.147239,-0.45921,0.90743,0.579098,0.237247934963818
Any AMD,1830,12,99244338,100931423,2049685650,0.150334,-0.48829,1,0.587281,0.231154049435665
Any AMD,1781,12,42117737,43072679,1992559049,-0.130996,-0.73081,0.40032,0.593123,0.22685523465928
Any AMD,1759,12,19532766,20074930,1969974078,-0.333139,-1,1,0.593165,0.226824482652605
Any AMD,1777,12,38108285,38746760,1988549597,0.217986,-0.84545,1,0.602122,0.22031550449182
Any AMD,1840,12,110111515,111592381,2060552827,-0.216514,-1,0.75132,0.620519,0.207244916068837
Any AMD,1762,12,21572253,22928055,1972013565,0.296079,-0.80053,1,0.652111,0.185678473923795
Any AMD,1850,12,121817510,123396634,2072258822,-0.146929,-1,0.6386,0.664633,0.177418099166093
Any AMD,1753,12,12721875,13559527,1963163187,-0.0799375,-0.50533,0.30147,0.664927,0.177226031745652
Any AMD,1803,12,68006683,68839661,2018447995,0.106275,-0.43329,0.6818,0.666406,0.176261101404449
Any AMD,1772,12,31067299,31797152,1981508611,0.10611,-0.45741,0.73764,0.682285,0.166034176556584
Any AMD,1740,12,60317,1078397,1950501629,-0.0670684,-0.41167,0.26871,0.686617,0.163285448048641
Any AMD,1856,12,128372589,129170296,2078813901,0.375338,-0.9597,1,0.690685,0.160719975712351
Any AMD,1855,12,127545378,128372588,2077986690,-0.0849722,-0.59292,0.40093,0.695051,0.157983327487649
Any AMD,1812,12,77800464,79315178,2028241776,-0.0936452,-0.89027,0.54622,0.725012,0.139654805166036
Any AMD,1848,12,119301062,120567740,2069742374,-0.0711248,-0.53798,0.36618,0.730098,0.136618841245767
Any AMD,1821,12,88344765,90567001,2038786077,0.0810173,-0.46982,0.69875,0.734833,0.133811348560986
Any AMD,1836,12,106153788,106964977,2056595100,-0.0741838,-0.59905,0.41701,0.739718,0.130933813222437
Any AMD,1823,12,92061180,93487547,2042502492,0.0721424,-0.5126,0.75746,0.757021,0.120892072867668
Any AMD,1814,12,80952473,81843890,2031393785,-0.0680473,-0.61015,0.45412,0.774288,0.111097471427631
Any AMD,1861,12,132012317,132957945,2082453629,-0.0418914,-0.35385,0.26491,0.779116,0.108397876846825
Any AMD,1851,12,123396635,124843768,2073837947,-0.0545657,-0.58999,0.457,0.814149,0.0892961062212878
Any AMD,1742,12,1942427,3069506,1952383739,0.0354152,-0.28703,0.36667,0.814828,0.0889340557192972
Any AMD,1758,12,18470024,19532765,1968911336,-0.107386,-1,1,0.830192,0.0808214559401483
Any AMD,1767,12,26958057,27797262,1977399369,0.0559304,-0.62167,0.78599,0.843228,0.0740549808274535
Any AMD,1786,12,47499604,48227035,1997940916,-0.0472215,-0.65779,0.54052,0.851819,0.0696526771254671
Any AMD,1860,12,131404043,132012316,2081845355,-0.0703587,-1,0.94816,0.880226,0.0554058074502356
Any AMD,1857,12,129170297,129887418,2079611609,-0.0366165,-0.75728,0.60302,0.89029,0.0504685047202402
Any AMD,1800,12,64403858,66114643,2014845170,0.0397283,-0.69428,0.81853,0.891157,0.0500457771897117
Any AMD,1831,12,100931424,101825061,2051372736,0.0265539,-0.93743,1,0.942332,0.0257960607257766
Any AMD,1828,12,96828315,97814021,2047269627,0.0149771,-0.467,0.51736,0.946211,0.0240120074483789
Any AMD,1798,12,63055937,63764111,2013497249,0.0372212,-1,1,0.950549,0.0220254907068919
Any AMD,1815,12,81843891,82576129,2032285203,-0.0286751,-1,1,0.955657,0.0196979547287668
Any AMD,1818,12,84356776,85345631,2034798088,0.0296366,-1,1,0.960813,0.0173611294706063
Any AMD,1845,12,116197676,117091843,2066638988,-0.00628781,-0.28425,0.26701,0.962826,0.0164521906196197
Any AMD,1853,12,126079936,126871452,2076521248,-0.0128249,-0.96454,0.91182,0.971385,0.0126086071297375
Any AMD,1852,12,124843769,126079935,2075285081,-0.00204361,-0.26022,0.2657,0.987536,0.005447063482393
Dry AMD,1876,13,32986687,34722391,2117269813,0.431977,0.14807,0.77476,0.00342973,2.46474006774893
Dry AMD,1897,13,55576913,56434007,2139860039,1,0.25011,1,0.0057392,2.24114864066811
Dry AMD,1900,13,59751796,61268155,2144034922,0.881457,0.17665,1,0.0161178,1.79269423753491
Dry AMD,1884,13,41003944,42037054,2125287070,-0.40899,-0.81647,-0.06371,0.0218711,1.66012937371058
Dry AMD,1929,13,88968401,89764426,2173251527,0.450956,0.04728,0.94297,0.0325695,1.48718890857998
Dry AMD,1896,13,54684857,55576912,2138967983,-0.845431,-1,-0.09317,0.0342037,1.46592691140974
Dry AMD,1865,13,20491182,21540733,2104774308,0.393674,-0.00111,0.96035,0.0520542,1.28354422363211
Dry AMD,1863,13,19020095,19648628,2103303221,0.623791,-0.05032,1,0.0747427,1.12643121777991
Dry AMD,1950,13,111621245,112319064,2195904371,0.72489,-0.06869,1,0.07749,1.11075433910702
Dry AMD,1909,13,69751492,70427880,2154034618,-1,-1,0.1726,0.0843394,1.07396949293007
Dry AMD,1898,13,56434008,58245843,2140717134,0.331158,-0.04401,0.76686,0.0844176,1.07356699903748
Dry AMD,1901,13,61268156,62135827,2145551282,-0.647391,-1,0.11463,0.102236,0.990396150694975
Dry AMD,1936,13,97516610,98527335,2181799736,-0.351389,-0.99482,0.09365,0.115095,0.938943542743586
Dry AMD,1871,13,26681710,27392005,2110964836,0.913637,-0.23969,1,0.144132,0.841239586982244
Dry AMD,1908,13,69004703,69751491,2153287829,0.542453,-0.21143,1,0.147535,0.831104938982594
Dry AMD,1940,13,101573737,103050417,2185856863,0.309506,-0.13053,1,0.153661,0.813436344823127
Dry AMD,1874,13,30068526,31433218,2114351652,-0.380796,-1,0.19458,0.168768,0.772709896222679
Dry AMD,1894,13,51554237,53336571,2135837363,0.251751,-0.11186,0.69143,0.173007,0.761936324617616
Dry AMD,1913,13,73114510,74437635,2157397636,-0.169474,-0.42805,0.08219,0.177046,0.751913880809578
Dry AMD,1907,13,67718880,69004702,2152002006,-0.373847,-1,0.23111,0.188289,0.725175051087124
Dry AMD,1864,13,19648629,20491181,2103931755,-0.36143,-1,0.23026,0.200804,0.697227640328685
Dry AMD,1928,13,88029524,88968400,2172312650,0.52939,-0.34507,1,0.236811,0.625598128265222
Dry AMD,1879,13,36579414,37499810,2120862540,-0.28663,-1,0.21343,0.244457,0.611797522246139
Dry AMD,1912,13,71976863,73114509,2156259989,-0.177846,-0.55184,0.15612,0.28262,0.548797107942888
Dry AMD,1883,13,40091624,41003943,2124374750,0.174478,-0.15249,0.53601,0.285549,0.54431935640708
Dry AMD,1868,13,23729050,24818333,2108012176,-0.32054,-1,0.30151,0.289046,0.539033036286955
Dry AMD,1910,13,70427881,71010208,2154711007,-0.219128,-0.71021,0.20155,0.293603,0.532239511164723
Dry AMD,1911,13,71010209,71976862,2155293335,-0.181927,-0.57568,0.18116,0.312111,0.505690924845991
Dry AMD,1914,13,74437636,75882384,2158720762,-0.209569,-0.7408,0.21042,0.322023,0.492113108377589
Dry AMD,1915,13,75882385,76671493,2160165511,0.997013,-0.90228,1,0.350365,0.455479284541814
Dry AMD,1935,13,96132648,97516609,2180415774,-0.171371,-0.58672,0.22455,0.369595,0.432273912687585
Dry AMD,1873,13,28587126,30068525,2112870252,0.203132,-0.28319,0.9077,0.381247,0.418793565057805
Dry AMD,1917,13,77460045,78693310,2161743171,0.179405,-0.24696,0.65669,0.399475,0.398510394577221
Dry AMD,1882,13,39381744,40091623,2123664870,-0.234518,-1,0.41,0.414091,0.382904208504656
Dry AMD,1925,13,85650681,86321288,2169933807,0.697375,-1,1,0.417522,0.379320635804628
Dry AMD,1888,13,45476447,46493236,2129759573,-0.125679,-0.50439,0.21692,0.467133,0.33055945146266
Dry AMD,1902,13,62135828,63206535,2146418954,-0.549326,-1,1,0.524579,0.28018909911865
Dry AMD,1886,13,42950158,43931931,2127233284,0.369747,-0.67619,1,0.529311,0.276289080522881
Dry AMD,1941,13,103050418,104378435,2187333544,-0.160603,-0.96934,0.41806,0.531921,0.274152863591645
Dry AMD,1947,13,109156766,109813576,2193439892,-0.170831,-1,0.48325,0.554851,0.255823626905503
Dry AMD,1887,13,43931932,45476446,2128215058,0.158157,-0.40806,1,0.557339,0.253880565965553
Dry AMD,1904,13,63973942,65187138,2148257068,-0.212517,-1,0.71258,0.590653,0.228667585859238
Dry AMD,1890,13,47433529,48137479,2131716655,-0.294801,-1,0.72342,0.601238,0.220953578536267
Dry AMD,1872,13,27392006,28587125,2111675132,0.143034,-0.51708,1,0.620223,0.207452132668392
Dry AMD,1927,13,87043589,88029523,2171326715,-0.27591,-1,1,0.636074,0.196492356172098
Dry AMD,1906,13,66382287,67718879,2150665413,-0.164329,-1,0.72373,0.640972,0.193160941637331
Dry AMD,1948,13,109813577,110995432,2194096703,-0.106807,-0.80811,0.41796,0.64485,0.190541295827312
Dry AMD,1938,13,99402295,100470868,2183685421,0.0864382,-0.30021,0.49782,0.646967,0.189117870928529
Dry AMD,1942,13,104378436,105672500,2188661562,-0.0993945,-0.62638,0.38753,0.653108,0.185014996480284
Dry AMD,1892,13,49381728,50419896,2133664854,-0.161864,-1,0.70242,0.654471,0.184109592534168
Dry AMD,1919,13,79489046,80778339,2163772172,0.0871584,-0.35248,0.5564,0.655428,0.183475009420311
Dry AMD,1899,13,58245844,59751795,2142528970,-0.112958,-0.79898,0.5092,0.679342,0.167911534526928
Dry AMD,1889,13,46493237,47433528,2130776363,-0.0892434,-0.61417,0.39191,0.692855,0.15935764459288
Dry AMD,1920,13,80778340,81724089,2165061466,-0.0501401,-0.32466,0.21762,0.707491,0.150279080432927
Dry AMD,1893,13,50419897,51554236,2134703023,0.390592,-1,1,0.707531,0.150254527063042
Dry AMD,1875,13,31433219,32986686,2115716345,-0.0615529,-0.4253,0.30296,0.719977,0.142681377086273
Dry AMD,1877,13,34722392,35744568,2119005518,-0.0797162,-0.68601,0.46367,0.733767,0.134441823842228
Dry AMD,1937,13,98527336,99402294,2182810462,-0.0458854,-0.34532,0.24939,0.750734,0.124513914920865
Dry AMD,1951,13,112319065,113573118,2196602191,0.0570119,-0.33716,0.48286,0.754233,0.122494469803151
Dry AMD,1866,13,21540734,22795188,2105823860,0.0452862,-0.26534,0.36549,0.75941,0.119523688317864
Dry AMD,1931,13,90518148,91764204,2174801274,-0.0604233,-0.64731,0.48243,0.792676,0.100904290823069
Dry AMD,1885,13,42037055,42950157,2126320181,-0.0890355,-1,0.79795,0.795745,0.0992260815529934
Dry AMD,1891,13,48137480,49381727,2132420606,-0.0482021,-0.51931,0.40758,0.822968,0.0846170514142292
Dry AMD,1878,13,35744569,36579413,2120027695,-0.0693461,-0.95915,0.70494,0.827676,0.0821396377921903
Dry AMD,1918,13,78693311,79489045,2162976437,-0.0329594,-0.38596,0.31034,0.843837,0.0737414358828696
Dry AMD,1943,13,105672501,106313847,2189955627,0.0363474,-0.3881,0.47264,0.854785,0.0681431075589586
Dry AMD,1946,13,108521979,109156765,2192805105,-0.0360655,-0.6114,0.52865,0.883121,0.0539797878922769
Dry AMD,1867,13,22795189,23729049,2107078315,0.0420846,-0.7382,0.89812,0.892784,0.0492536015314692
Dry AMD,1881,13,38290690,39381743,2122573816,0.0160172,-0.4558,0.4961,0.938606,0.0275166739051534
Dry AMD,1924,13,85035401,85650680,2169318527,0.0415201,-1,1,0.950669,0.0219706676009697
Dry AMD,1952,13,113573119,114302561,2197856245,0.0151618,-0.88524,1,0.96522,0.0153736877996704
Dry AMD,1934,13,94925137,96132647,2179208263,-0.0395821,-1,1,0.96554,0.0152297297360255
Dry AMD,1869,13,24818334,25977140,2109101460,-0.000611335,-0.33142,0.33224,0.996968,0.00131878115319237
Wet AMD,1932,13,91764205,93285142,2176047331,1,0.25544,1,0.00108584,2.96423416391509
Wet AMD,1929,13,88968401,89764426,2173251527,-0.485371,-0.79126,-0.20648,0.00145894,2.83596256842507
Wet AMD,1874,13,30068526,31433218,2114351652,-0.453221,-0.93834,-0.09658,0.0179411,1.74615093312667
Wet AMD,1952,13,113573119,114302561,2197856245,-0.447606,-0.91752,-0.08701,0.0187338,1.7273741205616
Wet AMD,1946,13,108521979,109156765,2192805105,0.497681,0.06997,1,0.0251366,1.59969346575496
Wet AMD,1953,13,114302562,115109851,2198585688,-0.505147,-1,-0.06447,0.027018,1.56834680265342
Wet AMD,1938,13,99402295,100470868,2183685421,0.473267,0.05665,1,0.0298664,1.52481712270415
Wet AMD,1894,13,51554237,53336571,2135837363,0.517702,-0.00521,1,0.0536558,1.27038332548093
Wet AMD,1875,13,31433219,32986686,2115716345,-0.443428,-1,0.02295,0.0639159,1.19439109139877
Wet AMD,1896,13,54684857,55576912,2138967983,-1,-1,0.10279,0.0668914,1.17462971440898
Wet AMD,1944,13,106313848,107037864,2190596974,-0.435712,-1,0.0518,0.0795549,1.09933306582979
Wet AMD,1923,13,83829836,85035400,2168112962,0.486466,-0.09162,1,0.0954495,1.02022634226046
Wet AMD,1864,13,19648629,20491181,2103931755,-0.423105,-1,0.09932,0.106272,0.973581146081709
Wet AMD,1886,13,42950158,43931931,2127233284,-0.400159,-1,0.10089,0.1148,0.940058111938045
Wet AMD,1899,13,58245844,59751795,2142528970,0.533958,-0.14412,1,0.116394,0.934069406576617
Wet AMD,1930,13,89764427,90518147,2174047553,-0.873077,-1,0.23666,0.128711,0.890384335495326
Wet AMD,1921,13,81724090,82582821,2166007216,1,-0.53018,1,0.141393,0.849572090798135
Wet AMD,1925,13,85650681,86321288,2169933807,1,-0.39912,1,0.143755,0.842377041006014
Wet AMD,1924,13,85035401,85650680,2169318527,1,-0.63258,1,0.168644,0.7730291054872
Wet AMD,1927,13,87043589,88029523,2171326715,-0.868038,-1,0.35796,0.173314,0.761166354324922
Wet AMD,1916,13,76671494,77460044,2160954620,-0.715906,-1,0.3574,0.191812,0.717124226306339
Wet AMD,1920,13,80778340,81724089,2165061466,-0.380926,-1,0.22526,0.197951,0.703442299956814
Wet AMD,1868,13,23729050,24818333,2108012176,-0.1848,-0.51573,0.11716,0.224802,0.648199829290254
Wet AMD,1873,13,28587126,30068525,2112870252,-0.166409,-0.47696,0.12219,0.247874,0.605769024860702
Wet AMD,1885,13,42037055,42950157,2126320181,-0.335376,-1,0.27813,0.249685,0.602607547407978
Wet AMD,1901,13,61268156,62135827,2145551282,-0.343684,-1,0.29482,0.272066,0.565325728470144
Wet AMD,1869,13,24818334,25977140,2109101460,-0.277813,-1,0.31906,0.318212,0.497283446827978
Wet AMD,1884,13,41003944,42037054,2125287070,-0.161226,-0.51141,0.17525,0.33298,0.477581851029674
Wet AMD,1943,13,105672501,106313847,2189955627,-0.251013,-1,0.31231,0.341121,0.467091543848578
Wet AMD,1909,13,69751492,70427880,2154034618,-0.559686,-1,0.92563,0.367042,0.435284237315778
Wet AMD,1912,13,71976863,73114509,2156259989,-0.27513,-1,0.37916,0.387388,0.41185383641634
Wet AMD,1903,13,63206536,63973941,2147489662,-0.962595,-1,1,0.400604,0.397284718623933
Wet AMD,1939,13,100470869,101573736,2184753995,0.436244,-0.60162,1,0.435998,0.360515502912506
Wet AMD,1900,13,59751796,61268155,2144034922,0.426697,-0.77346,1,0.476799,0.321664664121296
Wet AMD,1872,13,27392006,28587125,2111675132,-0.155285,-0.76774,0.31977,0.477957,0.320611173477298
Wet AMD,1867,13,22795189,23729049,2107078315,-0.141436,-0.6409,0.28879,0.480478,0.318326492901445
Wet AMD,1940,13,101573737,103050417,2185856863,0.124094,-0.2803,0.57038,0.510507,0.291998298551545
Wet AMD,1941,13,103050418,104378435,2187333544,-0.129512,-0.66466,0.33596,0.545718,0.263031721181579
Wet AMD,1945,13,107037865,108521978,2191320991,-0.126179,-0.70988,0.3416,0.555849,0.255043171319687
Wet AMD,1951,13,112319065,113573118,2196602191,0.155114,-0.44954,1,0.557858,0.253476334511593
Wet AMD,1918,13,78693311,79489045,2162976437,0.099249,-0.26108,0.46698,0.57052,0.243729126465063
Wet AMD,1942,13,104378436,105672500,2188661562,0.138015,-0.42325,0.84219,0.579295,0.237100219959049
Wet AMD,1876,13,32986687,34722391,2117269813,0.116015,-0.37614,0.73588,0.595483,0.225130632353458
Wet AMD,1866,13,21540734,22795188,2105823860,0.0902981,-0.26978,0.48397,0.599675,0.222084056195341
Wet AMD,1948,13,109813577,110995432,2194096703,-0.143269,-1,0.60747,0.679936,0.167531963992171
Wet AMD,1906,13,66382287,67718879,2150665413,-0.101143,-0.70956,0.44378,0.681978,0.166229635068902
Wet AMD,1919,13,79489046,80778339,2163772172,0.0741525,-0.35411,0.53816,0.700731,0.154448669103922
Wet AMD,1949,13,110995433,111621244,2195278559,-0.0870514,-0.75704,0.46751,0.714857,0.145780825782348
Wet AMD,1897,13,55576913,56434007,2139860039,0.163204,-1,1,0.720135,0.142586080986503
Wet AMD,1890,13,47433529,48137479,2131716655,0.16854,-0.79898,1,0.729182,0.137164060528799
Wet AMD,1889,13,46493237,47433528,2130776363,0.122937,-0.73425,1,0.737365,0.132317480599732
Wet AMD,1888,13,45476447,46493236,2129759573,-0.0609579,-0.47755,0.33643,0.744598,0.128078134636738
Wet AMD,1915,13,75882385,76671493,2160165511,0.142959,-1,1,0.744891,0.127907272972316
Wet AMD,1881,13,38290690,39381743,2122573816,-0.0589548,-0.48085,0.3399,0.758981,0.119769095907469
Wet AMD,1947,13,109156766,109813576,2193439892,0.217046,-1,1,0.763049,0.117447572469332
Wet AMD,1914,13,74437636,75882384,2158720762,-0.129213,-1,0.9034,0.763719,0.117066404771877
Wet AMD,1928,13,88029524,88968400,2172312650,0.0990005,-0.85047,1,0.791085,0.101776850196787
Wet AMD,1863,13,19020095,19648628,2103303221,0.0770455,-0.6163,0.83199,0.791653,0.101465138117705
Wet AMD,1877,13,34722392,35744568,2119005518,-0.0475334,-0.46328,0.35467,0.800026,0.0968958986667513
Wet AMD,1893,13,50419897,51554236,2134703023,0.142073,-1,1,0.81113,0.0909095357295167
Wet AMD,1904,13,63973942,65187138,2148257068,0.697556,-1,1,0.861646,0.0646711237619603
Wet AMD,1891,13,48137480,49381727,2132420606,-0.0858221,-1,1,0.895427,0.0479698143816311
Wet AMD,1871,13,26681710,27392005,2110964836,0.0445235,-1,1,0.915845,0.0381780212455901
Wet AMD,1913,13,73114510,74437635,2157397636,-0.0188793,-0.68999,0.61867,0.941509,0.0261755241532585
Wet AMD,1917,13,77460045,78693310,2161743171,-0.0134355,-0.60434,0.5683,0.957843,0.0187056702757257
Wet AMD,1880,13,37499811,38290689,2121782937,0.0182263,-1,1,0.964528,0.0156851603798819
Wet AMD,1911,13,71010209,71976862,2155293335,-0.0177408,-1,1,0.977566,0.00985391171400522
Wet AMD,1937,13,98527336,99402294,2182810462,-0.00634779,-0.60653,0.60703,0.978814,0.00929982755148631
Wet AMD,1892,13,49381728,50419896,2133664854,0.0104673,-1,1,0.980669,0.00847755299784634
Wet AMD,1865,13,20491182,21540733,2104774308,-0.00975402,-1,1,0.982075,0.00785534434913619
Wet AMD,1931,13,90518148,91764204,2174801274,-0.00214628,-0.4922,0.48736,0.991928,0.00351985036348403
Wet AMD,1926,13,86321289,87043588,2170604415,-0.00279174,-0.74546,0.70926,0.992558,0.00324410588074079
Any AMD,1953,13,114302562,115109851,2198585688,-1,-1,-0.44087,0.000682125,3.1661360332088
Any AMD,1876,13,32986687,34722391,2117269813,0.35471,0.09023,0.65078,0.00956707,2.01922104839522
Any AMD,1897,13,55576913,56434007,2139860039,0.912572,0.23479,1,0.015399,1.81250748101958
Any AMD,1908,13,69004703,69751491,2153287829,0.890298,0.18897,1,0.0180249,1.74412713601595
Any AMD,1938,13,99402295,100470868,2183685421,0.394769,0.04917,0.80606,0.028481,1.54544476619889
Any AMD,1940,13,101573737,103050417,2185856863,0.367018,0.02048,0.83914,0.0387225,1.41203661156108
Any AMD,1900,13,59751796,61268155,2144034922,1,-0.00877,1,0.0429788,1.36674571449962
Any AMD,1874,13,30068526,31433218,2114351652,-0.473959,-1,0.00842,0.0556672,1.2544006226868
Any AMD,1898,13,56434008,58245843,2140717134,0.403337,-0.0182,0.91296,0.0602166,1.22028376962904
Any AMD,1901,13,61268156,62135827,2145551282,-0.80594,-1,0.00117,0.0605816,1.21765926084808
Any AMD,1884,13,41003944,42037054,2125287070,-0.368932,-0.83785,0.01493,0.0605951,1.21756249347399
Any AMD,1894,13,51554237,53336571,2135837363,0.364919,-0.02658,0.8729,0.0643774,1.19126656707964
Any AMD,1864,13,19648629,20491181,2103931755,-0.682049,-1,0.08625,0.101278,0.99448488352676
Any AMD,1952,13,113573119,114302561,2197856245,-0.319979,-0.80779,0.0757,0.107191,0.969841677464351
Any AMD,1909,13,69751492,70427880,2154034618,-0.749542,-1,0.33752,0.151097,0.820744158403396
Any AMD,1875,13,31433219,32986686,2115716345,-0.256908,-0.68324,0.11643,0.160924,0.793379180945809
Any AMD,1910,13,70427881,71010208,2154711007,-0.303114,-0.82388,0.12553,0.162872,0.788153570637424
Any AMD,1868,13,23729050,24818333,2108012176,-0.317804,-1,0.13937,0.175671,0.755299926492637
Any AMD,1928,13,88029524,88968400,2172312650,0.478731,-0.25017,1,0.186937,0.728304731229589
Any AMD,1907,13,67718880,69004702,2152002006,-0.48417,-1,0.2973,0.210034,0.677710396612891
Any AMD,1863,13,19020095,19648628,2103303221,0.628179,-0.3454,1,0.224128,0.649503884268686
Any AMD,1943,13,105672501,106313847,2189955627,-0.430727,-1,0.32621,0.230298,0.637709833606483
Any AMD,1925,13,85650681,86321288,2169933807,0.590224,-0.48278,1,0.25227,0.598134392800389
Any AMD,1929,13,88968401,89764426,2173251527,-0.335913,-1,0.30277,0.261303,0.582855604141918
Any AMD,1912,13,71976863,73114509,2156259989,-0.246839,-0.90096,0.18699,0.268904,0.570402737512633
Any AMD,1869,13,24818334,25977140,2109101460,-0.189386,-0.56037,0.15309,0.271085,0.566894512657275
Any AMD,1911,13,71010209,71976862,2155293335,-0.192465,-0.57202,0.15256,0.273661,0.562787090392708
Any AMD,1948,13,109813577,110995432,2194096703,-0.408972,-1,0.30555,0.292972,0.533173884173419
Any AMD,1905,13,65187139,66382286,2149470265,0.77441,-0.57956,1,0.305709,0.514691775559807
Any AMD,1946,13,108521979,109156765,2192805105,0.227016,-0.2294,0.77892,0.307108,0.512708870269395
Any AMD,1883,13,40091624,41003943,2124374750,0.217708,-0.2312,0.84348,0.316969,0.498983210297308
Any AMD,1927,13,87043589,88029523,2171326715,-0.40519,-1,0.51603,0.33966,0.468955594731763
Any AMD,1865,13,20491182,21540733,2104774308,0.221356,-0.32456,1,0.384274,0.415358998930181
Any AMD,1920,13,80778340,81724089,2165061466,-0.114959,-0.40174,0.16687,0.41166,0.385461330289945
Any AMD,1924,13,85035401,85650680,2169318527,0.549338,-0.92112,1,0.415082,0.381866099360989
Any AMD,1935,13,96132648,97516609,2180415774,-0.264741,-1,0.46229,0.424016,0.372617755245461
Any AMD,1886,13,42950158,43931931,2127233284,-0.27437,-1,0.46789,0.42792,0.368637415113039
Any AMD,1888,13,45476447,46493236,2129759573,-0.0996394,-0.43558,0.23381,0.533563,0.272814294258238
Any AMD,1914,13,74437636,75882384,2158720762,-0.134285,-0.69802,0.34828,0.549014,0.260416580786295
Any AMD,1902,13,62135828,63206535,2146418954,0.360494,-1,1,0.555828,0.255059579294523
Any AMD,1919,13,79489046,80778339,2163772172,0.621466,-0.69965,1,0.56563,0.247467564400446
Any AMD,1872,13,27392006,28587125,2111675132,0.131019,-0.39339,0.78504,0.573575,0.241409786208213
Any AMD,1906,13,66382287,67718879,2150665413,0.122769,-0.39369,0.7215,0.604958,0.218274775763078
Any AMD,1893,13,50419897,51554236,2134703023,0.318519,-1,1,0.605002,0.218243189665666
Any AMD,1949,13,110995433,111621244,2195278559,0.196914,-0.64595,1,0.639206,0.194359157106672
Any AMD,1867,13,22795189,23729049,2107078315,0.0953256,-0.34848,0.60214,0.64254,0.19209983104952
Any AMD,1918,13,78693311,79489045,2162976437,-0.0811901,-0.46214,0.27282,0.648184,0.188301693448011
Any AMD,1891,13,48137480,49381727,2132420606,-0.0902142,-0.51991,0.31279,0.649454,0.187451604026893
Any AMD,1930,13,89764427,90518147,2174047553,0.651519,-1,1,0.677486,0.169099674897199
Any AMD,1913,13,73114510,74437635,2157397636,-0.0541624,-0.32396,0.21,0.679639,0.16772170779178
Any AMD,1885,13,42037055,42950157,2126320181,-0.0955483,-0.741,0.46294,0.701468,0.153992136097356
Any AMD,1941,13,103050418,104378435,2187333544,-0.0803422,-0.61978,0.40338,0.710004,0.148739204558341
Any AMD,1890,13,47433529,48137479,2131716655,-0.0927951,-0.7778,0.50466,0.724712,0.139834547443091
Any AMD,1926,13,86321289,87043588,2170604415,0.111745,-0.67678,0.96892,0.730107,0.136613487681936
Any AMD,1904,13,63973942,65187138,2148257068,-0.0853822,-0.69122,0.48852,0.735481,0.133428542109447
Any AMD,1917,13,77460045,78693310,2161743171,0.0838804,-0.48698,0.66695,0.737711,0.132113740733454
Any AMD,1936,13,97516610,98527335,2181799736,-0.172835,-1,0.89949,0.755532,0.121747136713296
Any AMD,1942,13,104378436,105672500,2188661562,-0.0721456,-0.75434,0.554,0.784893,0.105189544117017
Any AMD,1915,13,75882385,76671493,2160165511,0.165235,-1,1,0.823489,0.0843421976735924
Any AMD,1877,13,34722392,35744568,2119005518,-0.0405707,-0.45501,0.35408,0.827622,0.0821679733571835
Any AMD,1931,13,90518148,91764204,2174801274,0.0384397,-0.34588,0.42579,0.829836,0.0810077285065481
Any AMD,1866,13,21540734,22795188,2105823860,0.0303099,-0.25291,0.3268,0.830683,0.0805646773182454
Any AMD,1937,13,98527336,99402294,2182810462,0.0500581,-0.51717,0.63845,0.831181,0.0803043928924902
Any AMD,1944,13,106313848,107037864,2190596974,-0.0991333,-1,1,0.863387,0.0637944947934518
Any AMD,1882,13,39381744,40091623,2123664870,0.0576722,-0.87176,1,0.874687,0.0581473281107531
Any AMD,1951,13,112319065,113573118,2196602191,-0.0308535,-0.53956,0.46073,0.88043,0.055305167603832
Any AMD,1889,13,46493237,47433528,2130776363,0.0372013,-0.61204,0.70961,0.888907,0.0511436737874579
Any AMD,1921,13,81724090,82582821,2166007216,-0.232592,-1,1,0.908917,0.0414757736402799
Any AMD,1947,13,109156766,109813576,2193439892,0.048245,-1,1,0.911915,0.0400456405655986
Any AMD,1878,13,35744569,36579413,2120027695,0.0547674,-1,1,0.914992,0.0385827030603755
Any AMD,1879,13,36579414,37499810,2120862540,0.0280188,-0.62867,0.72444,0.916346,0.0379405115745389
Any AMD,1923,13,83829836,85035400,2168112962,-0.0385641,-1,1,0.934594,0.0293770114298906
Any AMD,1881,13,38290690,39381743,2122573816,0.0148257,-0.36849,0.39988,0.934914,0.0292283367672881
Any AMD,1892,13,49381728,50419896,2133664854,-0.018383,-0.81894,0.78403,0.952107,0.0213142418484143
Any AMD,1873,13,28587126,30068525,2112870252,0.0068158,-0.34087,0.35315,0.966893,0.0146215839115317
Any AMD,1899,13,58245844,59751795,2142528970,-0.0095191,-0.5923,0.56792,0.969993,0.0132313998289538
Any AMD,1880,13,37499811,38290689,2121782937,0.00735139,-0.86669,0.87225,0.981899,0.00793318227267246
Dry AMD,2006,14,76694202,77425453,2276087179,0.46692,0.20557,0.77741,0.000637003,3.19585852232654
Dry AMD,2010,14,81001921,82524785,2280394898,-1,-1,-0.10074,0.0130742,1.88358487578497
Dry AMD,1976,14,43321169,44623273,2242714146,-0.241275,-0.47236,-0.02722,0.0265357,1.57616945138762
Dry AMD,2018,14,90662837,92101228,2290055814,0.67034,0.02032,1,0.0408918,1.38836377198756
Dry AMD,1971,14,38722115,40343754,2238115092,0.44518,0.01947,1,0.0444578,1.35205203222407
Dry AMD,1993,14,61652817,62717985,2261045794,-0.296407,-0.63604,-0.00559,0.05575,1.2537551282798
Dry AMD,2025,14,98885323,99474533,2298278300,-0.296473,-0.6334,0.00474,0.0598292,1.22308680424317
Dry AMD,1964,14,30831155,32382245,2230224132,-0.529653,-1,0.01627,0.0632795,1.19873696105429
Dry AMD,1999,14,68976913,69794542,2268369890,-0.383439,-0.93248,0.03759,0.0729559,1.13693958062
Dry AMD,2026,14,99474534,100786189,2298867511,-0.246406,-0.60047,0.02551,0.0815107,1.08878537719944
Dry AMD,1998,14,67891840,68976912,2267284817,-0.40025,-1,0.0675,0.0935786,1.02882345643838
Dry AMD,2027,14,100786190,102004377,2300179167,-0.168031,-0.36873,0.02821,0.0948488,1.02296815931064
Dry AMD,1968,14,35379989,36422077,2234772966,-0.889263,-1,0.11651,0.103702,0.984212867713293
Dry AMD,1994,14,62717986,64033237,2262110963,-0.275111,-0.67787,0.06357,0.107462,0.968745080937611
Dry AMD,1984,14,52206123,52760553,2251599100,0.748323,-0.16628,1,0.125571,0.901110647176741
Dry AMD,1986,14,54359599,55292832,2253752576,-0.218018,-0.51907,0.06758,0.137512,0.861659401423655
Dry AMD,1966,14,33591114,34695195,2232984091,0.201638,-0.10503,0.53791,0.183041,0.737451620218279
Dry AMD,2000,14,69794543,71140426,2269187520,-0.61223,-1,0.27022,0.187669,0.726607460148113
Dry AMD,1962,14,27720241,29029224,2227113218,0.170187,-0.09244,0.445,0.207241,0.683524320778691
Dry AMD,2029,14,103617473,104439106,2303010450,-0.349173,-1,0.26281,0.235308,0.628363307431739
Dry AMD,2015,14,87350276,88208595,2286743253,0.412281,-0.314,1,0.246589,0.608026300594514
Dry AMD,1970,14,37282013,38722114,2236674990,0.199642,-0.19203,0.71644,0.295439,0.529532175351719
Dry AMD,2023,14,97174315,98268391,2296567292,0.244711,-0.23779,0.9639,0.302597,0.51913538196354
Dry AMD,2028,14,102004378,103617472,2301397355,0.0887138,-0.10458,0.28591,0.373009,0.428280689362405
Dry AMD,2001,14,71140427,72665319,2270533404,-0.154398,-0.52628,0.1931,0.375645,0.425222387436126
Dry AMD,1987,14,55292833,56206430,2254685810,0.330542,-0.50733,1,0.386356,0.413012338895443
Dry AMD,2005,14,75699502,76694201,2275092479,0.152802,-0.24493,0.59572,0.423643,0.372999965195937
Dry AMD,2012,14,84087373,85562936,2283480350,0.203759,-0.36256,0.94262,0.439509,0.357032227278907
Dry AMD,1980,14,48177484,49002065,2247570461,-0.890077,-1,1,0.453797,0.343138379512679
Dry AMD,1963,14,29029225,30831154,2228422202,-0.118702,-0.46208,0.20172,0.457277,0.339820642101247
Dry AMD,1957,14,22760701,23985936,2222153678,-0.187517,-1,0.37188,0.459371,0.337836425200009
Dry AMD,1988,14,56206431,57460781,2255599408,-0.11287,-0.48092,0.23164,0.494107,0.306178993429266
Dry AMD,2019,14,92101229,93386328,2291494206,0.70063,-0.63195,1,0.500777,0.300355625888812
Dry AMD,1958,14,23985937,24906056,2223378914,0.105583,-0.21676,0.43246,0.508574,0.293645846175957
Dry AMD,1990,14,58447799,59447537,2257840776,-0.185955,-1,0.43079,0.510311,0.292165070139623
Dry AMD,2017,14,89482884,90662836,2288875861,0.771878,-0.66015,1,0.52014,0.283879746664904
Dry AMD,2022,14,95946793,97174314,2295339770,-0.300703,-1,0.74032,0.547932,0.261273335415631
Dry AMD,2007,14,77425454,78374053,2276818431,-0.214881,-1,0.70053,0.578148,0.237960972382806
Dry AMD,1969,14,36422078,37282012,2235815055,0.13183,-0.37962,0.71629,0.582057,0.235034483437175
Dry AMD,2004,14,74245429,75699501,2273638406,-0.100647,-0.51408,0.28185,0.58646,0.231761603960543
Dry AMD,1981,14,49002066,50500564,2248395043,0.0798722,-0.23645,0.40388,0.605896,0.217601914616297
Dry AMD,1959,14,24906057,25585041,2224299034,-0.17542,-1,0.69812,0.620683,0.20713014942256
Dry AMD,2003,14,73373374,74245428,2272766351,-0.136215,-0.83913,0.47463,0.621481,0.206572144128192
Dry AMD,2002,14,72665320,73373373,2272058297,-0.0823811,-0.46374,0.277,0.645766,0.189924824603927
Dry AMD,1985,14,52760554,54359598,2252153531,0.0739168,-0.26145,0.43232,0.656204,0.182961126628068
Dry AMD,2013,14,85562937,86653343,2284955914,-0.153737,-1,0.62925,0.657124,0.182352670874888
Dry AMD,2024,14,98268392,98885322,2297661369,-0.126663,-0.96619,0.58264,0.675604,0.170307787797321
Dry AMD,1996,14,65229392,66300066,2264622369,0.0859499,-0.36136,0.55862,0.675821,0.170168317381452
Dry AMD,2033,14,106876549,107289435,2306269526,-0.131937,-1,0.734,0.720496,0.14236842592945
Dry AMD,1979,14,46748239,48177483,2246141216,-0.207624,-1,0.98889,0.735737,0.133277402864972
Dry AMD,1995,14,64033238,65229391,2263426215,-0.0564376,-0.44432,0.30881,0.751288,0.124193547903758
Dry AMD,1956,14,21982655,22760700,2221375632,-0.05782,-0.53406,0.39579,0.779818,0.108006744512931
Dry AMD,2009,14,79199452,81001920,2278592429,0.102518,-0.8069,1,0.787253,0.103885675714012
Dry AMD,2011,14,82524786,84087372,2281917763,-0.0787333,-0.89795,0.66549,0.794783,0.0997514307986985
Dry AMD,2020,14,93386329,94892240,2292779306,-0.0415016,-0.49876,0.39518,0.830296,0.0807670543110164
Dry AMD,1960,14,25585042,26395690,2224978019,0.041801,-0.40922,0.55244,0.843309,0.0740132647511845
Dry AMD,1989,14,57460782,58447798,2256853759,0.039047,-0.54869,0.67,0.874845,0.0580688859578491
Dry AMD,1972,14,40343755,40965849,2239736732,0.0604889,-1,1,0.87735,0.0568271195809965
Dry AMD,2021,14,94892241,95946792,2294285218,0.0346701,-0.74667,0.83829,0.909797,0.0410554995632122
Dry AMD,1991,14,59447538,60099482,2258840515,0.0531186,-1,1,0.921204,0.0356441849347322
Dry AMD,1974,14,41614834,42562550,2241007811,0.0462384,-1,1,0.95384,0.0205244690535234
Dry AMD,1977,14,44623274,45817082,2244016251,0.0153862,-1,1,0.967987,0.0141304751979866
Dry AMD,2030,14,104439107,105091340,2303832084,-0.0116745,-0.84681,0.79755,0.970054,0.0132040891881241
Dry AMD,1983,14,51418372,52206122,2250811349,0.00825808,-1,1,0.986771,0.00578362238157449
Wet AMD,1995,14,64033238,65229391,2263426215,-0.48655,-0.8103,-0.18978,0.0014878,2.82745544562764
Wet AMD,2019,14,92101229,93386328,2291494206,-0.40024,-0.77609,-0.12056,0.00685702,2.16386458381784
Wet AMD,1971,14,38722115,40343754,2238115092,0.470906,0.07137,1,0.0218886,1.6597820151209
Wet AMD,1964,14,30831155,32382245,2230224132,-0.783279,-1,-0.1142,0.0238422,1.62265367326999
Wet AMD,2010,14,81001921,82524785,2280394898,-0.353049,-0.74061,-0.0252,0.0358889,1.44503985265175
Wet AMD,2018,14,90662837,92101228,2290055814,0.583522,0.03527,1,0.0384276,1.41535673859848
Wet AMD,1959,14,24906057,25585041,2224299034,-1,-1,0.01213,0.042979,1.3667436935336
Wet AMD,1954,14,19000059,20876080,2218393036,0.50329,-0.06367,1,0.0779196,1.10835328557296
Wet AMD,1972,14,40343755,40965849,2239736732,0.972138,-0.09235,1,0.0799562,1.09714785435191
Wet AMD,1963,14,29029225,30831154,2228422202,-0.36355,-1,0.06037,0.0911731,1.04013327839108
Wet AMD,1984,14,52206123,52760553,2251599100,0.473946,-0.09976,1,0.103146,0.986547609296366
Wet AMD,2006,14,76694202,77425453,2276087179,0.305014,-0.08141,0.93741,0.114613,0.940766119645565
Wet AMD,2022,14,95946793,97174314,2295339770,-0.240905,-0.58802,0.07065,0.131549,0.880912448955189
Wet AMD,1976,14,43321169,44623273,2242714146,-0.25056,-0.75103,0.08458,0.134434,0.871490879013035
Wet AMD,1994,14,62717986,64033237,2262110963,-0.209292,-0.50628,0.07283,0.135627,0.867653844512026
Wet AMD,1996,14,65229392,66300066,2264622369,-0.204011,-0.48616,0.0725,0.143777,0.842310582464909
Wet AMD,2011,14,82524786,84087372,2281917763,0.388041,-0.15893,1,0.162213,0.789914343700535
Wet AMD,2021,14,94892241,95946792,2294285218,-0.659139,-1,0.21425,0.178472,0.748429909520067
Wet AMD,1969,14,36422078,37282012,2235815055,-0.433754,-1,0.21528,0.186889,0.728416259776271
Wet AMD,1962,14,27720241,29029224,2227113218,-0.18995,-0.52071,0.12708,0.22609,0.645718646150272
Wet AMD,2004,14,74245429,75699501,2273638406,-0.197945,-0.59062,0.16289,0.266903,0.573646544698354
Wet AMD,1988,14,56206431,57460781,2255599408,0.430759,-0.33648,1,0.277,0.557520230935551
Wet AMD,2013,14,85562937,86653343,2284955914,-0.228631,-0.77739,0.20483,0.280193,0.552542718798094
Wet AMD,1966,14,33591114,34695195,2232984091,-0.111358,-0.34366,0.11548,0.33159,0.479398575257787
Wet AMD,1986,14,54359599,55292832,2253752576,-0.154402,-0.50993,0.18203,0.352249,0.453150231135848
Wet AMD,2026,14,99474534,100786189,2298867511,-0.13606,-0.48676,0.16554,0.355934,0.448630524760658
Wet AMD,1974,14,41614834,42562550,2241007811,0.742538,-1,1,0.356521,0.447914884001418
Wet AMD,2020,14,93386329,94892240,2292779306,-0.112762,-0.38798,0.1593,0.399443,0.398545185190096
Wet AMD,1968,14,35379989,36422077,2234772966,-0.291645,-1,0.49007,0.421301,0.375407510030602
Wet AMD,1990,14,58447799,59447537,2257840776,-0.479431,-1,0.66552,0.434516,0.361994227077745
Wet AMD,2015,14,87350276,88208595,2286743253,-0.405973,-1,0.65102,0.490235,0.309595685812938
Wet AMD,2007,14,77425454,78374053,2276818431,0.36894,-0.84872,1,0.518493,0.285257102499424
Wet AMD,2001,14,71140427,72665319,2270533404,0.0958349,-0.21882,0.43008,0.546588,0.262339907204263
Wet AMD,2030,14,104439107,105091340,2303832084,-0.125384,-0.6174,0.31443,0.554045,0.256454960076616
Wet AMD,1958,14,23985937,24906056,2223378914,0.137656,-0.39746,0.79152,0.575009,0.240325357710808
Wet AMD,2005,14,75699502,76694201,2275092479,-0.0909942,-0.43901,0.24367,0.576032,0.239553389775754
Wet AMD,2008,14,78374054,79199451,2277767031,0.264642,-0.75861,1,0.576275,0.239370220601798
Wet AMD,1991,14,59447538,60099482,2258840515,-0.202776,-1,0.68305,0.586424,0.231788264058819
Wet AMD,1979,14,46748239,48177483,2246141216,-0.100837,-0.52269,0.30453,0.598251,0.223116566773666
Wet AMD,1967,14,34695196,35379988,2234088173,0.154494,-0.57408,1,0.61528,0.210927201653083
Wet AMD,2027,14,100786190,102004377,2300179167,0.0617216,-0.19127,0.31976,0.617665,0.209247007270889
Wet AMD,2028,14,102004378,103617472,2301397355,0.0898607,-0.31819,0.56228,0.63939,0.19423416033643
Wet AMD,2012,14,84087373,85562936,2283480350,0.141812,-0.57216,0.99966,0.64151,0.19279656935769
Wet AMD,2023,14,97174315,98268391,2296567292,0.0956992,-0.35682,0.59139,0.647355,0.188857493272851
Wet AMD,2000,14,69794543,71140426,2269187520,-0.102399,-0.6546,0.40029,0.65735,0.182203332730691
Wet AMD,2025,14,98885323,99474533,2298278300,0.126444,-0.55511,0.97483,0.657379,0.182184173588424
Wet AMD,1983,14,51418372,52206122,2250811349,0.131858,-0.57671,0.99957,0.661458,0.17949772660471
Wet AMD,1957,14,22760701,23985936,2222153678,0.102162,-0.45899,0.79014,0.667234,0.17572183162067
Wet AMD,2009,14,79199452,81001920,2278592429,0.10037,-0.4053,0.70324,0.667517,0.175537669420798
Wet AMD,1998,14,67891840,68976912,2267284817,-0.0731881,-0.52484,0.38085,0.728616,0.137501296125375
Wet AMD,2029,14,103617473,104439106,2303010450,0.0799426,-0.52122,0.7372,0.756784,0.121028058404843
Wet AMD,1981,14,49002066,50500564,2248395043,-0.0618192,-0.63253,0.44624,0.77839,0.108802752098281
Wet AMD,2031,14,105091341,106347143,2304484318,0.0820574,-0.60143,0.9161,0.77868,0.108640979793621
Wet AMD,2024,14,98268392,98885322,2297661369,0.120457,-1,1,0.782188,0.106688851096441
Wet AMD,1955,14,20876081,21982654,2220269058,0.0610335,-0.48568,0.67525,0.792528,0.100985385222917
Wet AMD,1970,14,37282013,38722114,2236674990,0.0629089,-0.52729,0.74333,0.796201,0.0989772812932306
Wet AMD,2003,14,73373374,74245428,2272766351,0.0536464,-0.47897,0.59847,0.823642,0.0842615154984377
Wet AMD,1956,14,21982655,22760700,2221375632,0.0532905,-0.74516,0.91614,0.866864,0.0620490324920686
Wet AMD,1999,14,68976913,69794542,2268369890,-0.0234288,-0.36387,0.32587,0.884793,0.053158321927034
Wet AMD,1985,14,52760554,54359598,2252153531,0.0133811,-0.25861,0.28913,0.921348,0.0355763025568982
Wet AMD,1975,14,42562551,43321168,2241955528,0.0450764,-1,1,0.930387,0.0313363664951156
Wet AMD,2016,14,88208596,89482883,2287601573,-0.0299802,-0.9383,0.84608,0.930786,0.0311501575817754
Wet AMD,2002,14,72665320,73373373,2272058297,-0.0144725,-0.43695,0.40844,0.941986,0.0259555517378323
Wet AMD,1989,14,57460782,58447798,2256853759,0.0178489,-0.87283,0.8789,0.958549,0.0183856815488945
Wet AMD,1993,14,61652817,62717985,2261045794,-0.00750242,-0.35092,0.33542,0.963851,0.015990097714636
Any AMD,2006,14,76694202,77425453,2276087179,0.587625,0.28185,1,0.000252428,3.59786247363137
Any AMD,2010,14,81001921,82524785,2280394898,-0.637443,-1,-0.25398,0.00189123,2.72325565166436
Any AMD,1964,14,30831155,32382245,2230224132,-0.923852,-1,-0.24594,0.007008,2.15440590683998
Any AMD,2018,14,90662837,92101228,2290055814,0.590728,0.11259,1,0.0128437,1.89130984713124
Any AMD,1994,14,62717986,64033237,2262110963,-0.323644,-0.64274,-0.03979,0.0284521,1.54588567356578
Any AMD,1971,14,38722115,40343754,2238115092,0.652906,0.08699,1,0.0290044,1.53753611414344
Any AMD,1976,14,43321169,44623273,2242714146,-0.260698,-0.54248,-0.01517,0.0399477,1.39850822025645
Any AMD,1998,14,67891840,68976912,2267284817,-0.327459,-0.76107,0.03862,0.080407,1.09470614118886
Any AMD,1963,14,29029225,30831154,2228422202,-0.247404,-0.56593,0.04871,0.090833,1.04175634185114
Any AMD,1993,14,61652817,62717985,2261045794,-0.227513,-0.51984,0.04716,0.107587,0.968240202362479
Any AMD,2017,14,89482884,90662836,2288875861,0.703846,-0.11944,1,0.110823,0.955370097581539
Any AMD,1995,14,64033238,65229391,2263426215,-0.239447,-0.58353,0.07773,0.133679,0.87393681188865
Any AMD,1984,14,52206123,52760553,2251599100,0.392898,-0.19761,1,0.171865,0.764812557603344
Any AMD,2022,14,95946793,97174314,2295339770,-0.34017,-1,0.16671,0.173564,0.760540349566623
Any AMD,1986,14,54359599,55292832,2253752576,-0.188915,-0.47662,0.08782,0.173784,0.759990210807828
Any AMD,1972,14,40343755,40965849,2239736732,0.536271,-0.26722,1,0.174131,0.759123905904677
Any AMD,2026,14,99474534,100786189,2298867511,-0.146907,-0.37981,0.07695,0.194056,0.712072924804372
Any AMD,1959,14,24906057,25585041,2224299034,-0.529063,-1,0.31018,0.196993,0.705549205896203
Any AMD,2023,14,97174315,98268391,2296567292,0.477436,-0.28922,1,0.21626,0.665023801345658
Any AMD,2004,14,74245429,75699501,2273638406,-0.215896,-0.61627,0.15563,0.233387,0.631923338459896
Any AMD,2013,14,85562937,86653343,2284955914,-0.335247,-1,0.26152,0.243562,0.61339046841043
Any AMD,1955,14,20876081,21982654,2220269058,0.833672,-0.3483,1,0.246061,0.608957215338221
Any AMD,2000,14,69794543,71140426,2269187520,-0.26881,-0.93823,0.23139,0.271913,0.565570028553358
Any AMD,1990,14,58447799,59447537,2257840776,-0.30466,-1,0.31106,0.299401,0.523746753446017
Any AMD,1958,14,23985937,24906056,2223378914,0.178307,-0.19644,0.57989,0.325656,0.487240915822813
Any AMD,1977,14,44623274,45817082,2244016251,0.433999,-0.63536,1,0.338014,0.471065311566042
Any AMD,2025,14,98885323,99474533,2298278300,-0.171976,-0.62511,0.21711,0.366311,0.436150039654942
Any AMD,2009,14,79199452,81001920,2278592429,0.146522,-0.21277,0.55777,0.410423,0.386768309462531
Any AMD,2012,14,84087373,85562936,2283480350,0.205929,-0.33899,0.89429,0.412379,0.384703458850049
Any AMD,1956,14,21982655,22760700,2221375632,-0.171158,-0.68382,0.2755,0.428096,0.36845883006348
Any AMD,2014,14,86653344,87350275,2286046321,-0.837082,-1,1,0.428159,0.36839492257702
Any AMD,1974,14,41614834,42562550,2241007811,0.501044,-1,1,0.438948,0.357586925431393
Any AMD,2028,14,102004378,103617472,2301397355,0.0970223,-0.15847,0.35223,0.446207,0.350463620879776
Any AMD,2011,14,82524786,84087372,2281917763,0.250294,-0.47249,1,0.479348,0.319349080310586
Any AMD,1970,14,37282013,38722114,2236674990,0.18256,-0.40077,1,0.480471,0.318332820107933
Any AMD,1979,14,46748239,48177483,2246141216,-0.65989,-1,0.81211,0.529763,0.275918377214635
Any AMD,2015,14,87350276,88208595,2286743253,0.19382,-0.49836,1,0.530095,0.275646292137751
Any AMD,2003,14,73373374,74245428,2272766351,-0.130912,-0.64362,0.32548,0.547621,0.261519906028828
Any AMD,1996,14,65229392,66300066,2264622369,-0.105492,-0.48599,0.2529,0.55205,0.25802158578403
Any AMD,2002,14,72665320,73373373,2272058297,-0.0783004,-0.42969,0.27963,0.638677,0.19471872334873
Any AMD,2029,14,103617473,104439106,2303010450,-0.204665,-1,0.79876,0.65151,0.186078913932227
Any AMD,1988,14,56206431,57460781,2255599408,-0.0908265,-0.63531,0.36315,0.660667,0.180017385451146
Any AMD,1981,14,49002066,50500564,2248395043,-0.0901166,-0.70278,0.4556,0.698353,0.155924996861915
Any AMD,1991,14,59447538,60099482,2258840515,-0.130024,-1,0.73179,0.705406,0.151560850656891
Any AMD,2005,14,75699502,76694201,2275092479,0.0652136,-0.2899,0.4362,0.705547,0.151474050427327
Any AMD,2016,14,88208596,89482883,2287601573,-0.121962,-1,0.64429,0.716809,0.144596550463957
Any AMD,1999,14,68976913,69794542,2268369890,-0.0593158,-0.43051,0.30333,0.730775,0.136216318390876
Any AMD,1983,14,51418372,52206122,2250811349,0.458729,-1,1,0.746461,0.126992877727635
Any AMD,2030,14,104439107,105091340,2303832084,0.0969194,-0.78844,1,0.789291,0.102762849269412
Any AMD,1966,14,33591114,34695195,2232984091,0.0411713,-0.29186,0.37925,0.796615,0.0987515202265954
Any AMD,1957,14,22760701,23985936,2222153678,-0.0505304,-0.5288,0.40551,0.797877,0.0980640539356302
Any AMD,2020,14,93386329,94892240,2292779306,-0.0339246,-0.30187,0.23853,0.798799,0.0975624874853031
Any AMD,1989,14,57460782,58447798,2256853759,-0.0688178,-0.83683,0.61977,0.808123,0.0925225325969242
Any AMD,2007,14,77425454,78374053,2276818431,-0.0832134,-1,0.89567,0.824258,0.0839368290328596
Any AMD,2001,14,71140427,72665319,2270533404,-0.0320211,-0.36124,0.30578,0.843363,0.0739854562596334
Any AMD,1962,14,27720241,29029224,2227113218,0.0217141,-0.20733,0.25003,0.846841,0.0721981236772967
Any AMD,2033,14,106876549,107289435,2306269526,0.0693094,-0.84639,1,0.850303,0.0704262886628981
Any AMD,1969,14,36422078,37282012,2235815055,-0.0430739,-0.78508,0.61885,0.876848,0.0570756842651049
Any AMD,1985,14,52760554,54359598,2252153531,0.0260882,-0.37277,0.43883,0.886617,0.0522639457916911
Any AMD,2027,14,100786190,102004377,2300179167,-0.010488,-0.22226,0.20196,0.920678,0.0358922343794753
Any AMD,2019,14,92101229,93386328,2291494206,0.0329564,-0.7949,0.9338,0.930435,0.0313139611977405
Any AMD,2024,14,98268392,98885322,2297661369,-0.0155646,-0.95651,0.83943,0.963044,0.016353870174876
Any AMD,1960,14,25585042,26395690,2224978019,0.0059412,-0.63102,0.65643,0.981095,0.00828893759640272
Dry AMD,2078,15,77897164,78514101,2384579576,0.40882,0.16132,0.67964,0.00189277,2.72290215613632
Dry AMD,2040,15,27563173,29141035,2334245585,-0.456942,-0.89178,-0.10843,0.0110633,1.95611531082307
Dry AMD,2037,15,24531188,25384327,2331213600,-0.527145,-1,-0.07328,0.0285302,1.54469518387773
Dry AMD,2090,15,90632719,91593623,2397315131,-0.412307,-0.99939,-0.02757,0.0341315,1.46684462507009
Dry AMD,2088,15,88035758,89385187,2394718170,-0.326663,-0.73332,-0.0073,0.0441178,1.35538615243498
Dry AMD,2068,15,63218979,64339945,2369901391,0.285416,0.0022,0.58472,0.0477023,1.32146068064066
Dry AMD,2058,15,51605478,53263126,2358287890,-0.194019,-0.41532,0.0211,0.0794314,1.10000778282495
Dry AMD,2045,15,34410073,35118927,2341092485,0.56476,-0.11032,1,0.0953831,1.02052856687787
Dry AMD,2081,15,79998207,81077025,2386680619,0.251174,-0.07802,0.60733,0.133161,0.875622952079119
Dry AMD,2080,15,79292537,79998206,2385974949,0.23463,-0.077,0.56687,0.133437,0.874723730630884
Dry AMD,2073,15,70767984,72058129,2377450396,-0.695161,-1,0.20681,0.165469,0.78128335771904
Dry AMD,2082,15,81077026,82191077,2387759438,-0.298361,-1,0.14433,0.178653,0.747989686584371
Dry AMD,2036,15,24099947,24531187,2330782359,-0.459391,-1,0.31302,0.222999,0.651697084465094
Dry AMD,2035,15,22799927,24099946,2329482339,-0.139838,-0.40244,0.0915,0.228911,0.640333337406203
Dry AMD,2089,15,89385188,90632718,2396067600,-0.146961,-0.40212,0.1018,0.244544,0.611642988327704
Dry AMD,2096,15,96864279,98025684,2403546691,-0.197855,-0.64857,0.15627,0.263367,0.579438643253318
Dry AMD,2092,15,92675406,93707010,2399357818,0.172709,-0.14409,0.51234,0.276728,0.557946895682788
Dry AMD,2100,15,100742118,101550750,2407424530,0.225836,-0.26276,0.80075,0.337784,0.471360925742747
Dry AMD,2043,15,32177321,33484267,2338859733,-0.230466,-1,0.29999,0.356599,0.447819879038092
Dry AMD,2051,15,42332686,44987755,2349015098,-0.189264,-0.77796,0.25146,0.360171,0.443491258332146
Dry AMD,2062,15,56322589,57641164,2363005001,0.205423,-0.28204,0.7842,0.366544,0.435873885114977
Dry AMD,2101,15,101550751,102520975,2408233163,0.149157,-0.21164,0.5442,0.397036,0.401170113154976
Dry AMD,2098,15,98828262,99925972,2405510674,-0.0963019,-0.32797,0.13167,0.401958,0.395819323336329
Dry AMD,2038,15,25384328,26392947,2332066740,0.221828,-0.37598,1,0.426422,0.37016039724572
Dry AMD,2041,15,29141036,30604119,2335823448,-0.164168,-0.80603,0.31402,0.450747,0.34606715509426
Dry AMD,2087,15,87158588,88035757,2393841000,-0.2122,-1,0.43383,0.460538,0.336734529398867
Dry AMD,2077,15,76401953,77897163,2383084365,-0.181212,-1,0.54682,0.560627,0.25132599029203
Dry AMD,2093,15,93707011,94565521,2400389423,0.172746,-0.51953,1,0.563283,0.249273355666125
Dry AMD,2079,15,78514102,79292536,2385196514,0.132459,-0.36453,0.68379,0.564677,0.248199901259949
Dry AMD,2042,15,30604120,32177320,2337286532,-0.207877,-1,0.59625,0.582328,0.234832327265942
Dry AMD,2074,15,72058130,73375718,2378740542,-0.144561,-1,0.52732,0.612624,0.212805993387433
Dry AMD,2066,15,61130596,62106138,2367813008,-0.0581078,-0.29138,0.17863,0.615871,0.210510245392608
Dry AMD,2095,15,95662426,96864278,2402344838,0.23556,-0.65409,1,0.616926,0.209766926273145
Dry AMD,2085,15,85494084,86341598,2392176496,0.149726,-0.6657,1,0.651583,0.186030255091742
Dry AMD,2060,15,54332800,55136717,2361015212,-0.0931856,-0.56597,0.33626,0.651729,0.185932953763091
Dry AMD,2075,15,73375719,74458113,2380058131,-0.116543,-0.92862,0.57024,0.69408,0.158590469665901
Dry AMD,2084,15,84209761,85494083,2390892173,-0.0536976,-0.33793,0.22786,0.704094,0.15236935654525
Dry AMD,2059,15,53263127,54332799,2359945539,0.0671291,-0.30422,0.475,0.720685,0.1422545170484
Dry AMD,2067,15,62106139,63218978,2368788551,-0.0534993,-0.39448,0.27684,0.739536,0.131040680056808
Dry AMD,2047,15,36583328,37962915,2343265740,0.0602085,-0.36368,0.50177,0.749169,0.12542020167518
Dry AMD,2046,15,35118928,36583327,2341801340,-0.0504789,-0.39792,0.29183,0.759498,0.119473365435306
Dry AMD,2048,15,37962916,39238840,2344645328,-0.042362,-0.34529,0.2612,0.77317,0.11172500550642
Dry AMD,2039,15,26392948,27563172,2333075360,0.0628484,-0.44738,0.61745,0.777605,0.109240955559369
Dry AMD,2069,15,64339946,66355634,2371022358,-0.0936657,-0.98714,0.67457,0.784244,0.105548795265677
Dry AMD,2083,15,82191078,84209760,2388873490,0.0385518,-0.29052,0.37425,0.811412,0.0907585737881557
Dry AMD,2064,15,58712955,59901116,2365395367,0.0186791,-0.14446,0.18382,0.821242,0.085528848023064
Dry AMD,2049,15,39238841,40604780,2345921253,0.0355975,-0.29758,0.37862,0.829644,0.0811082232891276
Dry AMD,2070,15,66355635,67396520,2373038047,0.0676611,-0.7697,1,0.836887,0.0773331783143636
Dry AMD,2050,15,40604781,42332685,2347287193,-0.0239759,-0.35176,0.29624,0.871608,0.0596787922625068
Dry AMD,2086,15,86341599,87158587,2393024011,0.0263175,-0.30971,0.36211,0.872985,0.0589932184630385
Dry AMD,2097,15,98025685,98828261,2404708097,-0.0404634,-0.76182,0.56683,0.875552,0.0577180555857644
Dry AMD,2065,15,59901117,61130595,2366583529,-0.0195908,-0.28832,0.24211,0.881314,0.0548693308940454
Dry AMD,2063,15,57641165,58712954,2364323577,-0.0102411,-0.26659,0.24601,0.93543,0.0289887060273306
Dry AMD,2091,15,91593624,92675405,2398276036,-0.037119,-1,0.98429,0.938613,0.0275134350061508
Dry AMD,2076,15,74458114,76401952,2381140526,-0.00363049,-0.22431,0.21857,0.973992,0.0114446102365012
Wet AMD,2081,15,79998207,81077025,2386680619,0.692343,0.30552,1,0.000992885,3.00310105035423
Wet AMD,2078,15,77897164,78514101,2384579576,0.364301,0.10597,0.64236,0.00651554,2.18604958466335
Wet AMD,2089,15,89385188,90632718,2396067600,-0.254359,-0.45358,-0.05589,0.0115712,1.93662159987677
Wet AMD,2091,15,91593624,92675405,2398276036,-0.587186,-1,-0.11329,0.0199602,1.69983511142233
Wet AMD,2090,15,90632719,91593623,2397315131,-0.342993,-0.66175,-0.05522,0.0205499,1.6871902871482
Wet AMD,2101,15,101550751,102520975,2408233163,-0.355457,-0.76086,-0.02291,0.0401543,1.3962679406399
Wet AMD,2067,15,62106139,63218978,2368788551,-0.368133,-0.84919,-0.00755,0.0468124,1.32963909268932
Wet AMD,2075,15,73375719,74458113,2380058131,-0.509319,-1,-0.0112,0.0506922,1.29505886034245
Wet AMD,2064,15,58712955,59901116,2365395367,0.155129,-0.00594,0.31908,0.0578394,1.23777622086637
Wet AMD,2063,15,57641165,58712954,2364323577,0.225403,-0.02161,0.48102,0.0661019,1.17978605719127
Wet AMD,2071,15,67396521,69089815,2374078933,-0.230927,-0.56095,0.04458,0.100702,0.996961904020976
Wet AMD,2040,15,27563173,29141035,2334245585,-0.765939,-1,0.1571,0.129305,0.888384681380817
Wet AMD,2043,15,32177321,33484267,2338859733,-0.317336,-0.96981,0.11713,0.140877,0.851159905318166
Wet AMD,2095,15,95662426,96864278,2402344838,0.470903,-0.17955,1,0.154696,0.810520915779538
Wet AMD,2060,15,54332800,55136717,2361015212,-0.443774,-1,0.20152,0.163881,0.785471394650816
Wet AMD,2058,15,51605478,53263126,2358287890,-0.254354,-0.75799,0.11357,0.165949,0.78002536028334
Wet AMD,2073,15,70767984,72058129,2377450396,-0.207569,-0.57339,0.10509,0.175001,0.756959469638042
Wet AMD,2047,15,36583328,37962915,2343265740,0.2379,-0.10642,0.70404,0.177441,0.750946023644993
Wet AMD,2079,15,78514102,79292536,2385196514,0.206958,-0.13508,0.58302,0.22672,0.644510167096615
Wet AMD,2062,15,56322589,57641164,2363005001,0.318368,-0.24426,1,0.236927,0.625385444626132
Wet AMD,2053,15,46022643,46884071,2352705055,-0.929777,-1,0.41295,0.26057,0.584075587028835
Wet AMD,2056,15,49260007,50195876,2355942419,-0.464038,-1,0.42263,0.284607,0.545754422508982
Wet AMD,2066,15,61130596,62106138,2367813008,0.141519,-0.12651,0.42577,0.290888,0.536274194329693
Wet AMD,2046,15,35118928,36583327,2341801340,-0.188856,-0.66358,0.21314,0.328352,0.483660334070103
Wet AMD,2038,15,25384328,26392947,2332066740,0.323636,-0.37551,1,0.328651,0.483265041935808
Wet AMD,2048,15,37962916,39238840,2344645328,-0.246779,-1,0.30359,0.33407,0.47616252292351
Wet AMD,2076,15,74458114,76401952,2381140526,-0.108275,-0.33583,0.11387,0.336014,0.473642627383725
Wet AMD,2088,15,88035758,89385187,2394718170,0.103901,-0.11486,0.33161,0.351632,0.453911609164137
Wet AMD,2077,15,76401953,77897163,2383084365,0.289296,-0.43292,1,0.376833,0.423851072199871
Wet AMD,2096,15,96864279,98025684,2403546691,-0.169221,-0.68016,0.21647,0.378963,0.421403190243661
Wet AMD,2051,15,42332686,44987755,2349015098,0.16648,-0.26102,0.71831,0.412267,0.384821427001892
Wet AMD,2068,15,63218979,64339945,2369901391,0.458387,-0.5818,1,0.434306,0.36220417075545
Wet AMD,2070,15,66355635,67396520,2373038047,-0.162605,-0.63512,0.27994,0.439235,0.357303060859331
Wet AMD,2100,15,100742118,101550750,2407424530,-0.153109,-0.60627,0.24151,0.439323,0.357216059398903
Wet AMD,2041,15,29141036,30604119,2335823448,-0.460504,-1,0.64259,0.521089,0.283088094535644
Wet AMD,2083,15,82191078,84209760,2388873490,0.166726,-0.40995,0.92006,0.524707,0.280083141936415
Wet AMD,2099,15,99925973,100742117,2406608385,0.222726,-0.63212,1,0.535678,0.27109618949572
Wet AMD,2042,15,30604120,32177320,2337286532,0.169068,-0.42165,1,0.542179,0.265857307782353
Wet AMD,2061,15,55136718,56322588,2361819130,-0.17248,-1,0.55224,0.591594,0.227976239306831
Wet AMD,2039,15,26392948,27563172,2333075360,-0.102409,-0.5739,0.31077,0.603534,0.219298258961071
Wet AMD,2093,15,93707011,94565521,2400389423,-0.241834,-1,0.76406,0.603997,0.218965218476023
Wet AMD,2065,15,59901117,61130595,2366583529,-0.0750326,-0.41102,0.24415,0.6322,0.199145508496439
Wet AMD,2049,15,39238841,40604780,2345921253,0.0803676,-0.25986,0.43895,0.632276,0.199093302870291
Wet AMD,2097,15,98025685,98828261,2404708097,0.0805618,-0.27573,0.45276,0.639571,0.194111236647984
Wet AMD,2045,15,34410073,35118927,2341092485,0.153089,-0.6488,1,0.655644,0.183331908798927
Wet AMD,2052,15,44987756,46022642,2351670168,-0.20573,-1,0.88766,0.665915,0.176581202341487
Wet AMD,2082,15,81077026,82191077,2387759438,-0.45738,-1,0.75471,0.699991,0.154907543807835
Wet AMD,2072,15,69089816,70767983,2375772228,0.0625807,-0.27562,0.42142,0.704102,0.152364422067585
Wet AMD,2055,15,47693317,49260006,2354375729,-0.102498,-0.89566,0.58371,0.720602,0.142304536846036
Wet AMD,2086,15,86341599,87158587,2393024011,-0.0562755,-0.44459,0.32562,0.75713,0.120829545288042
Wet AMD,2035,15,22799927,24099946,2329482339,0.0344984,-0.22165,0.30129,0.779888,0.107967762020392
Wet AMD,2094,15,94565522,95662425,2401247934,0.0641024,-0.52543,0.74423,0.800809,0.096471054624176
Wet AMD,2059,15,53263127,54332799,2359945539,0.0477723,-0.44529,0.55889,0.833845,0.0789146710658834
Wet AMD,2069,15,64339946,66355634,2371022358,-0.0371169,-0.48416,0.38685,0.836333,0.0776207664997384
Wet AMD,2057,15,50195877,51605477,2356878289,0.0571528,-0.60344,0.76426,0.838231,0.0766362818462632
Wet AMD,2080,15,79292537,79998206,2385974949,-0.02924,-0.40201,0.33741,0.867247,0.0618571938043796
Wet AMD,2087,15,87158588,88035757,2393841000,-0.0276084,-0.46376,0.39833,0.890603,0.0503158462795193
Wet AMD,2044,15,33484268,34410072,2340166680,-0.0314898,-0.66999,0.59387,0.904009,0.0438272458179105
Wet AMD,2092,15,92675406,93707010,2399357818,0.0247926,-0.4432,0.49381,0.906874,0.0424530491096804
Wet AMD,2098,15,98828262,99925972,2405510674,0.0115533,-0.29606,0.32606,0.938709,0.0274690182568675
Wet AMD,2074,15,72058130,73375718,2378740542,0.00482965,-0.32663,0.34214,0.976382,0.0103802355767779
Any AMD,2078,15,77897164,78514101,2384579576,0.424866,0.18063,0.69181,0.00102673,2.98854374815216
Any AMD,2090,15,90632719,91593623,2397315131,-0.480754,-0.86697,-0.17619,0.00292798,2.53343189411614
Any AMD,2081,15,79998207,81077025,2386680619,0.52808,0.18534,0.95164,0.0031345,2.50383172582502
Any AMD,2040,15,27563173,29141035,2334245585,-0.481099,-0.94849,-0.12911,0.00901043,2.04525448291981
Any AMD,2058,15,51605478,53263126,2358287890,-0.315591,-0.61827,-0.04486,0.0249702,1.60257797913249
Any AMD,2068,15,63218979,64339945,2369901391,0.391616,0.03524,0.86933,0.034257,1.46525067232477
Any AMD,2037,15,24531188,25384327,2331213600,-0.512193,-1,-0.02982,0.0451156,1.3456732625021
Any AMD,2089,15,89385188,90632718,2396067600,-0.225621,-0.45861,-9e-04,0.0498648,1.30220591850819
Any AMD,2060,15,54332800,55136717,2361015212,-0.334042,-0.90218,0.09964,0.125238,0.90226387650625
Any AMD,2045,15,34410073,35118927,2341092485,0.411367,-0.28906,1,0.221774,0.654089370352777
Any AMD,2095,15,95662426,96864278,2402344838,0.581801,-0.30349,1,0.229343,0.639514510852544
Any AMD,2062,15,56322589,57641164,2363005001,0.252946,-0.17473,0.77787,0.233479,0.631752175458725
Any AMD,2083,15,82191078,84209760,2388873490,0.262618,-0.17834,0.83181,0.235928,0.627220513866952
Any AMD,2097,15,98025685,98828261,2404708097,0.211631,-0.17074,0.70515,0.274551,0.561376970116356
Any AMD,2073,15,70767984,72058129,2377450396,-0.178748,-0.60413,0.16856,0.279814,0.553130560142118
Any AMD,2061,15,55136718,56322588,2361819130,-0.429552,-1,0.32923,0.290791,0.536419039046916
Any AMD,2098,15,98828262,99925972,2405510674,-0.122081,-0.35343,0.11098,0.292021,0.53458591616739
Any AMD,2075,15,73375719,74458113,2380058131,-0.221382,-0.72527,0.21198,0.301451,0.520783271116056
Any AMD,2063,15,57641165,58712954,2364323577,0.107529,-0.10703,0.3264,0.305939,0.514365157192557
Any AMD,2079,15,78514102,79292536,2385196514,0.172477,-0.16289,0.52771,0.306749,0.513216844396198
Any AMD,2041,15,29141036,30604119,2335823448,-0.393575,-1,0.35911,0.32376,0.48977680861649
Any AMD,2072,15,69089816,70767983,2375772228,-0.25095,-1,0.29821,0.336184,0.473422959775378
Any AMD,2064,15,58712955,59901116,2365395367,0.069766,-0.07234,0.21792,0.341487,0.466625824737144
Any AMD,2036,15,24099947,24531187,2330782359,-0.490022,-1,0.68424,0.355603,0.449034583815576
Any AMD,2034,15,20000205,22799926,2326682617,1,-1,1,0.366977,0.435361153966157
Any AMD,2066,15,61130596,62106138,2367813008,0.097168,-0.12367,0.31598,0.37127,0.430310141969188
Any AMD,2046,15,35118928,36583327,2341801340,-0.163122,-0.63307,0.21754,0.388793,0.410281562904046
Any AMD,2059,15,53263127,54332799,2359945539,0.14336,-0.19643,0.50865,0.398759,0.399289501787483
Any AMD,2091,15,91593624,92675405,2398276036,-0.244319,-1,0.43561,0.437871,0.358653816984242
Any AMD,2047,15,36583328,37962915,2343265740,0.156557,-0.26993,0.72957,0.438275,0.358253301583557
Any AMD,2038,15,25384328,26392947,2332066740,0.220725,-0.40397,1,0.441525,0.355044700796131
Any AMD,2043,15,32177321,33484267,2338859733,-0.150981,-0.61998,0.25989,0.443926,0.352689418331569
Any AMD,2082,15,81077026,82191077,2387759438,-0.228032,-1,0.42879,0.448966,0.34778654668372
Any AMD,2056,15,49260007,50195876,2355942419,-0.329309,-1,0.59998,0.472581,0.325523743052847
Any AMD,2050,15,40604781,42332685,2347287193,0.0881723,-0.17991,0.38088,0.50999,0.292438339563627
Any AMD,2086,15,86341599,87158587,2393024011,-0.107311,-0.47395,0.24969,0.531716,0.274320271024618
Any AMD,2088,15,88035758,89385187,2394718170,-0.0746669,-0.32538,0.17213,0.546027,0.262785881725494
Any AMD,2096,15,96864279,98025684,2403546691,-0.100181,-0.48465,0.25294,0.556582,0.254470842966186
Any AMD,2084,15,84209761,85494083,2390892173,0.15994,-0.4584,1,0.557851,0.253481784071243
Any AMD,2093,15,93707011,94565521,2400389423,0.50109,-0.85853,1,0.558189,0.25321872622498
Any AMD,2092,15,92675406,93707010,2399357818,0.0802679,-0.21975,0.38001,0.587452,0.231027613289017
Any AMD,2085,15,85494084,86341598,2392176496,-0.211036,-1,0.90453,0.629133,0.201257534109185
Any AMD,2057,15,50195877,51605477,2356878289,0.167191,-0.67581,1,0.638785,0.194645290551266
Any AMD,2076,15,74458114,76401952,2381140526,-0.0465055,-0.26054,0.15361,0.654269,0.184243656574453
Any AMD,2044,15,33484268,34410072,2340166680,-0.18125,-1,0.88162,0.668961,0.1745992005857
Any AMD,2067,15,62106139,63218978,2368788551,-0.0628369,-0.38169,0.2565,0.683749,0.165103295824582
Any AMD,2074,15,72058130,73375718,2378740542,0.0771078,-0.33054,0.49228,0.686321,0.163472712395079
Any AMD,2042,15,30604120,32177320,2337286532,-0.142801,-1,0.61223,0.698318,0.155946763343599
Any AMD,2071,15,67396521,69089815,2374078933,-0.080126,-0.75036,0.45745,0.722289,0.141288999116834
Any AMD,2039,15,26392948,27563172,2333075360,-0.066611,-0.48501,0.32929,0.723039,0.140838276663989
Any AMD,2080,15,79292537,79998206,2385974949,0.0537754,-0.25703,0.36467,0.723672,0.140458230580717
Any AMD,2048,15,37962916,39238840,2344645328,-0.0486603,-0.34445,0.24874,0.738963,0.131377306257556
Any AMD,2035,15,22799927,24099946,2329482339,-0.0366998,-0.26566,0.19052,0.739369,0.131138762325495
Any AMD,2069,15,64339946,66355634,2371022358,0.0686562,-0.41317,0.66819,0.742522,0.129290674216734
Any AMD,2077,15,76401953,77897163,2383084365,0.14499,-0.97223,1,0.748357,0.125891174671797
Any AMD,2087,15,87158588,88035757,2393841000,-0.0821189,-0.76987,0.50783,0.751735,0.123935228983643
Any AMD,2100,15,100742118,101550750,2407424530,0.0651097,-0.3976,0.56424,0.765117,0.116272148416159
Any AMD,2070,15,66355635,67396520,2373038047,-0.0520846,-0.5099,0.37745,0.800339,0.096726019702179
Any AMD,2052,15,44987756,46022642,2351670168,-0.086019,-1,0.85875,0.829099,0.0813936086696892
Any AMD,2065,15,59901117,61130595,2366583529,-0.0248771,-0.32564,0.2743,0.865482,0.062741960003451
Any AMD,2099,15,99925973,100742117,2406608385,-0.0473104,-0.81246,0.68154,0.871912,0.0595273451625751
Any AMD,2049,15,39238841,40604780,2345921253,0.0178383,-0.27195,0.31107,0.901086,0.0452337578077629
Any AMD,2051,15,42332686,44987755,2349015098,0.00706011,-0.4302,0.43895,0.970294,0.0130966541546267
Any AMD,2101,15,101550751,102520975,2408233163,0.00440956,-0.4844,0.51321,0.984044,0.00698548233087016
Dry AMD,2162,16,81437862,82310204,2490641249,-0.407678,-0.66483,-0.18944,0.00038494,3.41460695802291
Dry AMD,2150,16,72089512,73140781,2481292899,0.407537,0.17736,0.65656,0.000605236,3.21807524764099
Dry AMD,2171,16,88387229,89106304,2497590616,0.539911,0.22637,1,0.00119119,2.92401896112815
Dry AMD,2149,16,71062713,72089511,2480266100,0.518601,0.09106,1,0.0200949,1.696914150684
Dry AMD,2151,16,73140782,74135275,2482344169,0.278106,0.03541,0.56081,0.0255816,1.5920722960794
Dry AMD,2107,16,5782969,6446081,2414986356,0.304613,0.04115,0.6079,0.0266187,1.57481315835093
Dry AMD,2161,16,80559686,81437861,2489763073,-0.403084,-1,-0.04247,0.0310728,1.50761961028673
Dry AMD,2163,16,82310205,83077869,2491513592,-0.405363,-1,-0.02593,0.0375973,1.42484334223203
Dry AMD,2139,16,58508979,59885499,2467712366,0.713605,0.04333,1,0.0439354,1.35718541530797
Dry AMD,2123,16,22667049,24014705,2431870436,-0.30816,-0.72565,-0.01625,0.0441166,1.35539796536459
Dry AMD,2170,16,87669169,88387228,2496872556,0.354132,0.00544,1,0.04875,1.31202537996544
Dry AMD,2124,16,24014706,25235251,2433218093,-0.272775,-0.63242,0.03989,0.0838466,1.0765145434476
Dry AMD,2168,16,86058598,86748867,2495261985,0.22535,-0.05081,0.53279,0.106616,0.972177615288027
Dry AMD,2127,16,27443062,29043177,2436646449,0.369121,-0.11326,1,0.127134,0.895738288645527
Dry AMD,2141,16,61092845,62607090,2470296232,0.345951,-0.12365,0.98404,0.133534,0.874408141547438
Dry AMD,2146,16,66738844,68435728,2475942231,-0.22693,-0.56921,0.10188,0.171451,0.76585997748858
Dry AMD,2105,16,3379997,4816145,2412583384,1,-0.29592,1,0.174206,0.758936891107822
Dry AMD,2172,16,89106305,90292787,2498309692,-0.115748,-0.28747,0.05331,0.17937,0.746250191860188
Dry AMD,2131,16,35259454,49010761,2444462841,-0.302273,-1,0.15239,0.185965,0.730568785551882
Dry AMD,2111,16,8341013,9104469,2417544400,0.259032,-0.1471,0.79415,0.200698,0.697456955331606
Dry AMD,2154,16,75525960,76635467,2484729347,-0.343344,-1,0.22319,0.219253,0.659054455546724
Dry AMD,2147,16,68435729,69549149,2477639116,0.203295,-0.13662,0.56747,0.232361,0.633836763141121
Dry AMD,2137,16,55907390,57119889,2465110777,0.180691,-0.12895,0.51136,0.247518,0.606393212825675
Dry AMD,2140,16,59885500,61092844,2469088887,-0.332567,-1,0.28275,0.253843,0.595434808242396
Dry AMD,2102,16,60169,1049079,2409263556,-0.165236,-0.49875,0.13985,0.280906,0.551438984404466
Dry AMD,2104,16,1996493,3379996,2411199880,-0.421227,-1,0.34561,0.301217,0.5211205211903
Dry AMD,2109,16,7051430,7704354,2416254817,-0.184003,-0.64377,0.20178,0.330707,0.480556612376291
Dry AMD,2115,16,11022543,11916631,2420225930,0.124498,-0.13071,0.3915,0.334703,0.475340394969362
Dry AMD,2145,16,65882821,66738843,2475086208,0.106166,-0.11827,0.34011,0.357112,0.447195556006545
Dry AMD,2119,16,15921109,17343277,2425124496,-0.333938,-1,0.38423,0.36735,0.434919955819605
Dry AMD,2164,16,83077870,83778371,2492281257,-0.795183,-1,0.71631,0.404823,0.392734821046413
Dry AMD,2129,16,31384211,32847928,2440587598,-0.261481,-1,0.42195,0.412196,0.384896226982707
Dry AMD,2152,16,74135276,74889127,2483338663,0.179873,-0.29639,0.78304,0.420669,0.376059490894794
Dry AMD,2116,16,11916632,12793149,2421120019,0.137168,-0.20907,0.53858,0.420772,0.375953167737592
Dry AMD,2167,16,85146806,86058597,2494350193,0.163643,-0.28006,0.86216,0.438393,0.358136389025613
Dry AMD,2134,16,52041337,53393882,2461244724,0.184389,-0.33288,0.91953,0.441025,0.355536791361389
Dry AMD,2160,16,79662635,80559685,2488866022,-0.129786,-0.50238,0.21592,0.442529,0.354058263661544
Dry AMD,2142,16,62607091,64207176,2471810478,-0.117009,-0.45546,0.2067,0.458635,0.338532805849302
Dry AMD,2169,16,86748868,87669168,2495952255,-0.125007,-0.57416,0.23187,0.462153,0.335214223457808
Dry AMD,2143,16,64207177,65072403,2473410564,0.12146,-0.20909,0.47998,0.466877,0.330797520412995
Dry AMD,2157,16,77739133,78280636,2486942520,0.150377,-0.29822,0.64321,0.484558,0.314654231879748
Dry AMD,2108,16,6446082,7051429,2415649469,-0.14684,-0.74944,0.29582,0.486628,0.312802905895041
Dry AMD,2144,16,65072404,65882820,2474275791,0.208036,-0.50175,1,0.50654,0.295386253969331
Dry AMD,2121,16,19104258,20351261,2428307645,0.113792,-0.25683,0.50786,0.516646,0.286806928676092
Dry AMD,2132,16,49010762,50467033,2458214149,0.104258,-0.34405,0.63452,0.602907,0.219749673766551
Dry AMD,2103,16,1049080,1996492,2410252467,-0.0522552,-0.26291,0.15204,0.614888,0.211203982454841
Dry AMD,2153,16,74889128,75525959,2484092515,0.0789257,-0.29557,0.46617,0.660809,0.179924050700205
Dry AMD,2128,16,29043178,31384210,2438246565,-0.124472,-1,0.60282,0.683808,0.165065822615862
Dry AMD,2114,16,10351809,11022542,2419555196,0.0869903,-0.51867,0.80941,0.735795,0.13324316768699
Dry AMD,2136,16,54866096,55907389,2464069483,-0.152827,-1,0.74389,0.745224,0.127713167061187
Dry AMD,2118,16,13893408,15921108,2423096795,-0.0642108,-0.61896,0.38478,0.746551,0.126940518465394
Dry AMD,2126,16,26154123,27443061,2435357510,-0.0620315,-0.53639,0.36099,0.748575,0.125764681019815
Dry AMD,2158,16,78280637,78973580,2487484024,0.0444154,-0.24463,0.32841,0.749816,0.125045296593086
Dry AMD,2133,16,50467034,52041336,2459670421,0.0732493,-0.49962,0.73877,0.761284,0.118453297731621
Dry AMD,2159,16,78973581,79662634,2488176968,0.0406441,-0.32558,0.41919,0.806179,0.0935685188881325
Dry AMD,2112,16,9104470,9754796,2418307857,-0.0289241,-0.36084,0.29766,0.855977,0.0675379046070537
Dry AMD,2135,16,53393883,54866095,2462597270,-0.0237972,-0.32985,0.2806,0.870723,0.0601199835740762
Dry AMD,2138,16,57119890,58508978,2466323277,-0.0256788,-0.4175,0.36355,0.887807,0.0516814350603836
Dry AMD,2166,16,84440155,85146805,2493643542,-0.0197878,-0.70195,0.63006,0.93752,0.028019458750121
Dry AMD,2165,16,83778372,84440154,2492981759,0.0134649,-0.40333,0.43598,0.943028,0.0254754121778752
Wet AMD,2172,16,89106305,90292787,2498309692,-0.286175,-0.48262,-0.09571,0.00381571,2.41842463978179
Wet AMD,2127,16,27443062,29043177,2436646449,0.392077,0.10461,0.72633,0.00762326,2.11785926786742
Wet AMD,2171,16,88387229,89106304,2497590616,0.322783,0.06604,0.6186,0.0155522,1.80820816739093
Wet AMD,2162,16,81437862,82310204,2490641249,-0.194774,-0.37651,-0.02184,0.0291418,1.53548362669354
Wet AMD,2158,16,78280637,78973580,2487484024,0.240442,0.00249,0.49086,0.0460186,1.33706659778218
Wet AMD,2152,16,74135276,74889127,2483338663,0.264275,-0.02999,0.58026,0.082527,1.08340394196355
Wet AMD,2111,16,8341013,9104469,2417544400,0.783562,-0.07135,1,0.0861882,1.06455218922957
Wet AMD,2119,16,15921109,17343277,2425124496,-0.492231,-1,0.0723,0.0878732,1.05614355799572
Wet AMD,2148,16,69549150,71062712,2478752537,0.865931,-0.0775,1,0.100558,0.997583372927523
Wet AMD,2116,16,11916632,12793149,2421120019,-0.187452,-0.45516,0.06194,0.142773,0.84535391482663
Wet AMD,2128,16,29043178,31384210,2438246565,0.388735,-0.15254,1,0.148967,0.826909928266965
Wet AMD,2140,16,59885500,61092844,2469088887,0.380581,-0.17959,1,0.169217,0.771556008700533
Wet AMD,2159,16,78973581,79662634,2488176968,0.354088,-0.18094,1,0.203792,0.690812868533952
Wet AMD,2143,16,64207177,65072403,2473410564,0.249209,-0.14558,0.70413,0.204152,0.690046361101213
Wet AMD,2107,16,5782969,6446081,2414986356,-0.197347,-0.58241,0.11854,0.220778,0.656044205193865
Wet AMD,2155,16,76635468,77270665,2485838855,0.276087,-0.19816,0.9095,0.223656,0.650419446554867
Wet AMD,2153,16,74889128,75525959,2484092515,-0.300299,-1,0.22522,0.235802,0.627452515673159
Wet AMD,2132,16,49010762,50467033,2458214149,0.195137,-0.14781,0.62107,0.251763,0.599008095024598
Wet AMD,2133,16,50467034,52041336,2459670421,-0.243224,-1,0.23088,0.289561,0.538259932203377
Wet AMD,2117,16,12793150,13893407,2421996537,0.16553,-0.18354,0.54882,0.345668,0.461340823138165
Wet AMD,2114,16,10351809,11022542,2419555196,0.254568,-0.3263,1,0.345847,0.461115987193907
Wet AMD,2109,16,7051430,7704354,2416254817,0.717104,-0.49466,1,0.364257,0.438592093553408
Wet AMD,2134,16,52041337,53393882,2461244724,0.409328,-0.4459,1,0.364829,0.437910647209311
Wet AMD,2161,16,80559686,81437861,2489763073,-0.118843,-0.38902,0.15146,0.369309,0.43261010853448
Wet AMD,2135,16,53393883,54866095,2462597270,-0.166426,-0.75821,0.26969,0.414067,0.382929380193074
Wet AMD,2110,16,7704355,8341012,2416907742,0.153502,-0.2409,0.60093,0.416173,0.380726098875412
Wet AMD,2122,16,20351262,22667048,2429554649,-0.154966,-0.67945,0.26349,0.419891,0.376863433988462
Wet AMD,2112,16,9104470,9754796,2418307857,0.253601,-0.42894,1,0.429058,0.367483995979972
Wet AMD,2124,16,24014706,25235251,2433218093,0.109777,-0.16481,0.40201,0.43018,0.366349784770378
Wet AMD,2166,16,84440155,85146805,2493643542,-0.180875,-0.96441,0.3495,0.45695,0.34013131833732
Wet AMD,2154,16,75525960,76635467,2484729347,-0.243477,-1,0.47463,0.457018,0.340066694576261
Wet AMD,2157,16,77739133,78280636,2486942520,-0.152844,-0.6686,0.29461,0.488481,0.311152323973113
Wet AMD,2170,16,87669169,88387228,2496872556,0.0687574,-0.13124,0.27806,0.501695,0.299560227222657
Wet AMD,2164,16,83077870,83778371,2492281257,-0.15216,-0.70525,0.32405,0.502734,0.298661742356848
Wet AMD,2169,16,86748868,87669168,2495952255,-0.0888738,-0.4095,0.19887,0.533681,0.272718258583035
Wet AMD,2129,16,31384211,32847928,2440587598,0.30853,-0.69418,1,0.537337,0.269753253712749
Wet AMD,2121,16,19104258,20351261,2428307645,-0.129524,-0.76634,0.36013,0.563237,0.24930882338295
Wet AMD,2160,16,79662635,80559685,2488866022,-0.208126,-1,0.63707,0.566483,0.24681311866373
Wet AMD,2165,16,83778372,84440154,2492981759,-0.0631209,-0.2855,0.15773,0.568658,0.245148846729058
Wet AMD,2139,16,58508979,59885499,2467712366,-0.119767,-0.61364,0.34438,0.576643,0.239092975602989
Wet AMD,2137,16,55907390,57119889,2465110777,-0.072761,-0.34202,0.19239,0.585207,0.232690487667726
Wet AMD,2113,16,9754797,10351808,2418958184,0.225021,-0.73616,1,0.589455,0.229549344084837
Wet AMD,2150,16,72089512,73140781,2481292899,-0.10245,-0.65106,0.34008,0.614074,0.21177929033249
Wet AMD,2167,16,85146806,86058597,2494350193,-0.0623187,-0.32106,0.18693,0.614279,0.211634331400299
Wet AMD,2115,16,11022543,11916631,2420225930,-0.101208,-0.61924,0.35458,0.616102,0.210347381390726
Wet AMD,2126,16,26154123,27443061,2435357510,-0.0808549,-0.49437,0.30318,0.653707,0.184616864513818
Wet AMD,2106,16,4816146,5782968,2414019533,0.0481397,-0.16982,0.26506,0.654828,0.183872758726334
Wet AMD,2123,16,22667049,24014705,2431870436,-0.0782338,-0.51171,0.30031,0.657007,0.182430003278608
Wet AMD,2146,16,66738844,68435728,2475942231,0.161261,-0.67592,1,0.662164,0.179034434315369
Wet AMD,2147,16,68435729,69549149,2477639116,-0.461788,-1,1,0.673853,0.171434833808557
Wet AMD,2168,16,86058598,86748867,2495261985,-0.044173,-0.27686,0.18629,0.698961,0.155547055952912
Wet AMD,2138,16,57119890,58508978,2466323277,-0.0803007,-0.56711,0.38419,0.702621,0.153278874117255
Wet AMD,2163,16,82310205,83077869,2491513592,0.0493866,-0.22764,0.33064,0.71925,0.143120129437636
Wet AMD,2141,16,61092845,62607090,2470296232,0.0794052,-0.46171,0.67783,0.743614,0.128652442373093
Wet AMD,2142,16,62607091,64207176,2471810478,0.110205,-0.68866,1,0.755488,0.121772429505197
Wet AMD,2145,16,65882821,66738843,2475086208,-0.0432025,-0.51266,0.3895,0.820698,0.0858166249294065
Wet AMD,2131,16,35259454,49010761,2444462841,0.0297305,-0.2484,0.31624,0.828153,0.0818894205613068
Wet AMD,2103,16,1049080,1996492,2410252467,0.0296535,-0.2886,0.3492,0.839967,0.075737775842197
Wet AMD,2151,16,73140782,74135275,2482344169,-0.0270631,-0.53883,0.45777,0.893553,0.0488796827499466
Wet AMD,2105,16,3379997,4816145,2412583384,-0.011363,-0.31207,0.28417,0.936226,0.0286193022176161
Wet AMD,2104,16,1996493,3379996,2411199880,0.000921486,-0.28417,0.28761,0.994687,0.00231355800595462
Wet AMD,2102,16,60169,1049079,2409263556,-0.00172438,-0.77555,0.73908,0.995414,0.00199625541438917
Any AMD,2171,16,88387229,89106304,2497590616,0.42997,0.16186,0.76794,0.00191506,2.71781761477071
Any AMD,2162,16,81437862,82310204,2490641249,-0.283292,-0.50865,-0.07444,0.00842037,2.07466882472032
Any AMD,2127,16,27443062,29043177,2436646449,0.547869,0.14566,1,0.00942724,2.02561543644792
Any AMD,2172,16,89106305,90292787,2498309692,-0.217842,-0.38653,-0.05029,0.0113058,1.94669870149262
Any AMD,2161,16,80559686,81437861,2489763073,-0.372246,-0.83715,-0.03903,0.0293552,1.53231495638322
Any AMD,2150,16,72089512,73140781,2481292899,0.315411,0.02377,0.6432,0.0303449,1.51791428936547
Any AMD,2170,16,87669169,88387228,2496872556,0.213915,-0.00042,0.4455,0.0543126,1.26509940658639
Any AMD,2152,16,74135276,74889127,2483338663,0.288245,-0.04113,0.69137,0.0956083,1.01950440387734
Any AMD,2154,16,75525960,76635467,2484729347,-0.345303,-1,0.08732,0.109181,0.961852932264047
Any AMD,2168,16,86058598,86748867,2495261985,0.223041,-0.06494,0.55779,0.126564,0.89768980794188
Any AMD,2139,16,58508979,59885499,2467712366,0.539571,-0.17498,1,0.132097,0.87910704535474
Any AMD,2123,16,22667049,24014705,2431870436,-0.307926,-1,0.10566,0.134806,0.870290777615971
Any AMD,2119,16,15921109,17343277,2425124496,-0.278446,-0.8854,0.10296,0.14572,0.836480837430122
Any AMD,2151,16,73140782,74135275,2482344169,0.226246,-0.09445,0.64858,0.150511,0.822431758776278
Any AMD,2143,16,64207177,65072403,2473410564,0.25917,-0.13291,0.70551,0.18348,0.736411268540055
Any AMD,2158,16,78280637,78973580,2487484024,0.201332,-0.10632,0.55431,0.18863,0.724389235255427
Any AMD,2111,16,8341013,9104469,2417544400,0.299919,-0.1845,1,0.212764,0.67210185346333
Any AMD,2102,16,60169,1049079,2409263556,-0.189204,-0.56822,0.14325,0.246336,0.608472114921522
Any AMD,2147,16,68435729,69549149,2477639116,0.233361,-0.18859,0.70178,0.251821,0.598908055785616
Any AMD,2116,16,11916632,12793149,2421120019,-0.145495,-0.42856,0.11938,0.280748,0.551683328893958
Any AMD,2169,16,86748868,87669168,2495952255,-0.172316,-0.59206,0.15607,0.286046,0.543564120927761
Any AMD,2144,16,65072404,65882820,2474275791,0.376379,-0.41903,1,0.292224,0.534284118861896
Any AMD,2106,16,4816146,5782968,2414019533,0.171934,-0.17977,0.66762,0.313933,0.50316302974559
Any AMD,2114,16,10351809,11022542,2419555196,0.365057,-0.3521,1,0.323146,0.490601215537933
Any AMD,2124,16,24014706,25235251,2433218093,-0.166176,-0.61228,0.20284,0.364123,0.438751887785078
Any AMD,2140,16,59885500,61092844,2469088887,0.287163,-0.38719,1,0.365413,0.437216006168388
Any AMD,2160,16,79662635,80559685,2488866022,-0.196854,-0.73214,0.26811,0.380582,0.419551755947934
Any AMD,2164,16,83077870,83778371,2492281257,-0.283295,-1,0.4943,0.408472,0.388837708194638
Any AMD,2141,16,61092845,62607090,2470296232,0.182183,-0.26847,0.7243,0.412691,0.38437500214986
Any AMD,2163,16,82310205,83077869,2491513592,-0.145865,-0.56343,0.22251,0.414023,0.382975532078067
Any AMD,2126,16,26154123,27443061,2435357510,-0.144467,-0.5731,0.2329,0.418152,0.378665821665544
Any AMD,2135,16,53393883,54866095,2462597270,-0.110784,-0.54784,0.25658,0.528106,0.277278898309481
Any AMD,2109,16,7051430,7704354,2416254817,-0.102797,-0.48077,0.24562,0.548236,0.261032449847208
Any AMD,2159,16,78973581,79662634,2488176968,0.100383,-0.27312,0.52464,0.564819,0.24809070243719
Any AMD,2146,16,66738844,68435728,2475942231,-0.0880192,-0.40702,0.23531,0.577342,0.238566847655091
Any AMD,2107,16,5782969,6446081,2414986356,0.0964418,-0.34045,0.61101,0.623936,0.204859955625775
Any AMD,2117,16,12793150,13893407,2421996537,0.132233,-0.53236,0.95012,0.630711,0.200169594569322
Any AMD,2138,16,57119890,58508978,2466323277,-0.0784685,-0.45708,0.2738,0.653993,0.184426900112496
Any AMD,2125,16,25235252,26154122,2434438639,-0.312549,-1,0.89617,0.672378,0.172386504981094
Any AMD,2132,16,49010762,50467033,2458214149,0.0933785,-0.43212,0.74314,0.675787,0.17019016693012
Any AMD,2142,16,62607091,64207176,2471810478,-0.0659779,-0.41142,0.266,0.68805,0.162380000812336
Any AMD,2131,16,35259454,49010761,2444462841,-0.0772808,-0.57764,0.34665,0.689031,0.161761238431886
Any AMD,2167,16,85146806,86058597,2494350193,0.0964587,-0.49364,0.84379,0.702631,0.153272693098023
Any AMD,2104,16,1996493,3379996,2411199880,-0.0615993,-0.42082,0.27672,0.70399,0.152433509857411
Any AMD,2137,16,55907390,57119889,2465110777,0.0482466,-0.21904,0.32402,0.720139,0.142583668698386
Any AMD,2103,16,1049080,1996492,2410252467,-0.0366753,-0.24506,0.16983,0.724616,0.139892080686531
Any AMD,2115,16,11022543,11916631,2420225930,0.0455694,-0.22325,0.31638,0.733061,0.134859885029907
Any AMD,2110,16,7704355,8341012,2416907742,0.123836,-0.79547,1,0.755391,0.121828193818292
Any AMD,2105,16,3379997,4816145,2412583384,0.0524119,-0.4462,0.60068,0.802058,0.0957942250211143
Any AMD,2157,16,77739133,78280636,2486942520,0.0732041,-0.81758,1,0.830076,0.080882142720816
Any AMD,2134,16,52041337,53393882,2461244724,0.0382133,-0.37586,0.46129,0.837086,0.0772299214490428
Any AMD,2128,16,29043178,31384210,2438246565,0.0700626,-0.7996,1,0.853943,0.0685711171466284
Any AMD,2166,16,84440155,85146805,2493643542,-0.117497,-1,0.89579,0.858325,0.0663482378142016
Any AMD,2121,16,19104258,20351261,2428307645,0.0296961,-0.33599,0.41173,0.865516,0.0627248993108487
Any AMD,2155,16,76635468,77270665,2485838855,0.0642417,-0.97895,1,0.881826,0.0546171004631271
Any AMD,2153,16,74889128,75525959,2484092515,0.0279309,-0.4037,0.46873,0.88921,0.0509956618970251
Any AMD,2145,16,65882821,66738843,2475086208,0.0127499,-0.20569,0.23021,0.905725,0.0430036446098923
Any AMD,2133,16,50467034,52041336,2459670421,-0.0252652,-0.54247,0.50425,0.906547,0.0426096749534548
Any AMD,2112,16,9104470,9754796,2418307857,0.0207474,-0.3488,0.40973,0.909279,0.0413028389241917
Any AMD,2165,16,83778372,84440154,2492981759,-0.0155943,-0.35525,0.32906,0.922738,0.0349215939975668
Any AMD,2129,16,31384211,32847928,2440587598,0.0202771,-0.66843,0.7094,0.941025,0.0263988386154384
Dry AMD,2175,17,1480057,2699135,2500976231,-0.648805,-1,-0.24798,0.00154539,2.81096190234003
Dry AMD,2226,17,69245591,70495119,2568741765,-0.817326,-1,-0.29948,0.00185098,2.73259827381142
Dry AMD,2211,17,48722591,49909298,2548218765,-0.400612,-0.69897,-0.14917,0.00268496,2.57106217994903
Dry AMD,2174,17,815654,1480056,2500311828,0.35903,0.09212,0.74268,0.00948229,2.02308676664269
Dry AMD,2196,17,27344402,29783141,2526840576,0.596331,0.16452,1,0.011929,1.92339596141639
Dry AMD,2209,17,45883902,47516224,2545380076,-0.408149,-0.8439,-0.07481,0.0184058,1.73504530138847
Dry AMD,2225,17,68176220,69245590,2567672394,0.644379,0.06633,1,0.0291229,1.53576538103179
Dry AMD,2212,17,49909299,51110385,2549405473,-1,-1,0.03935,0.0612545,1.21286200078579
Dry AMD,2228,17,71466954,72383472,2570963128,0.500395,-0.0208,1,0.0666317,1.1763191062696
Dry AMD,2203,17,37361179,38880481,2536857353,0.551435,-0.07584,1,0.0863951,1.06351088834642
Dry AMD,2218,17,58652810,60453120,2558148984,0.212583,-0.06694,0.53169,0.135134,0.869235367819946
Dry AMD,2193,17,20402495,21432873,2519898669,-0.381404,-1,0.13706,0.140603,0.852005412818713
Dry AMD,2210,17,47516225,48722590,2547012399,-0.278188,-0.84049,0.1054,0.146406,0.834441124688173
Dry AMD,2192,17,18900979,20402494,2518397153,-0.423701,-1,0.1732,0.149302,0.825934374571384
Dry AMD,2235,17,78438333,79333774,2577934507,0.368874,-0.15993,1,0.156481,0.805538387166046
Dry AMD,2214,17,52102650,53468006,2551598824,1,-0.36123,1,0.159599,0.796969834137185
Dry AMD,2208,17,44865833,45883901,2544362007,-0.460525,-1,0.2251,0.175794,0.75499595185246
Dry AMD,2223,17,65582328,66757556,2565078502,0.261291,-0.14389,0.80371,0.191953,0.716805095980729
Dry AMD,2176,17,2699136,3430440,2502195310,-0.670141,-1,0.26603,0.201805,0.695068077715022
Dry AMD,2233,17,76596288,77412786,2576092462,0.220387,-0.15842,0.74121,0.229546,0.639130270717883
Dry AMD,2195,17,25872111,27344401,2525368285,0.332659,-0.23985,1,0.232211,0.634117211272085
Dry AMD,2183,17,9619357,10572617,2509115531,-0.362642,-1,0.25622,0.242634,0.615048342060687
Dry AMD,2198,17,31318754,32356061,2530814928,0.392958,-0.28151,1,0.247464,0.606487971431506
Dry AMD,2231,17,74908267,75619256,2574404441,-0.206031,-0.69496,0.20492,0.306732,0.513240913621469
Dry AMD,2206,17,42348004,43460500,2541844178,-0.237814,-0.88621,0.23373,0.308253,0.511092688042512
Dry AMD,2229,17,72383473,73741321,2571879647,0.148023,-0.1477,0.49394,0.313762,0.503399655362308
Dry AMD,2197,17,29783142,31318753,2529279316,0.627796,-0.34871,1,0.337863,0.471259366010441
Dry AMD,2177,17,3430441,4463971,2502926615,0.161784,-0.26366,0.71645,0.426167,0.370420182666802
Dry AMD,2221,17,63548725,64438387,2563044899,0.193998,-0.47599,1,0.511258,0.291359883231698
Dry AMD,2184,17,10572618,11778164,2510068792,0.139092,-0.3432,0.75584,0.524561,0.280204001420869
Dry AMD,2180,17,6305079,7264458,2505801253,-0.124341,-0.65882,0.29686,0.538487,0.268824776853305
Dry AMD,2186,17,12676354,13648446,2512172528,0.139748,-0.35905,0.82858,0.542166,0.265867721125459
Dry AMD,2230,17,73741322,74908266,2573237496,-0.120663,-0.70222,0.35877,0.565684,0.247426104819745
Dry AMD,2215,17,53468007,54950107,2552964181,0.116536,-0.31829,0.59492,0.567329,0.246165016156655
Dry AMD,2213,17,51110386,52102649,2550606560,-0.10256,-0.48633,0.2673,0.571629,0.242885746605183
Dry AMD,2191,17,17326541,18900978,2516822715,-0.195156,-1,0.61345,0.578711,0.237538262592565
Dry AMD,2173,17,52,815653,2499496226,-0.158169,-1,0.50716,0.605088,0.218181459834817
Dry AMD,2181,17,7264459,8554763,2506760633,0.105947,-0.43368,0.74883,0.65326,0.184913933439017
Dry AMD,2224,17,66757557,68176219,2566253731,0.0723457,-0.27646,0.43465,0.664026,0.177814915458091
Dry AMD,2236,17,79333775,80459149,2578829949,0.114982,-0.55928,0.99981,0.684867,0.164393759564932
Dry AMD,2232,17,75619257,76596287,2575115431,0.0515075,-0.25407,0.36626,0.725499,0.139363181840692
Dry AMD,2234,17,77412787,78438332,2576908961,-0.0990616,-0.94006,0.5696,0.726296,0.138886347663899
Dry AMD,2182,17,8554764,9619356,2508050938,-0.0734563,-0.6476,0.43179,0.741415,0.129938631752193
Dry AMD,2217,17,56245228,58652809,2555741402,-0.0386085,-0.29724,0.21948,0.75999,0.119192122157881
Dry AMD,2220,17,62112374,63548724,2561608548,-0.0567939,-0.61327,0.43229,0.789049,0.10289602623438
Dry AMD,2222,17,64438388,65582327,2563934562,0.0379729,-0.2963,0.377,0.81359,0.0895943980542264
Dry AMD,2205,17,40233546,42348003,2539729720,0.0311311,-0.26745,0.32845,0.828804,0.0815481615880609
Dry AMD,2237,17,80459150,81192460,2579955324,-0.0523306,-0.90993,0.70331,0.86652,0.0622214089576828
Dry AMD,2178,17,4463972,5573784,2503960146,-0.0208973,-0.75699,0.67345,0.93871,0.027468555606301
Dry AMD,2227,17,70495120,71466953,2569991294,-0.0124606,-0.57483,0.5446,0.954585,0.0201853942610077
Dry AMD,2216,17,54950108,56245227,2554446282,-0.00440832,-0.43836,0.4167,0.980981,0.00833940411349248
Wet AMD,2209,17,45883902,47516224,2545380076,-0.705725,-1,-0.25884,0.00229029,2.64010952315107
Wet AMD,2177,17,3430441,4463971,2502926615,0.363251,0.05723,0.73936,0.0206499,1.68508204713365
Wet AMD,2233,17,76596288,77412786,2576092462,0.622396,0.08186,1,0.0219542,1.65848238374364
Wet AMD,2236,17,79333775,80459149,2578829949,-0.379443,-1,0.00174,0.0544612,1.26391279363071
Wet AMD,2225,17,68176220,69245590,2567672394,0.28807,-0.01246,0.6171,0.0591029,1.22839120908324
Wet AMD,2206,17,42348004,43460500,2541844178,-0.303411,-0.69319,0.04044,0.0893728,1.04879463564815
Wet AMD,2196,17,27344402,29783141,2526840576,0.345917,-0.05613,0.85707,0.0938191,1.02770873752517
Wet AMD,2200,17,33614190,34474611,2533110364,-0.282109,-0.65646,0.04311,0.0948823,1.02281479631116
Wet AMD,2215,17,53468007,54950107,2552964181,0.290939,-0.05625,0.69108,0.0967598,1.01430503798467
Wet AMD,2186,17,12676354,13648446,2512172528,0.553551,-0.10276,1,0.108451,0.964766439108712
Wet AMD,2187,17,13648447,14508610,2513144621,0.422132,-0.11332,1,0.115347,0.937993696334813
Wet AMD,2230,17,73741322,74908266,2573237496,0.332624,-0.10406,1,0.130191,0.885419037161337
Wet AMD,2227,17,70495120,71466953,2569991294,-0.188697,-0.4879,0.07304,0.157833,0.801802188581934
Wet AMD,2189,17,15308723,16405207,2514804897,-0.262824,-0.84531,0.14966,0.198489,0.702263556264456
Wet AMD,2224,17,66757557,68176219,2566253731,-0.26315,-1,0.20527,0.251395,0.599643364255485
Wet AMD,2211,17,48722591,49909298,2548218765,-0.228216,-0.89574,0.1916,0.256666,0.590631657586261
Wet AMD,2228,17,71466954,72383472,2570963128,0.138264,-0.11503,0.39966,0.273457,0.563110955001125
Wet AMD,2229,17,72383473,73741321,2571879647,-0.250785,-1,0.21105,0.273737,0.562666496671735
Wet AMD,2174,17,815654,1480056,2500311828,-0.112143,-0.34533,0.11621,0.322366,0.491650769568697
Wet AMD,2235,17,78438333,79333774,2577934507,-0.161609,-0.52968,0.18195,0.335987,0.473677525995535
Wet AMD,2234,17,77412787,78438332,2576908961,0.126563,-0.19891,0.49379,0.415473,0.381457194098921
Wet AMD,2181,17,7264459,8554763,2506760633,0.180222,-0.29796,0.78583,0.421774,0.374920195588842
Wet AMD,2203,17,37361179,38880481,2536857353,0.205058,-0.39579,1,0.445875,0.35078687765359
Wet AMD,2183,17,9619357,10572617,2509115531,-0.165872,-0.8328,0.31174,0.451192,0.345638609349751
Wet AMD,2205,17,40233546,42348003,2539729720,-0.128939,-0.54035,0.22692,0.456007,0.341028490585478
Wet AMD,2213,17,51110386,52102649,2550606560,-0.675123,-1,0.6944,0.47139,0.326619634774962
Wet AMD,2195,17,25872111,27344401,2525368285,0.0913095,-0.17842,0.36997,0.499764,0.301235031051599
Wet AMD,2207,17,43460501,44865832,2542956675,-0.115926,-0.48392,0.24985,0.518295,0.285422980785944
Wet AMD,2201,17,34474612,36116884,2533970786,-0.111424,-0.54647,0.27139,0.528454,0.276992810467489
Wet AMD,2202,17,36116885,37361178,2535613059,0.123686,-0.39739,0.8331,0.588925,0.229940009389627
Wet AMD,2226,17,69245591,70495119,2568741765,0.0641363,-0.24189,0.3769,0.672234,0.172479525727054
Wet AMD,2173,17,52,815653,2499496226,0.0947458,-0.51682,0.77853,0.701235,0.154136415556677
Wet AMD,2185,17,11778165,12676353,2511274339,-0.664869,-1,0.95987,0.708177,0.149858182259196
Wet AMD,2197,17,29783142,31318753,2529279316,-0.0514693,-0.3461,0.23547,0.712651,0.147123101117722
Wet AMD,2184,17,10572618,11778164,2510068792,0.0635733,-0.31133,0.45435,0.715054,0.145661159574484
Wet AMD,2204,17,38880482,40233545,2538376656,0.0858518,-0.62602,0.98806,0.771793,0.112499164706265
Wet AMD,2216,17,54950108,56245227,2554446282,-0.0846761,-0.95139,0.6274,0.779014,0.108454737361952
Wet AMD,2198,17,31318754,32356061,2530814928,0.059175,-0.41624,0.54674,0.781808,0.106899889879623
Wet AMD,2231,17,74908267,75619256,2574404441,0.0998392,-0.77787,1,0.782872,0.106309239523038
Wet AMD,2210,17,47516225,48722590,2547012399,-0.0393814,-0.34341,0.25438,0.791793,0.101388342031669
Wet AMD,2221,17,63548725,64438387,2563044899,0.0957908,-0.81045,1,0.793401,0.100507256478193
Wet AMD,2223,17,65582328,66757556,2565078502,-0.0474263,-0.4753,0.38301,0.803714,0.0948984665734711
Wet AMD,2190,17,16405208,17326540,2515901382,0.0755077,-0.70081,0.95861,0.814193,0.0892726357744058
Wet AMD,2194,17,21432874,25872110,2520929048,-0.0315775,-0.42599,0.34554,0.860031,0.0654858942374841
Wet AMD,2220,17,62112374,63548724,2561608548,0.022347,-0.26804,0.316,0.876783,0.0571078793407356
Wet AMD,2175,17,1480057,2699135,2500976231,-0.0280041,-0.48025,0.4079,0.880557,0.055242526142768
Wet AMD,2193,17,20402495,21432873,2519898669,0.0297153,-0.52921,0.60494,0.896952,0.0472307974162283
Wet AMD,2180,17,6305079,7264458,2505801253,0.0178599,-0.31714,0.35741,0.913153,0.0394564497507241
Wet AMD,2222,17,64438388,65582327,2563934562,0.0162974,-0.36087,0.40331,0.927063,0.0328907516994355
Any AMD,2209,17,45883902,47516224,2545380076,-0.604761,-1,-0.23523,0.00195982,2.70778381466217
Any AMD,2211,17,48722591,49909298,2548218765,-0.409181,-0.70751,-0.15635,0.00222381,2.65290232117114
Any AMD,2196,17,27344402,29783141,2526840576,0.659469,0.21626,1,0.00378251,2.42221991513846
Any AMD,2233,17,76596288,77412786,2576092462,0.548997,0.12094,1,0.0147275,1.83187096859197
Any AMD,2226,17,69245591,70495119,2568741765,-0.58741,-1,-0.08559,0.0212777,1.672075318637
Any AMD,2228,17,71466954,72383472,2570963128,0.368854,0.0627,0.79382,0.0222642,1.65239290537567
Any AMD,2193,17,20402495,21432873,2519898669,-0.479152,-1,-0.02847,0.0358126,1.44596414800058
Any AMD,2175,17,1480057,2699135,2500976231,-0.335277,-0.83258,-0.00459,0.0455852,1.34117613544141
Any AMD,2225,17,68176220,69245590,2567672394,0.419901,0.01138,1,0.0469984,1.32791692680894
Any AMD,2218,17,58652810,60453120,2558148984,0.422878,0.00719,1,0.0540092,1.26753225556751
Any AMD,2177,17,3430441,4463971,2502926615,0.247367,-0.01913,0.53711,0.067542,1.17042608352732
Any AMD,2214,17,52102650,53468006,2551598824,0.977898,-0.04162,1,0.0703132,1.15296313658722
Any AMD,2208,17,44865833,45883901,2544362007,-0.797586,-1,0.04982,0.0761689,1.11822231626403
Any AMD,2189,17,15308723,16405207,2514804897,-0.408871,-1,0.04855,0.082501,1.08354078730644
Any AMD,2215,17,53468007,54950107,2552964181,0.322363,-0.0519,0.79625,0.0872449,1.05925995080539
Any AMD,2206,17,42348004,43460500,2541844178,-0.337303,-0.80848,0.04513,0.0884666,1.05322066346679
Any AMD,2203,17,37361179,38880481,2536857353,0.296718,-0.09408,0.84671,0.125126,0.902652438641524
Any AMD,2212,17,49909299,51110385,2549405473,-1,-1,0.50382,0.135825,0.867020286294242
Any AMD,2210,17,47516225,48722590,2547012399,-0.299849,-0.92707,0.11444,0.136033,0.866355724134125
Any AMD,2198,17,31318754,32356061,2530814928,0.251466,-0.09215,0.64743,0.148454,0.828408096117625
Any AMD,2192,17,18900979,20402494,2518397153,-0.431877,-1,0.17581,0.166639,0.778223349252011
Any AMD,2186,17,12676354,13648446,2512172528,0.344639,-0.2537,1,0.239864,0.620034928249551
Any AMD,2182,17,8554764,9619356,2508050938,-0.286757,-1,0.21976,0.245706,0.609584238167557
Any AMD,2195,17,25872111,27344401,2525368285,0.177347,-0.15241,0.51305,0.273299,0.563361957386287
Any AMD,2184,17,10572618,11778164,2510068792,0.175367,-0.13993,0.52106,0.273706,0.562715682172155
Any AMD,2213,17,51110386,52102649,2550606560,-0.233829,-0.73949,0.20556,0.274353,0.561690286511014
Any AMD,2201,17,34474612,36116884,2533970786,-0.2296,-1,0.26997,0.332863,0.477734476963733
Any AMD,2181,17,7264459,8554763,2506760633,0.213671,-0.24006,0.8203,0.339384,0.469308636018059
Any AMD,2232,17,75619257,76596287,2575115431,0.124322,-0.14443,0.40431,0.352339,0.453039282599728
Any AMD,2236,17,79333775,80459149,2578829949,-0.252474,-1,0.31934,0.379232,0.421095023556902
Any AMD,2235,17,78438333,79333774,2577934507,0.230058,-0.33574,1,0.384985,0.414556191385359
Any AMD,2183,17,9619357,10572617,2509115531,-0.250656,-1,0.34016,0.385792,0.413646782373519
Any AMD,2174,17,815654,1480056,2500311828,0.106699,-0.20417,0.49186,0.472248,0.325829872666696
Any AMD,2229,17,72383473,73741321,2571879647,0.115711,-0.22893,0.51959,0.480955,0.317895555987765
Any AMD,2223,17,65582328,66757556,2565078502,0.116477,-0.25507,0.52854,0.51755,0.286047687078499
Any AMD,2205,17,40233546,42348003,2539729720,-0.119741,-0.58884,0.29197,0.522503,0.281911211667233
Any AMD,2202,17,36116885,37361178,2535613059,0.279398,-0.57842,1,0.529336,0.276268568752575
Any AMD,2230,17,73741322,74908266,2573237496,0.170699,-0.45946,1,0.536415,0.270499086289967
Any AMD,2221,17,63548725,64438387,2563044899,0.173587,-0.53203,1,0.57662,0.239110298231193
Any AMD,2200,17,33614190,34474611,2533110364,-0.148825,-0.96299,0.46708,0.589268,0.229687142479875
Any AMD,2217,17,56245228,58652809,2555741402,-0.0795849,-0.42346,0.24698,0.604169,0.21884156220463
Any AMD,2227,17,70495120,71466953,2569991294,-0.0668328,-0.34975,0.19543,0.610862,0.214056890261034
Any AMD,2178,17,4463972,5573784,2503960146,-0.243649,-1,0.70504,0.652141,0.185658494909833
Any AMD,2224,17,66757557,68176219,2566253731,-0.0635031,-0.42001,0.27698,0.700763,0.154428836805784
Any AMD,2220,17,62112374,63548724,2561608548,-0.0480276,-0.34809,0.24562,0.736946,0.132564334069341
Any AMD,2194,17,21432874,25872110,2520929048,0.0925322,-0.60279,0.96845,0.754745,0.122199755389465
Any AMD,2222,17,64438388,65582327,2563934562,0.0630527,-0.37199,0.56351,0.755528,0.121749435997146
Any AMD,2237,17,80459150,81192460,2579955324,0.172374,-0.98551,1,0.772628,0.112029557095745
Any AMD,2190,17,16405208,17326540,2515901382,0.0744037,-0.83798,1,0.838498,0.076497968943405
Any AMD,2216,17,54950108,56245227,2554446282,-0.0390222,-0.57836,0.46783,0.853069,0.0690158397500452
Any AMD,2197,17,29783142,31318753,2529279316,0.0312304,-0.38862,0.50546,0.865366,0.0628001721167922
Any AMD,2207,17,43460501,44865832,2542956675,0.0363217,-0.50081,0.5842,0.876015,0.05748845734624
Any AMD,2173,17,52,815653,2499496226,-0.037812,-0.8527,0.73269,0.901398,0.0450834098660257
Any AMD,2191,17,17326541,18900978,2516822715,0.0351518,-0.92251,1,0.927849,0.0325226959822837
Any AMD,2234,17,77412787,78438332,2576908961,0.0131696,-0.40353,0.43595,0.940752,0.0265248497149378
Any AMD,2231,17,74908267,75619256,2574404441,-0.0185854,-0.68713,0.62629,0.943334,0.0253345122735853
Any AMD,2180,17,6305079,7264458,2505801253,-0.0116663,-0.35819,0.33798,0.944445,0.024823328257765
Dry AMD,2268,18,38498382,39410165,2619187016,0.719581,0.1507,1,0.0181949,1.74005032697346
Dry AMD,2294,18,66407961,67195980,2647096595,-0.586307,-1,-0.11296,0.0194722,1.71058497842942
Dry AMD,2249,18,10675549,11872226,2591364183,-0.545283,-1,-0.04404,0.0344156,1.46324465457407
Dry AMD,2251,18,12735559,13641479,2593424193,-0.799618,-1,-0.06756,0.0403771,1.39386487655695
Dry AMD,2259,18,25305261,26861067,2605993895,-0.459467,-1,0.02635,0.0683329,1.16537014773521
Dry AMD,2296,18,68051036,69311742,2648739670,-0.456576,-1,0.03331,0.0702013,1.15365484545426
Dry AMD,2288,18,59449423,60780194,2640138057,0.7227,-0.02385,1,0.07306,1.1363203321241
Dry AMD,2247,18,8788525,9816164,2589477159,0.428628,-0.05178,1,0.0824114,1.08401270802808
Dry AMD,2255,18,20009697,21622716,2600698331,0.550954,-0.0643,1,0.0826958,1.08251654707555
Dry AMD,2239,18,848351,1940211,2581536985,-0.837707,-1,0.09485,0.090485,1.04342340927167
Dry AMD,2300,18,72785207,73568260,2653473841,0.570926,-0.12031,1,0.109934,0.958867969735207
Dry AMD,2302,18,74471746,75240760,2655160380,-0.25204,-0.63644,0.07874,0.137738,0.860946227400284
Dry AMD,2291,18,63109756,64253143,2643798390,-0.417746,-1,0.24121,0.174686,0.75774189963288
Dry AMD,2281,18,52512524,53762996,2633201158,-0.459123,-1,0.23649,0.187444,0.727128456595302
Dry AMD,2264,18,32458908,34153297,2613147542,0.252018,-0.17597,0.82971,0.226801,0.644355034904685
Dry AMD,2283,18,54957868,55809315,2635646502,-0.398391,-1,0.28569,0.236057,0.626983116536272
Dry AMD,2269,18,39410166,40471407,2620098800,-0.57106,-1,0.3268,0.24072,0.618487825267976
Dry AMD,2262,18,28792735,30401128,2609481369,0.222151,-0.18512,0.83538,0.271357,0.566458970759788
Dry AMD,2275,18,46558307,47455925,2627246941,-0.298576,-1,0.27704,0.276041,0.559026407966172
Dry AMD,2258,18,24088164,25305260,2604776798,-0.174894,-0.54192,0.16197,0.298571,0.524952377292859
Dry AMD,2279,18,50372824,51060986,2631061458,-0.232118,-0.75088,0.244,0.30847,0.510787066535086
Dry AMD,2301,18,73568261,74471745,2654256895,-0.276723,-1,0.31013,0.322547,0.491406993111134
Dry AMD,2276,18,47455926,48228379,2628144560,0.164935,-0.17972,0.54101,0.341728,0.466319435168765
Dry AMD,2285,18,56832313,57635821,2637520947,0.125951,-0.13678,0.40766,0.34479,0.462445338577597
Dry AMD,2238,18,10719,848350,2580699353,-0.137735,-0.45916,0.1583,0.347536,0.459000201745653
Dry AMD,2290,18,62074994,63109755,2642763628,-0.167866,-0.55533,0.19823,0.350307,0.455551184318051
Dry AMD,2244,18,5575813,6756496,2586264447,0.182432,-0.25047,0.79983,0.378262,0.422207285509359
Dry AMD,2289,18,60780195,62074993,2641468829,-0.158505,-0.6577,0.23169,0.394576,0.403869334148576
Dry AMD,2272,18,42974166,44300145,2623662800,0.197874,-0.2952,0.86675,0.405946,0.391531733570023
Dry AMD,2243,18,4603962,5575812,2585292596,-0.294472,-1,0.41845,0.42003,0.376719689675519
Dry AMD,2256,18,21622717,22746153,2602311351,-0.129213,-0.47131,0.20064,0.427911,0.368646549276998
Dry AMD,2261,18,27823156,28792734,2608511790,0.164792,-0.30187,0.67881,0.444916,0.351721975940504
Dry AMD,2254,18,15220935,20009696,2595909569,-0.301045,-1,0.51764,0.503555,0.297953087390421
Dry AMD,2299,18,71491861,72785206,2652180495,-0.158476,-0.94676,0.38122,0.522192,0.282169785869008
Dry AMD,2253,18,14439252,15220934,2595127886,-0.228675,-1,0.55039,0.523619,0.280984603058169
Dry AMD,2293,18,65294196,66407960,2645982830,0.18095,-0.58962,1,0.587167,0.231238360654369
Dry AMD,2245,18,6756497,7862479,2587445131,-0.109956,-0.72148,0.40187,0.622102,0.206138402438768
Dry AMD,2273,18,44300146,45718492,2624988780,0.143,-0.55718,1,0.631876,0.199368139754715
Dry AMD,2303,18,75240761,76231685,2655929395,0.058543,-0.19067,0.31156,0.63721,0.195717417254552
Dry AMD,2304,18,76231686,77148137,2656920320,0.311852,-0.82545,1,0.638118,0.195099004648227
Dry AMD,2277,18,48228380,49790996,2628917014,-0.0670357,-0.35695,0.22604,0.638396,0.194909842809222
Dry AMD,2305,18,77148138,78017072,2657836772,0.110861,-0.52884,0.93571,0.693132,0.159184050507093
Dry AMD,2274,18,45718493,46558306,2626407127,-0.0731134,-0.52622,0.33647,0.698195,0.156023265633821
Dry AMD,2278,18,49790997,50372823,2630479631,-0.0841589,-0.63934,0.46283,0.729028,0.137255791281519
Dry AMD,2292,18,64253144,65294195,2644941778,-0.105835,-1,0.71186,0.745312,0.127661886294467
Dry AMD,2252,18,13641480,14439251,2594330114,-0.0870474,-0.87136,0.60433,0.754082,0.122581425733426
Dry AMD,2250,18,11872227,12735558,2592560861,0.0793609,-0.57975,0.83576,0.765773,0.115899950286227
Dry AMD,2297,18,69311743,70540349,2650000377,0.0612909,-0.45944,0.65795,0.794719,0.099786403824032
Dry AMD,2282,18,53762997,54957867,2634451631,-0.0512452,-0.58788,0.44446,0.819036,0.0866970087917904
Dry AMD,2242,18,3722829,4603961,2584411463,0.0416871,-0.39787,0.53308,0.828648,0.0816299135053133
Dry AMD,2298,18,70540350,71491860,2651228984,-0.0399484,-0.43459,0.34076,0.829239,0.0813202807623375
Dry AMD,2248,18,9816165,10675548,2590504799,0.0341344,-0.38182,0.47773,0.853522,0.0687852802253286
Dry AMD,2240,18,1940212,2839842,2582628846,0.0537316,-0.79171,1,0.888207,0.051485808454176
Dry AMD,2271,18,41425455,42974165,2622114089,0.0222892,-0.38347,0.4551,0.90891,0.0414791183605127
Dry AMD,2284,18,55809316,56832312,2636497950,0.0212038,-0.82645,0.97882,0.955265,0.0198761340990331
Dry AMD,2257,18,22746154,24088163,2603434788,0.0105082,-0.41449,0.42907,0.955401,0.0198143084846782
Wet AMD,2269,18,39410166,40471407,2620098800,-0.914812,-1,-0.21944,0.012071,1.91825675007728
Wet AMD,2273,18,44300146,45718492,2624988780,0.934605,0.18814,1,0.0137955,1.86026255445948
Wet AMD,2256,18,21622717,22746153,2602311351,-0.787211,-1,-0.17685,0.0144858,1.83905751523471
Wet AMD,2265,18,34153298,36056932,2614841932,-0.649004,-1,-0.13143,0.0146435,1.834355108454
Wet AMD,2291,18,63109756,64253143,2643798390,-0.518948,-1,-0.10483,0.0163779,1.78574178492479
Wet AMD,2295,18,67195981,68051035,2647884615,0.394644,-0.09805,1,0.117114,0.931391185548318
Wet AMD,2286,18,57635822,58527236,2638324456,0.484532,-0.15382,1,0.125799,0.900322811165854
Wet AMD,2267,18,37679128,38498381,2618367762,1,-0.63191,1,0.138759,0.857738838666003
Wet AMD,2246,18,7862480,8788524,2588551114,-0.413089,-1,0.12774,0.142382,0.846544910943452
Wet AMD,2245,18,6756497,7862479,2587445131,-0.209284,-0.56985,0.11607,0.204066,0.690229348260017
Wet AMD,2280,18,51060987,52512523,2631749621,-0.614856,-1,0.3582,0.206914,0.684210123558294
Wet AMD,2257,18,22746154,24088163,2603434788,0.190789,-0.1201,0.5205,0.211645,0.674391987043783
Wet AMD,2298,18,70540350,71491860,2651228984,0.350533,-0.30259,1,0.256471,0.590961734848465
Wet AMD,2304,18,76231686,77148137,2656920320,-0.238196,-0.79332,0.17879,0.256612,0.590723038483589
Wet AMD,2249,18,10675549,11872226,2591364183,0.334897,-0.26189,1,0.277413,0.556873191078247
Wet AMD,2287,18,58527237,59449422,2639215871,-0.273716,-1,0.25923,0.286259,0.543240850193043
Wet AMD,2296,18,68051036,69311742,2648739670,-0.212795,-0.69527,0.20975,0.302732,0.518941669929162
Wet AMD,2264,18,32458908,34153297,2613147542,-0.202341,-0.71088,0.20109,0.311149,0.507031590453831
Wet AMD,2244,18,5575813,6756496,2586264447,0.57995,-0.43015,1,0.322626,0.49130063632236
Wet AMD,2293,18,65294196,66407960,2645982830,0.1661,-0.18183,0.54926,0.3378,0.47134035476501
Wet AMD,2300,18,72785207,73568260,2653473841,0.823383,-0.4786,1,0.338845,0.469998918430125
Wet AMD,2294,18,66407961,67195980,2647096595,-0.481099,-1,0.50177,0.340856,0.467429056824812
Wet AMD,2255,18,20009697,21622716,2600698331,0.232109,-0.29964,1,0.347449,0.459108933934471
Wet AMD,2301,18,73568261,74471745,2654256895,-0.238355,-1,0.3076,0.364961,0.437753542090753
Wet AMD,2290,18,62074994,63109755,2642763628,-0.295887,-1,0.59825,0.474448,0.32381137976059
Wet AMD,2276,18,47455926,48228379,2628144560,0.259251,-0.504,1,0.48661,0.312818970415077
Wet AMD,2266,18,36056933,37679127,2616745567,-0.167894,-0.76466,0.34565,0.486839,0.312614638317164
Wet AMD,2271,18,41425455,42974165,2622114089,-0.243207,-1,0.59554,0.512722,0.290118047346775
Wet AMD,2279,18,50372824,51060986,2631061458,-0.266886,-1,0.67718,0.51437,0.288724369038724
Wet AMD,2281,18,52512524,53762996,2633201158,0.496615,-0.80521,1,0.540451,0.267243675243103
Wet AMD,2303,18,75240761,76231685,2655929395,-0.0935927,-0.44072,0.23936,0.552034,0.258034173072154
Wet AMD,2299,18,71491861,72785206,2652180495,-0.593548,-1,0.6661,0.567172,0.246285217432977
Wet AMD,2270,18,40471408,41425454,2621160042,0.184691,-0.57482,1,0.576791,0.238981524781054
Wet AMD,2283,18,54957868,55809315,2635646502,-0.672634,-1,0.93701,0.5881,0.230548820597962
Wet AMD,2258,18,24088164,25305260,2604776798,-0.146614,-1,0.53342,0.614,0.211831628858832
Wet AMD,2243,18,4603962,5575812,2585292596,0.069829,-0.21813,0.36825,0.617893,0.209086724802566
Wet AMD,2288,18,59449423,60780194,2640138057,-0.0962966,-0.56558,0.33559,0.639446,0.194196124980838
Wet AMD,2277,18,48228380,49790996,2628917014,-0.0785124,-0.44145,0.2667,0.645733,0.189947018531922
Wet AMD,2289,18,60780195,62074993,2641468829,-0.0597952,-0.3306,0.20444,0.652615,0.185342948411517
Wet AMD,2242,18,3722829,4603961,2584411463,-0.197398,-1,0.64405,0.674385,0.171092098065515
Wet AMD,2305,18,77148138,78017072,2657836772,-0.139508,-1,0.66173,0.708644,0.149571885641072
Wet AMD,2272,18,42974166,44300145,2623662800,-0.182062,-1,0.87065,0.71209,0.147465113058053
Wet AMD,2292,18,64253144,65294195,2644941778,0.151986,-0.83209,1,0.728749,0.137422028177739
Wet AMD,2250,18,11872227,12735558,2592560861,-0.0904847,-0.99225,0.63282,0.765168,0.116243200842884
Wet AMD,2282,18,53762997,54957867,2634451631,0.0436482,-0.28217,0.37547,0.784473,0.105421999371883
Wet AMD,2302,18,74471746,75240760,2655160380,-0.0420848,-0.36505,0.27726,0.786336,0.104391841027808
Wet AMD,2260,18,26861068,27823155,2607549702,0.113041,-1,1,0.795834,0.099177510657135
Wet AMD,2285,18,56832313,57635821,2637520947,0.0660793,-0.64535,0.86923,0.816097,0.0882582186222455
Wet AMD,2278,18,49790997,50372823,2630479631,0.067356,-0.71846,0.91737,0.826425,0.0827965535433438
Wet AMD,2274,18,45718493,46558306,2626407127,-0.0277713,-0.52729,0.44913,0.892581,0.0493523620428563
Wet AMD,2261,18,27823156,28792734,2608511790,-0.0276445,-0.64842,0.57881,0.915764,0.0382164332134905
Wet AMD,2259,18,25305261,26861067,2605993895,0.0211818,-0.44428,0.49553,0.917875,0.0372164587841289
Wet AMD,2297,18,69311743,70540349,2650000377,0.0234329,-0.89626,1,0.947151,0.0235807778720694
Wet AMD,2252,18,13641480,14439251,2594330114,-0.0101356,-0.70075,0.68364,0.970269,0.0131078440639965
Any AMD,2291,18,63109756,64253143,2643798390,-0.734578,-1,-0.29623,0.00210601,2.6765395709784
Any AMD,2269,18,39410166,40471407,2620098800,-1,-1,-0.15753,0.012221,1.91289325590091
Any AMD,2268,18,38498382,39410165,2619187016,0.819584,0.17975,1,0.0156822,1.80459301175114
Any AMD,2294,18,66407961,67195980,2647096595,-0.553336,-1,0.00781,0.0556683,1.2543920409868
Any AMD,2256,18,21622717,22746153,2602311351,-0.381689,-0.9616,0.01454,0.0634737,1.19740618511526
Any AMD,2301,18,73568261,74471745,2654256895,-0.409968,-1,0.05743,0.0805249,1.09406980583736
Any AMD,2255,18,20009697,21622716,2600698331,0.283642,-0.04677,0.68691,0.0931173,1.03096962517809
Any AMD,2300,18,72785207,73568260,2653473841,0.342911,-0.07676,0.93612,0.103867,0.983522411965012
Any AMD,2296,18,68051036,69311742,2648739670,-0.27737,-0.65889,0.06536,0.107226,0.969699894797849
Any AMD,2273,18,44300146,45718492,2624988780,0.47137,-0.11877,1,0.113315,0.945712596879422
Any AMD,2239,18,848351,1940211,2581536985,-0.610843,-1,0.13161,0.118784,0.925242054133269
Any AMD,2246,18,7862480,8788524,2588551114,-0.308745,-0.8553,0.09638,0.131098,0.882403933753007
Any AMD,2258,18,24088164,25305260,2604776798,-0.328854,-1,0.11901,0.141013,0.850740847855173
Any AMD,2279,18,50372824,51060986,2631061458,-0.286141,-0.82517,0.1765,0.210048,0.677681449299038
Any AMD,2287,18,58527237,59449422,2639215871,-1,-1,0.32868,0.211717,0.674244268528666
Any AMD,2259,18,25305261,26861067,2605993895,-0.290519,-1,0.20742,0.229745,0.638753931502411
Any AMD,2253,18,14439252,15220934,2595127886,-0.405791,-1,0.28025,0.22982,0.638612179687403
Any AMD,2247,18,8788525,9816164,2589477159,0.359603,-0.24935,1,0.242412,0.615445885311079
Any AMD,2295,18,67195981,68051035,2647884615,0.607297,-0.44588,1,0.312399,0.505290364984164
Any AMD,2254,18,15220935,20009696,2595909569,-0.310269,-1,0.30005,0.318419,0.497001025893647
Any AMD,2252,18,13641480,14439251,2594330114,-0.242831,-1,0.28482,0.327685,0.48454343828295
Any AMD,2276,18,47455926,48228379,2628144560,0.185562,-0.19457,0.62617,0.328951,0.48286878902414
Any AMD,2244,18,5575813,6756496,2586264447,0.242034,-0.29902,1,0.337754,0.471399498952443
Any AMD,2265,18,34153298,36056932,2614841932,-0.246093,-1,0.31491,0.344077,0.463344357041751
Any AMD,2288,18,59449423,60780194,2640138057,0.968607,-0.52342,1,0.349666,0.456346594543065
Any AMD,2248,18,9816165,10675548,2590504799,0.457443,-0.37016,1,0.3552,0.449527042893437
Any AMD,2302,18,74471746,75240760,2655160380,-0.139132,-0.47245,0.17137,0.36997,0.431833490426739
Any AMD,2283,18,54957868,55809315,2635646502,-0.518748,-1,0.60602,0.405223,0.392305912547684
Any AMD,2290,18,62074994,63109755,2642763628,-0.152669,-0.59546,0.26248,0.441718,0.354854902889232
Any AMD,2275,18,46558307,47455925,2627246941,-0.207807,-1,0.36021,0.446142,0.350526890164268
Any AMD,2238,18,10719,848350,2580699353,-0.120063,-0.47777,0.20715,0.455875,0.341154223678162
Any AMD,2242,18,3722829,4603961,2584411463,0.14606,-0.33546,0.76595,0.485808,0.313535337766277
Any AMD,2271,18,41425455,42974165,2622114089,-0.17669,-0.87154,0.3994,0.502713,0.298679883908061
Any AMD,2281,18,52512524,53762996,2633201158,-0.304634,-1,0.62984,0.507229,0.294795924329928
Any AMD,2245,18,6756497,7862479,2587445131,-0.115128,-0.50113,0.24689,0.517394,0.286178611920211
Any AMD,2305,18,77148138,78017072,2657836772,0.135317,-0.42207,0.9574,0.581823,0.235209114688051
Any AMD,2277,18,48228380,49790996,2628917014,-0.073346,-0.36228,0.19369,0.594919,0.225542160738191
Any AMD,2264,18,32458908,34153297,2613147542,0.134934,-0.4575,0.9165,0.604352,0.218710036329952
Any AMD,2274,18,45718493,46558306,2626407127,-0.0828723,-0.44022,0.24727,0.611959,0.213277673720828
Any AMD,2285,18,56832313,57635821,2637520947,0.0869361,-0.29269,0.50177,0.617344,0.209472768430249
Any AMD,2299,18,71491861,72785206,2652180495,-0.188125,-1,0.64369,0.652843,0.185191248176227
Any AMD,2289,18,60780195,62074993,2641468829,-0.0712254,-0.42668,0.27195,0.664259,0.177662552651433
Any AMD,2261,18,27823156,28792734,2608511790,0.0876473,-0.39115,0.61159,0.693339,0.159054370249198
Any AMD,2297,18,69311743,70540349,2650000377,-0.121097,-1,0.70694,0.722581,0.141113462230551
Any AMD,2249,18,10675549,11872226,2591364183,-0.120521,-1,0.70395,0.741016,0.13017241464322
Any AMD,2286,18,57635822,58527236,2638324456,-0.216132,-1,1,0.749001,0.125517602468502
Any AMD,2298,18,70540350,71491860,2651228984,0.0552107,-0.36354,0.48838,0.781662,0.106981000479177
Any AMD,2266,18,36056933,37679127,2616745567,-0.0827395,-0.88959,0.64666,0.78236,0.106593361982412
Any AMD,2304,18,76231686,77148137,2656920320,-0.070349,-0.79245,0.53663,0.782471,0.106531749338526
Any AMD,2303,18,75240761,76231685,2655929395,0.0374861,-0.2588,0.33838,0.796381,0.0988791098872051
Any AMD,2292,18,64253144,65294195,2644941778,0.0870288,-0.80448,1,0.808706,0.0922093347337946
Any AMD,2278,18,49790997,50372823,2630479631,0.0557976,-0.49566,0.62265,0.819309,0.0865522744474894
Any AMD,2272,18,42974166,44300145,2623662800,0.042662,-0.35775,0.45673,0.823064,0.0845663935044073
Any AMD,2282,18,53762997,54957867,2634451631,-0.0322191,-0.35201,0.28762,0.836598,0.0774831779934976
Any AMD,2243,18,4603962,5575812,2585292596,-0.0275171,-0.32652,0.25269,0.84647,0.0723884292447492
Any AMD,2263,18,30401129,32458907,2611089763,0.306954,-1,1,0.860855,0.0650699937299116
Any AMD,2257,18,22746154,24088163,2603434788,0.0214048,-0.27793,0.32546,0.883402,0.0538416218446861
Any AMD,2293,18,65294196,66407960,2645982830,0.0106891,-0.44658,0.45777,0.958261,0.0185161867233555
Any AMD,2262,18,28792735,30401128,2609481369,0.00644795,-0.48542,0.50474,0.974831,0.011070668536482
Any AMD,2250,18,11872227,12735558,2592560861,0.000921978,-0.65475,0.65253,0.997092,0.00126476821895226
Dry AMD,2351,19,45040933,45893307,2703746639,-0.319401,-0.40014,-0.23695,8.02075e-14,13.095785020041
Dry AMD,2350,19,43960959,45040932,2702666665,-0.500992,-1,-0.20365,0.0012949,2.88776376913106
Dry AMD,2352,19,45893308,46765060,2704599014,-0.268926,-0.44137,-0.09939,0.00169964,2.76964305660414
Dry AMD,2353,19,46765061,47752727,2705470767,-0.242482,-0.41608,-0.06911,0.00607493,2.21645872197473
Dry AMD,2316,19,8199017,9105577,2666904723,-0.322688,-0.62208,-0.05892,0.0186992,1.72817697330401
Dry AMD,2337,19,30375793,31763008,2689081499,0.294293,0.02188,0.59175,0.033123,1.47987033540039
Dry AMD,2345,19,39370420,40171413,2698076126,-0.301074,-0.61585,-0.0153,0.0418034,1.37878839427309
Dry AMD,2320,19,13213187,13968319,2671918893,-0.247756,-0.521,0.00779,0.0561411,1.25071908227426
Dry AMD,2307,19,762047,1515920,2659467753,-0.177054,-0.36861,0.00907,0.0587758,1.23080145096149
Dry AMD,2308,19,1515921,2253174,2660221627,-0.648037,-1,0.03418,0.0711571,1.14778175985261
Dry AMD,2361,19,53431218,54042240,2712136924,0.551997,-0.11997,1,0.100633,0.997259580236482
Dry AMD,2348,19,41733464,43317282,2700439170,-0.254326,-0.72122,0.07643,0.13097,0.882828172485733
Dry AMD,2363,19,54602371,55182973,2713308077,-0.30971,-1,0.10773,0.143118,0.844305741438956
Dry AMD,2314,19,6455429,7249359,2665161135,0.123817,-0.04588,0.29973,0.157292,0.803293365388207
Dry AMD,2338,19,31763009,33028099,2690468715,-0.153617,-0.37753,0.0577,0.159368,0.797598877535773
Dry AMD,2362,19,54042241,54602370,2712747947,-0.204982,-0.54927,0.10374,0.184811,0.733272183023234
Dry AMD,2329,19,20485500,21155862,2679191206,0.37872,-0.20628,1,0.191033,0.718891604061356
Dry AMD,2342,19,35649344,36638122,2694355050,0.323784,-0.18428,1,0.19649,0.706659547351304
Dry AMD,2310,19,3085447,3893909,2661791153,0.187037,-0.11049,0.54458,0.204822,0.688623397474241
Dry AMD,2327,19,18504868,19749166,2677210574,0.19672,-0.12179,0.56203,0.21222,0.673213689801605
Dry AMD,2339,19,33028100,33785835,2691733806,-0.176197,-0.47991,0.11329,0.21655,0.664441811934139
Dry AMD,2336,19,29389091,30375792,2688094797,0.310851,-0.21173,1,0.23299,0.632662718622127
Dry AMD,2346,19,40171414,41004105,2698877120,-0.392725,-1,0.30915,0.251094,0.600163664818038
Dry AMD,2343,19,36638123,38472870,2695343829,-0.231897,-0.75335,0.18468,0.256235,0.591361548796294
Dry AMD,2324,19,16079007,17045963,2674784713,0.462176,-0.35969,1,0.25979,0.585377570077478
Dry AMD,2321,19,13968320,14891100,2672674026,-0.314568,-1,0.28068,0.269331,0.569713656413569
Dry AMD,2332,19,22729409,23468992,2681435115,-0.622743,-1,0.44372,0.270674,0.567553459038621
Dry AMD,2334,19,24567342,28555845,2683273048,0.233655,-0.25321,0.9063,0.321111,0.49334481695771
Dry AMD,2340,19,33785836,34633274,2692491542,0.153652,-0.15755,0.48994,0.332398,0.478341597979313
Dry AMD,2364,19,55182974,55714085,2713888680,-0.352779,-1,0.38334,0.340265,0.468182720573892
Dry AMD,2318,19,10028841,11681978,2668734547,-0.131316,-0.55823,0.21432,0.429436,0.367101551082819
Dry AMD,2306,19,64705,762046,2658770411,-0.129523,-0.53138,0.2306,0.45252,0.344362221546755
Dry AMD,2326,19,17750519,18504867,2676456225,0.228918,-0.44777,1,0.461547,0.335784067549596
Dry AMD,2315,19,7249360,8199016,2665955066,-0.12206,-0.57069,0.29534,0.540353,0.267322433018505
Dry AMD,2360,19,52678749,53431217,2711384455,-0.295918,-1,0.61397,0.567788,0.245813790374541
Dry AMD,2325,19,17045964,17750518,2675751670,0.104091,-0.32291,0.59034,0.599882,0.221934169264338
Dry AMD,2358,19,51259179,51903804,2709964885,-0.0683746,-0.35709,0.20427,0.611898,0.213320966300627
Dry AMD,2357,19,50451926,51259178,2709157632,0.0751086,-0.28158,0.45903,0.660725,0.179979260383087
Dry AMD,2356,19,49415190,50451925,2708120896,0.192748,-0.63761,1,0.662745,0.178653540065032
Dry AMD,2330,19,21155863,21822653,2679861569,0.119875,-0.53496,0.86221,0.675929,0.170098920223478
Dry AMD,2331,19,21822654,22729408,2680528360,0.116847,-0.62862,0.93499,0.699159,0.155424047472965
Dry AMD,2365,19,55714086,56411086,2714419792,-0.0484318,-0.31561,0.2076,0.703862,0.152512480791624
Dry AMD,2319,19,11681979,13213186,2670387685,0.0590028,-0.27899,0.41122,0.715212,0.145565207453103
Dry AMD,2328,19,19749167,20485499,2678454873,0.0826405,-0.47738,0.75258,0.727613,0.138099550155794
Dry AMD,2312,19,4741719,5478684,2663447425,-0.0531019,-0.37964,0.26615,0.732601,0.135132492859318
Dry AMD,2344,19,38472871,39370419,2697178577,0.0530634,-0.26873,0.38156,0.735174,0.13360986051231
Dry AMD,2359,19,51903805,52678748,2710609511,0.0595214,-0.48178,0.69466,0.796277,0.098935828437179
Dry AMD,2335,19,28555846,29389090,2687261552,0.0613252,-0.50986,0.72638,0.802009,0.0958207581143328
Dry AMD,2367,19,57143510,57959952,2715849216,-0.273434,-1,1,0.802781,0.095402914825314
Dry AMD,2355,19,48573066,49415189,2707278772,0.0316889,-0.23389,0.29134,0.805509,0.0939296028195598
Dry AMD,2354,19,47752728,48573065,2706458434,0.0285577,-0.23089,0.28414,0.822818,0.0846962162296619
Dry AMD,2317,19,9105578,10028840,2667811284,-0.0547341,-0.64199,0.5234,0.828975,0.0814585665857489
Dry AMD,2311,19,3893910,4741718,2662599616,-0.0420962,-0.48876,0.39587,0.835668,0.0779662278310344
Dry AMD,2309,19,2253175,3085446,2660958881,-0.0204789,-0.42979,0.37802,0.908245,0.0417969843029979
Dry AMD,2347,19,41004106,41733463,2699709812,-0.00868947,-0.43945,0.41649,0.96185,0.0168926506769699
Dry AMD,2368,19,57959953,59118811,2716665659,-0.00958972,-0.5148,0.50329,0.963138,0.0163114819879536
Dry AMD,2333,19,23468993,24567341,2682174699,-0.00720723,-0.5405,0.53064,0.976048,0.0105288241134944
Dry AMD,2341,19,34633275,35649343,2693338981,0.0041297,-0.53056,0.54385,0.985447,0.00636672828611518
Dry AMD,2313,19,5478685,6455428,2664184391,0.000551182,-0.24964,0.24653,0.996449,0.00154492434470795
Wet AMD,2351,19,45040933,45893307,2703746639,-0.19217,-0.26759,-0.11508,8.68393e-07,6.06128368599333
Wet AMD,2337,19,30375793,31763008,2689081499,0.684147,0.29809,1,0.00068901,3.16177447488003
Wet AMD,2306,19,64705,762046,2658770411,-0.420177,-0.80639,-0.13787,0.00521205,2.28299142668548
Wet AMD,2334,19,24567342,28555845,2683273048,-0.49957,-1,-0.09173,0.0193691,1.71289055863631
Wet AMD,2353,19,46765061,47752727,2705470767,-0.195586,-0.37088,-0.02825,0.0245366,1.61018561697735
Wet AMD,2309,19,2253175,3085446,2660958881,-0.520558,-1,-0.05672,0.0315851,1.50051774376947
Wet AMD,2328,19,19749167,20485499,2678454873,0.372081,0.01791,0.86678,0.041253,1.38454446320932
Wet AMD,2339,19,33028100,33785835,2691733806,-0.365054,-0.84499,-0.01345,0.0470158,1.3277561697303
Wet AMD,2330,19,21155863,21822653,2679861569,0.777725,0.01293,1,0.0545821,1.26294975923286
Wet AMD,2318,19,10028841,11681978,2668734547,-0.220334,-0.48162,0.01899,0.0730021,1.13666464665634
Wet AMD,2307,19,762047,1515920,2659467753,-0.193698,-0.4207,0.01893,0.0741599,1.12983086448219
Wet AMD,2368,19,57959953,59118811,2716665659,-0.232038,-0.52677,0.03788,0.0926192,1.0332989745523
Wet AMD,2320,19,13213187,13968319,2671918893,-0.187926,-0.46767,0.06818,0.150551,0.82231635544156
Wet AMD,2338,19,31763009,33028099,2690468715,-0.204404,-0.54799,0.08423,0.152432,0.816923852126484
Wet AMD,2341,19,34633275,35649343,2693338981,-0.509703,-1,0.21392,0.154207,0.811895911678235
Wet AMD,2350,19,43960959,45040932,2702666665,-0.122062,-0.29208,0.04863,0.159213,0.798021474300844
Wet AMD,2344,19,38472871,39370419,2697178577,0.279554,-0.12302,0.83261,0.161128,0.792828983548135
Wet AMD,2324,19,16079007,17045963,2674784713,-0.277274,-0.81324,0.11855,0.161219,0.792583776991827
Wet AMD,2316,19,8199017,9105577,2666904723,-0.241604,-0.76753,0.14293,0.192232,0.716174315592365
Wet AMD,2355,19,48573066,49415189,2707278772,0.164675,-0.0866,0.42967,0.198632,0.701950784521857
Wet AMD,2352,19,45893308,46765060,2704599014,-0.132911,-0.34987,0.07807,0.204017,0.690333642875159
Wet AMD,2345,19,39370420,40171413,2698076126,-0.259218,-0.86226,0.16735,0.210269,0.677224750715134
Wet AMD,2347,19,41004106,41733463,2699709812,-0.139462,-0.37702,0.0934,0.232735,0.633138300151794
Wet AMD,2336,19,29389091,30375792,2688094797,0.222192,-0.16106,0.65378,0.241378,0.617302315489715
Wet AMD,2348,19,41733464,43317282,2700439170,-0.124455,-0.33887,0.0806,0.241673,0.616771866787243
Wet AMD,2333,19,23468993,24567341,2682174699,-0.548473,-1,0.4634,0.292801,0.533427444369997
Wet AMD,2361,19,53431218,54042240,2712136924,-0.287522,-1,0.36919,0.353716,0.451345294851494
Wet AMD,2346,19,40171414,41004105,2698877120,-0.158842,-0.54399,0.20778,0.365167,0.437508476388175
Wet AMD,2323,19,15650186,16079006,2674355892,-0.241736,-0.98369,0.33218,0.371043,0.430575757283657
Wet AMD,2325,19,17045964,17750518,2675751670,-0.102364,-0.34594,0.13693,0.396989,0.401221526751962
Wet AMD,2358,19,51259179,51903804,2709964885,-0.227146,-1,0.34266,0.417203,0.379652577333806
Wet AMD,2335,19,28555846,29389090,2687261552,0.142564,-0.23788,0.56588,0.440802,0.355756443677611
Wet AMD,2311,19,3893910,4741718,2662599616,0.388181,-0.61087,1,0.454031,0.342914493686254
Wet AMD,2343,19,36638123,38472870,2695343829,0.173941,-0.48922,1,0.551431,0.258508822650809
Wet AMD,2340,19,33785836,34633274,2692491542,0.0955753,-0.30903,0.54903,0.620076,0.207555077666555
Wet AMD,2319,19,11681979,13213186,2670387685,-0.0899751,-0.72465,0.44794,0.695263,0.157850881966886
Wet AMD,2317,19,9105578,10028840,2667811284,0.113715,-0.73297,1,0.743658,0.128626745718804
Wet AMD,2366,19,56411087,57143509,2715116793,-0.153393,-1,1,0.798573,0.0976853775241483
Wet AMD,2314,19,6455429,7249359,2665161135,-0.0257722,-0.22979,0.18191,0.803561,0.0949811494447059
Wet AMD,2321,19,13968320,14891100,2672674026,0.0468423,-0.36582,0.47635,0.812361,0.0902509344688026
Wet AMD,2331,19,21822654,22729408,2680528360,0.0461966,-0.36151,0.45935,0.814265,0.0892342323243721
Wet AMD,2315,19,7249360,8199016,2665955066,0.040923,-0.47859,0.60485,0.863977,0.0634978187549476
Wet AMD,2312,19,4741719,5478684,2663447425,0.0529637,-0.75727,0.9256,0.866711,0.062125691483925
Wet AMD,2356,19,49415190,50451925,2708120896,0.0307567,-0.4093,0.51257,0.874204,0.0583872106878747
Wet AMD,2326,19,17750519,18504867,2676456225,0.0315142,-0.39118,0.4473,0.875009,0.0579874799717032
Wet AMD,2359,19,51903805,52678748,2710609511,0.0184933,-0.25437,0.29232,0.889366,0.0509194774220849
Wet AMD,2342,19,35649344,36638122,2694355050,-0.0378502,-0.97081,0.77076,0.907802,0.0420088647876982
Wet AMD,2327,19,18504868,19749166,2677210574,0.0191096,-0.44551,0.50786,0.923538,0.0345452303257576
Wet AMD,2349,19,43317283,43960958,2702022989,-0.0207234,-0.59952,0.5372,0.928516,0.0322106081850078
Wet AMD,2362,19,54042241,54602370,2712747947,-0.0357373,-1,0.9074,0.934096,0.029608487658808
Wet AMD,2360,19,52678749,53431217,2711384455,-0.0187039,-0.76303,0.63548,0.943202,0.0253952870180957
Wet AMD,2363,19,54602371,55182973,2713308077,0.0161016,-0.55289,0.61237,0.943231,0.0253819342618873
Wet AMD,2310,19,3085447,3893909,2661791153,0.0106681,-0.33405,0.36256,0.945829,0.0241873742422535
Wet AMD,2365,19,55714086,56411086,2714419792,0.0133472,-0.55908,0.57142,0.949632,0.0224446592711719
Wet AMD,2332,19,22729409,23468992,2681435115,-0.0122883,-0.55824,0.53603,0.959499,0.0179554735545735
Wet AMD,2313,19,5478685,6455428,2664184391,0.00394877,-0.28541,0.28547,0.977462,0.00990011731940887
Wet AMD,2354,19,47752728,48573065,2706458434,0.00141556,-0.47929,0.48159,0.994541,0.00237730835983233
Any AMD,2351,19,45040933,45893307,2703746639,-0.259934,-0.33162,-0.18927,9.23234e-13,12.034688210102
Any AMD,2353,19,46765061,47752727,2705470767,-0.293865,-0.46745,-0.12364,0.000922126,3.03520973256244
Any AMD,2337,19,30375793,31763008,2689081499,0.425999,0.16971,0.72082,0.00159073,2.79840352837415
Any AMD,2350,19,43960959,45040932,2702666665,-0.305651,-0.51953,-0.111,0.00273801,2.56256497003078
Any AMD,2352,19,45893308,46765060,2704599014,-0.213151,-0.37063,-0.05995,0.00671582,2.17290095250635
Any AMD,2320,19,13213187,13968319,2671918893,-0.311727,-0.62776,-0.05004,0.0246064,1.60895192040931
Any AMD,2316,19,8199017,9105577,2666904723,-0.301277,-0.60919,-0.02133,0.0338693,1.47019377912386
Any AMD,2306,19,64705,762046,2658770411,-0.300189,-0.63033,-0.02684,0.0367026,1.43530316938123
Any AMD,2364,19,55182974,55714085,2713888680,-0.505755,-1,0.04502,0.0734473,1.13402416470223
Any AMD,2307,19,762047,1515920,2659467753,-0.150352,-0.31653,0.02087,0.0768365,1.11443242602411
Any AMD,2339,19,33028100,33785835,2691733806,-0.292402,-0.67682,0.03812,0.0784808,1.10523657859173
Any AMD,2345,19,39370420,40171413,2698076126,-0.329708,-1,0.08272,0.117268,0.93082048165606
Any AMD,2348,19,41733464,43317282,2700439170,-0.226853,-0.56001,0.06688,0.118529,0.926175379619088
Any AMD,2362,19,54042241,54602370,2712747947,-0.239852,-0.60761,0.08456,0.135517,0.868006221076731
Any AMD,2344,19,38472871,39370419,2697178577,0.27452,-0.10023,0.76941,0.143437,0.84333880666583
Any AMD,2338,19,31763009,33028099,2690468715,-0.156632,-0.39271,0.07,0.165831,0.780334280357036
Any AMD,2358,19,51259179,51903804,2709964885,-0.399233,-1,0.15454,0.171398,0.765994250055945
Any AMD,2309,19,2253175,3085446,2660958881,-0.239545,-0.70912,0.10538,0.17686,0.752370379320886
Any AMD,2328,19,19749167,20485499,2678454873,0.18899,-0.13891,0.53664,0.24184,0.616471865830239
Any AMD,2330,19,21155863,21822653,2679861569,0.354022,-0.44974,1,0.335952,0.473722769110998
Any AMD,2368,19,57959953,59118811,2716665659,-0.150185,-0.51149,0.17804,0.347999,0.458422004027861
Any AMD,2334,19,24567342,28555845,2683273048,-0.205868,-0.79785,0.29684,0.369566,0.432307990621842
Any AMD,2318,19,10028841,11681978,2668734547,-0.138809,-0.52417,0.18051,0.373817,0.427340952185886
Any AMD,2317,19,9105578,10028840,2667811284,0.213303,-0.30716,0.8432,0.400911,0.396952027626349
Any AMD,2346,19,40171414,41004105,2698877120,-0.316792,-1,0.48883,0.415194,0.381748931136765
Any AMD,2363,19,54602371,55182973,2713308077,-0.152724,-0.63751,0.24807,0.416363,0.380527870923722
Any AMD,2341,19,34633275,35649343,2693338981,-0.470622,-1,0.56922,0.418879,0.377911411929855
Any AMD,2360,19,52678749,53431217,2711384455,-0.198104,-1,0.37977,0.462172,0.335196369142156
Any AMD,2310,19,3085447,3893909,2661791153,0.1089,-0.22933,0.47319,0.492726,0.307394520415152
Any AMD,2342,19,35649344,36638122,2694355050,0.125824,-0.25657,0.54664,0.498031,0.30274362368622
Any AMD,2314,19,6455429,7249359,2665161135,0.0551824,-0.11138,0.22944,0.514181,0.28888397543258
Any AMD,2321,19,13968320,14891100,2672674026,-0.136581,-0.63263,0.30386,0.521888,0.282422688953503
Any AMD,2336,19,29389091,30375792,2688094797,0.170653,-0.46766,0.98176,0.537362,0.269733048311888
Any AMD,2359,19,51903805,52678748,2710609511,-0.122225,-0.63625,0.30715,0.545225,0.263424238836769
Any AMD,2361,19,53431218,54042240,2712136924,0.156893,-0.46166,0.89552,0.566447,0.246840718959165
Any AMD,2326,19,17750519,18504867,2676456225,0.142222,-0.61683,1,0.655466,0.183449830892807
Any AMD,2365,19,55714086,56411086,2714419792,-0.0540496,-0.31222,0.20487,0.662787,0.178626018483892
Any AMD,2313,19,5478685,6455428,2664184391,-0.0405692,-0.26746,0.18511,0.723419,0.140610089040262
Any AMD,2349,19,43317283,43960958,2702022989,-0.0938935,-0.9258,0.59485,0.746514,0.12696204317575
Any AMD,2354,19,47752728,48573065,2706458434,0.0480312,-0.26498,0.35613,0.746677,0.126867226101669
Any AMD,2332,19,22729409,23468992,2681435115,-0.134889,-1,0.95609,0.765785,0.115893144753844
Any AMD,2357,19,50451926,51259178,2709157632,0.213272,-0.82435,1,0.766696,0.115376802535417
Any AMD,2355,19,48573066,49415189,2707278772,0.0312736,-0.21014,0.28065,0.798425,0.0977658730332293
Any AMD,2347,19,41004106,41733463,2699709812,-0.0572602,-0.65737,0.48289,0.798841,0.0975396533446405
Any AMD,2327,19,18504868,19749166,2677210574,0.0366729,-0.27262,0.35425,0.80964,0.0917080437970805
Any AMD,2335,19,28555846,29389090,2687261552,0.0401946,-0.33251,0.41643,0.81722,0.0876610133277063
Any AMD,2343,19,36638123,38472870,2695343829,-0.0401881,-0.50126,0.39228,0.842068,0.0746528362529288
Any AMD,2308,19,1515921,2253174,2660221627,-0.125148,-1,0.85616,0.854788,0.0681415833380617
Any AMD,2319,19,11681979,13213186,2670387685,0.0257773,-0.26144,0.31368,0.856043,0.0675044196760134
Any AMD,2311,19,3893910,4741718,2662599616,-0.0357171,-0.48393,0.39497,0.859877,0.065563667409528
Any AMD,2325,19,17045964,17750518,2675751670,0.0225361,-0.25183,0.30468,0.868676,0.0611421771189345
Any AMD,2329,19,20485500,21155862,2679191206,0.0588052,-1,1,0.889987,0.0506163370286813
Any AMD,2340,19,33785836,34633274,2692491542,0.0230544,-0.39921,0.4469,0.905395,0.0431619082043688
Any AMD,2333,19,23468993,24567341,2682174699,0.0306815,-0.54713,0.63497,0.905818,0.0429590534664831
Any AMD,2331,19,21822654,22729408,2680528360,0.0204994,-0.52464,0.5781,0.932926,0.0301528032698101
Any AMD,2312,19,4741719,5478684,2663447425,0.0116729,-0.29975,0.32681,0.93924,0.027223420132492
Any AMD,2356,19,49415190,50451925,2708120896,0.0252081,-0.78944,0.93073,0.944608,0.0247483806509737
Any AMD,2324,19,16079007,17045963,2674784713,-0.0105919,-0.46703,0.44247,0.958176,0.0185547113719466
Any AMD,2315,19,7249360,8199016,2665955066,-0.000259071,-0.52415,0.52203,0.999097,0.000392345087637886
Dry AMD,2382,20,12353962,13202335,2730178479,-0.589667,-1,-0.09059,0.0257375,1.58943364037391
Dry AMD,2410,20,46486133,47203836,2764310650,-0.468868,-1,-0.00065,0.0526473,1.27862389656147
Dry AMD,2422,20,56951774,57924037,2774776291,0.647439,-0.104,1,0.0873069,1.05895143197017
Dry AMD,2423,20,57924038,58780894,2775748555,-0.537388,-1,0.08593,0.101987,0.991455183023166
Dry AMD,2411,20,47203837,48212975,2765028354,0.293025,-0.11579,0.77509,0.150541,0.822345203400461
Dry AMD,2372,20,2668109,3736551,2720492626,-0.570932,-1,0.21408,0.161851,0.790884612955012
Dry AMD,2407,20,43008891,44072210,2760833408,0.204003,-0.11703,0.58392,0.207855,0.68223952397811
Dry AMD,2424,20,58780895,59560457,2776605412,0.4724,-0.27092,1,0.211273,0.67515600081919
Dry AMD,2418,20,53879804,54743694,2771704321,-0.350398,-1,0.23104,0.218694,0.660163131926407
Dry AMD,2413,20,49236419,50653620,2767060936,-0.221225,-0.71066,0.1453,0.226986,0.644000928314574
Dry AMD,2384,20,14203756,15238519,2732028273,1,-0.46354,1,0.244715,0.611339409407625
Dry AMD,2387,20,16661517,17359290,2734486034,0.188821,-0.14461,0.54125,0.251497,0.599467191090028
Dry AMD,2405,20,41351515,42185671,2759176032,0.442904,-0.29429,1,0.255259,0.593018936483246
Dry AMD,2377,20,7231797,7959828,2725056314,0.795356,-0.44193,1,0.309351,0.50954847575266
Dry AMD,2416,20,52411533,53120334,2770236050,-0.209888,-0.75303,0.24358,0.334437,0.475685680973102
Dry AMD,2374,20,4591848,5379450,2722416365,0.143943,-0.18802,0.50004,0.382924,0.41688741312235
Dry AMD,2373,20,3736552,4591847,2721561069,-0.217572,-1,0.35415,0.406582,0.390851852145874
Dry AMD,2425,20,59560458,60125333,2777384975,-0.452834,-1,0.60574,0.415708,0.381211617729955
Dry AMD,2400,20,33890061,35990261,2751714578,0.163784,-0.26007,0.68003,0.429972,0.366559824981868
Dry AMD,2385,20,15238520,15962576,2733063037,-0.515424,-1,0.67146,0.443449,0.353156320121276
Dry AMD,2415,20,51533751,52411532,2769358268,-0.111643,-0.41899,0.18348,0.446948,0.349743001760081
Dry AMD,2388,20,17359291,18058524,2735183808,-0.216616,-1,0.46009,0.459944,0.337295042169479
Dry AMD,2386,20,15962577,16661516,2733787094,-0.186212,-0.92629,0.38495,0.488734,0.310927447141757
Dry AMD,2396,20,25181039,26318858,2743005556,-0.309434,-1,0.96218,0.570242,0.243940798782969
Dry AMD,2428,20,61470769,62179241,2779295286,0.098769,-0.30199,0.55743,0.583989,0.233595333168924
Dry AMD,2379,20,9279551,10279603,2727104068,0.141833,-0.44722,0.96154,0.594531,0.225825495497878
Dry AMD,2399,20,32484507,33890060,2750309024,0.133906,-0.43084,0.81469,0.607507,0.216448713542228
Dry AMD,2408,20,44072211,45673603,2761896728,0.130389,-0.43171,0.86113,0.607554,0.216415115491333
Dry AMD,2401,20,35990262,37253657,2753814779,-0.0656563,-0.35467,0.20754,0.622443,0.205900412776627
Dry AMD,2429,20,62179242,62963627,2780003759,0.118388,-0.45138,0.85337,0.644586,0.190719131322559
Dry AMD,2414,20,50653621,51533750,2768478138,-0.0952948,-0.55946,0.36025,0.653777,0.184570362049907
Dry AMD,2369,20,60795,884241,2717885312,0.12958,-0.61896,1,0.689358,0.161555180057586
Dry AMD,2420,20,55448076,56172843,2773272593,0.13862,-0.76242,1,0.706634,0.150805470131937
Dry AMD,2406,20,42185672,43008890,2760010189,-0.118598,-1,0.66889,0.715516,0.145380650326262
Dry AMD,2371,20,1771286,2668108,2719595803,0.0813814,-0.426,0.66448,0.71632,0.14489292296063
Dry AMD,2427,20,60766558,61470768,2778591075,-0.0675462,-0.5019,0.34444,0.724428,0.140004772037595
Dry AMD,2375,20,5379451,6128358,2723203968,0.0588335,-0.29013,0.42842,0.732183,0.135380358890573
Dry AMD,2409,20,45673604,46486132,2763498121,-0.0754571,-0.63646,0.42327,0.736901,0.132590854124261
Dry AMD,2404,20,40272391,41351514,2758096908,0.0873485,-0.53741,0.75867,0.745616,0.127484781129994
Dry AMD,2421,20,56172844,56951773,2773997361,0.0681988,-0.47142,0.6733,0.782513,0.106508438725454
Dry AMD,2417,20,53120335,53879803,2770944852,-0.0813047,-1,0.76152,0.806033,0.0936471772711878
Dry AMD,2383,20,13202336,14203755,2731026853,0.0733098,-0.68069,0.95544,0.811147,0.0909004337004642
Dry AMD,2426,20,60125334,60766557,2777949851,-0.312655,-1,1,0.820438,0.0859542327403857
Dry AMD,2376,20,6128359,7231796,2723952876,0.0547526,-0.73484,0.93425,0.866104,0.0624299556567281
Dry AMD,2403,20,38427595,40272390,2756252112,0.0223382,-0.27804,0.32235,0.879178,0.0559231879618901
Dry AMD,2390,20,18959420,19957928,2736783937,0.0274307,-0.48161,0.56724,0.901417,0.0450742557429943
Dry AMD,2412,20,48212976,49236418,2766037493,-0.0165603,-0.33412,0.29136,0.913254,0.0394084169270249
Dry AMD,2419,20,54743695,55448075,2772568212,-0.0168337,-0.71725,0.63934,0.949224,0.0226312896963789
Dry AMD,2393,20,22780957,23808562,2740605474,-0.00727846,-0.37582,0.3573,0.967024,0.0145627472838829
Dry AMD,2397,20,26318859,30569659,2744143376,-0.011726,-1,0.97537,0.974076,0.0114071569889734
Dry AMD,2370,20,884242,1771285,2718708759,-0.00307422,-0.49811,0.48754,0.98842,0.0050584755304186
Wet AMD,2419,20,54743695,55448075,2772568212,0.738547,0.17098,1,0.0120974,1.9173079591865
Wet AMD,2406,20,42185672,43008890,2760010189,0.555107,0.02395,1,0.0404435,1.3931512674007
Wet AMD,2369,20,60795,884241,2717885312,1,-0.22219,1,0.0999838,1.0000703614055
Wet AMD,2402,20,37253658,38427594,2755078175,0.256086,-0.08078,0.64447,0.138235,0.859381983138333
Wet AMD,2384,20,14203756,15238519,2732028273,-0.262312,-0.75769,0.09291,0.146388,0.83449452264499
Wet AMD,2374,20,4591848,5379450,2722416365,0.273445,-0.12669,0.83397,0.169746,0.770200450911351
Wet AMD,2378,20,7959829,9279550,2725784346,-0.240955,-0.69165,0.13273,0.197391,0.704672652778048
Wet AMD,2392,20,21682378,22780956,2739506895,-0.400734,-1,0.20461,0.212592,0.672453082339654
Wet AMD,2421,20,56172844,56951773,2773997361,-0.740736,-1,0.3768,0.220548,0.65649687618937
Wet AMD,2425,20,59560458,60125333,2777384975,-1,-1,0.41405,0.228638,0.640851587506756
Wet AMD,2393,20,22780957,23808562,2740605474,-0.227411,-0.67861,0.13984,0.230002,0.638268387525071
Wet AMD,2403,20,38427595,40272390,2756252112,0.141416,-0.09274,0.38543,0.240277,0.619287799113476
Wet AMD,2413,20,49236419,50653620,2767060936,0.304629,-0.2474,1,0.267923,0.571990002538392
Wet AMD,2388,20,17359291,18058524,2735183808,0.330641,-0.313,1,0.271874,0.565632323109216
Wet AMD,2405,20,41351515,42185671,2759176032,0.177208,-0.15593,0.55055,0.29052,0.536823964510642
Wet AMD,2411,20,47203837,48212975,2765028354,0.209868,-0.18128,0.65403,0.290833,0.536356316847449
Wet AMD,2424,20,58780895,59560457,2776605412,0.22812,-0.22951,0.77702,0.297758,0.526136561300496
Wet AMD,2401,20,35990262,37253657,2753814779,0.123847,-0.11692,0.37736,0.306801,0.513143229163167
Wet AMD,2373,20,3736552,4591847,2721561069,-0.202347,-0.72494,0.21564,0.311951,0.505913617843248
Wet AMD,2370,20,884242,1771285,2718708759,0.251591,-0.3059,1,0.331753,0.479185141176248
Wet AMD,2422,20,56951774,57924037,2774776291,0.225662,-0.2652,0.92219,0.337267,0.472026150417753
Wet AMD,2407,20,43008891,44072210,2760833408,0.250401,-0.34016,1,0.370884,0.430761901806447
Wet AMD,2397,20,26318859,30569659,2744143376,0.421326,-0.66468,1,0.3806,0.419531216048998
Wet AMD,2418,20,53879804,54743694,2771704321,-0.361055,-1,0.5434,0.435661,0.360851315994671
Wet AMD,2400,20,33890061,35990261,2751714578,-0.203489,-1,0.37056,0.439743,0.356801065083849
Wet AMD,2427,20,60766558,61470768,2778591075,-0.205986,-1,0.36443,0.452529,0.344353584113119
Wet AMD,2410,20,46486133,47203836,2764310650,-0.26426,-1,0.58976,0.500195,0.30086065383555
Wet AMD,2372,20,2668109,3736551,2720492626,0.213361,-0.54892,1,0.510021,0.292411941556266
Wet AMD,2428,20,61470769,62179241,2779295286,-0.117031,-0.54124,0.2623,0.511384,0.291252864147802
Wet AMD,2382,20,12353962,13202335,2730178479,-0.339549,-1,0.72486,0.548763,0.260615178346377
Wet AMD,2412,20,48212976,49236418,2766037493,-0.112956,-0.60078,0.33073,0.586179,0.23196974432045
Wet AMD,2387,20,16661517,17359290,2734486034,0.0908754,-0.2682,0.46149,0.601441,0.220806969539745
Wet AMD,2416,20,52411533,53120334,2770236050,0.142131,-0.49105,0.95831,0.609873,0.214760593090193
Wet AMD,2404,20,40272391,41351514,2758096908,-0.141022,-0.88891,0.50631,0.616934,0.209761294587451
Wet AMD,2371,20,1771286,2668108,2719595803,0.103612,-0.35781,0.67571,0.625758,0.203593589448631
Wet AMD,2398,20,30569660,32484506,2748394177,-0.075951,-0.70686,0.45867,0.732356,0.135277756029579
Wet AMD,2423,20,57924038,58780894,2775748555,0.065299,-0.362,0.54985,0.737723,0.132106676325581
Wet AMD,2420,20,55448076,56172843,2773272593,-0.0868463,-0.73344,0.51881,0.741568,0.129849019051351
Wet AMD,2409,20,45673604,46486132,2763498121,0.125345,-0.79842,1,0.752555,0.123461754440259
Wet AMD,2375,20,5379451,6128358,2723203968,-0.0489239,-0.45298,0.34505,0.795773,0.0992108002360438
Wet AMD,2381,20,11257013,12353961,2729081530,0.0471108,-0.43091,0.55012,0.825902,0.0830714822004688
Wet AMD,2414,20,50653621,51533750,2768478138,-0.143832,-1,1,0.851026,0.0700571714265285
Wet AMD,2390,20,18959420,19957928,2736783937,-0.0466065,-0.71009,0.5902,0.854801,0.0681349784426572
Wet AMD,2386,20,15962577,16661516,2733787094,0.0793361,-1,1,0.89854,0.0464625847847196
Wet AMD,2408,20,44072211,45673603,2761896728,-0.0213978,-0.80552,0.73109,0.942502,0.0257177195433449
Wet AMD,2376,20,6128359,7231796,2723952876,0.00580348,-0.36766,0.39173,0.973653,0.0115957936717289
Any AMD,2392,20,21682378,22780956,2739506895,-0.390464,-0.84792,-0.07511,0.018234,1.73911804953641
Any AMD,2422,20,56951774,57924037,2774776291,0.341517,-0.04086,0.84852,0.0758217,1.12020648247431
Any AMD,2369,20,60795,884241,2717885312,0.534125,-0.09339,1,0.106995,0.970636516923635
Any AMD,2411,20,47203837,48212975,2765028354,0.282806,-0.08452,0.7056,0.129162,0.88886523880013
Any AMD,2378,20,7959829,9279550,2725784346,-0.533738,-1,0.13664,0.129174,0.888824891858267
Any AMD,2424,20,58780895,59560457,2776605412,0.361879,-0.11028,1,0.132937,0.87635412620989
Any AMD,2418,20,53879804,54743694,2771704321,-0.369343,-1,0.10867,0.1342,0.872247484167027
Any AMD,2382,20,12353962,13202335,2730178479,-0.428425,-1,0.1479,0.13596,0.866588844088978
Any AMD,2407,20,43008891,44072210,2760833408,0.271958,-0.11819,0.90859,0.173867,0.759782839376808
Any AMD,2410,20,46486133,47203836,2764310650,-0.484758,-1,0.24669,0.176798,0.752522652184239
Any AMD,2402,20,37253658,38427594,2755078175,0.281879,-0.14389,0.78516,0.182782,0.738066574934669
Any AMD,2374,20,4591848,5379450,2722416365,0.249236,-0.13267,0.73412,0.192045,0.716596995453645
Any AMD,2387,20,16661517,17359290,2734486034,0.163731,-0.1252,0.46237,0.258756,0.587109571055103
Any AMD,2405,20,41351515,42185671,2759176032,1,-0.45827,1,0.294697,0.530624285222614
Any AMD,2385,20,15238520,15962576,2733063037,-0.574683,-1,0.51308,0.321961,0.492196732374338
Any AMD,2399,20,32484507,33890060,2750309024,0.267497,-0.43577,1,0.412194,0.384898334210994
Any AMD,2376,20,6128359,7231796,2723952876,0.193892,-0.32958,0.9647,0.418232,0.378582741265493
Any AMD,2406,20,42185672,43008890,2760010189,0.859701,-0.70126,1,0.428887,0.367657117467687
Any AMD,2373,20,3736552,4591847,2721561069,-0.218386,-1,0.40676,0.448442,0.34829371919473
Any AMD,2414,20,50653621,51533750,2768478138,-0.188338,-0.87148,0.36528,0.464006,0.333476403604507
Any AMD,2423,20,57924038,58780894,2775748555,-0.126456,-0.54719,0.25098,0.478657,0.319975585472956
Any AMD,2429,20,62179242,62963627,2780003759,0.151153,-0.31313,0.73912,0.490353,0.309491163324162
Any AMD,2417,20,53120335,53879803,2770944852,0.776004,-0.71169,1,0.491188,0.308752251796536
Any AMD,2421,20,56172844,56951773,2773997361,-0.164907,-0.77737,0.3569,0.500523,0.300575961054635
Any AMD,2427,20,60766558,61470768,2778591075,-0.0937966,-0.39613,0.21364,0.527373,0.27788210861762
Any AMD,2372,20,2668109,3736551,2720492626,-0.165954,-1,0.50813,0.574934,0.240382007625089
Any AMD,2415,20,51533751,52411532,2769358268,-0.101612,-0.53426,0.27617,0.579534,0.236921079839762
Any AMD,2371,20,1771286,2668108,2719595803,0.0999691,-0.37495,0.69935,0.65013,0.186999793145495
Any AMD,2390,20,18959420,19957928,2736783937,-0.0947511,-0.66995,0.40919,0.672871,0.172068188908511
Any AMD,2401,20,35990262,37253657,2753814779,0.0441626,-0.17214,0.26025,0.67991,0.16754857124995
Any AMD,2416,20,52411533,53120334,2770236050,-0.0710799,-0.50949,0.33878,0.720866,0.14214545770657
Any AMD,2375,20,5379451,6128358,2723203968,0.0564607,-0.30546,0.42858,0.747184,0.126572436545239
Any AMD,2386,20,15962577,16661516,2733787094,-0.0581684,-0.79211,0.617,0.837611,0.0769576278813487
Any AMD,2403,20,38427595,40272390,2756252112,0.0237054,-0.24671,0.30133,0.859537,0.0657354237471776
Any AMD,2381,20,11257013,12353961,2729081530,-0.0348735,-0.54932,0.4756,0.87585,0.0575702656930315
Any AMD,2388,20,17359291,18058524,2735183808,-0.028912,-0.48467,0.41871,0.889095,0.0510518320877275
Any AMD,2398,20,30569660,32484506,2748394177,0.0301545,-0.57285,0.66572,0.897955,0.0467454269645124
Any AMD,2409,20,45673604,46486132,2763498121,-0.0336254,-0.72768,0.61106,0.898025,0.0467115728973751
Any AMD,2413,20,49236419,50653620,2767060936,0.0191594,-0.33603,0.37805,0.908556,0.0416482992404168
Any AMD,2412,20,48212976,49236418,2766037493,-0.0168854,-0.33055,0.30138,0.912802,0.0396234170254112
Any AMD,2397,20,26318859,30569659,2744143376,0.0429411,-1,1,0.914087,0.0390124674808251
Any AMD,2400,20,33890061,35990261,2751714578,0.0189384,-0.47285,0.50984,0.929398,0.0317982664277318
Any AMD,2370,20,884242,1771285,2718708759,0.0191332,-0.62153,0.72582,0.941518,0.0261713726988852
Any AMD,2404,20,40272391,41351514,2758096908,0.0157753,-0.47005,0.51935,0.942642,0.0256532138848082
Any AMD,2393,20,22780957,23808562,2740605474,-0.011445,-0.36877,0.34273,0.946268,0.0239858462223088
Any AMD,2428,20,61470769,62179241,2779295286,0.00893781,-0.28948,0.29208,0.949353,0.0225722728766747
Any AMD,2420,20,55448076,56172843,2773272593,0.0403284,-1,1,0.962432,0.0166299455265036
Any AMD,2408,20,44072211,45673603,2761896728,-0.00908882,-0.73157,0.71276,0.973704,0.0115730458976103
Any AMD,2384,20,14203756,15238519,2732028273,0.0045238,-0.43685,0.44813,0.981071,0.0082995616389824
Dry AMD,2442,21,26467827,27774350,2807255971,-0.614088,-1,0.02515,0.0556526,1.25451454131533
Dry AMD,2454,21,40480832,41344742,2821268976,-0.624804,-1,0.02656,0.0644399,1.19084514220505
Dry AMD,2444,21,28616540,29449870,2809404684,-0.449653,-1,0.01363,0.0648769,1.18790991010792
Dry AMD,2453,21,39252060,40480831,2820040204,-0.250764,-0.58973,0.06257,0.110942,0.95490400916987
Dry AMD,2459,21,44815009,46045433,2825603153,0.446035,-0.20359,1,0.159648,0.796836517740912
Dry AMD,2440,21,24055942,25247986,2804844086,0.398289,-0.16557,1,0.163572,0.786291036155037
Dry AMD,2435,21,19479025,20407307,2800267169,0.314026,-0.19678,1,0.205342,0.687522212330824
Dry AMD,2432,21,15840034,16873443,2796628178,0.152279,-0.11504,0.43054,0.260945,0.583451020300045
Dry AMD,2438,21,22201891,23266941,2802990035,0.222475,-0.18685,0.6895,0.270134,0.568420750565992
Dry AMD,2457,21,43081435,43812791,2823869579,-0.159267,-0.55624,0.18733,0.349733,0.456263386730711
Dry AMD,2461,21,47014881,48119633,2827803025,-0.955271,-1,0.79087,0.468319,0.329458222256853
Dry AMD,2446,21,30847297,32202239,2811635441,0.328108,-0.58059,1,0.468607,0.329191228247235
Dry AMD,2437,21,21632917,22201890,2802421061,0.161572,-0.32359,0.73341,0.471625,0.326403181790948
Dry AMD,2439,21,23266942,24055941,2804055086,-0.18129,-0.88502,0.37681,0.478463,0.320151640995029
Dry AMD,2458,21,43812792,44815008,2824600936,0.121259,-0.2644,0.54756,0.508834,0.2934238770785
Dry AMD,2460,21,46045434,47014880,2826833578,-0.179,-1,0.47106,0.549461,0.260063127782583
Dry AMD,2447,21,32202240,33270272,2812990384,0.0905029,-0.26937,0.45364,0.605649,0.217778995514681
Dry AMD,2443,21,27774351,28616539,2808562495,-0.0681109,-0.4436,0.29174,0.692794,0.159395882217868
Dry AMD,2431,21,15026793,15840033,2795814937,0.289489,-1,1,0.738656,0.131557770109012
Dry AMD,2430,21,9411245,15026792,2790199389,-0.269292,-1,1,0.760033,0.119167550605047
Dry AMD,2456,21,42187153,43081434,2822975297,-0.0408708,-0.3497,0.26512,0.780471,0.107643229403563
Dry AMD,2448,21,33270273,34383794,2814058417,0.0294149,-0.29413,0.37049,0.850178,0.070490137433141
Dry AMD,2449,21,34383795,35729261,2815171939,-0.0486302,-0.91334,0.73236,0.87888,0.0560704183227163
Dry AMD,2434,21,18222038,19479024,2799010182,0.0487433,-0.87304,1,0.909683,0.041109921234241
Dry AMD,2436,21,20407308,21632916,2801195452,0.012189,-0.39808,0.41661,0.946902,0.023694966151507
Wet AMD,2442,21,26467827,27774350,2807255971,-0.526068,-0.82136,-0.2718,0.000125443,3.90155356827678
Wet AMD,2459,21,44815009,46045433,2825603153,0.446007,0.03618,1,0.0304804,1.51597933796718
Wet AMD,2458,21,43812792,44815008,2824600936,0.344008,-0.05055,0.97266,0.0901348,1.04510750058552
Wet AMD,2449,21,34383795,35729261,2815171939,-0.603552,-1,0.07945,0.0919983,1.03622019773532
Wet AMD,2457,21,43081435,43812791,2823869579,-0.205927,-0.4772,0.05762,0.11819,0.92741926735105
Wet AMD,2447,21,32202240,33270272,2812990384,0.537615,-0.20952,1,0.15448,0.811127739228662
Wet AMD,2456,21,42187153,43081434,2822975297,-0.373047,-1,0.18126,0.17152,0.765685231987324
Wet AMD,2438,21,22201891,23266941,2802990035,0.34239,-0.16765,1,0.176996,0.752036548313657
Wet AMD,2435,21,19479025,20407307,2800267169,0.275036,-0.19019,0.86965,0.224924,0.647964201694376
Wet AMD,2441,21,25247987,26467826,2806036131,-0.327028,-1,0.25304,0.237619,0.6241188361435
Wet AMD,2432,21,15840034,16873443,2796628178,-0.21471,-0.71635,0.18419,0.267493,0.572687578506867
Wet AMD,2436,21,20407308,21632916,2801195452,0.326661,-0.52901,1,0.442096,0.354483414489707
Wet AMD,2443,21,27774351,28616539,2808562495,0.113495,-0.19095,0.4366,0.45727,0.33982729033556
Wet AMD,2448,21,33270273,34383794,2814058417,0.10673,-0.27714,0.55832,0.543606,0.26471575842867
Wet AMD,2453,21,39252060,40480831,2820040204,0.188902,-0.57097,1,0.592441,0.227354893672761
Wet AMD,2451,21,37303549,38046449,2818091693,-0.0984779,-0.70984,0.45886,0.697317,0.156569746933048
Wet AMD,2455,21,41344743,42187152,2822132887,-0.132578,-1,0.72523,0.760998,0.118616484609329
Wet AMD,2431,21,15026793,15840033,2795814937,-0.0847447,-1,0.89176,0.847886,0.071662535596021
Wet AMD,2430,21,9411245,15026792,2790199389,0.0954705,-1,1,0.870204,0.0603789247505703
Wet AMD,2433,21,16873444,18222037,2797661588,0.0437206,-0.94071,1,0.950998,0.0218203964063055
Any AMD,2442,21,26467827,27774350,2807255971,-0.702705,-1,-0.28007,0.00125883,2.90003291568001
Any AMD,2444,21,28616540,29449870,2809404684,-0.853299,-1,-0.3643,0.00136014,2.86641638714581
Any AMD,2458,21,43812792,44815008,2824600936,0.422793,0.01783,1,0.0421142,1.37557144473821
Any AMD,2459,21,44815009,46045433,2825603153,0.447672,-0.05241,1,0.0847232,1.07199764926393
Any AMD,2447,21,32202240,33270272,2812990384,0.298203,-0.06176,0.69543,0.101088,0.995300395774945
Any AMD,2454,21,40480832,41344742,2821268976,-0.50198,-1,0.10891,0.102935,0.987436931142655
Any AMD,2435,21,19479025,20407307,2800267169,0.352555,-0.08122,0.95287,0.113064,0.94667565405016
Any AMD,2440,21,24055942,25247986,2804844086,0.781542,-0.17865,1,0.139975,0.853949523832979
Any AMD,2441,21,25247987,26467826,2806036131,-0.450662,-1,0.19195,0.157532,0.802631213227966
Any AMD,2438,21,22201891,23266941,2802990035,0.247911,-0.11727,0.65802,0.18065,0.743162034095959
Any AMD,2448,21,33270273,34383794,2814058417,0.159876,-0.14771,0.51087,0.298465,0.525106589821301
Any AMD,2457,21,43081435,43812791,2823869579,-0.172134,-0.55346,0.16965,0.302952,0.518626176073552
Any AMD,2439,21,23266942,24055941,2804055086,-0.296088,-1,0.32242,0.309174,0.509797035230111
Any AMD,2449,21,34383795,35729261,2815171939,-0.398967,-1,0.43226,0.324223,0.489156180052651
Any AMD,2436,21,20407308,21632916,2801195452,0.259831,-0.31879,1,0.352777,0.452499737312031
Any AMD,2437,21,21632917,22201890,2802421061,0.16491,-0.2846,0.7046,0.447155,0.349541908688342
Any AMD,2456,21,42187153,43081434,2822975297,-0.120376,-0.55919,0.25285,0.503594,0.297919452873973
Any AMD,2432,21,15840034,16873443,2796628178,-0.0430218,-0.35775,0.27219,0.780812,0.107453520784839
Any AMD,2434,21,18222038,19479024,2799010182,-0.0319546,-0.51424,0.44331,0.872287,0.059340599919374
Any AMD,2453,21,39252060,40480831,2820040204,-0.0228052,-0.33501,0.29076,0.881813,0.0546235029392175
Any AMD,2431,21,15026793,15840033,2795814937,-0.093095,-1,1,0.884805,0.0531524318505501
Any AMD,2446,21,30847297,32202239,2811635441,-0.0353563,-0.8255,0.69434,0.902922,0.0443497651158533
Any AMD,2443,21,27774351,28616539,2808562495,-0.00694283,-0.34809,0.31849,0.965314,0.0153313951683765
Any AMD,2451,21,37303549,38046449,2818091693,0.00310343,-0.8239,0.82474,0.991954,0.00350846696817108
Any AMD,2455,21,41344743,42187152,2822132887,0.00192224,-0.56087,0.56486,0.993009,0.00304681531869301
Dry AMD,2475,22,30962256,31904549,2859870033,-0.32414,-0.66882,-0.01182,0.0457029,1.34005624163609
Dry AMD,2473,22,27952442,29457601,2856860219,-0.313716,-0.76583,0.02998,0.070953,1.14902923719169
Dry AMD,2492,22,48269178,48977538,2877176955,-0.267333,-0.71369,0.07342,0.122297,0.912584196270548
Dry AMD,2486,22,42867928,43574017,2871775705,0.234554,-0.08195,0.5717,0.143435,0.843344862251344
Dry AMD,2466,22,20969185,22404422,2849876962,1,-0.32327,1,0.145465,0.837241488708146
Dry AMD,2494,22,49559208,50347996,2878466985,0.311194,-0.18397,1,0.207674,0.682617872089534
Dry AMD,2477,22,32662294,33501725,2861570071,0.207656,-0.13013,0.57862,0.222117,0.653418200912799
Dry AMD,2474,22,29457602,30962255,2858365379,0.162209,-0.09939,0.43007,0.223933,0.649881901678449
Dry AMD,2482,22,37364005,38718589,2866271782,-0.154463,-0.417,0.10256,0.225259,0.647317848196833
Dry AMD,2476,22,31904550,32662293,2860812327,-0.367863,-1,0.30184,0.25428,0.594687797241581
Dry AMD,2490,22,46351049,47299625,2875258826,-0.189229,-0.59736,0.16324,0.273159,0.563584485847017
Dry AMD,2488,22,44409534,45170649,2873317311,0.150574,-0.15338,0.47529,0.311785,0.506144782585056
Dry AMD,2483,22,38718590,40378783,2867626367,0.139177,-0.14717,0.43005,0.327075,0.485352649934874
Dry AMD,2471,22,26166935,27192923,2855074712,0.281023,-0.36737,1,0.348046,0.458363353105348
Dry AMD,2487,22,43574018,44409533,2872481795,-0.178952,-0.66117,0.25108,0.393506,0.405048641330265
Dry AMD,2472,22,27192924,27952441,2856100701,-0.14666,-0.60758,0.24982,0.448719,0.348025540851468
Dry AMD,2484,22,40378784,41722787,2869286561,0.0989631,-0.20794,0.41367,0.508018,0.294120899601549
Dry AMD,2481,22,36135969,37364004,2865043746,-0.140267,-0.79469,0.35331,0.51832,0.28540203306273
Dry AMD,2464,22,18535226,19635654,2847443003,-0.189708,-1,0.48473,0.530798,0.275070722187783
Dry AMD,2493,22,48977539,49559207,2877885316,0.1139,-0.40211,0.74943,0.609732,0.214861011704779
Dry AMD,2470,22,25282437,26166934,2854190214,0.0763288,-0.29521,0.47835,0.665018,0.177166599516628
Dry AMD,2495,22,50347997,51244236,2879255774,0.0563803,-0.22926,0.35617,0.68228,0.166037359215394
Dry AMD,2465,22,19635655,20969184,2848543432,-0.0782203,-0.61449,0.40547,0.712364,0.147298036143657
Dry AMD,2489,22,45170650,46351048,2874078427,0.047472,-0.22908,0.33019,0.728313,0.137681938050842
Dry AMD,2463,22,17587475,18535225,2846495252,0.0266002,-0.20214,0.25624,0.815187,0.088742754753939
Dry AMD,2467,22,22404423,23143364,2851312200,0.0433017,-0.70034,0.84792,0.886558,0.052292846914752
Dry AMD,2468,22,23143365,23950732,2852051142,-0.0400375,-0.9079,0.77588,0.897105,0.0471567227843829
Dry AMD,2485,22,41722788,42867927,2870630565,0.0176658,-0.41352,0.44472,0.929362,0.0318150890421096
Dry AMD,2469,22,23950733,25282436,2852858510,-0.00768339,-0.39782,0.37763,0.965513,0.0152418743545442
Wet AMD,2471,22,26166935,27192923,2855074712,0.9514,0.43062,1,0.000580561,3.23615214186584
Wet AMD,2481,22,36135969,37364004,2865043746,-0.275225,-0.53543,-0.03838,0.0259885,1.58521878631362
Wet AMD,2475,22,30962256,31904549,2859870033,-0.38997,-0.90892,0.00509,0.0572046,1.24256904683125
Wet AMD,2483,22,38718590,40378783,2867626367,0.226028,-0.06018,0.55294,0.124373,0.905273889932228
Wet AMD,2463,22,17587475,18535225,2846495252,0.489151,-0.15182,1,0.143723,0.842473726133073
Wet AMD,2462,22,16050213,17587474,2844957990,0.382698,-0.16357,1,0.1479,0.830031826003108
Wet AMD,2484,22,40378784,41722787,2869286561,0.211431,-0.09356,0.53946,0.171949,0.764600345551446
Wet AMD,2469,22,23950733,25282436,2852858510,-0.24644,-0.71879,0.12619,0.190784,0.719458049983482
Wet AMD,2489,22,45170650,46351048,2874078427,0.190094,-0.11462,0.52513,0.212756,0.67211818339309
Wet AMD,2476,22,31904550,32662293,2860812327,0.281915,-0.32858,1,0.327091,0.485331405444295
Wet AMD,2479,22,34361898,35368341,2863269675,0.472276,-0.51106,1,0.335466,0.474351489684672
Wet AMD,2488,22,44409534,45170649,2873317311,0.188681,-0.33429,0.95703,0.436794,0.359723335927835
Wet AMD,2487,22,43574018,44409533,2872481795,-0.117039,-0.50255,0.24687,0.508034,0.294107221735237
Wet AMD,2480,22,35368342,36135968,2864276119,-0.155097,-1,0.47211,0.571852,0.242716355647761
Wet AMD,2473,22,27952442,29457601,2856860219,-0.143765,-0.98437,0.4578,0.598442,0.222977934314467
Wet AMD,2495,22,50347997,51244236,2879255774,-0.0571863,-0.28975,0.17015,0.611161,0.213844367169929
Wet AMD,2486,22,42867928,43574017,2871775705,-0.0811261,-0.41384,0.25037,0.619063,0.20826515201362
Wet AMD,2477,22,32662294,33501725,2861570071,0.0804216,-0.27344,0.44453,0.637041,0.19583261554417
Wet AMD,2478,22,33501726,34361897,2862409503,-0.0650665,-0.35848,0.21849,0.648377,0.188172399360612
Wet AMD,2465,22,19635655,20969184,2848543432,-0.0673503,-0.43142,0.27637,0.684827,0.164419125492331
Wet AMD,2485,22,41722788,42867927,2870630565,-0.0723106,-0.43899,0.28895,0.685892,0.163744262568131
Wet AMD,2468,22,23143365,23950732,2852051142,-0.0695833,-0.71115,0.51296,0.782522,0.106503443756859
Wet AMD,2466,22,20969185,22404422,2849876962,0.0430787,-0.47159,0.58136,0.844802,0.0732450666521952
Wet AMD,2482,22,37364005,38718589,2866271782,0.023632,-0.28369,0.33874,0.873811,0.0585824924609301
Wet AMD,2494,22,49559208,50347996,2878466985,0.0168554,-0.31403,0.34429,0.914861,0.0386448857354062
Wet AMD,2491,22,47299626,48269177,2876207403,0.0406022,-0.9106,1,0.928304,0.032309778196709
Wet AMD,2474,22,29457602,30962255,2858365379,-0.0132153,-0.35745,0.32675,0.935495,0.0289585293592813
Wet AMD,2492,22,48269178,48977538,2877176955,-0.0145647,-0.45782,0.41038,0.938453,0.0275874730178913
Wet AMD,2490,22,46351049,47299625,2875258826,-0.01316,-0.51493,0.46458,0.948741,0.0228523309055555
Wet AMD,2493,22,48977539,49559207,2877885316,0.00856926,-0.5498,0.56702,0.969057,0.0136506769663502
Any AMD,2471,22,26166935,27192923,2855074712,0.669639,0.16599,1,0.00990226,2.0042656747443
Any AMD,2475,22,30962256,31904549,2859870033,-0.389763,-0.72344,-0.09404,0.0119515,1.92257758418523
Any AMD,2473,22,27952442,29457601,2856860219,-0.308874,-0.67501,-0.00294,0.0487774,1.31178135276658
Any AMD,2480,22,35368342,36135968,2864276119,-0.45553,-1,0.02252,0.0604451,1.21863889958756
Any AMD,2483,22,38718590,40378783,2867626367,0.234457,-0.02741,0.51562,0.0785537,1.10483335420467
Any AMD,2481,22,36135969,37364004,2865043746,-0.237179,-0.58174,0.06617,0.120716,0.918235163612756
Any AMD,2494,22,49559208,50347996,2878466985,0.191559,-0.17982,0.64535,0.291693,0.535073992879812
Any AMD,2488,22,44409534,45170649,2873317311,0.130074,-0.13835,0.41701,0.342874,0.46486544601553
Any AMD,2484,22,40378784,41722787,2869286561,0.138395,-0.16043,0.4565,0.368283,0.433818327782584
Any AMD,2489,22,45170650,46351048,2874078427,0.114151,-0.13815,0.3779,0.374358,0.426712881599034
Any AMD,2470,22,25282437,26166934,2854190214,0.228552,-0.30888,1,0.375943,0.424877997258558
Any AMD,2477,22,32662294,33501725,2861570071,0.125514,-0.16698,0.42529,0.388856,0.410211195547
Any AMD,2492,22,48269178,48977538,2877176955,-0.159484,-0.65692,0.22847,0.399122,0.398894332814146
Any AMD,2487,22,43574018,44409533,2872481795,-0.145721,-0.52774,0.21733,0.411184,0.385963792959529
Any AMD,2493,22,48977539,49559207,2877885316,0.268077,-0.50151,1,0.481044,0.317815197881364
Any AMD,2474,22,29457602,30962255,2858365379,0.0937786,-0.17339,0.36813,0.490483,0.309376040545271
Any AMD,2490,22,46351049,47299625,2875258826,-0.117677,-0.52727,0.24773,0.504956,0.296746463049104
Any AMD,2482,22,37364005,38718589,2866271782,-0.0807771,-0.34878,0.17285,0.523947,0.280712641969857
Any AMD,2472,22,27192924,27952441,2856100701,-0.121905,-0.78605,0.41591,0.614448,0.211514865045438
Any AMD,2485,22,41722788,42867927,2870630565,-0.0853054,-0.44551,0.26353,0.620681,0.20713154883315
Any AMD,2463,22,17587475,18535225,2846495252,0.0527243,-0.26354,0.3835,0.734517,0.133998148245741
Any AMD,2465,22,19635655,20969184,2848543432,-0.0717237,-0.73684,0.50808,0.769333,0.113885638405196
Any AMD,2469,22,23950733,25282436,2852858510,-0.024384,-0.37373,0.31702,0.882763,0.0541558780846694
Any AMD,2468,22,23143365,23950732,2852051142,0.0293257,-0.43318,0.52069,0.890574,0.0503299880969539
Any AMD,2486,22,42867928,43574017,2871775705,0.0217107,-0.31285,0.36757,0.894464,0.0484371340412383
Any AMD,2478,22,33501726,34361897,2862409503,-0.0160305,-0.42716,0.38776,0.931839,0.0306591171005588
Any AMD,2476,22,31904550,32662293,2860812327,-0.0231088,-0.77134,0.70737,0.936729,0.0283860343284792
Any AMD,2495,22,50347997,51244236,2879255774,0.00784425,-0.25556,0.27452,0.950719,0.0219478266825457
