record_id	title	first_author	publication_year	journal	PMID	DOI	publication_status	source_databases	disease_scope	circulating_protein_scope	proteome_scale	genetic_causal_method	title_abstract_decision	title_abstract_exclusion_reason	full_text_status	full_text_decision	full_text_exclusion_reason	supplement_status	duplicate_group	evidence_independence	manual_verification_status	notes
PMID42024130	Underweight is associated with increased risk of all-cause dementia in older adults with vascular risk factors, independent of brain atrophy and small vessel disease.	Kitagawa K	2026	Journal of Alzheimer's disease : JAD	42024130	10.1177/13872877261443944	peer_reviewed_or_indexed	PubMed	AD	candidate	requires_full_text_verification	not_confirmed	exclude_title_abstract	genetic_causal_method_not_confirmed	not_assessed			not_assessed		not_assessed	pending	Automated high-recall pre-screen; no evidence tier assigned.
PMID42225822	Uncovering drug-associated risk signals for neovascular age-related macular degeneration: an integrative pharmacovigilance and proteogenomic study.	Sun H	2026	Eye (London, England)	42225822	10.1038/s41433-026-04524-y	peer_reviewed_or_indexed	PubMed	AMD	candidate	requires_full_text_verification	candidate	candidate_full_text		not_available_in_PMC	exclude_primary	Drug-selected target analysis is not an unbiased first-pass proteome-wide source.	not_assessed	nAMD_drug_selected_2026	not_independent_replication	abstract_verified_full_text_unavailable	background_only; not_applicable; Drug-selected target analysis is not an unbiased first-pass proteome-wide source.
PMID42039580	The exocyst is an insulin-sensitive regulator of amyloid precursor protein trafficking and amyloid-beta generation in neurons.	Balaan C	2026	bioRxiv : the preprint server for biology	42039580	10.64898/2026.04.14.717551	preprint	PubMed	not_confirmed	candidate	requires_full_text_verification	not_confirmed	exclude_title_abstract	disease_scope_not_confirmed;genetic_causal_method_not_confirmed	not_assessed			not_assessed		not_assessed	pending	Automated high-recall pre-screen; no evidence tier assigned.
PMID42087418	The Association Between Physical Activity and Domain-Specific Cognitive Function in the Elderly: A Cross-Sectional Study and Genetic Analysis.	Yin X	2026	Brain and behavior	42087418	10.1002/brb3.71423	peer_reviewed_or_indexed	PubMed	AD	candidate	requires_full_text_verification	candidate	candidate_full_text		not_assessed			not_assessed		not_assessed	pending	Automated high-recall pre-screen; no evidence tier assigned.
PMID41965693	Targeting the astrocyte-microglia EFEMP1-GALNT10 axis: a spatially programmable therapeutic strategy for hippocampal vulnerability in Alzheimer's disease.	Liu J	2026	Journal of translational medicine	41965693	10.1186/s12967-026-08098-x	peer_reviewed_or_indexed	PubMed	AD	candidate	requires_full_text_verification	candidate	candidate_full_text		not_assessed			not_assessed		not_assessed	pending	Automated high-recall pre-screen; no evidence tier assigned.
PMID40935251	Systematic review and meta-analysis of Mendelian randomization in delirium studies: Key findings and methodological issues.	Tao H	2026	Journal of affective disorders	40935251	10.1016/j.jad.2025.120296	peer_reviewed_or_indexed	PubMed	AD	candidate	requires_full_text_verification	candidate	exclude_title_abstract	review_protocol_or_commentary	not_assessed			not_assessed		not_assessed	pending	Automated high-recall pre-screen; no evidence tier assigned.
PMID42083372	Sodium-to-Potassium Ratio and Alzheimer's Disease: A Mendelian Randomization Study.	Yoshida H	2026	Current Alzheimer research	42083372	10.2174/0115672050472115260421093303	peer_reviewed_or_indexed	PubMed	AD	candidate	requires_full_text_verification	candidate	candidate_full_text		not_assessed			not_assessed		not_assessed	pending	Automated high-recall pre-screen; no evidence tier assigned.
PMID42298291	Sleep and dementia: Assessing established dementia-related factors using multivariable Mendelian randomization.	Guo Y	2026	Alzheimer's & dementia : the journal of the Alzheimer's Association	42298291	10.1002/alz.71592	peer_reviewed_or_indexed	PubMed	AD	candidate	requires_full_text_verification	candidate	candidate_full_text		not_assessed			not_assessed		not_assessed	pending	Automated high-recall pre-screen; no evidence tier assigned.
PMID41676572	Single Plaque Proteomics Reveals the Composition and Dynamics of the Amyloid Microenvironment in Alzheimer's Disease.	Chu M	2026	bioRxiv : the preprint server for biology	41676572	10.64898/2026.02.02.703320	preprint	PubMed	AD	candidate	requires_full_text_verification	not_confirmed	exclude_title_abstract	genetic_causal_method_not_confirmed	not_assessed			not_assessed		not_assessed	pending	Automated high-recall pre-screen; no evidence tier assigned.
PMID41076120	Rural-urban disparities in cardiovascular and other competing risk of death among cancer patients.	Guan T	2026	Journal of advanced research	41076120	10.1016/j.jare.2025.10.011	peer_reviewed_or_indexed	PubMed	AD	candidate	requires_full_text_verification	candidate	candidate_full_text		not_assessed			not_assessed		not_assessed	pending	Automated high-recall pre-screen; no evidence tier assigned.
DOI_57bcad1e328f	Roles of circulating proteins in osteoporosis pathogenesis: Insights from Mendelian randomization	Zhang Zhengchao	2026	Bone		10.1016/j.bone.2026.118005	peer_reviewed_or_indexed	CrossRef	not_confirmed	candidate	requires_full_text_verification	candidate	exclude_title_abstract	disease_scope_not_confirmed	not_assessed			not_assessed		not_assessed	pending	Automated high-recall pre-screen; no evidence tier assigned.
DOI_9ce6989aa79e	"Review for ""Causal Associations of Cerebrospinal Fluid and Circulating Metabolites with Malignant Brain Neoplasms: a Mendelian Randomization Analysis"""		2026			10.1002/brb3.71319/v1/review2	peer_reviewed_or_indexed	CrossRef	not_confirmed	not_confirmed	not_confirmed	candidate	exclude_title_abstract	disease_scope_not_confirmed;circulating_or_large_scale_protein_scope_not_confirmed;review_protocol_or_commentary	not_assessed			not_assessed		not_assessed	pending	Automated high-recall pre-screen; no evidence tier assigned.
PMID41929023	Reduced LACTB expression in myeloid cells is associated with elevated succinylcarnitine levels and reduced Alzheimers disease risk.	Romero-Molina C	2026	bioRxiv : the preprint server for biology	41929023	10.64898/2026.03.24.711053	preprint	PubMed	AD	candidate	requires_full_text_verification	candidate	candidate_full_text		not_assessed			not_assessed		not_assessed	pending	Automated high-recall pre-screen; no evidence tier assigned.
PMID42390573	Real-world comparison of faricimab and aflibercept as second-line therapies for neovascular age-related macular degeneration.	Nagar NB	2026	Graefe's archive for clinical and experimental ophthalmology = Albrecht von Graefes Archiv fur klinische und experimentelle Ophthalmologie	42390573	10.1007/s00417-026-07360-8	peer_reviewed_or_indexed	PubMed	AMD	candidate	requires_full_text_verification	not_confirmed	exclude_title_abstract	genetic_causal_method_not_confirmed	not_assessed			not_assessed		not_assessed	pending	Automated high-recall pre-screen; no evidence tier assigned.
PMID42094129	Proteomic Signatures of Protected APOE-ε4 Carriers Reveal Causal Pathways Associated with Delayed Alzheimer's Disease Onset.	Guen YL	2026	medRxiv : the preprint server for health sciences	42094129	10.64898/2026.04.30.26352191	preprint	PubMed	AD	candidate	requires_full_text_verification	candidate	candidate_full_text		PMC_full_text_cached	exclude_primary	Preprint lineage and not a proteome-wide protein-to-outcome MR source.	cached_OA_package	AD_APOE4_protected_preprint	partially_overlapping	full_text_and_supplement_verified	preprint_background; not_applicable; Preprint lineage and not a proteome-wide protein-to-outcome MR source.
DOI_3e895baafc6e	Proteome-wide Mendelian randomization implicates causal plasma proteins in epilepsy	Yao Yuan	2026	Clinical Neurology and Neurosurgery		10.1016/j.clineuro.2026.109365	peer_reviewed_or_indexed	CrossRef	not_confirmed	candidate	requires_full_text_verification	candidate	exclude_title_abstract	disease_scope_not_confirmed	not_assessed			not_assessed		not_assessed	pending	Automated high-recall pre-screen; no evidence tier assigned.
PMID42152767	Prediabetes as a critical stage for risk of dementia and stroke: evidence from the UK Biobank and Mendelian Randomization.	Han S	2026	European journal of preventive cardiology	42152767	10.1093/eurjpc/zwag278	peer_reviewed_or_indexed	PubMed	not_confirmed	candidate	requires_full_text_verification	candidate	exclude_title_abstract	disease_scope_not_confirmed	not_assessed			not_assessed		not_assessed	pending	Automated high-recall pre-screen; no evidence tier assigned.
PMID40678826	Potential Causal Association Between Follicle-Stimulating Hormone and Alzheimer's Disease: Genetic Loci Study and Mendelian Randomization Study.	Ding C	2026	Annals of human genetics	40678826	10.1111/ahg.70004	peer_reviewed_or_indexed	PubMed	AD	candidate	requires_full_text_verification	candidate	candidate_full_text		not_assessed			not_assessed		not_assessed	pending	Automated high-recall pre-screen; no evidence tier assigned.
DOI_9fa1375d63de	Plasma proteome-wide Mendelian randomization with multi-layer triangulation identifies druggable targets for uterine leiomyoma	Wang Xin	2026			10.21203/rs.3.rs-10144404/v1	peer_reviewed_or_indexed	CrossRef	not_confirmed	candidate	requires_full_text_verification	candidate	exclude_title_abstract	disease_scope_not_confirmed	not_assessed			not_assessed		not_assessed	pending	Automated high-recall pre-screen; no evidence tier assigned.
DOI_7bd65d730581	Plasma proteome and autism spectrum disorder: Integrative proteome-wide Mendelian randomization with clinical profiling	Wang Lihong	2026	Neurobiology of Disease		10.1016/j.nbd.2026.107416	peer_reviewed_or_indexed	CrossRef	not_confirmed	candidate	requires_full_text_verification	candidate	exclude_title_abstract	disease_scope_not_confirmed	not_assessed			not_assessed		not_assessed	pending	Automated high-recall pre-screen; no evidence tier assigned.
PMID41742941	Plasma Proteomics and Sensitive Imaging Biomarkers of Vascular Brain Injury.	Yang Q	2026	medRxiv : the preprint server for health sciences	41742941	10.64898/2026.01.19.26344369	preprint	PubMed	AD	candidate	requires_full_text_verification	candidate	candidate_full_text		not_assessed			not_assessed		not_assessed	pending	Automated high-recall pre-screen; no evidence tier assigned.
PMID41582318	Plasma Proteomic Signatures of Physical Activity Provide Insights into Biological Impacts and its Protective Role against Dementia.	Arani G	2026	Medicine and science in sports and exercise	41582318	10.1249/mss.0000000000003948	peer_reviewed_or_indexed	PubMed	AD	candidate	requires_full_text_verification	candidate	candidate_full_text		not_assessed			not_assessed		not_assessed	pending	Automated high-recall pre-screen; no evidence tier assigned.
PMID42361163	Plasma GDF15 affects long-term dementia risk and alters neuroimmune signaling.	Blew CO	2026	Science advances	42361163	10.1126/sciadv.aec7614	peer_reviewed_or_indexed	PubMed	AD	candidate	requires_full_text_verification	candidate	candidate_full_text		not_assessed			not_assessed		not_assessed	pending	Automated high-recall pre-screen; no evidence tier assigned.
PMID41657222	Phenome-Wide Mendelian Randomization Identifying Circulating Proteins for Cardiovascular Traits in Populations of African Ancestry.	Selber-Hnatiw S	2026	Circulation. Genomic and precision medicine	41657222	10.1161/circgen.125.005159	peer_reviewed_or_indexed	PubMed	not_confirmed	candidate	requires_full_text_verification	candidate	exclude_title_abstract	disease_scope_not_confirmed	not_assessed			not_assessed		not_assessed	pending	Automated high-recall pre-screen; no evidence tier assigned.
PMID42163709	Periodontal diseases and all-cause dementia risk: Genetic instrument analyses in half a million UK Biobank participants.	Gao C	2026	Journal of Alzheimer's disease : JAD	42163709	10.1177/13872877261450558	peer_reviewed_or_indexed	PubMed	not_confirmed	candidate	requires_full_text_verification	not_confirmed	exclude_title_abstract	disease_scope_not_confirmed;genetic_causal_method_not_confirmed	not_assessed			not_assessed		not_assessed	pending	Automated high-recall pre-screen; no evidence tier assigned.
PMID41611629	PRISM-xQTL: Pleiotropic Relationships Integrated with System-level Multiomic QTL analysis for causal genes and molecular mediators in Alzheimer's disease.	Enduru N	2026	Alzheimer's & dementia : the journal of the Alzheimer's Association	41611629	10.1002/alz.71073	peer_reviewed_or_indexed	PubMed	AD	candidate	requires_full_text_verification	candidate	candidate_full_text		not_assessed			not_assessed		not_assessed	pending	Automated high-recall pre-screen; no evidence tier assigned.
PMID42007885	Orthogonal Ionic Liquid-Based Extraction Strategy Enables Amyloid-Specific Profiling of Aggregate Proteome.	Zheng S	2026	Advanced science (Weinheim, Baden-Wurttemberg, Germany)	42007885	10.1002/advs.202523685	peer_reviewed_or_indexed	PubMed	AD	candidate	requires_full_text_verification	not_confirmed	exclude_title_abstract	genetic_causal_method_not_confirmed	not_assessed			not_assessed		not_assessed	pending	Automated high-recall pre-screen; no evidence tier assigned.
PMID42170857	Opioid use disorder and dementia risk: evidence from observational and genetic analyses in diverse ancestry cohorts.	Javidnia S	2026	Alzheimer's & dementia : the journal of the Alzheimer's Association	42170857	10.1002/alz.71418	peer_reviewed_or_indexed	PubMed	AD	candidate	requires_full_text_verification	candidate	candidate_full_text		not_assessed			not_assessed		not_assessed	pending	Automated high-recall pre-screen; no evidence tier assigned.
PMID41491993	OMG! A proteomic determinant of neurodegenerative resiliency.	Duggan MR	2026	Molecular neurodegeneration	41491993	10.1186/s13024-025-00921-1	peer_reviewed_or_indexed	PubMed	AD	candidate	requires_full_text_verification	candidate	candidate_full_text		not_assessed			not_assessed		not_assessed	pending	Automated high-recall pre-screen; no evidence tier assigned.
PMID42389194	Multi-omics triangulation identifies complement factor H as a genetically supported protective factor in IgA nephropathy.	Shao N	2026	Clinical kidney journal	42389194	10.1093/ckj/sfag176	peer_reviewed_or_indexed	PubMed	AMD	candidate	requires_full_text_verification	candidate	candidate_full_text		not_assessed			not_assessed		not_assessed	pending	Automated high-recall pre-screen; no evidence tier assigned.
PMID41569765	Mendelian Randomization Methods for Causal Inference: Estimands, Identification and Inference.	Yao M	2026	Statistics in medicine	41569765	10.1002/sim.70394	peer_reviewed_or_indexed	PubMed	AD	candidate	requires_full_text_verification	candidate	candidate_full_text		not_assessed			not_assessed		not_assessed	pending	Automated high-recall pre-screen; no evidence tier assigned.
PMID41627849	Mapping the causal chain from genetic risk variants to lipid dysmetabolism in Parkinson's disease.	De-Paula RB	2026	Brain : a journal of neurology	41627849	10.1093/brain/awag039	peer_reviewed_or_indexed	PubMed	AD	candidate	requires_full_text_verification	candidate	candidate_full_text		not_assessed			not_assessed		not_assessed	pending	Automated high-recall pre-screen; no evidence tier assigned.
PMID41102562	MRI-based multi-organ clocks for healthy aging and disease assessment.	MULTI Consortium	2026	Nature medicine	41102562	10.1038/s41591-025-03999-8	peer_reviewed_or_indexed	PubMed	AD	candidate	requires_full_text_verification	candidate	candidate_full_text		not_assessed			not_assessed		not_assessed	pending	Automated high-recall pre-screen; no evidence tier assigned.
PMID41691953	Long-term residential magnetic field exposure and neurodegenerative disease mortality: An 18-year nationwide cohort study in Switzerland.	Sandoval-Diez N	2026	Environment international	41691953	10.1016/j.envint.2026.110145	peer_reviewed_or_indexed	PubMed	AD	candidate	requires_full_text_verification	not_confirmed	exclude_title_abstract	genetic_causal_method_not_confirmed	not_assessed			not_assessed		not_assessed	pending	Automated high-recall pre-screen; no evidence tier assigned.
PMID41731796	Linking sleep apnea and arthritis in the National Alzheimer Coordinating Center Cohort: A cross-sectional analysis.	Irfan B	2026	Medicine	41731796	10.1097/md.0000000000047717	peer_reviewed_or_indexed	PubMed	AD	candidate	requires_full_text_verification	not_confirmed	exclude_title_abstract	genetic_causal_method_not_confirmed	not_assessed			not_assessed		not_assessed	pending	Automated high-recall pre-screen; no evidence tier assigned.
PMID40481786	Intravitreal anti-vascular endothelial growth factor injections and risks of stroke in patients with neovascular age-related macular degeneration-A registry-based cohort study.	Falemban AH	2026	Acta ophthalmologica	40481786	10.1111/aos.17534	peer_reviewed_or_indexed	PubMed	AMD	candidate	requires_full_text_verification	candidate	candidate_full_text		not_assessed			not_assessed		not_assessed	pending	Automated high-recall pre-screen; no evidence tier assigned.
PMID41630303	Identification of potential drug targets for Alzheimer's disease from genetic insights: A Mendelian randomization study.	Zhao YH	2026	Medicine	41630303	10.1097/md.0000000000045715	peer_reviewed_or_indexed	PubMed	AD	candidate	requires_full_text_verification	candidate	candidate_full_text		PMC_full_text_cached	include		cached_OA_package	AD_deCODE_FinnGen	partially_overlapping_pQTL_and_outcome	full_text_and_supplement_verified	literature_source_universe_tier2; machine_extractable; Large-scale plasma MR, but row-level adjusted P is not reported in the result sheet and no colocalization is provided.
PMID41837520	Identification of novel biomarkers for Alzheimer's disease: A deep learning omics-based approach to drug pair discovery and exploration of potential therapeutic targets.	Zhao Y	2026	Neural regeneration research	41837520	10.4103/nrr.nrr-d-25-00989	peer_reviewed_or_indexed	PubMed	AD	candidate	requires_full_text_verification	candidate	candidate_full_text		not_assessed			not_assessed		not_assessed	pending	Automated high-recall pre-screen; no evidence tier assigned.
PMID41314550	Identification of endoplasmic reticulum stress-related genes associated with Alzheimer's disease risk: A multi-omics Mendelian randomization analysis.	Liang B	2026	Journal of affective disorders	41314550	10.1016/j.jad.2025.120770	peer_reviewed_or_indexed	PubMed	AD	candidate	requires_full_text_verification	candidate	candidate_full_text		not_assessed			not_assessed		not_assessed	pending	Automated high-recall pre-screen; no evidence tier assigned.
PMID41757182	Human CSF proteogenomics links genetic variation to neurodegenerative disease proteins.	Puerta R	2026	medRxiv : the preprint server for health sciences	41757182	10.64898/2026.02.12.26345733	preprint	PubMed	AD	candidate	requires_full_text_verification	candidate	candidate_full_text		not_assessed			not_assessed		not_assessed	pending	Automated high-recall pre-screen; no evidence tier assigned.
PMID41513584	Head injury/traumatic brain injury and the risk of dementia: An observational and Mendelian randomization study.	Ouyang Z	2026	The journal of prevention of Alzheimer's disease	41513584	10.1016/j.tjpad.2025.100468	peer_reviewed_or_indexed	PubMed	AD	candidate	requires_full_text_verification	candidate	candidate_full_text		not_assessed			not_assessed		not_assessed	pending	Automated high-recall pre-screen; no evidence tier assigned.
PMID42212431	Genetically prioritized druggable targets for amyloid-β pathology highlight ACE as a therapeutic candidate in Alzheimer's disease.	Kim JP	2026	Journal of Alzheimer's disease : JAD	42212431	10.1177/13872877261454540	peer_reviewed_or_indexed	PubMed	AD	candidate	requires_full_text_verification	candidate	candidate_full_text		not_assessed			not_assessed		not_assessed	pending	Automated high-recall pre-screen; no evidence tier assigned.
PMID42171393	Genetic and epidemiological analyses of alcohol consumption patterns and age-related macular degeneration risk among current drinkers: a role for TNFRSF10A.	Shen T	2026	Journal of global health	42171393	10.7189/jogh.16.04124	peer_reviewed_or_indexed	PubMed	AMD	candidate	requires_full_text_verification	candidate	candidate_full_text		not_assessed			not_assessed		not_assessed	pending	Automated high-recall pre-screen; no evidence tier assigned.
PMID41961681	Gender and racial differences in the relationship between mean arterial pressure, pulse pressure, and cognitive function in older adults: NHANES 2011 to 2014.	Wang T	2026	Medicine	41961681	10.1097/md.0000000000048275	peer_reviewed_or_indexed	PubMed	AD	candidate	requires_full_text_verification	not_confirmed	exclude_title_abstract	genetic_causal_method_not_confirmed	not_assessed			not_assessed		not_assessed	pending	Automated high-recall pre-screen; no evidence tier assigned.
PMID42329333	Gabapentinoid Use and Risk of Alzheimer's Disease-Related Dementias: A Systematic Review and Meta-analysis of Observational Studies.	da Silva AMP	2026	Drugs & aging	42329333	10.1007/s40266-026-01310-z	peer_reviewed_or_indexed	PubMed	AD	candidate	requires_full_text_verification	not_confirmed	exclude_title_abstract	genetic_causal_method_not_confirmed;review_protocol_or_commentary	not_assessed			not_assessed		not_assessed	pending	Automated high-recall pre-screen; no evidence tier assigned.
DOI_ee70baa0b314	Exploring the causal relationship between osteoporosis and age-related macular degeneration: Evidence from observational studies and mendelian randomization	Liu Huan	2026	Experimental Gerontology		10.1016/j.exger.2026.113060	peer_reviewed_or_indexed	CrossRef	AMD	not_confirmed	not_confirmed	candidate	manual_review_missing_abstract		not_assessed			not_assessed		not_assessed	pending	Automated high-recall pre-screen; no evidence tier assigned.
PMID41881267	Exploring the causal link between long-term elevated plasma caffeine levels and age-related eye diseases using Mendelian randomization.	Dong H	2026	Experimental gerontology	41881267	10.1016/j.exger.2026.113106	peer_reviewed_or_indexed	PubMed	AMD	candidate	requires_full_text_verification	candidate	candidate_full_text		not_assessed			not_assessed		not_assessed	pending	Automated high-recall pre-screen; no evidence tier assigned.
PMID41726972	Exploring the PLD1-tau interaction in Frontotemporal Dementia.	Natarajan C	2026	bioRxiv : the preprint server for biology	41726972	10.64898/2026.02.12.705569	preprint	PubMed	AD	candidate	requires_full_text_verification	not_confirmed	exclude_title_abstract	genetic_causal_method_not_confirmed	not_assessed			not_assessed		not_assessed	pending	Automated high-recall pre-screen; no evidence tier assigned.
PMID41837796	Exploratory evaluation of CAP1 and ROCK2 as candidate blood biomarkers for vascular cognitive impairment.	Ren X	2026	Journal of Alzheimer's disease : JAD	41837796	10.1177/13872877261423568	peer_reviewed_or_indexed	PubMed	AD	candidate	requires_full_text_verification	candidate	candidate_full_text		not_assessed			not_assessed		not_assessed	pending	Automated high-recall pre-screen; no evidence tier assigned.
PMID41700142	Evaluation of amyloid change as a surrogate for cognitive decline: demonstration in individual-level data from the A4 study of solanezumab.	Ackley SF	2026	Alzheimer's & dementia (New York, N. Y.)	41700142	10.1002/trc2.70205	peer_reviewed_or_indexed	PubMed	AD	candidate	requires_full_text_verification	not_confirmed	exclude_title_abstract	genetic_causal_method_not_confirmed	not_assessed			not_assessed		not_assessed	pending	Automated high-recall pre-screen; no evidence tier assigned.
PMID42283184	Environmental Pollutant Tetrachloro-1,4-benzoquinone Exerts Neurotoxicity and Potential Protective Effects of Curcumin: A Network and Mendelian Randomization Analysis.	Rong C	2026	Current topics in medicinal chemistry	42283184	10.2174/0115680266461615260518205032	peer_reviewed_or_indexed	PubMed	AD	candidate	requires_full_text_verification	candidate	candidate_full_text		not_assessed			not_assessed		not_assessed	pending	Automated high-recall pre-screen; no evidence tier assigned.
PMID41448519	ELAVL1 interacts with APP and promotes Aβ-induced apoptosis in Alzheimer's disease by activating Bcl-2/Bax signaling.	Fu J	2026	Experimental neurology	41448519	10.1016/j.expneurol.2025.115613	peer_reviewed_or_indexed	PubMed	AD	candidate	requires_full_text_verification	not_confirmed	exclude_title_abstract	genetic_causal_method_not_confirmed	not_assessed			not_assessed		not_assessed	pending	Automated high-recall pre-screen; no evidence tier assigned.
PMID41224007	Dynamic characteristics of depressive symptoms and risk of all-cause dementia and Alzheimer's disease: Two population-based cohorts and evidence synthesis of longitudinal studies.	Zheng YW	2026	Journal of affective disorders	41224007	10.1016/j.jad.2025.120646	peer_reviewed_or_indexed	PubMed	AD	candidate	requires_full_text_verification	not_confirmed	exclude_title_abstract	genetic_causal_method_not_confirmed	not_assessed			not_assessed		not_assessed	pending	Automated high-recall pre-screen; no evidence tier assigned.
PMID42039925	Druggable genome-wide Mendelian randomization analysis identifies potential treatment targets in vascular dementia.	Lennon MJ	2026	Alzheimer's & dementia (New York, N. Y.)	42039925	10.1002/trc2.70258	peer_reviewed_or_indexed	PubMed	AD	candidate	requires_full_text_verification	candidate	candidate_full_text		not_assessed			not_assessed		not_assessed	pending	Automated high-recall pre-screen; no evidence tier assigned.
PMID41286463	Dissecting the genetic and proteomic risk factors for delirium.	Raptis V	2026	Nature aging	41286463	10.1038/s43587-025-01018-6	peer_reviewed_or_indexed	PubMed	AD	candidate	requires_full_text_verification	candidate	candidate_full_text		not_assessed			not_assessed		not_assessed	pending	Automated high-recall pre-screen; no evidence tier assigned.
PMID41232325	Dissecting the effect of blood colony-stimulating factors and receptors on Alzheimer's disease: the role of myeloid traits and inflammation.	Guo X	2026	Cytokine	41232325	10.1016/j.cyto.2025.157072	peer_reviewed_or_indexed	PubMed	AD	candidate	requires_full_text_verification	candidate	candidate_full_text		not_assessed			not_assessed		not_assessed	pending	Automated high-recall pre-screen; no evidence tier assigned.
PMID41388643	Disentangling the relationship between glucose, insulin and brain health: A UK Biobank study.	Mason AC	2026	Diabetes, obesity & metabolism	41388643	10.1111/dom.70353	peer_reviewed_or_indexed	PubMed	AD	candidate	requires_full_text_verification	candidate	candidate_full_text		not_assessed			not_assessed		not_assessed	pending	Automated high-recall pre-screen; no evidence tier assigned.
PMID42180382	Delirium and Increased Risk of Developing Dementia: An Emulated Target Trial Analysis.	Rathmell CS	2026	medRxiv : the preprint server for health sciences	42180382	10.64898/2026.05.11.26352925	preprint	PubMed	AD	candidate	requires_full_text_verification	not_confirmed	exclude_title_abstract	genetic_causal_method_not_confirmed	not_assessed			not_assessed		not_assessed	pending	Automated high-recall pre-screen; no evidence tier assigned.
PMID42051535	Deciphering the peripheral immune landscape of Alzheimer's disease through integrated multi-omics research and cohort validation.	Lv S	2026	Frontiers in immunology	42051535	10.3389/fimmu.2026.1648591	peer_reviewed_or_indexed	PubMed	AD	candidate	requires_full_text_verification	candidate	candidate_full_text		not_assessed			not_assessed		not_assessed	pending	Automated high-recall pre-screen; no evidence tier assigned.
DOI_2ce04133ae7e	Cross-ancestry proteome-wide Mendelian randomization prioritizes 12 plasma protein candidates for breast cancer risk	Wu Xueyao	2026			10.64898/2026.05.04.26352055	peer_reviewed_or_indexed	CrossRef	not_confirmed	candidate	requires_full_text_verification	candidate	exclude_title_abstract	disease_scope_not_confirmed	not_assessed			not_assessed		not_assessed	pending	Automated high-recall pre-screen; no evidence tier assigned.
PMID42206905	Controversial Links Between Cardiometabolic Factors and Age-Related Macular Degeneration: Methodological Perspectives for Future Research.	Kayembe-Mulumba B	2026	Current eye research	42206905	10.1080/02713683.2026.2678294	peer_reviewed_or_indexed	PubMed	AMD	candidate	requires_full_text_verification	not_confirmed	exclude_title_abstract	genetic_causal_method_not_confirmed	not_assessed			not_assessed		not_assessed	pending	Automated high-recall pre-screen; no evidence tier assigned.
PMID41903051	Comparative Mortality Risk of Aripiprazole, Olanzapine, Quetiapine, and Risperidone in Alzheimer's Disease: A Real‑World Retrospective Cohort Study with Treatment Effect Heterogeneity Analysis.	Jiang C	2026	CNS drugs	41903051	10.1007/s40263-026-01286-9	peer_reviewed_or_indexed	PubMed	AD	candidate	requires_full_text_verification	not_confirmed	exclude_title_abstract	genetic_causal_method_not_confirmed	not_assessed			not_assessed		not_assessed	pending	Automated high-recall pre-screen; no evidence tier assigned.
PMID42404994	Common and rare variant analyses implicate JARID2 in cerebral tau deposition.	Gunasekaran TI	2026	NPJ dementia	42404994	10.1038/s44400-026-00107-6	peer_reviewed_or_indexed	PubMed	AD	candidate	requires_full_text_verification	candidate	candidate_full_text		not_assessed			not_assessed		not_assessed	pending	Automated high-recall pre-screen; no evidence tier assigned.
DOI_1edfca7b1c55	Circulating proteins and risk of small vessel stroke: A two-sample Mendelian randomization study	Gao Ziwei	2026	Medicine		10.1097/md.0000000000048898	peer_reviewed_or_indexed	CrossRef	not_confirmed	candidate	requires_full_text_verification	candidate	exclude_title_abstract	disease_scope_not_confirmed	not_assessed			not_assessed		not_assessed	pending	Automated high-recall pre-screen; no evidence tier assigned.
PMID41545942	Circulating adipokines level and the risk of neurodegenerative diseases: a two‑sample mendelian randomization study and proteomic analysis.	Sun W	2026	BMC neurology	41545942	10.1186/s12883-026-04636-8	peer_reviewed_or_indexed	PubMed	AD	candidate	requires_full_text_verification	candidate	candidate_full_text		not_assessed			not_assessed		not_assessed	pending	Automated high-recall pre-screen; no evidence tier assigned.
PMID41631247	Chronic Kidney Disease as a Risk Factor for Age-Related Macular Degeneration: A Prospective Cohort and Mendelian Randomization Analyses.	Hsiao YJ	2026	Ophthalmology science	41631247	10.1016/j.xops.2025.101036	peer_reviewed_or_indexed	PubMed	AMD	candidate	requires_full_text_verification	candidate	candidate_full_text		not_assessed			not_assessed		not_assessed	pending	Automated high-recall pre-screen; no evidence tier assigned.
PMID42272994	Chronic Back Pain Increases Alzheimer's Disease Risk Independent of Gross Brain Structural Alterations: Genetic Evidence from Two Populations.	Huang FF	2026	Journal of pain research	42272994	10.2147/jpr.s591448	peer_reviewed_or_indexed	PubMed	AD	candidate	requires_full_text_verification	candidate	candidate_full_text		not_assessed			not_assessed		not_assessed	pending	Automated high-recall pre-screen; no evidence tier assigned.
PMID41650091	Causality between noise pollution and Alzheimer disease: A Mendelian randomization analysis.	Chen ZH	2026	Medicine	41650091	10.1097/md.0000000000047612	peer_reviewed_or_indexed	PubMed	AD	candidate	requires_full_text_verification	candidate	candidate_full_text		not_assessed			not_assessed		not_assessed	pending	Automated high-recall pre-screen; no evidence tier assigned.
PMID41485354	Causal relationship between tractography-based brain white matter structural connectome and risk of psychiatric disorders: A bidirectional Mendelian randomization study.	Lin X	2026	Psychiatry research. Neuroimaging	41485354	10.1016/j.pscychresns.2025.112131	peer_reviewed_or_indexed	PubMed	AD	candidate	requires_full_text_verification	candidate	candidate_full_text		not_assessed			not_assessed		not_assessed	pending	Automated high-recall pre-screen; no evidence tier assigned.
PMID42260810	Causal effects of mental disorders on stroke subtypes: A proteome-wide Mendelian randomization and mediation analysis.	Cong L	2026	Medicine	42260810	10.1097/md.0000000000049108	peer_reviewed_or_indexed	PubMed	AD	candidate	requires_full_text_verification	candidate	candidate_full_text		not_assessed			not_assessed		not_assessed	pending	Automated high-recall pre-screen; no evidence tier assigned.
PMID41761858	Causal effects of gestational hypertension on women's health: A Mendelian randomization analysis.	Luo H	2026	International journal of gynaecology and obstetrics: the official organ of the International Federation of Gynaecology and Obstetrics	41761858	10.1002/ijgo.70897	peer_reviewed_or_indexed	PubMed	AD	candidate	requires_full_text_verification	candidate	candidate_full_text		not_assessed			not_assessed		not_assessed	pending	Automated high-recall pre-screen; no evidence tier assigned.
DOI_0ed81c689297	Causal effects of circulating inflammatory proteins on COPD: A Mendelian randomization study	Long Huanyu	2026	Medicine		10.1097/md.0000000000049641	peer_reviewed_or_indexed	CrossRef	not_confirmed	not_confirmed	not_confirmed	candidate	exclude_title_abstract	disease_scope_not_confirmed;circulating_or_large_scale_protein_scope_not_confirmed	not_assessed			not_assessed		not_assessed	pending	Automated high-recall pre-screen; no evidence tier assigned.
DOI_7c15bec35e6a	Causal Relationship Between Plasma Protein-to-Protein Ratios and Rheumatoid Arthritis: A Proteome-wide Mendelian Randomization Study	Yan Mingyue	2026	Current Molecular Medicine		10.2174/0115665240448559251025102228	peer_reviewed_or_indexed	CrossRef	not_confirmed	candidate	requires_full_text_verification	candidate	exclude_title_abstract	disease_scope_not_confirmed	not_assessed			not_assessed		not_assessed	pending	Automated high-recall pre-screen; no evidence tier assigned.
PMID42296206	Causal Effects of Dietary Macronutrients and Micronutrients on Myopia and Other Major Ocular Disorders: A Mendelian Randomization Study.	Xu Z	2026	Journal of visualized experiments : JoVE	42296206	10.3791/70258	peer_reviewed_or_indexed	PubMed	AMD	candidate	requires_full_text_verification	candidate	candidate_full_text		not_assessed			not_assessed		not_assessed	pending	Automated high-recall pre-screen; no evidence tier assigned.
PMID41992251	CMV titer associations with cognition and the plasma proteome implicate FLT1 and neurovascular mechanisms as potential moderators.	Duggan MR	2026	Journal of neuroinflammation	41992251	10.1186/s12974-026-03800-8	peer_reviewed_or_indexed	PubMed	AD	candidate	requires_full_text_verification	candidate	candidate_full_text		not_assessed			not_assessed		not_assessed	pending	Automated high-recall pre-screen; no evidence tier assigned.
PMID41028329	Brain-heart-eye axis revealed by multi-organ imaging genetics and proteomics.	MULTI Consortium	2026	Nature biomedical engineering	41028329	10.1038/s41551-025-01506-5	peer_reviewed_or_indexed	PubMed	AD	candidate	requires_full_text_verification	not_confirmed	exclude_title_abstract	genetic_causal_method_not_confirmed	not_assessed			not_assessed		not_assessed	pending	Automated high-recall pre-screen; no evidence tier assigned.
PMID41342072	Biological Aging Acceleration in Major Depressive Disorder: A Multi-Omics Analysis.	Diniz BS	2026	Aging cell	41342072	10.1111/acel.70310	peer_reviewed_or_indexed	PubMed	AD	candidate	requires_full_text_verification	candidate	candidate_full_text		not_assessed			not_assessed		not_assessed	pending	Automated high-recall pre-screen; no evidence tier assigned.
PMID42269324	Bidirectional causal relationships between plasma proteins, neuroimaging metrics and risk of Alzheimer's disease.	Xu X	2026	The journal of prevention of Alzheimer's disease	42269324	10.1016/j.tjpad.2026.100619	peer_reviewed_or_indexed	PubMed	AD	candidate	requires_full_text_verification	not_confirmed	exclude_title_abstract	genetic_causal_method_not_confirmed	not_assessed			not_assessed		not_assessed	pending	Automated high-recall pre-screen; no evidence tier assigned.
DOI_d25b928acf24	Bidirectional causal associations between immune cell phenotypes and age-related macular degeneration subtypes: A mendelian randomization study	Zhuang Zihao	2026	Experimental Gerontology		10.1016/j.exger.2026.113074	peer_reviewed_or_indexed	CrossRef	AMD	not_confirmed	not_confirmed	candidate	manual_review_missing_abstract		not_assessed			not_assessed		not_assessed	pending	Automated high-recall pre-screen; no evidence tier assigned.
PMID42282610	Aβ Aggregates Bind the U1 Spliceosomal Ribonucleoprotein in Alzheimer Disease Brain.	Tao Y	2026	bioRxiv : the preprint server for biology	42282610	10.64898/2026.06.02.729610	preprint	PubMed	AD	candidate	requires_full_text_verification	not_confirmed	exclude_title_abstract	genetic_causal_method_not_confirmed	not_assessed			not_assessed		not_assessed	pending	Automated high-recall pre-screen; no evidence tier assigned.
PMID42152315	Associations of gut bacterial classes Clostridia and Deltaproteobacteria with type 2 diabetes and Alzheimer's disease: A two-sample Mendelian randomization study.	Gao X	2026	Medicine	42152315	10.1097/md.0000000000048685	peer_reviewed_or_indexed	PubMed	AD	candidate	requires_full_text_verification	candidate	candidate_full_text		not_assessed			not_assessed		not_assessed	pending	Automated high-recall pre-screen; no evidence tier assigned.
PMID41912985	Associations between sleep disturbance and cerebrospinal fluid Aβ, and shared proteomic signatures in Alzheimer's disease.	Li T	2026	Alzheimer's & dementia : the journal of the Alzheimer's Association	41912985	10.1002/alz.71316	peer_reviewed_or_indexed	PubMed	AD	candidate	requires_full_text_verification	candidate	candidate_full_text		not_assessed			not_assessed		not_assessed	pending	Automated high-recall pre-screen; no evidence tier assigned.
PMID41961677	Association of telomere length with cognitive function and dementia: A cross-sectional NHANES analysis and 2-sample Mendelian randomization study.	Shen Y	2026	Medicine	41961677	10.1097/md.0000000000048217	peer_reviewed_or_indexed	PubMed	AD	candidate	requires_full_text_verification	candidate	candidate_full_text		not_assessed			not_assessed		not_assessed	pending	Automated high-recall pre-screen; no evidence tier assigned.
PMID42024094	Association of inflammation-related plasma proteins with vascular cognitive burden and Alzheimer's disease: A multi-method study.	Ye Z	2026	Journal of Alzheimer's disease : JAD	42024094	10.1177/13872877261443713	peer_reviewed_or_indexed	PubMed	AD	candidate	requires_full_text_verification	candidate	candidate_full_text		not_assessed			not_assessed		not_assessed	pending	Automated high-recall pre-screen; no evidence tier assigned.
PMID41621806	Association of Metformin Use and New-Onset International Classification of Diseases Coding of Neovascular Age-Related Macular Degeneration.	Xiao JF	2026	Ophthalmology. Retina	41621806	10.1016/j.oret.2026.01.019	peer_reviewed_or_indexed	PubMed	AMD	candidate	requires_full_text_verification	not_confirmed	exclude_title_abstract	genetic_causal_method_not_confirmed	not_assessed			not_assessed		not_assessed	pending	Automated high-recall pre-screen; no evidence tier assigned.
PMID42315799	Association of Cathepsin Proteins with Alzheimer's Disease Risk: An Integrated Observational and Genetic Analysis.	Zhang Q	2026	Neuromolecular medicine	42315799	10.1007/s12017-026-08933-w	peer_reviewed_or_indexed	PubMed	AD	candidate	requires_full_text_verification	candidate	candidate_full_text		not_assessed			not_assessed		not_assessed	pending	Automated high-recall pre-screen; no evidence tier assigned.
PMID41694229	Assessing the repurposing potential of disease-modifying antirheumatic drug targets to reduce Alzheimer's disease risk: a Mendelian randomization study.	Kushnir CN	2026	Brain, behavior, & immunity - health	41694229	10.1016/j.bbih.2026.101185	peer_reviewed_or_indexed	PubMed	AD	candidate	requires_full_text_verification	candidate	candidate_full_text		not_assessed			not_assessed		not_assessed	pending	Automated high-recall pre-screen; no evidence tier assigned.
PMID41653107	Analyses of plasma multi-omic data across ancestries identify novel pathways implicated in Alzheimer's disease.	Yang C	2026	Alzheimer's & dementia : the journal of the Alzheimer's Association	41653107	10.1002/alz.71164	peer_reviewed_or_indexed	PubMed	AD	candidate	requires_full_text_verification	candidate	candidate_full_text		not_assessed			not_assessed		not_assessed	pending	Automated high-recall pre-screen; no evidence tier assigned.
PMID42083373	An Inverse Association Between the Composite Dietary Antioxidant Index and Alzheimer's Disease: Evidence from an NHANES-Based Cross-Sectional Study.	Zhang Y	2026	Current Alzheimer research	42083373	10.2174/0115672050462427260407045906	peer_reviewed_or_indexed	PubMed	AD	candidate	requires_full_text_verification	not_confirmed	exclude_title_abstract	genetic_causal_method_not_confirmed	not_assessed			not_assessed		not_assessed	pending	Automated high-recall pre-screen; no evidence tier assigned.
PMID42384774	Alzheimer's disease proteome-wide association study implicates adaptive immunity and identifies risk genes LILRB1 and SIRPA.	Walker KA	2026	Science translational medicine	42384774	10.1126/scitranslmed.adx4852	peer_reviewed_or_indexed	PubMed	AD	candidate	proteome_wide_or_large_scale_verified	verified_genetically_predicted_protein_analysis	candidate_full_text		publisher_full_text_and_supplement_verified	include_layer1_tier2		publisher_supplement_downloaded	AD_proteome_wide_2026	replication_unclear	full_text_and_source_tables_verified	Bonferroni-significant cis-PWAS candidates extracted; effect is a PWAS Z score, not a standardized MR beta.
PMID41643859	A systematic review on age-related macular degeneration: New insights from multi-omics studies.	Castro-Fernández DC	2026	Survey of ophthalmology	41643859	10.1016/j.survophthal.2026.02.001	peer_reviewed_or_indexed	PubMed	AMD	candidate	requires_full_text_verification	candidate	exclude_title_abstract	review_protocol_or_commentary	not_assessed			not_assessed		not_assessed	pending	Automated high-recall pre-screen; no evidence tier assigned.
PMID41251751	A potential drug target in epilepsy and its role in other neurological disorders.	Gao S	2026	Naunyn-Schmiedeberg's archives of pharmacology	41251751	10.1007/s00210-025-04696-6	peer_reviewed_or_indexed	PubMed	AD	candidate	requires_full_text_verification	candidate	candidate_full_text		not_assessed			not_assessed		not_assessed	pending	Automated high-recall pre-screen; no evidence tier assigned.
DOI_45774f245521	eLife Assessment: Causal associations between plasma proteins and prostate cancer: a Proteome-Wide Mendelian Randomization	Cullen Jennifer	2025			10.7554/elife.101584.1.sa3	peer_reviewed_or_indexed	CrossRef	not_confirmed	candidate	requires_full_text_verification	candidate	exclude_title_abstract	disease_scope_not_confirmed	not_assessed			not_assessed		not_assessed	pending	Automated high-recall pre-screen; no evidence tier assigned.
DOI_1569da20753c	eLife Assessment: Causal associations between human plasma proteins and prostate cancer identified by proteome-wide Mendelian randomization	Cullen Jennifer	2025			10.7554/elife.101584.3.sa0	peer_reviewed_or_indexed	CrossRef	not_confirmed	candidate	requires_full_text_verification	candidate	exclude_title_abstract	disease_scope_not_confirmed	not_assessed			not_assessed		not_assessed	pending	Automated high-recall pre-screen; no evidence tier assigned.
PMID40004442	Unravelling the Relationship Between Height, Lean Mass, Alzheimer's Disease and Cognition Through Mendelian Randomization.	Huang J	2025	Genes	40004442	10.3390/genes16020113	peer_reviewed_or_indexed	PubMed	AD	candidate	requires_full_text_verification	candidate	candidate_full_text		not_assessed			not_assessed		not_assessed	pending	Automated high-recall pre-screen; no evidence tier assigned.
PMID40092369	Unraveling the role of proteins in dementia: insights from two UK cohorts with causal evidence.	Gong J	2025	Brain communications	40092369	10.1093/braincomms/fcaf097	peer_reviewed_or_indexed	PubMed	AD	candidate	requires_full_text_verification	candidate	candidate_full_text		PMC_full_text_cached	exclude_primary	Dementia outcome does not match the prespecified AD endpoint and the design is not the primary proteome-wide MR source.	cached_OA_package	dementia_cohorts_2025	independent_outcomes	full_text_and_supplement_verified	background_only; not_applicable; Dementia outcome does not match the prespecified AD endpoint and the design is not the primary proteome-wide MR source.
PMID39839077	Unraveling the impact of blood RANKL and OPG levels on Alzheimer's disease: Independent of bone mineral density and inflammation.	Guo X	2025	Alzheimer's & dementia (New York, N. Y.)	39839077	10.1002/trc2.70044	peer_reviewed_or_indexed	PubMed	AD	candidate	requires_full_text_verification	candidate	candidate_full_text		not_assessed			not_assessed		not_assessed	pending	Automated high-recall pre-screen; no evidence tier assigned.
PMID41103292	Uncovering the Hidden Connections Between PCOS and Alzheimer's Disease: A Two-Sample Mendelian Randomization Perspective.	Motafeghi FS	2025	International journal of endocrinology and metabolism	41103292	10.5812/ijem-159124	peer_reviewed_or_indexed	PubMed	AD	candidate	requires_full_text_verification	candidate	candidate_full_text		not_assessed			not_assessed		not_assessed	pending	Automated high-recall pre-screen; no evidence tier assigned.
PMID40186323	Uncovering leading compounds for alzheimer's disease treatment: mendelian randomization and virtual screening insights into plasma protein modulation.	Sun X	2025	Biological research	40186323	10.1186/s40659-025-00598-2	peer_reviewed_or_indexed	PubMed	AD	candidate	requires_full_text_verification	candidate	candidate_full_text		PMC_full_text_cached	include		cached_OA_package	AD_drug_target_2025	partially_overlapping	full_text_and_supplement_verified	literature_source_universe_tier2; machine_extractable_requires_mapping; Machine-readable CSV/XLSX files are available, but assay and result-table relationships require explicit mapping before inclusion in Layer 2.
PMID39911793	UK Biobank-A Unique Resource for Discovery and Translation Research on Genetics and Neurologic Disease.	Taylor H	2025	Neurology. Genetics	39911793	10.1212/nxg.0000000000200226	peer_reviewed_or_indexed	PubMed	AD	candidate	requires_full_text_verification	candidate	candidate_full_text		not_assessed			not_assessed		not_assessed	pending	Automated high-recall pre-screen; no evidence tier assigned.
PMID41158184	Treatment results switching from aflibercept to bevacizumab in wet age-related macular degeneration.	Kananen F	2025	International journal of ophthalmology	41158184	10.18240/ijo.2025.11.13	peer_reviewed_or_indexed	PubMed	AMD	candidate	requires_full_text_verification	candidate	candidate_full_text		not_assessed			not_assessed		not_assessed	pending	Automated high-recall pre-screen; no evidence tier assigned.
PMID40452368	Therapeutic targets for Alzheimer's disease: Proteome-wide Mendelian randomization and colocalization analyses.	Yu K	2025	Journal of Alzheimer's disease : JAD	40452368	10.1177/13872877251344572	peer_reviewed_or_indexed	CrossRef;PubMed	AD	candidate	proteome_wide_or_large_scale_verified	verified_genetically_predicted_protein_analysis	candidate_full_text		publisher_full_text_and_supplement_verified	include_layer1_tier2		publisher_supplement_downloaded	AD_UKB_deCODE_2025	partially_overlapping	full_text_and_source_tables_verified	deCODE and UKB-PPP protein-outcome tables and colocalization tables extracted; GRN/CR1 overlap existing A1 targets.
PMID40317322	The interactome of tau phosphorylated at T217 in Alzheimer's disease human brain tissue.	Kavanagh T	2025	Acta neuropathologica	40317322	10.1007/s00401-025-02881-8	peer_reviewed_or_indexed	PubMed	AD	not_confirmed	not_confirmed	candidate	exclude_title_abstract	circulating_or_large_scale_protein_scope_not_confirmed	not_assessed			not_assessed		not_assessed	pending	Automated high-recall pre-screen; no evidence tier assigned.
DOI_cf8653e5c822	The causal relationship between circulating inflammatory proteins and heart failure: A two-sample Mendelian randomization study	Wei Fangxiang	2025	Medicine		10.1097/md.0000000000041115	peer_reviewed_or_indexed	CrossRef	not_confirmed	not_confirmed	not_confirmed	candidate	exclude_title_abstract	disease_scope_not_confirmed;circulating_or_large_scale_protein_scope_not_confirmed	not_assessed			not_assessed		not_assessed	pending	Automated high-recall pre-screen; no evidence tier assigned.
DOI_afff43808738	The causal association between 91 inflammatory Circulating proteins and intracerebral hemorrhage: A bidirectional two-sample Mendelian randomization study	Liu Chaoyi	2025	Neurosurgical Review		10.1007/s10143-025-03764-y	peer_reviewed_or_indexed	CrossRef	not_confirmed	candidate	requires_full_text_verification	candidate	exclude_title_abstract	disease_scope_not_confirmed	not_assessed			not_assessed		not_assessed	pending	Automated high-recall pre-screen; no evidence tier assigned.
PMID41208482	The MYO1F interactome reveals ASAP1, CD2AP and SH3KBP1 as novel adaptor proteins in podosomes and phagosomes.	Arden SD	2025	Journal of cell science	41208482	10.1242/jcs.264357	peer_reviewed_or_indexed	PubMed	AD	candidate	requires_full_text_verification	candidate	candidate_full_text		not_assessed			not_assessed		not_assessed	pending	Automated high-recall pre-screen; no evidence tier assigned.
DOI_7c5e6d9a4cc8	The Causal Relationship Between the Levels of 91 Circulating Inflammatory Proteins and Ovarian-Related Diseases: A Bidirectional Mendelian Randomization Study.	Qu Jiahui	2025	International Journal of Women's Health		10.22541/au.174846080.02704092/v1	peer_reviewed_or_indexed	CrossRef	not_confirmed	not_confirmed	not_confirmed	candidate	exclude_title_abstract	disease_scope_not_confirmed;circulating_or_large_scale_protein_scope_not_confirmed	not_assessed			not_assessed		not_assessed	pending	Automated high-recall pre-screen; no evidence tier assigned.
DOI_b8bf74e1e34c	The Causal Relationship Between Circulating Inflammatory Proteins and Tinnitus: A Mendelian Randomization Study Mediated by Blood Metabolites	Chen Keyu	2025	Brain and Behavior		10.1002/brb3.70699	peer_reviewed_or_indexed	CrossRef	not_confirmed	not_confirmed	not_confirmed	candidate	exclude_title_abstract	disease_scope_not_confirmed;circulating_or_large_scale_protein_scope_not_confirmed	not_assessed			not_assessed		not_assessed	pending	Automated high-recall pre-screen; no evidence tier assigned.
DOI_77891ed040f2	The Causal Effects Between Circulating Inflammatory Proteins and Osteoarthritis: A Mendelian Randomization and Transcriptomic Analysis	Lin Shaoru	2025	Journal of Pain Research		10.2147/jpr.s523677	peer_reviewed_or_indexed	CrossRef	not_confirmed	not_confirmed	not_confirmed	candidate	exclude_title_abstract	disease_scope_not_confirmed;circulating_or_large_scale_protein_scope_not_confirmed	not_assessed			not_assessed		not_assessed	pending	Automated high-recall pre-screen; no evidence tier assigned.
PMID41192777	The Associations of General, Central, Visceral Obesity, and Body Fat Percentage with Cognitive Impairment in the Elderly: Meta-analysis and Mendelian Randomization Study.	Lu D	2025	Advances in nutrition (Bethesda, Md.)	41192777	10.1016/j.advnut.2025.100550	peer_reviewed_or_indexed	PubMed	AD	candidate	requires_full_text_verification	candidate	candidate_full_text		not_assessed			not_assessed		not_assessed	pending	Automated high-recall pre-screen; no evidence tier assigned.
DOI_bf4f497f1763	Systematic proteome-wide Mendelian randomization using the human plasma proteome to identify therapeutic targets for osteomyelitis	Chai Weihao	2025	Naunyn-Schmiedeberg's Archives of Pharmacology		10.1007/s00210-025-04429-9	peer_reviewed_or_indexed	CrossRef	not_confirmed	candidate	requires_full_text_verification	candidate	exclude_title_abstract	disease_scope_not_confirmed	not_assessed			not_assessed		not_assessed	pending	Automated high-recall pre-screen; no evidence tier assigned.
PMID38943476	Snoring and risk of dementia: a prospective cohort and Mendelian randomization study.	Gao Y	2025	Sleep	38943476	10.1093/sleep/zsae149	peer_reviewed_or_indexed	PubMed	AD	candidate	requires_full_text_verification	candidate	candidate_full_text		not_assessed			not_assessed		not_assessed	pending	Automated high-recall pre-screen; no evidence tier assigned.
PMID41437896	Sex-aware causal inference assessment of the immune system in complex neurodegenerative diseases.	Lona-Durazo F	2025	Brain : a journal of neurology	41437896	10.1093/brain/awaf474	peer_reviewed_or_indexed	PubMed	AD	candidate	requires_full_text_verification	candidate	candidate_full_text		not_assessed			not_assessed		not_assessed	pending	Automated high-recall pre-screen; no evidence tier assigned.
DOI_e1bd0e338b76	Reviewer #3 (Public review): Causal associations between plasma proteins and prostate cancer: a Proteome-Wide Mendelian Randomization		2025			10.7554/elife.101584.2.sa1	peer_reviewed_or_indexed	CrossRef	not_confirmed	candidate	requires_full_text_verification	candidate	exclude_title_abstract	disease_scope_not_confirmed;review_protocol_or_commentary	not_assessed			not_assessed		not_assessed	pending	Automated high-recall pre-screen; no evidence tier assigned.
DOI_2637a732a05d	Reviewer #3 (Public review): Causal associations between human plasma proteins and prostate cancer identified by proteome-wide Mendelian randomization		2025			10.7554/elife.101584.3.sa3	peer_reviewed_or_indexed	CrossRef	not_confirmed	candidate	requires_full_text_verification	candidate	exclude_title_abstract	disease_scope_not_confirmed;review_protocol_or_commentary	not_assessed			not_assessed		not_assessed	pending	Automated high-recall pre-screen; no evidence tier assigned.
DOI_07af7d01331f	Reviewer #2 (Public review): Causal associations between plasma proteins and prostate cancer: a Proteome-Wide Mendelian Randomization		2025			10.7554/elife.101584.1.sa1	peer_reviewed_or_indexed	CrossRef	not_confirmed	candidate	requires_full_text_verification	candidate	exclude_title_abstract	disease_scope_not_confirmed;review_protocol_or_commentary	not_assessed			not_assessed		not_assessed	pending	Automated high-recall pre-screen; no evidence tier assigned.
DOI_0a6c586397a5	Reviewer #2 (Public review): Causal associations between human plasma proteins and prostate cancer identified by proteome-wide Mendelian randomization		2025			10.7554/elife.101584.3.sa2	peer_reviewed_or_indexed	CrossRef	not_confirmed	candidate	requires_full_text_verification	candidate	exclude_title_abstract	disease_scope_not_confirmed;review_protocol_or_commentary	not_assessed			not_assessed		not_assessed	pending	Automated high-recall pre-screen; no evidence tier assigned.
DOI_d418692d3868	Reviewer #1 (Public review): Causal associations between plasma proteins and prostate cancer: a Proteome-Wide Mendelian Randomization		2025			10.7554/elife.101584.2.sa3	peer_reviewed_or_indexed	CrossRef	not_confirmed	candidate	requires_full_text_verification	candidate	exclude_title_abstract	disease_scope_not_confirmed;review_protocol_or_commentary	not_assessed			not_assessed		not_assessed	pending	Automated high-recall pre-screen; no evidence tier assigned.
DOI_7969e4ccc6f9	Reviewer #1 (Public review): Causal associations between human plasma proteins and prostate cancer identified by proteome-wide Mendelian randomization		2025			10.7554/elife.101584.3.sa1	peer_reviewed_or_indexed	CrossRef	not_confirmed	candidate	requires_full_text_verification	candidate	exclude_title_abstract	disease_scope_not_confirmed;review_protocol_or_commentary	not_assessed			not_assessed		not_assessed	pending	Automated high-recall pre-screen; no evidence tier assigned.
DOI_35f2fdc4009e	"Review for ""The Causal Relationship Between Circulating Inflammatory Proteins and Tinnitus: A Mendelian Randomization Study Mediated by Blood Metabolites"""		2025			10.1002/brb3.70699/v1/review3	peer_reviewed_or_indexed	CrossRef	not_confirmed	not_confirmed	not_confirmed	candidate	exclude_title_abstract	disease_scope_not_confirmed;circulating_or_large_scale_protein_scope_not_confirmed;review_protocol_or_commentary	not_assessed			not_assessed		not_assessed	pending	Automated high-recall pre-screen; no evidence tier assigned.
DOI_250622b8df15	"Review for ""Proteome-Wide and Immune Cell Phenotype Mendelian Randomization Highlights Immune Involvement in Genetic Generalized Epilepsy"""		2025			10.1002/brb3.70625/v1/review1	peer_reviewed_or_indexed	CrossRef	not_confirmed	candidate	requires_full_text_verification	candidate	exclude_title_abstract	disease_scope_not_confirmed;review_protocol_or_commentary	not_assessed			not_assessed		not_assessed	pending	Automated high-recall pre-screen; no evidence tier assigned.
DOI_c8f59d4bec5c	"Review for ""Proteome-Wide Mendelian Randomization Implicates Shared Necroptosis-Ferroptosis Effectors in Causal Pathways of Multiple Sclerosis Susceptibility"""		2025			10.1111/nyas.70162/v1/review1	peer_reviewed_or_indexed	CrossRef	not_confirmed	candidate	requires_full_text_verification	candidate	exclude_title_abstract	disease_scope_not_confirmed;review_protocol_or_commentary	not_assessed			not_assessed		not_assessed	pending	Automated high-recall pre-screen; no evidence tier assigned.
DOI_f5e5149b866d	"Review for ""Immune Cell Proteins and Parkinson's Disease: A Mendelian Randomization Analysis of Causal Associations"""		2025			10.1002/brb3.70596/v1/review1	peer_reviewed_or_indexed	CrossRef	not_confirmed	not_confirmed	not_confirmed	candidate	exclude_title_abstract	disease_scope_not_confirmed;circulating_or_large_scale_protein_scope_not_confirmed;review_protocol_or_commentary	not_assessed			not_assessed		not_assessed	pending	Automated high-recall pre-screen; no evidence tier assigned.
DOI_22183d199180	"Review for ""Identification of Druggable Targets for Alzheimer's Disease by Analyzing Circulating Inflammatory Proteins With Mendelian Randomization"""		2025			10.1002/brb3.70797/v2/review1	peer_reviewed_or_indexed	CrossRef	AD	not_confirmed	not_confirmed	candidate	manual_review_missing_abstract		not_assessed			not_assessed		not_assessed	pending	Automated high-recall pre-screen; no evidence tier assigned.
DOI_6acb54175ec2	"Review for ""Gut Microbiota Influences Meningioma Pathogenesis via Circulating Metabolites: A Two‐Sample Mendelian Randomization Study"""		2025			10.1002/brb3.70973/v1/review1	peer_reviewed_or_indexed	CrossRef	not_confirmed	not_confirmed	not_confirmed	candidate	exclude_title_abstract	disease_scope_not_confirmed;circulating_or_large_scale_protein_scope_not_confirmed;review_protocol_or_commentary	not_assessed			not_assessed		not_assessed	pending	Automated high-recall pre-screen; no evidence tier assigned.
DOI_3fbc13e7ef31	"Review for ""Exploring the Causal Association Between 91 Circulating Inflammatory Proteins and Neurodegenerative Diseases: A Bidirectional Two‐Sample Mendelian Randomization and Bioinformatics Analysis"""		2025			10.1002/brb3.70586/v1/review1	peer_reviewed_or_indexed	CrossRef	not_confirmed	not_confirmed	not_confirmed	candidate	exclude_title_abstract	disease_scope_not_confirmed;circulating_or_large_scale_protein_scope_not_confirmed;review_protocol_or_commentary	not_assessed			not_assessed		not_assessed	pending	Automated high-recall pre-screen; no evidence tier assigned.
DOI_ae48475251fa	"Review for ""Elucidating causal relationships between circulating inflammatory factors and aging traits: Transcriptomics and Mendelian randomization analyses"""		2025			10.1111/nyas.70019/v1/review1	peer_reviewed_or_indexed	CrossRef	not_confirmed	not_confirmed	not_confirmed	candidate	exclude_title_abstract	disease_scope_not_confirmed;circulating_or_large_scale_protein_scope_not_confirmed;review_protocol_or_commentary	not_assessed			not_assessed		not_assessed	pending	Automated high-recall pre-screen; no evidence tier assigned.
DOI_75dbf42d64dd	"Review for ""Causal Relationship Between Circulating Inflammatory Cytokines and the Risk of Trigeminal Neuralgia: A Mendelian Randomization Study"""		2025			10.1002/brb3.70463/v2/review1	peer_reviewed_or_indexed	CrossRef	not_confirmed	not_confirmed	not_confirmed	candidate	exclude_title_abstract	disease_scope_not_confirmed;circulating_or_large_scale_protein_scope_not_confirmed;review_protocol_or_commentary	not_assessed			not_assessed		not_assessed	pending	Automated high-recall pre-screen; no evidence tier assigned.
DOI_1946fedae80e	"Review for ""Causal Effects of Circulating Micronutrients on Cognitive Function: Evidence From a Mendelian Randomization Study"""		2025			10.1002/brb3.70488/v1/review2	peer_reviewed_or_indexed	CrossRef	not_confirmed	not_confirmed	not_confirmed	candidate	exclude_title_abstract	disease_scope_not_confirmed;circulating_or_large_scale_protein_scope_not_confirmed;review_protocol_or_commentary	not_assessed			not_assessed		not_assessed	pending	Automated high-recall pre-screen; no evidence tier assigned.
DOI_fb14775b8290	Re. Identification of circulating plasma proteins as a mediator of hypertension-driven cardiac remodeling: a mediation mendelian randomization study		2025	Comment Group		10.1161/comment.20250318.541103	peer_reviewed_or_indexed	CrossRef	not_confirmed	candidate	requires_full_text_verification	candidate	exclude_title_abstract	disease_scope_not_confirmed	not_assessed			not_assessed		not_assessed	pending	Automated high-recall pre-screen; no evidence tier assigned.
DOI_c0cddac2e561	Pseudo-p-Value-Based Clumping Enhanced Proteome-wide Mendelian Randomization for Identifying Coronary Heart Disease-Associated Plasma Proteins	Hu Yue-Qing	2025			10.21203/rs.3.rs-5824226/v1	peer_reviewed_or_indexed	CrossRef	not_confirmed	candidate	requires_full_text_verification	candidate	exclude_title_abstract	disease_scope_not_confirmed	not_assessed			not_assessed		not_assessed	pending	Automated high-recall pre-screen; no evidence tier assigned.
DOI_4698315e498e	"Pseudo-
                  <i>p</i>
                  -Value-Based Clumping Enhanced Proteome-wide Mendelian Randomization with Application in Identifying Coronary Heart Disease-Associated Plasma Proteins"	Wang Yuquan	2025			10.1101/2025.01.13.25320450	peer_reviewed_or_indexed	CrossRef	not_confirmed	candidate	requires_full_text_verification	candidate	exclude_title_abstract	disease_scope_not_confirmed	not_assessed			not_assessed		not_assessed	pending	Automated high-recall pre-screen; no evidence tier assigned.
PMID40799961	Proteomic signatures of the APOE ε4 and APOE ε2 genetic variants and Alzheimer's disease.	Lu L	2025	medRxiv : the preprint server for health sciences	40799961	10.1101/2025.08.04.25332945	preprint	PubMed	AD	candidate	requires_full_text_verification	candidate	candidate_full_text		not_assessed			not_assessed		not_assessed	pending	Automated high-recall pre-screen; no evidence tier assigned.
PMID41415504	Proteomic profiling of Alzheimer's disease and Vascular dementia reveals unique underlying signatures.	Amin N	2025	medRxiv : the preprint server for health sciences	41415504	10.64898/2025.12.08.25341836	preprint	PubMed	AD	candidate	requires_full_text_verification	candidate	candidate_full_text		not_assessed			not_assessed		not_assessed	pending	Automated high-recall pre-screen; no evidence tier assigned.
DOI_218e7a0aab6e	Proteome-wide mendelian randomization reveals circulating proteins causally associated with childhood body mass index	Avocegamou Raphael	2025	Scientific Reports		10.1038/s41598-025-31836-y	peer_reviewed_or_indexed	CrossRef	not_confirmed	candidate	requires_full_text_verification	candidate	exclude_title_abstract	disease_scope_not_confirmed	not_assessed			not_assessed		not_assessed	pending	Automated high-recall pre-screen; no evidence tier assigned.
PMID40533815	Proteome-wide association studies using summary pQTL data of brain, CSF, and plasma identify 30 risk genes of Alzheimer's disease dementia.	Hu T	2025	Alzheimer's research & therapy	40533815	10.1186/s13195-025-01774-y	peer_reviewed_or_indexed	PubMed	AD	candidate	requires_full_text_verification	candidate	candidate_full_text		PMC_full_text_cached	include_external_only		cached_OA_package	AD_PWAS_2025	replication_unclear	full_text_verified_key_beta_table_unavailable	literature_source_universe_tier2; not_extractable_standard_beta; The available workbook does not provide a directly traceable standard plasma protein-to-AD beta table suitable for pooled mediation.
DOI_8fa36cdd676d	Proteome-wide Mendelian randomization study of plasma proteins associated with mastitis and prediction of potential candidates from herbal medicine	Zhang Shuangyi	2025	Clinical Traditional Medicine and Pharmacology		10.1016/j.ctmp.2025.200205	peer_reviewed_or_indexed	CrossRef	not_confirmed	candidate	requires_full_text_verification	candidate	exclude_title_abstract	disease_scope_not_confirmed	not_assessed			not_assessed		not_assessed	pending	Automated high-recall pre-screen; no evidence tier assigned.
DOI_6cd3278b88d4	Proteome-wide Mendelian randomization reveals causal associations between plasma proteins and autoimmune thyroid disease	Li Yang	2025	Scientific Reports		10.1038/s41598-025-04902-8	peer_reviewed_or_indexed	CrossRef	not_confirmed	candidate	requires_full_text_verification	candidate	exclude_title_abstract	disease_scope_not_confirmed	not_assessed			not_assessed		not_assessed	pending	Automated high-recall pre-screen; no evidence tier assigned.
DOI_cc91af6c9e42	Proteome-wide Mendelian randomization identifies circulating proteins causally associated with childhood obesity	Manousaki Despoina	2025			10.21203/rs.3.rs-6189469/v1	peer_reviewed_or_indexed	CrossRef	not_confirmed	candidate	requires_full_text_verification	candidate	exclude_title_abstract	disease_scope_not_confirmed	not_assessed			not_assessed		not_assessed	pending	Automated high-recall pre-screen; no evidence tier assigned.
DOI_ec70a370c9f4	Proteome-wide Mendelian randomization identifies causal plasma proteins in prostate cancer development	Wu Jian	2025	Human Genomics		10.1186/s40246-025-00724-x	peer_reviewed_or_indexed	CrossRef	not_confirmed	candidate	requires_full_text_verification	candidate	exclude_title_abstract	disease_scope_not_confirmed	not_assessed			not_assessed		not_assessed	pending	Automated high-recall pre-screen; no evidence tier assigned.
DOI_8d67351f3780	Proteome-wide Mendelian Randomization identifies plasma proteins causally associated with gastric cancer risk, highlighting LY6D as a potential therapeutic target	Xu Xiaolei	2025	Journal of Radiation Research and Applied Sciences		10.1016/j.jrras.2025.102062	peer_reviewed_or_indexed	CrossRef	not_confirmed	candidate	requires_full_text_verification	candidate	exclude_title_abstract	disease_scope_not_confirmed	not_assessed			not_assessed		not_assessed	pending	Automated high-recall pre-screen; no evidence tier assigned.
DOI_55aaa9185fe2	Proteome-Wide Mendelian Randomization Reveals Novel Protein Targets for Epilepsy	Xiong Zhonghua	2025	Current Neuropharmacology		10.2174/011570159x400018250919160015	peer_reviewed_or_indexed	CrossRef	not_confirmed	candidate	requires_full_text_verification	candidate	exclude_title_abstract	disease_scope_not_confirmed	not_assessed			not_assessed		not_assessed	pending	Automated high-recall pre-screen; no evidence tier assigned.
PMID40823340	Proteogenomic signature of Alzheimer's disease and related dementia risk in individuals with major depressive disorder.	Diniz BS	2025	Nature. Mental health	40823340	10.1038/s44220-025-00460-0	peer_reviewed_or_indexed	PubMed	AD	candidate	requires_full_text_verification	candidate	candidate_full_text		not_assessed			not_assessed		not_assessed	pending	Automated high-recall pre-screen; no evidence tier assigned.
PMID39885106	Prospective Investigation Unravels Plasma Proteomic Links to Dementia.	Li J	2025	Molecular neurobiology	39885106	10.1007/s12035-025-04716-9	peer_reviewed_or_indexed	PubMed	AD	candidate	requires_full_text_verification	candidate	candidate_full_text		not_assessed			not_assessed		not_assessed	pending	Automated high-recall pre-screen; no evidence tier assigned.
PMID41301918	Potential Causal Effects of Cystatin C on Age-Related Macular Degeneration: A Two-Sample Mendelian Randomization Study.	Lee Y	2025	Biomedicines	41301918	10.3390/biomedicines13112827	peer_reviewed_or_indexed	CrossRef;PubMed	AMD	candidate	requires_full_text_verification	candidate	candidate_full_text		not_assessed			not_assessed		not_assessed	pending	Automated high-recall pre-screen; no evidence tier assigned.
DOI_118c2507be1d	Plasma proteome-wide Mendelian randomization reveals the association of extracellular matrix proteins with abdominal aortic aneurysm	Khodursky Samuel	2025	JVS-Vascular Science		10.1016/j.jvssci.2025.100290	peer_reviewed_or_indexed	CrossRef	not_confirmed	candidate	requires_full_text_verification	candidate	exclude_title_abstract	disease_scope_not_confirmed	not_assessed			not_assessed		not_assessed	pending	Automated high-recall pre-screen; no evidence tier assigned.
DOI_f6efc47c9712	Plasma proteins and herpes simplex virus infection: a proteome-wide Mendelian randomization study	Fu Canya	2025	Virus Genes		10.1007/s11262-025-02145-3	peer_reviewed_or_indexed	CrossRef	not_confirmed	candidate	requires_full_text_verification	candidate	exclude_title_abstract	disease_scope_not_confirmed	not_assessed			not_assessed		not_assessed	pending	Automated high-recall pre-screen; no evidence tier assigned.
DOI_68d787605e09	Plasma proteins and different onset subtype of COPD: Proteome-wide Mendelian randomization study and co-localization analyses	Chu Xu	2025	Medicine		10.1097/md.0000000000042409	peer_reviewed_or_indexed	CrossRef	not_confirmed	candidate	requires_full_text_verification	candidate	exclude_title_abstract	disease_scope_not_confirmed	not_assessed			not_assessed		not_assessed	pending	Automated high-recall pre-screen; no evidence tier assigned.
PMID39324695	Plasma metabolomic signature of healthy lifestyle, structural brain reserve and risk of dementia.	Tian F	2025	Brain : a journal of neurology	39324695	10.1093/brain/awae257	peer_reviewed_or_indexed	PubMed	AD	candidate	requires_full_text_verification	candidate	candidate_full_text		not_assessed			not_assessed		not_assessed	pending	Automated high-recall pre-screen; no evidence tier assigned.
PMID40760855	Plasma glial fibrillary acidic protein and neurological diseases: A bidirectional Mendelian randomization study.	Jiang D	2025	Journal of Alzheimer's disease : JAD	40760855	10.1177/13872877251362496	peer_reviewed_or_indexed	PubMed	AD	candidate	requires_full_text_verification	candidate	candidate_full_text		not_assessed			not_assessed		not_assessed	pending	Automated high-recall pre-screen; no evidence tier assigned.
PMID40950430	Plasma Proteomics Linking Primary and Secondary diseases: Insights into Molecular Mediation from UK Biobank Data.	Qian H	2025	medRxiv : the preprint server for health sciences	40950430	10.1101/2025.08.29.25334726	preprint	PubMed	AD	candidate	requires_full_text_verification	candidate	candidate_full_text		not_assessed			not_assessed		not_assessed	pending	Automated high-recall pre-screen; no evidence tier assigned.
PMID40735247	Plasma GDF15 affects long-term dementia risk and alters neuro-immune signaling.	Blew CO	2025	medRxiv : the preprint server for health sciences	40735247	10.1101/2025.07.18.25331297	preprint	PubMed	AD	candidate	requires_full_text_verification	candidate	candidate_full_text		not_assessed			not_assessed		not_assessed	pending	Automated high-recall pre-screen; no evidence tier assigned.
DOI_7e752691eb60	Plasma Circulating Proteins and Intracranial Aneurysm Susceptibility: A Proteome-Wide Mendelian Randomization Analysis	Zou Xuelun	2025	World Neurosurgery		10.1016/j.wneu.2025.124015	peer_reviewed_or_indexed	CrossRef	not_confirmed	candidate	requires_full_text_verification	candidate	exclude_title_abstract	disease_scope_not_confirmed	not_assessed			not_assessed		not_assessed	pending	Automated high-recall pre-screen; no evidence tier assigned.
PMID39787209	Patient stratification by genetic risk in Alzheimer's disease is only effective in the presence of phenotypic heterogeneity.	Euesden J	2025	PloS one	39787209	10.1371/journal.pone.0310977	peer_reviewed_or_indexed	PubMed	AD	candidate	requires_full_text_verification	candidate	candidate_full_text		not_assessed			not_assessed		not_assessed	pending	Automated high-recall pre-screen; no evidence tier assigned.
DOI_be4eabff6d9f	P361 MULTI-ANCESTRY PROTEOME-WIDE MENDELIAN RANDOMIZATION IDENTIFIES RISK PROTEINS FOR INTRACRANIAL ANEURYSMS	Su C.	2025	Canadian Journal of Cardiology		10.1016/j.cjca.2025.08.201	peer_reviewed_or_indexed	CrossRef	not_confirmed	candidate	requires_full_text_verification	candidate	exclude_title_abstract	disease_scope_not_confirmed	not_assessed			not_assessed		not_assessed	pending	Automated high-recall pre-screen; no evidence tier assigned.
PMID39662686	Omega-3 Fatty Acids as Protective Factors for Age-Related Macular Degeneration: Prospective Cohort and Mendelian Randomization Analyses.	Xue CC	2025	Ophthalmology	39662686	10.1016/j.ophtha.2024.12.005	peer_reviewed_or_indexed	PubMed	AMD	candidate	requires_full_text_verification	candidate	candidate_full_text		not_assessed			not_assessed		not_assessed	pending	Automated high-recall pre-screen; no evidence tier assigned.
PMID40147763	Nutritional interventions for preventing cognitive decline in patients with mild cognitive impairment and Alzheimer's disease: A comprehensive network meta-analysis and Mendelian Randomization study.	He Q	2025	Clinical nutrition ESPEN	40147763	10.1016/j.clnesp.2025.03.040	peer_reviewed_or_indexed	PubMed	AD	candidate	requires_full_text_verification	candidate	candidate_full_text		not_assessed			not_assessed		not_assessed	pending	Automated high-recall pre-screen; no evidence tier assigned.
PMID39427525	Novel plasma protein biomarkers: A time-dependent predictive model for Alzheimer's disease.	Zhuang T	2025	Archives of gerontology and geriatrics	39427525	10.1016/j.archger.2024.105650	peer_reviewed_or_indexed	PubMed	AD	candidate	requires_full_text_verification	candidate	candidate_full_text		not_assessed			not_assessed		not_assessed	pending	Automated high-recall pre-screen; no evidence tier assigned.
PMID40396657	Neurophysiological Progression in Alzheimer's Disease: Insights From Dynamic Causal Modelling of Longitudinal Magnetoencephalography.	Jafarian A	2025	Human brain mapping	40396657	10.1002/hbm.70234	peer_reviewed_or_indexed	PubMed	AD	candidate	requires_full_text_verification	not_confirmed	exclude_title_abstract	genetic_causal_method_not_confirmed	not_assessed			not_assessed		not_assessed	pending	Automated high-recall pre-screen; no evidence tier assigned.
PMID40023897	Natural disaster-induced dementia and cognitive decline: A meta-analysis and systematic review.	Thompson J	2025	Social science & medicine (1982)	40023897	10.1016/j.socscimed.2025.117898	peer_reviewed_or_indexed	PubMed	AD	candidate	requires_full_text_verification	not_confirmed	exclude_title_abstract	genetic_causal_method_not_confirmed;review_protocol_or_commentary	not_assessed			not_assessed		not_assessed	pending	Automated high-recall pre-screen; no evidence tier assigned.
PMID39793580	Multivariate proteome-wide association study to identify causal proteins for Alzheimer disease.	Fang L	2025	American journal of human genetics	39793580	10.1016/j.ajhg.2024.12.010	peer_reviewed_or_indexed	PubMed	AD	candidate	requires_full_text_verification	candidate	candidate_full_text		not_assessed			not_assessed		not_assessed	pending	Automated high-recall pre-screen; no evidence tier assigned.
PMID40672508	Multi-organ MRI digitizes biological aging clocks across proteomics, metabolomics, and genetics.	MULTI Consortium	2025	medRxiv : the preprint server for health sciences	40672508	10.1101/2025.07.10.25331263	preprint	PubMed	AD	candidate	requires_full_text_verification	candidate	candidate_full_text		not_assessed			not_assessed		not_assessed	pending	Automated high-recall pre-screen; no evidence tier assigned.
PMID41135742	Multi-omics analysis reveals the protective role of transcriptional enhancer factor and the pathogenic mechanism of monocytes in Parkinson's disease.	Hu T	2025	Brain research bulletin	41135742	10.1016/j.brainresbull.2025.111594	peer_reviewed_or_indexed	PubMed	AD	candidate	requires_full_text_verification	candidate	candidate_full_text		not_assessed			not_assessed		not_assessed	pending	Automated high-recall pre-screen; no evidence tier assigned.
PMID38477120	Migraine Association with Alzheimer's Disease Risk: Evidence from the UK Biobank Cohort Study and Mendelian Randomization.	Geng C	2025	The Canadian journal of neurological sciences. Le journal canadien des sciences neurologiques	38477120	10.1017/cjn.2024.35	peer_reviewed_or_indexed	PubMed	AD	candidate	requires_full_text_verification	candidate	candidate_full_text		not_assessed			not_assessed		not_assessed	pending	Automated high-recall pre-screen; no evidence tier assigned.
PMID40834019	Mendelian randomization study of self-reported long sleep duration, short sleep duration, and insomnia and cognitive function.	Guo Y	2025	PloS one	40834019	10.1371/journal.pone.0330782	peer_reviewed_or_indexed	PubMed	AD	candidate	requires_full_text_verification	candidate	candidate_full_text		not_assessed			not_assessed		not_assessed	pending	Automated high-recall pre-screen; no evidence tier assigned.
DOI_210afaa15be5	Mendelian randomization study of lipid metabolites reveals causal associations with age-related macular degeneration	Shui Miao	2025	Experimental Gerontology		10.1016/j.exger.2025.112817	peer_reviewed_or_indexed	CrossRef	AMD	not_confirmed	not_confirmed	candidate	manual_review_missing_abstract		not_assessed			not_assessed		not_assessed	pending	Automated high-recall pre-screen; no evidence tier assigned.
PMID40037332	Mendelian randomization identifies proteins involved in neurodegenerative diseases.	Belbasis L	2025	Brain : a journal of neurology	40037332	10.1093/brain/awaf018	peer_reviewed_or_indexed	PubMed	AD	candidate	requires_full_text_verification	candidate	candidate_full_text		PMC_full_text_cached	include		cached_OA_package	AD_UKB_deCODE_cross_platform	partially_overlapping	full_text_and_supplement_verified	primary_panel_candidate; machine_extractable; Large-scale cis-pQTL MR with assay-level mapping and colocalization.
DOI_614ea5a0eff2	Mendelian Randomization Identifies Circulating Plasma Proteins as Biomarkers for Steroid-Sensitive Nephrotic Syndrome	Heydari Daniel	2025	Journal of the American Society of Nephrology		10.1681/asn.2025dtbp4v03	peer_reviewed_or_indexed	CrossRef	not_confirmed	candidate	requires_full_text_verification	candidate	exclude_title_abstract	disease_scope_not_confirmed	not_assessed			not_assessed		not_assessed	pending	Automated high-recall pre-screen; no evidence tier assigned.
PMID40875158	Mendel randomization confirmed gastroesophageal reflux disease may increase the risk of mental disorders.	Wu Y	2025	Neuropsychiatrie : Klinik, Diagnostik, Therapie und Rehabilitation : Organ der Gesellschaft Osterreichischer Nervenarzte und Psychiater	40875158	10.1007/s40211-025-00546-2	peer_reviewed_or_indexed	PubMed	AD	candidate	requires_full_text_verification	candidate	candidate_full_text		not_assessed			not_assessed		not_assessed	pending	Automated high-recall pre-screen; no evidence tier assigned.
PMID40824609	Mediators linking gut microbiota and sporadic Creutzfeldt-Jakob disease: a Mendelian randomization study.	Shao J	2025	AMB Express	40824609	10.1186/s13568-025-01932-3	peer_reviewed_or_indexed	PubMed	AD	candidate	requires_full_text_verification	candidate	candidate_full_text		not_assessed			not_assessed		not_assessed	pending	Automated high-recall pre-screen; no evidence tier assigned.
PMID39883882	Longer recreational screen time contributes to the risk of age-related macular degeneration: a UK Biobank cohort study and two-sample Mendelian randomisation.	Huang Y	2025	Journal of global health	39883882	10.7189/jogh.15.04029	peer_reviewed_or_indexed	PubMed	AMD	candidate	requires_full_text_verification	candidate	candidate_full_text		not_assessed			not_assessed		not_assessed	pending	Automated high-recall pre-screen; no evidence tier assigned.
PMID41282933	Long-read genome sequencing and multi-omics in aging and neurodegeneration.	Jensen TD	2025	medRxiv : the preprint server for health sciences	41282933	10.1101/2025.10.10.25337775	preprint	PubMed	AD	candidate	requires_full_text_verification	candidate	candidate_full_text		not_assessed			not_assessed		not_assessed	pending	Automated high-recall pre-screen; no evidence tier assigned.
PMID40096060	Local genetic covariance analysis with lipid traits identifies novel loci for early-onset Alzheimer's Disease.	Ray NR	2025	PLoS genetics	40096060	10.1371/journal.pgen.1011631	peer_reviewed_or_indexed	PubMed	AD	candidate	requires_full_text_verification	candidate	candidate_full_text		not_assessed			not_assessed		not_assessed	pending	Automated high-recall pre-screen; no evidence tier assigned.
PMID40824531	Lipoprotein(a) and risk of dementia: findings from three cohort studies.	Thomas PE	2025	European heart journal	40824531	10.1093/eurheartj/ehaf465	peer_reviewed_or_indexed	PubMed	AD	candidate	requires_full_text_verification	not_confirmed	exclude_title_abstract	genetic_causal_method_not_confirmed	not_assessed			not_assessed		not_assessed	pending	Automated high-recall pre-screen; no evidence tier assigned.
PMID39562718	Large-scale proteomic analyses of incident Alzheimer's disease reveal new pathophysiological insights and potential therapeutic targets.	Zhang Y	2025	Molecular psychiatry	39562718	10.1038/s41380-024-02840-x	peer_reviewed_or_indexed	PubMed	AD	candidate	requires_full_text_verification	candidate	candidate_full_text		not_assessed			not_assessed		not_assessed	pending	Automated high-recall pre-screen; no evidence tier assigned.
PMID41036470	KIAA0319 modulates Alzheimer's disease risk through PMM2 regulation: Evidence from integrated pQTL-mediation and transcriptomic analyses.	Wen P	2025	Journal of Alzheimer's disease reports	41036470	10.1177/25424823251384245	peer_reviewed_or_indexed	PubMed	AD	candidate	requires_full_text_verification	candidate	candidate_full_text		not_assessed			not_assessed		not_assessed	pending	Automated high-recall pre-screen; no evidence tier assigned.
PMID40820167	Integration of multi-omics quantitative trait loci evidence reveals novel susceptibility genes for Alzheimer's disease.	Gao J	2025	Scientific reports	40820167	10.1038/s41598-025-12290-2	peer_reviewed_or_indexed	PubMed	AD	candidate	requires_full_text_verification	candidate	candidate_full_text		not_assessed			not_assessed		not_assessed	pending	Automated high-recall pre-screen; no evidence tier assigned.
PMID41158172	Integrating plasma proteomics and genome-wide association data to identify therapeutic targets for retinal neurodegenerative diseases in Europeans.	Guo YJ	2025	International journal of ophthalmology	41158172	10.18240/ijo.2025.11.21	peer_reviewed_or_indexed	PubMed	AMD	candidate	requires_full_text_verification	candidate	candidate_full_text		PMC_full_text_downloaded	include_external_only		no_supplement_link_in_JATS	retinal_neurodegeneration_2025	partially_overlapping	full_text_verified_supplement_unavailable	literature_source_universe_tier2; manual_extraction_required; Full text is available but the key supplement link is absent from JATS; no protein effects are inferred from prose alone.
PMID41398876	Impact of rheumatoid arthritis on Alzheimer's disease: A two-sample bidirectional Mendelian randomization study.	Zhong S	2025	Medicine	41398876	10.1097/md.0000000000046518	peer_reviewed_or_indexed	PubMed	AD	candidate	requires_full_text_verification	candidate	candidate_full_text		not_assessed			not_assessed		not_assessed	pending	Automated high-recall pre-screen; no evidence tier assigned.
PMID40784411	Immune-metabolic perspective on the association of seven psychiatric disorders and five common auditory diseases: a bidirectional two-sample Mendelian randomization study and mediation analysis.	Yang J	2025	Journal of affective disorders	40784411	10.1016/j.jad.2025.120044	peer_reviewed_or_indexed	PubMed	AD	candidate	requires_full_text_verification	candidate	candidate_full_text		not_assessed			not_assessed		not_assessed	pending	Automated high-recall pre-screen; no evidence tier assigned.
PMID40313062	Identifying the mediating role of brain atrophy on the relationship between DNA damage repair pathway and Alzheimer's disease: A Mendelian randomization analysis and mediation analysis.	Bao W	2025	Journal of Alzheimer's disease : JAD	40313062	10.1177/13872877251333811	peer_reviewed_or_indexed	PubMed	AD	candidate	requires_full_text_verification	candidate	candidate_full_text		not_assessed			not_assessed		not_assessed	pending	Automated high-recall pre-screen; no evidence tier assigned.
DOI_b63ba0d3cd1f	Identifying Key Plasma Proteins in the Onset of Parkinson’s Disease: Proteome-Wide Mendelian Randomization and Single-Cell RNA Sequencing Analysis	Quan Wei	2025	Molecular Neurobiology		10.1007/s12035-025-05041-x	peer_reviewed_or_indexed	CrossRef	not_confirmed	candidate	requires_full_text_verification	candidate	exclude_title_abstract	disease_scope_not_confirmed	not_assessed			not_assessed		not_assessed	pending	Automated high-recall pre-screen; no evidence tier assigned.
PMID39755304	Identification of potential therapeutic targets for Alzheimer's disease from the proteomes of plasma and cerebrospinal fluid in a multicenter Mendelian randomization study.	Wang S	2025	International journal of biological macromolecules	39755304	10.1016/j.ijbiomac.2024.139394	peer_reviewed_or_indexed	PubMed	AD	not_confirmed	not_confirmed	candidate	exclude_title_abstract	circulating_or_large_scale_protein_scope_not_confirmed	not_assessed			not_assessed		not_assessed	pending	Automated high-recall pre-screen; no evidence tier assigned.
PMID40400956	Identification of potential therapeutic drug targets for sepsis by combining the human plasma proteome and genome: a Mendelian randomization study.	Zhou W	2025	Journal of thoracic disease	40400956	10.21037/jtd-2025-590	peer_reviewed_or_indexed	PubMed	AD	candidate	requires_full_text_verification	candidate	candidate_full_text		not_assessed			not_assessed		not_assessed	pending	Automated high-recall pre-screen; no evidence tier assigned.
DOI_b48cb0c1f0bb	Identification of circulating inflammatory proteins as potential drug targets for sepsis through Mendelian randomization and colocalization analyses	Wan Fang	2025	Medicine		10.1097/md.0000000000045444	peer_reviewed_or_indexed	CrossRef	not_confirmed	not_confirmed	not_confirmed	candidate	exclude_title_abstract	disease_scope_not_confirmed;circulating_or_large_scale_protein_scope_not_confirmed	not_assessed			not_assessed		not_assessed	pending	Automated high-recall pre-screen; no evidence tier assigned.
DOI_4b3532657260	Identification of causal plasma proteins and targeted therapy for primary hepatic carcinoma via proteome-wide Mendelian randomization	Wang Houhong	2025	Communications Biology		10.1038/s42003-025-09274-3	peer_reviewed_or_indexed	CrossRef	not_confirmed	candidate	requires_full_text_verification	candidate	exclude_title_abstract	disease_scope_not_confirmed	not_assessed			not_assessed		not_assessed	pending	Automated high-recall pre-screen; no evidence tier assigned.
DOI_14ec141ea181	Identification of Plasma Protein Biomarkers and Drug Targets for Hematologic Malignancies by Proteome-wide Mendelian Randomization	Pan Tao	2025	Journal of Cancer		10.7150/jca.115044	peer_reviewed_or_indexed	CrossRef	not_confirmed	candidate	requires_full_text_verification	candidate	exclude_title_abstract	disease_scope_not_confirmed	not_assessed			not_assessed		not_assessed	pending	Automated high-recall pre-screen; no evidence tier assigned.
PMID40864544	Identification of Druggable Targets for Alzheimer's Disease by Analyzing Circulating Inflammatory Proteins With Mendelian Randomization.	An H	2025	Brain and behavior	40864544	10.1002/brb3.70797	peer_reviewed_or_indexed	CrossRef;PubMed	AD	candidate	requires_full_text_verification	candidate	candidate_full_text		not_assessed			not_assessed		not_assessed	pending	Automated high-recall pre-screen; no evidence tier assigned.
PMID40801051	Human Trace Elements, Gut Microbiota, and Alzheimer's Disease: Insights From Multistage Mendelian Randomization Analysis.	Li Y	2025	Food science & nutrition	40801051	10.1002/fsn3.70706	peer_reviewed_or_indexed	PubMed	AD	candidate	requires_full_text_verification	candidate	candidate_full_text		not_assessed			not_assessed		not_assessed	pending	Automated high-recall pre-screen; no evidence tier assigned.
DOI_ef12d189ac2c	Gut Microbiota, Circulating Cytokines and Eosinophilic Esophagitis: A Comprehensive Mendelian Randomization Study	Ji Ruoyu	2025			10.21203/rs.3.rs-6635236/v1	peer_reviewed_or_indexed	CrossRef	not_confirmed	not_confirmed	not_confirmed	candidate	exclude_title_abstract	disease_scope_not_confirmed;circulating_or_large_scale_protein_scope_not_confirmed	not_assessed			not_assessed		not_assessed	pending	Automated high-recall pre-screen; no evidence tier assigned.
PMID40636510	Grip Strength and Age-Related Ocular Diseases: Insights from Observational, Mendelian Randomization, and Mediation Analyses.	Chen C	2025	Ophthalmology science	40636510	10.1016/j.xops.2025.100831	peer_reviewed_or_indexed	PubMed	AMD	candidate	requires_full_text_verification	candidate	candidate_full_text		not_assessed			not_assessed		not_assessed	pending	Automated high-recall pre-screen; no evidence tier assigned.
DOI_36f3f2d7f4d1	Genome-wide Mendelian randomization mapping the influence of plasma proteome on major depressive disorder	Li Chong	2025	Journal of Affective Disorders		10.1016/j.jad.2025.01.140	peer_reviewed_or_indexed	CrossRef	not_confirmed	candidate	requires_full_text_verification	candidate	exclude_title_abstract	disease_scope_not_confirmed	not_assessed			not_assessed		not_assessed	pending	Automated high-recall pre-screen; no evidence tier assigned.
DOI_d7e490e75c9f	Genetically predicted Circulating inflammatory proteins mediate the association between plasma lipidome and kidney stones: A Mendelian randomization study	Wu Jian	2025	Urolithiasis		10.1007/s00240-025-01905-y	peer_reviewed_or_indexed	CrossRef	not_confirmed	not_confirmed	not_confirmed	candidate	exclude_title_abstract	disease_scope_not_confirmed;circulating_or_large_scale_protein_scope_not_confirmed	not_assessed			not_assessed		not_assessed	pending	Automated high-recall pre-screen; no evidence tier assigned.
PMID41064534	Genetically Prioritized Plasma Proteins as Candidate Therapeutic Targets for Dry Age-Related Macular Degeneration.	Hou J	2025	Journal of ophthalmology	41064534	10.1155/joph/3972293	peer_reviewed_or_indexed	PubMed	AMD	candidate	requires_full_text_verification	candidate	candidate_full_text		PMC_full_text_cached	include		cached_OA_package	DryAMD_FinnGen_R11_MVP	partially_overlapping	full_text_and_supplement_verified	primary_panel_candidate; machine_extractable; Large-scale cis-pQTL discovery with independent MVP outcome replication; rows are retiered using actual replication FDR and direction.
PMID41350740	Genetic insights into drug targets for alzheimer's disease: integrative multi-omics analysis.	Liu X	2025	Alzheimer's research & therapy	41350740	10.1186/s13195-025-01901-9	peer_reviewed_or_indexed	PubMed	AD	candidate	requires_full_text_verification	candidate	candidate_full_text		PMC_full_text_cached	include		cached_OA_package	AD_deCODE_multiomics_2025	partially_overlapping	full_text_and_supplement_verified	primary_panel_candidate; machine_extractable; Plasma findings have cis instruments, FDR correction, colocalization/HEIDI and explicit external validation tiers.
PMID41127252	Genetic associations of plasma proteomics with dementia subtypes and neuroimaging markers.	Salih AM	2025	Alzheimer's & dementia (Amsterdam, Netherlands)	41127252	10.1002/dad2.70202	peer_reviewed_or_indexed	PubMed	AD	candidate	requires_full_text_verification	candidate	candidate_full_text		PMC_full_text_cached	include_external_only		cached_OA_package	AD_UKB_plasma_2025	partially_overlapping	full_text_verified_supplement_not_machine_readable	literature_source_universe_tier2; manual_extraction_required; Supplementary results are embedded in PDF/DOCX and require targeted manual verification before protein-level extraction.
PMID39743746	Genetic associations between immune-related plasma proteins and neurodegenerative diseases.	Wang Z	2025	Neurological research	39743746	10.1080/01616412.2024.2448745	peer_reviewed_or_indexed	PubMed	AD	candidate	requires_full_text_verification	not_confirmed	exclude_title_abstract	genetic_causal_method_not_confirmed	not_assessed			not_assessed		not_assessed	pending	Automated high-recall pre-screen; no evidence tier assigned.
PMID40958224	Genetic association and potential mediators between subjective well-being and cardiovascular events: A bidirectional two-sample, two-step Mendelian randomization study.	Shen R	2025	Medicine	40958224	10.1097/md.0000000000044482	peer_reviewed_or_indexed	PubMed	AD	candidate	requires_full_text_verification	candidate	candidate_full_text		not_assessed			not_assessed		not_assessed	pending	Automated high-recall pre-screen; no evidence tier assigned.
PMID39740768	Genetic Insights Into the Role of Cathepsins in Alzheimer's Disease, Parkinson's Disease, and Amyotrophic Lateral Sclerosis: Evidence From Mendelian Randomization Study.	Jiang Y	2025	Brain and behavior	39740768	10.1002/brb3.70207	peer_reviewed_or_indexed	PubMed	AD	candidate	requires_full_text_verification	candidate	candidate_full_text		not_assessed			not_assessed		not_assessed	pending	Automated high-recall pre-screen; no evidence tier assigned.
PMID40459076	Genetic Analysis of the X Chromosome Associates Loci with Progression of Parkinson's Disease.	Liao Y	2025	Movement disorders : official journal of the Movement Disorder Society	40459076	10.1002/mds.30252	peer_reviewed_or_indexed	PubMed	AD	candidate	requires_full_text_verification	candidate	candidate_full_text		not_assessed			not_assessed		not_assessed	pending	Automated high-recall pre-screen; no evidence tier assigned.
PMID41138838	From plasma proteomics Mendelian randomization to neuropathological validation: The potential role of CTSH-GRN-TMEM106B and TREM2-IL-34 networks of microglia in Alzheimer's disease.	Yuan Y	2025	European journal of pharmacology	41138838	10.1016/j.ejphar.2025.178297	peer_reviewed_or_indexed	PubMed	AD	candidate	requires_full_text_verification	candidate	candidate_full_text		not_assessed			not_assessed		not_assessed	pending	Automated high-recall pre-screen; no evidence tier assigned.
PMID40912535	From disinfectant to neurodegeneration: Integrating machine learning and mendelian randomization reveals triclosan as a novel environmental risk factor for Alzheimer's disease.	Cheng F	2025	Environmental pollution (Barking, Essex : 1987)	40912535	10.1016/j.envpol.2025.127068	peer_reviewed_or_indexed	PubMed	AD	candidate	requires_full_text_verification	candidate	candidate_full_text		not_assessed			not_assessed		not_assessed	pending	Automated high-recall pre-screen; no evidence tier assigned.
PMID39713956	Frailty and the Risk of Age-Related Macular Degeneration: A Prospective Cohort and Mendelian Randomization Study.	Zhu X	2025	The journals of gerontology. Series A, Biological sciences and medical sciences	39713956	10.1093/gerona/glae300	peer_reviewed_or_indexed	PubMed	AMD	candidate	requires_full_text_verification	candidate	candidate_full_text		not_assessed			not_assessed		not_assessed	pending	Automated high-recall pre-screen; no evidence tier assigned.
DOI_5cad44ef1b34	Exploring the pathways linking fasting insulin to coronary artery disease: a proteome-wide Mendelian randomization study	Huang Xin	2025	BMC Medicine		10.1186/s12916-025-04127-6	peer_reviewed_or_indexed	CrossRef	not_confirmed	candidate	requires_full_text_verification	candidate	exclude_title_abstract	disease_scope_not_confirmed	not_assessed			not_assessed		not_assessed	pending	Automated high-recall pre-screen; no evidence tier assigned.
DOI_006635734f31	Exploring the association between 91 circulating inflammatory proteins and the risk of carcinoid syndrome: a Mendelian randomization analysis	Wang Jingzhi	2025	Discover Oncology		10.1007/s12672-025-02147-5	peer_reviewed_or_indexed	CrossRef	not_confirmed	not_confirmed	not_confirmed	candidate	exclude_title_abstract	disease_scope_not_confirmed;circulating_or_large_scale_protein_scope_not_confirmed	not_assessed			not_assessed		not_assessed	pending	Automated high-recall pre-screen; no evidence tier assigned.
PMID40974265	Exploring the Protein-Metabolite Interplay to Discover Novel Drug Targets for Alzheimer's Disease.	Yin KF	2025	The journal of gene medicine	40974265	10.1002/jgm.70035	peer_reviewed_or_indexed	PubMed	AD	candidate	requires_full_text_verification	candidate	candidate_full_text		not_assessed			not_assessed		not_assessed	pending	Automated high-recall pre-screen; no evidence tier assigned.
PMID41044651	Exploring causal relationships between epigenetic age acceleration and Alzheimer's disease: a bidirectional Mendelian randomization study.	Liu H	2025	Clinical epigenetics	41044651	10.1186/s13148-025-01976-z	peer_reviewed_or_indexed	PubMed	AD	candidate	requires_full_text_verification	candidate	candidate_full_text		not_assessed			not_assessed		not_assessed	pending	Automated high-recall pre-screen; no evidence tier assigned.
PMID40327005	Exploring Therapeutic Targets for Age-Related Macular Degeneration From Circulating Proteins to Plasma Metabolites in the European Population.	Chen C	2025	Translational vision science & technology	40327005	10.1167/tvst.14.5.8	peer_reviewed_or_indexed	PubMed	AMD	candidate	requires_full_text_verification	candidate	candidate_full_text		PMC_full_text_cached	include		cached_OA_package	AMD_multi_platform_2025	partially_overlapping	full_text_and_supplement_verified	literature_source_universe_tier2; machine_extractable; Corrected SMR results are extractable, but absence of colocalization keeps this source in Tier 2 unless independently replicated.
PMID41601569	Exploration and validation of biomarkers for Alzheimer's disease based on GEO database.	Gan Y	2025	IBRO neuroscience reports	41601569	10.1016/j.ibneur.2025.03.006	peer_reviewed_or_indexed	PubMed	AD	candidate	requires_full_text_verification	candidate	candidate_full_text		not_assessed			not_assessed		not_assessed	pending	Automated high-recall pre-screen; no evidence tier assigned.
PMID40132793	Evidence from a Mendelian randomization study: Delirium's noncausal role in dementia onset.	Lu Z	2025	Neuroscience	40132793	10.1016/j.neuroscience.2025.03.025	peer_reviewed_or_indexed	PubMed	AD	candidate	requires_full_text_verification	candidate	candidate_full_text		not_assessed			not_assessed		not_assessed	pending	Automated high-recall pre-screen; no evidence tier assigned.
DOI_09727d851045	Evidence for Genetic Causal Association Between the Gut Microbiome, Derived Metabolites, and Age-Related Macular Degeneration: A Mediation Mendelian Randomization Analysis	Wei Pinghui	2025	Biomedicines		10.3390/biomedicines13030639	peer_reviewed_or_indexed	CrossRef	AMD	not_confirmed	not_confirmed	candidate	manual_review_missing_abstract		not_assessed			not_assessed		not_assessed	pending	Automated high-recall pre-screen; no evidence tier assigned.
DOI_18309dfa163b	Elucidating the Causal Relationships between Circulating Inflammatory Proteins and Sepsis Outcomes: A Mendelian Randomization Approach	Wang Peng	2025	Current Medicinal Chemistry		10.2174/0109298673344958250319074101	peer_reviewed_or_indexed	CrossRef	not_confirmed	not_confirmed	not_confirmed	candidate	exclude_title_abstract	disease_scope_not_confirmed;circulating_or_large_scale_protein_scope_not_confirmed	not_assessed			not_assessed		not_assessed	pending	Automated high-recall pre-screen; no evidence tier assigned.
PMID40827295	Does uveitis increase the risk of age-related wet macular degeneration? A Mendelian randomization study.	Jing RH	2025	International journal of ophthalmology	40827295	10.18240/ijo.2025.08.09	peer_reviewed_or_indexed	PubMed	AMD	candidate	requires_full_text_verification	candidate	candidate_full_text		not_assessed			not_assessed		not_assessed	pending	Automated high-recall pre-screen; no evidence tier assigned.
DOI_d6c1462e1a71	"Decision letter for ""The Causal Relationship Between Circulating Inflammatory Proteins and Tinnitus: A Mendelian Randomization Study Mediated by Blood Metabolites"""		2025			10.1002/brb3.70699/v1/decision1	peer_reviewed_or_indexed	CrossRef	not_confirmed	not_confirmed	not_confirmed	candidate	exclude_title_abstract	disease_scope_not_confirmed;circulating_or_large_scale_protein_scope_not_confirmed	not_assessed			not_assessed		not_assessed	pending	Automated high-recall pre-screen; no evidence tier assigned.
DOI_ae6052cf6a37	"Decision letter for ""Proteome-Wide and Immune Cell Phenotype Mendelian Randomization Highlights Immune Involvement in Genetic Generalized Epilepsy"""		2025			10.1002/brb3.70625/v2/decision1	peer_reviewed_or_indexed	CrossRef	not_confirmed	candidate	requires_full_text_verification	candidate	exclude_title_abstract	disease_scope_not_confirmed	not_assessed			not_assessed		not_assessed	pending	Automated high-recall pre-screen; no evidence tier assigned.
DOI_0b79d1b735c4	"Decision letter for ""Proteome-Wide Mendelian Randomization Implicates Shared Necroptosis-Ferroptosis Effectors in Causal Pathways of Multiple Sclerosis Susceptibility"""		2025			10.1111/nyas.70162/v1/decision1	peer_reviewed_or_indexed	CrossRef	not_confirmed	candidate	requires_full_text_verification	candidate	exclude_title_abstract	disease_scope_not_confirmed	not_assessed			not_assessed		not_assessed	pending	Automated high-recall pre-screen; no evidence tier assigned.
DOI_a87f27ca0406	"Decision letter for ""Identification of Druggable Targets for Alzheimer's Disease by Analyzing Circulating Inflammatory Proteins With Mendelian Randomization"""		2025			10.1002/brb3.70797/v1/decision1	peer_reviewed_or_indexed	CrossRef	AD	not_confirmed	not_confirmed	candidate	manual_review_missing_abstract		not_assessed			not_assessed		not_assessed	pending	Automated high-recall pre-screen; no evidence tier assigned.
DOI_a4d52825f42e	"Decision letter for ""Exploring the Causal Association Between 91 Circulating Inflammatory Proteins and Neurodegenerative Diseases: A Bidirectional Two‐Sample Mendelian Randomization and Bioinformatics Analysis"""		2025			10.1002/brb3.70586/v2/decision1	peer_reviewed_or_indexed	CrossRef	not_confirmed	not_confirmed	not_confirmed	candidate	exclude_title_abstract	disease_scope_not_confirmed;circulating_or_large_scale_protein_scope_not_confirmed	not_assessed			not_assessed		not_assessed	pending	Automated high-recall pre-screen; no evidence tier assigned.
PMID41167884	Deciphering the three-dimensional biomolecular distribution in the Alzheimer's disease brain: A multiomic approach integrating immunohistochemistry with MALDI MS imaging.	Lu KH	2025	Analytica chimica acta	41167884	10.1016/j.aca.2025.344721	peer_reviewed_or_indexed	PubMed	AD	candidate	requires_full_text_verification	not_confirmed	exclude_title_abstract	genetic_causal_method_not_confirmed	not_assessed			not_assessed		not_assessed	pending	Automated high-recall pre-screen; no evidence tier assigned.
DOI_835b5d66b598	Deciphering genetic causality between plasma BDNF and 91 circulating inflammatory proteins through bidirectional mendelian randomization	Sun Yesheng	2025	Scientific Reports		10.1038/s41598-025-95546-1	peer_reviewed_or_indexed	CrossRef	not_confirmed	not_confirmed	not_confirmed	candidate	exclude_title_abstract	disease_scope_not_confirmed;circulating_or_large_scale_protein_scope_not_confirmed	not_assessed			not_assessed		not_assessed	pending	Automated high-recall pre-screen; no evidence tier assigned.
PMID41143248	Deciphering Alzheimer's disease transcriptomics: exploration and validation of core genes in tau and Aβ pathological models toward novel therapeutic targets.	Zhang HE	2025	Frontiers in aging neuroscience	41143248	10.3389/fnagi.2025.1621153	peer_reviewed_or_indexed	PubMed	AD	candidate	requires_full_text_verification	candidate	candidate_full_text		not_assessed			not_assessed		not_assessed	pending	Automated high-recall pre-screen; no evidence tier assigned.
PMID40631452	Comprehensive characterization of the RNA editing landscape in the human aging brains with Alzheimer's disease.	Gupta AK	2025	Alzheimer's & dementia : the journal of the Alzheimer's Association	40631452	10.1002/alz.70452	peer_reviewed_or_indexed	PubMed	AD	candidate	requires_full_text_verification	not_confirmed	exclude_title_abstract	genetic_causal_method_not_confirmed	not_assessed			not_assessed		not_assessed	pending	Automated high-recall pre-screen; no evidence tier assigned.
PMID39269583	Comprehensive analysis of molecular, physiological, and functional biomarkers of aging with neurological diseases using Mendelian randomization.	Imahori Y	2025	GeroScience	39269583	10.1007/s11357-024-01334-6	peer_reviewed_or_indexed	PubMed	AD	candidate	requires_full_text_verification	candidate	candidate_full_text		not_assessed			not_assessed		not_assessed	pending	Automated high-recall pre-screen; no evidence tier assigned.
PMID40266545	Combining GWAS Summary Data and Proteomics Identified Potential Drug Targets in Dementia.	Zhao Y	2025	Molecular neurobiology	40266545	10.1007/s12035-025-04967-6	peer_reviewed_or_indexed	PubMed	AD	candidate	requires_full_text_verification	candidate	candidate_full_text		not_assessed			not_assessed		not_assessed	pending	Automated high-recall pre-screen; no evidence tier assigned.
DOI_17f167bdf39d	Clarifying the Inflammatory Roots of Perianal Abscess: A Commentary on Mendelian Randomization Insights From 91 Circulating Proteins	Canete Jonathan James O.	2025	Health Science Reports		10.1002/hsr2.71193	peer_reviewed_or_indexed	CrossRef	not_confirmed	candidate	requires_full_text_verification	candidate	exclude_title_abstract	disease_scope_not_confirmed;review_protocol_or_commentary	not_assessed			not_assessed		not_assessed	pending	Automated high-recall pre-screen; no evidence tier assigned.
DOI_293ac114d311	"Circulating proteins and bone mineral density: A Proteome-Wide 
Mendelian Randomization Study"	Wang Tianyi	2025	Current Medicinal Chemistry		10.2174/0109298673385463250811030618	peer_reviewed_or_indexed	CrossRef	not_confirmed	candidate	requires_full_text_verification	candidate	exclude_title_abstract	disease_scope_not_confirmed	not_assessed			not_assessed		not_assessed	pending	Automated high-recall pre-screen; no evidence tier assigned.
DOI_89d04771204a	Circulating inflammatory proteins and osteomyelitis: A bidirectional Mendelian randomization and colocalization analysis	Feng Tianxuan	2025	Medicine		10.1097/md.0000000000044916	peer_reviewed_or_indexed	CrossRef	not_confirmed	not_confirmed	not_confirmed	candidate	exclude_title_abstract	disease_scope_not_confirmed;circulating_or_large_scale_protein_scope_not_confirmed	not_assessed			not_assessed		not_assessed	pending	Automated high-recall pre-screen; no evidence tier assigned.
DOI_66fcabfaf41a	Circulating Proteins Link Obesity With Cardiac Remodeling: Insights From Mendelian Randomization	Mao Yukang	2025	Obesity Reviews		10.1111/obr.70059	peer_reviewed_or_indexed	CrossRef	not_confirmed	candidate	requires_full_text_verification	candidate	exclude_title_abstract	disease_scope_not_confirmed	not_assessed			not_assessed		not_assessed	pending	Automated high-recall pre-screen; no evidence tier assigned.
DOI_c7dc0c9caf91	Circulating Plasma Proteins as Biomarkers for Immunotherapy Toxicity: Insights from Proteome-Wide Mendelian Randomization and Bioinformatics Analysis	Tang Liansha	2025	Biomedicines		10.3390/biomedicines13071717	peer_reviewed_or_indexed	CrossRef	not_confirmed	candidate	requires_full_text_verification	candidate	exclude_title_abstract	disease_scope_not_confirmed	not_assessed			not_assessed		not_assessed	pending	Automated high-recall pre-screen; no evidence tier assigned.
DOI_643ffb96543c	Circulating Inflammatory Proteins and Age-related Macular Degeneration: New Insights from Mendelian Randomization	Guo Yujin	2025	Combinatorial Chemistry &amp; High Throughput Screening		10.2174/0113862073373085250418113858	peer_reviewed_or_indexed	CrossRef	AMD	not_confirmed	not_confirmed	candidate	manual_review_missing_abstract		not_assessed	exclude_primary	Targeted inflammatory panel is not proteome-wide or large-scale; PubMed PMID 40326035 was externally verified, while the canonical local record remains DOI-based.	not_assessed	AMD_91_inflammatory_2025	not_independent_replication	abstract_verified_full_text_unavailable	background_only; not_applicable; Targeted inflammatory panel is not proteome-wide or large-scale; PubMed PMID 40326035 was externally verified, while the canonical local record remains DOI-based.
PMID40570232	Childhood obesity directly increases age-related macular degeneration risk: the role of physiobiological and immune-metabolic function.	Zhang X	2025	Journal of global health	40570232	10.7189/jogh.15.04164	peer_reviewed_or_indexed	PubMed	AMD	candidate	requires_full_text_verification	candidate	candidate_full_text		not_assessed			not_assessed		not_assessed	pending	Automated high-recall pre-screen; no evidence tier assigned.
PMID40397384	Causal relationships between plasma proteins and Alzheimer's disease using bidirectional Mendelian randomization.	Li Y	2025	Journal of Alzheimer's disease : JAD	40397384	10.1177/13872877251345151	peer_reviewed_or_indexed	PubMed	AD	candidate	proteome_wide_or_large_scale_verified	verified_genetically_predicted_protein_analysis	candidate_full_text		publisher_full_text_and_supplement_verified	include_layer1_tier2		publisher_supplement_downloaded	AD_plasma_bidirectional_2025	replication_unclear	full_text_and_source_tables_verified	Bidirectional UKB/deCODE results extracted; no same-assay APOE-variant alpha supplied.
PMID40758327	Causal relationships between gut microbiome and hundreds of age-related traits: evidence of a replicable effect on ApoM protein levels.	Grosso F	2025	Aging	40758327	10.18632/aging.206293	peer_reviewed_or_indexed	PubMed	AMD	candidate	requires_full_text_verification	candidate	candidate_full_text		not_assessed			not_assessed		not_assessed	pending	Automated high-recall pre-screen; no evidence tier assigned.
PMID39970929	Causal relationship between Faecalibacterium abundance and risk of Faecalibacterium-related diseases: a two-sample bi-directional Mendelian randomisation study.	Zhao S	2025	Beneficial microbes	39970929	10.1163/18762891-bja00058	peer_reviewed_or_indexed	PubMed	AD	candidate	requires_full_text_verification	candidate	candidate_full_text		not_assessed			not_assessed		not_assessed	pending	Automated high-recall pre-screen; no evidence tier assigned.
PMID40858531	Causal relationship between Alzheimer's disease and cerebral small vessel disease: a Mendelian randomization study.	Liu R	2025	Translational psychiatry	40858531	10.1038/s41398-025-03560-8	peer_reviewed_or_indexed	PubMed	AD	candidate	requires_full_text_verification	candidate	candidate_full_text		not_assessed			not_assessed		not_assessed	pending	Automated high-recall pre-screen; no evidence tier assigned.
DOI_be50c942925a	Causal relationship between 91 circulating inflammatory proteins and osteomyelitis risk: evidence from a Mendelian randomization study	Ren Fen	2025	Archives of Medical Science		10.5114/aoms/204184	peer_reviewed_or_indexed	CrossRef	not_confirmed	not_confirmed	not_confirmed	candidate	exclude_title_abstract	disease_scope_not_confirmed;circulating_or_large_scale_protein_scope_not_confirmed	not_assessed			not_assessed		not_assessed	pending	Automated high-recall pre-screen; no evidence tier assigned.
DOI_8cfffa0ee2fe	Causal effects of plasma proteins on osteoarthritis-related traits and chronic diseases: Proteome-wide Mendelian randomization and colocalization analyses	Lin Zhaofeng	2025	Osteoarthritis and Cartilage		10.1016/j.joca.2025.02.581	peer_reviewed_or_indexed	CrossRef	not_confirmed	candidate	requires_full_text_verification	candidate	exclude_title_abstract	disease_scope_not_confirmed	not_assessed			not_assessed		not_assessed	pending	Automated high-recall pre-screen; no evidence tier assigned.
DOI_37fc74538c87	Causal effects of circulating inflammatory proteins on colorectal cancer: a Mendelian randomization and Spatial transcriptomic study	Bai Mei	2025	Discover Oncology		10.1007/s12672-025-03656-z	peer_reviewed_or_indexed	CrossRef	not_confirmed	not_confirmed	not_confirmed	candidate	exclude_title_abstract	disease_scope_not_confirmed;circulating_or_large_scale_protein_scope_not_confirmed	not_assessed			not_assessed		not_assessed	pending	Automated high-recall pre-screen; no evidence tier assigned.
PMID40025740	Causal effect analysis of the relationship between Alzheimer's diseas (AD) and wet age-related macular degeneration (wAMD).	Zhang W	2025	European journal of ophthalmology	40025740	10.1177/11206721251322219	peer_reviewed_or_indexed	PubMed	AD;AMD	candidate	requires_full_text_verification	candidate	candidate_full_text		not_assessed			not_assessed		not_assessed	pending	Automated high-recall pre-screen; no evidence tier assigned.
PMID40746870	Causal associations between smoking and ocular diseases: a Mendelian randomization study.	Huang Z	2025	Advances in ophthalmology practice and research	40746870	10.1016/j.aopr.2025.06.002	peer_reviewed_or_indexed	PubMed	not_confirmed	candidate	requires_full_text_verification	candidate	exclude_title_abstract	disease_scope_not_confirmed	not_assessed			not_assessed		not_assessed	pending	Automated high-recall pre-screen; no evidence tier assigned.
DOI_651ae0eaadc8	Causal associations between plasma proteins and prostate cancer: a Proteome-Wide Mendelian Randomization	Lin Chen	2025			10.7554/elife.101584.1	peer_reviewed_or_indexed	CrossRef	not_confirmed	candidate	requires_full_text_verification	candidate	exclude_title_abstract	disease_scope_not_confirmed	not_assessed			not_assessed		not_assessed	pending	Automated high-recall pre-screen; no evidence tier assigned.
DOI_e3ef9af56b90	Causal associations between human plasma proteins and prostate cancer identified by proteome-wide Mendelian randomization	Chen Lin	2025	eLife		10.7554/elife.101584.3	peer_reviewed_or_indexed	CrossRef	not_confirmed	candidate	requires_full_text_verification	candidate	exclude_title_abstract	disease_scope_not_confirmed	not_assessed			not_assessed		not_assessed	pending	Automated high-recall pre-screen; no evidence tier assigned.
PMID41381091	Causal associations between cognitive impairments and retinal diseases: A two-sample Mendelian randomization study.	Shi Q	2025	The Journal of international medical research	41381091	10.1177/03000605251404265	peer_reviewed_or_indexed	PubMed	AD;AMD	candidate	requires_full_text_verification	candidate	candidate_full_text		not_assessed			not_assessed		not_assessed	pending	Automated high-recall pre-screen; no evidence tier assigned.
PMID41078896	Causal association of plasminogen activators and their inhibitors with Alzheimer's disease: a Mendelian randomization study.	Guo X	2025	Archives of medical science : AMS	41078896	10.5114/aoms/192049	peer_reviewed_or_indexed	PubMed	AD	candidate	requires_full_text_verification	candidate	candidate_full_text		not_assessed			not_assessed		not_assessed	pending	Automated high-recall pre-screen; no evidence tier assigned.
DOI_eee55f1464a8	Causal association between 91 circulating inflammatory proteins and primary open-angle glaucoma: a bidirectional Mendelian randomization study	Liu Changyang	2025	Cytokine		10.1016/j.cyto.2025.157007	peer_reviewed_or_indexed	CrossRef	not_confirmed	not_confirmed	not_confirmed	candidate	exclude_title_abstract	disease_scope_not_confirmed;circulating_or_large_scale_protein_scope_not_confirmed	not_assessed			not_assessed		not_assessed	pending	Automated high-recall pre-screen; no evidence tier assigned.
DOI_cb49514dd64b	Causal Effects of Plasma Proteins in Polycystic Ovary Syndrome: A Proteome‐Wide Mendelian Randomization Study	Yu Tong	2025	Health Science Reports		10.1002/hsr2.71285	peer_reviewed_or_indexed	CrossRef	not_confirmed	candidate	requires_full_text_verification	candidate	exclude_title_abstract	disease_scope_not_confirmed	not_assessed			not_assessed		not_assessed	pending	Automated high-recall pre-screen; no evidence tier assigned.
DOI_bc699c9a8418	Causal Associations Between 4907 Circulating Proteins and Hyperlipidemia: A Two‐Sample Mendelian Randomization Study Based on European Ancestry	Cheng Hui	2025	Health Science Reports		10.1002/hsr2.71426	peer_reviewed_or_indexed	CrossRef	not_confirmed	candidate	requires_full_text_verification	candidate	exclude_title_abstract	disease_scope_not_confirmed	not_assessed			not_assessed		not_assessed	pending	Automated high-recall pre-screen; no evidence tier assigned.
PMID41209748	Causal Association of Alzheimer's Disease with Low Back Pain: A Mendelian Randomization Study.	Li Y	2025	Journal of pain research	41209748	10.2147/jpr.s535802	peer_reviewed_or_indexed	PubMed	AD	candidate	requires_full_text_verification	candidate	candidate_full_text		not_assessed			not_assessed		not_assessed	pending	Automated high-recall pre-screen; no evidence tier assigned.
DOI_bf5f2a14616e	Causal Association Between Psoriasis and Age-Related Macular Degeneration: A Two-Sample Mendelian Randomization Study	Lee Young	2025	Genes		10.3390/genes16121489	peer_reviewed_or_indexed	CrossRef	AMD	not_confirmed	not_confirmed	candidate	manual_review_missing_abstract		not_assessed			not_assessed		not_assessed	pending	Automated high-recall pre-screen; no evidence tier assigned.
DOI_cd8d9a00b582	Cathepsins and age-related macular degeneration: A Mendelian randomization study unveiling causal relationships	Han Xiaoyan	2025	Medicine		10.1097/md.0000000000042357	peer_reviewed_or_indexed	CrossRef	AMD	not_confirmed	not_confirmed	candidate	manual_review_missing_abstract		not_assessed			not_assessed		not_assessed	pending	Automated high-recall pre-screen; no evidence tier assigned.
PMID40045558	Cardiovascular diseases and risk of dementia in the general population.	Luo J	2025	European journal of preventive cardiology	40045558	10.1093/eurjpc/zwaf129	peer_reviewed_or_indexed	PubMed	AD	candidate	requires_full_text_verification	not_confirmed	exclude_title_abstract	genetic_causal_method_not_confirmed	not_assessed			not_assessed		not_assessed	pending	Automated high-recall pre-screen; no evidence tier assigned.
PMID40030130	Can changes on OCTA predict exudative activity on OCT in eyes with neovascular age related macular degeneration? The ACTOR Study.	Souied EH	2025	Retina (Philadelphia, Pa.)	40030130	10.1097/iae.0000000000004444	peer_reviewed_or_indexed	PubMed	AMD	candidate	requires_full_text_verification	not_confirmed	exclude_title_abstract	genetic_causal_method_not_confirmed	not_assessed			not_assessed		not_assessed	pending	Automated high-recall pre-screen; no evidence tier assigned.
PMID41297292	Brain network connectivity and dementia risk: a bidirectional Mendelian randomisation perspective.	Zhu S	2025	NeuroImage. Clinical	41297292	10.1016/j.nicl.2025.103913	peer_reviewed_or_indexed	PubMed	AD	candidate	requires_full_text_verification	candidate	candidate_full_text		not_assessed			not_assessed		not_assessed	pending	Automated high-recall pre-screen; no evidence tier assigned.
PMID40050982	Biomarker identification for Alzheimer's disease through integration of comprehensive Mendelian randomization and proteomics data.	Zhan H	2025	Journal of translational medicine	40050982	10.1186/s12967-025-06317-5	peer_reviewed_or_indexed	PubMed	AD	candidate	requires_full_text_verification	candidate	candidate_full_text		PMC_full_text_cached	include		cached_OA_package	AD_cis_discovery_replication_2025	partially_overlapping	full_text_and_supplement_verified	primary_panel_candidate; machine_extractable; Discovery, replication and colocalization tables are available; our tiering is based on row-level thresholds rather than the table title.
PMID40502751	Biological aging acceleration in major depressive disorder: a multi-omics, multi-modal analyses.	Diniz B	2025	Research square	40502751	10.21203/rs.3.rs-6716774/v1	preprint	PubMed	AD	candidate	requires_full_text_verification	candidate	candidate_full_text		not_assessed			not_assessed		not_assessed	pending	Automated high-recall pre-screen; no evidence tier assigned.
PMID41584742	Beyond the amyloid hypothesis: leveraging human-centered complex in vitro models to decode Alzheimer's disease etiology.	Price M	2025	Frontiers in toxicology	41584742	10.3389/ftox.2025.1753572	peer_reviewed_or_indexed	PubMed	AD	candidate	requires_full_text_verification	not_confirmed	exclude_title_abstract	genetic_causal_method_not_confirmed	not_assessed			not_assessed		not_assessed	pending	Automated high-recall pre-screen; no evidence tier assigned.
DOI_6ca4c8e6fd81	Author response: Causal associations between plasma proteins and prostate cancer: a Proteome-Wide Mendelian Randomization	Lin Chen	2025			10.7554/elife.101584.2.sa0	peer_reviewed_or_indexed	CrossRef	not_confirmed	candidate	requires_full_text_verification	candidate	exclude_title_abstract	disease_scope_not_confirmed	not_assessed			not_assessed		not_assessed	pending	Automated high-recall pre-screen; no evidence tier assigned.
DOI_72e9dc1ed8cf	Author response: Causal associations between human plasma proteins and prostate cancer identified by proteome-wide Mendelian randomization	Chen Lin	2025			10.7554/elife.101584.3.sa4	peer_reviewed_or_indexed	CrossRef	not_confirmed	candidate	requires_full_text_verification	candidate	exclude_title_abstract	disease_scope_not_confirmed	not_assessed			not_assessed		not_assessed	pending	Automated high-recall pre-screen; no evidence tier assigned.
DOI_2273bbd02ddb	"Author response for ""The Causal Relationship Between Circulating Inflammatory Proteins and Tinnitus: A Mendelian Randomization Study Mediated by Blood Metabolites"""	Keyu Chen	2025			10.1002/brb3.70699/v2/response1	peer_reviewed_or_indexed	CrossRef	not_confirmed	not_confirmed	not_confirmed	candidate	exclude_title_abstract	disease_scope_not_confirmed;circulating_or_large_scale_protein_scope_not_confirmed	not_assessed			not_assessed		not_assessed	pending	Automated high-recall pre-screen; no evidence tier assigned.
DOI_ab3593360adb	"Author response for ""Identification of Druggable Targets for Alzheimer's Disease by Analyzing Circulating Inflammatory Proteins With Mendelian Randomization"""	An, Hongliang	2025			10.1002/brb3.70797/v2/response1	peer_reviewed_or_indexed	CrossRef	AD	not_confirmed	not_confirmed	candidate	manual_review_missing_abstract		not_assessed			not_assessed		not_assessed	pending	Automated high-recall pre-screen; no evidence tier assigned.
DOI_928e78585deb	"Author response for ""Exploring the Causal Association Between 91 Circulating Inflammatory Proteins and Neurodegenerative Diseases: A Bidirectional Two‐Sample Mendelian Randomization and Bioinformatics Analysis"""	Ziwei Gong	2025			10.1002/brb3.70586/v2/response1	peer_reviewed_or_indexed	CrossRef	not_confirmed	not_confirmed	not_confirmed	candidate	exclude_title_abstract	disease_scope_not_confirmed;circulating_or_large_scale_protein_scope_not_confirmed	not_assessed			not_assessed		not_assessed	pending	Automated high-recall pre-screen; no evidence tier assigned.
PMID39935382	Astrocytic Hevin/SPARCL-1 Regulates Cognitive Decline in Pathological and Normal Brain Aging.	Cabral-Miranda F	2025	Aging cell	39935382	10.1111/acel.14493	peer_reviewed_or_indexed	PubMed	AD	candidate	requires_full_text_verification	candidate	candidate_full_text		not_assessed			not_assessed		not_assessed	pending	Automated high-recall pre-screen; no evidence tier assigned.
DOI_272906a8c400	Associations of plasma protein levels with risk of colorectal cancer: a proteome-wide Mendelian randomization study	Pan Zhen-Kun	2025			10.21203/rs.3.rs-6304313/v1	peer_reviewed_or_indexed	CrossRef	not_confirmed	candidate	requires_full_text_verification	candidate	exclude_title_abstract	disease_scope_not_confirmed	not_assessed			not_assessed		not_assessed	pending	Automated high-recall pre-screen; no evidence tier assigned.
PMID41366417	Associations of Alzheimer's disease with inpatient hospital costs and with quality-adjusted life years: evidence from conventional and Mendelian randomization analyses in the UK Biobank.	Dixon P	2025	Cost effectiveness and resource allocation : C/E	41366417	10.1186/s12962-025-00684-y	peer_reviewed_or_indexed	PubMed	AD	candidate	requires_full_text_verification	candidate	candidate_full_text		not_assessed			not_assessed		not_assessed	pending	Automated high-recall pre-screen; no evidence tier assigned.
PMID39794838	Association of antihypertensive drug target genes with alzheimer's disease: a mendelian randomization study.	Zheng H	2025	Alzheimer's research & therapy	39794838	10.1186/s13195-025-01671-4	peer_reviewed_or_indexed	PubMed	AD	candidate	requires_full_text_verification	candidate	candidate_full_text		not_assessed			not_assessed		not_assessed	pending	Automated high-recall pre-screen; no evidence tier assigned.
PMID40625502	Association of Apolipoprotein E (APOE) Gene Polymorphism With Age-Related Macular Degeneration (AMD) in Indian Patients.	Gupta D	2025	Cureus	40625502	10.7759/cureus.85441	peer_reviewed_or_indexed	PubMed	AMD	candidate	requires_full_text_verification	not_confirmed	exclude_title_abstract	genetic_causal_method_not_confirmed	not_assessed			not_assessed		not_assessed	pending	Automated high-recall pre-screen; no evidence tier assigned.
PMID39839677	Association between osteoarthritis and cognitive function: results from the NHANES 2011-2014 and Mendelian randomization study.	Zhao K	2025	Therapeutic advances in musculoskeletal disease	39839677	10.1177/1759720x241304189	peer_reviewed_or_indexed	PubMed	AD	candidate	requires_full_text_verification	candidate	candidate_full_text		not_assessed			not_assessed		not_assessed	pending	Automated high-recall pre-screen; no evidence tier assigned.
DOI_f7f5b0945398	Association between circulating inflammatory proteins and gout: A Mendelian randomization study	Xie Xiaochao	2025	Medicine		10.1097/md.0000000000042379	peer_reviewed_or_indexed	CrossRef	not_confirmed	not_confirmed	not_confirmed	candidate	exclude_title_abstract	disease_scope_not_confirmed;circulating_or_large_scale_protein_scope_not_confirmed	not_assessed			not_assessed		not_assessed	pending	Automated high-recall pre-screen; no evidence tier assigned.
PMID39601610	Assessment of the link between life purpose and health.	Sias R	2025	Journal of public health (Oxford, England)	39601610	10.1093/pubmed/fdae301	peer_reviewed_or_indexed	PubMed	AD	candidate	requires_full_text_verification	not_confirmed	exclude_title_abstract	genetic_causal_method_not_confirmed	not_assessed			not_assessed		not_assessed	pending	Automated high-recall pre-screen; no evidence tier assigned.
PMID40308813	Assessment of causality between computer game playing and neuropsychiatric disorders: A bidirectional Mendelian randomization study.	Huo K	2025	Digital health	40308813	10.1177/20552076251339263	peer_reviewed_or_indexed	PubMed	AD	candidate	requires_full_text_verification	candidate	candidate_full_text		not_assessed			not_assessed		not_assessed	pending	Automated high-recall pre-screen; no evidence tier assigned.
PMID40371086	Assessment of causality association between serum adiponectin levels and the risk of Alzheimer's disease and Parkinson's disease: a Mendelian randomization study.	Lin J	2025	Frontiers in neurology	40371086	10.3389/fneur.2025.1395798	peer_reviewed_or_indexed	PubMed	AD	candidate	requires_full_text_verification	candidate	candidate_full_text		not_assessed			not_assessed		not_assessed	pending	Automated high-recall pre-screen; no evidence tier assigned.
PMID41261682	Assessing the potential causal influence of myasthenia gravis on neurodegenerative diseases via multivariable Mendelian randomization.	Huang X	2025	Medicine	41261682	10.1097/md.0000000000045340	peer_reviewed_or_indexed	PubMed	AD	candidate	requires_full_text_verification	candidate	candidate_full_text		not_assessed			not_assessed		not_assessed	pending	Automated high-recall pre-screen; no evidence tier assigned.
DOI_22ebd879e276	Applying Mendelian randomization to study the relationship between circulating proteins and myocardial infarction	Titova Olga E	2025	European Heart Journal		10.1093/eurheartj/ehaf187	peer_reviewed_or_indexed	CrossRef	not_confirmed	candidate	requires_full_text_verification	candidate	exclude_title_abstract	disease_scope_not_confirmed	not_assessed			not_assessed		not_assessed	pending	Automated high-recall pre-screen; no evidence tier assigned.
PMID40550045	Amyotrophic lateral sclerosis and neurodegenerative diseases: A Mendelian randomization study.	Lei C	2025	Medicine	40550045	10.1097/md.0000000000042847	peer_reviewed_or_indexed	PubMed	AD	candidate	requires_full_text_verification	candidate	candidate_full_text		not_assessed			not_assessed		not_assessed	pending	Automated high-recall pre-screen; no evidence tier assigned.
PMID41341187	Amyloid marker levels and the risk of developing cerebral small vessel disease: A Mendelian randomization study.	Wang Z	2025	Journal of Alzheimer's disease reports	41341187	10.1177/25424823251403565	peer_reviewed_or_indexed	PubMed	not_confirmed	candidate	requires_full_text_verification	candidate	exclude_title_abstract	disease_scope_not_confirmed	not_assessed			not_assessed		not_assessed	pending	Automated high-recall pre-screen; no evidence tier assigned.
PMID41268768	Alzheimer's disease multi-ancestry genome-wide interaction and stratified study with smoking.	Dacey R	2025	Alzheimer's & dementia : the journal of the Alzheimer's Association	41268768	10.1002/alz.70922	peer_reviewed_or_indexed	PubMed	AD	candidate	requires_full_text_verification	candidate	candidate_full_text		not_assessed			not_assessed		not_assessed	pending	Automated high-recall pre-screen; no evidence tier assigned.
PMID40465699	A lifespan perspective on cognitive reserve and risk for dementia.	Kremen WS	2025	Alzheimer's & dementia : the journal of the Alzheimer's Association	40465699	10.1002/alz.70176	peer_reviewed_or_indexed	PubMed	not_confirmed	candidate	requires_full_text_verification	not_confirmed	exclude_title_abstract	disease_scope_not_confirmed;genetic_causal_method_not_confirmed	not_assessed			not_assessed		not_assessed	pending	Automated high-recall pre-screen; no evidence tier assigned.
PMID41220200	A Causal Association Between Drug Use and Cognitive Impairment: A Two-Sample Mendelian Randomization Study.	Yan B	2025	Brain and behavior	41220200	10.1002/brb3.71057	peer_reviewed_or_indexed	PubMed	AD	candidate	requires_full_text_verification	candidate	candidate_full_text		not_assessed			not_assessed		not_assessed	pending	Automated high-recall pre-screen; no evidence tier assigned.
PMID39444820	Vitamin D levels and risk of ocular disorders: insights from bidirectional and multivariable Mendelian randomization analysis.	Fan S	2024	Frontiers in medicine	39444820	10.3389/fmed.2024.1431170	peer_reviewed_or_indexed	PubMed	AMD	candidate	requires_full_text_verification	candidate	candidate_full_text		not_assessed			not_assessed		not_assessed	pending	Automated high-recall pre-screen; no evidence tier assigned.
DOI_0ea516880c76	Unraveling Novel Therapeutic Targets for Coronary Artery Disease Via Gene Signatures of Plasma Proteome: a Mendelian Randomization Study		2024	Cardiology Research and Cardiovascular Medicine		10.29011/2575-7083.100248	peer_reviewed_or_indexed	CrossRef	not_confirmed	candidate	requires_full_text_verification	candidate	exclude_title_abstract	disease_scope_not_confirmed	not_assessed			not_assessed		not_assessed	pending	Automated high-recall pre-screen; no evidence tier assigned.
PMID38995791	Undetected Association Between Fatty Acids and Dementia with Lewy Bodies: A Bidirectional Two-Sample Mendelian Randomization Study.	Zhai W	2024	Journal of Alzheimer's disease : JAD	38995791	10.3233/jad-240267	peer_reviewed_or_indexed	PubMed	AD	candidate	requires_full_text_verification	candidate	candidate_full_text		not_assessed			not_assessed		not_assessed	pending	Automated high-recall pre-screen; no evidence tier assigned.
PMID39314329	Uncovering Plaque-Glia Niches in Human Alzheimer's Disease Brains Using Spatial Transcriptomics.	Avey DR	2024	bioRxiv : the preprint server for biology	39314329	10.1101/2024.09.05.611566	preprint	PubMed	AD	candidate	requires_full_text_verification	not_confirmed	exclude_title_abstract	genetic_causal_method_not_confirmed	not_assessed			not_assessed		not_assessed	pending	Automated high-recall pre-screen; no evidence tier assigned.
PMID38664405	Ultrastructural localization of Porphyromonas gingivalis gingipains in the substantia nigra of Parkinson's disease brains.	Ermini F	2024	NPJ Parkinson's disease	38664405	10.1038/s41531-024-00705-2	peer_reviewed_or_indexed	PubMed	AD	candidate	requires_full_text_verification	candidate	candidate_full_text		not_assessed			not_assessed		not_assessed	pending	Automated high-recall pre-screen; no evidence tier assigned.
PMID38323671	Tooth loss mediates the association between smoking and an increased risk of dementia among older adults: The JAGES prospective cohort study.	Kusama T	2024	Journal of clinical periodontology	38323671	10.1111/jcpe.13959	peer_reviewed_or_indexed	PubMed	not_confirmed	candidate	requires_full_text_verification	not_confirmed	exclude_title_abstract	disease_scope_not_confirmed;genetic_causal_method_not_confirmed	not_assessed			not_assessed		not_assessed	pending	Automated high-recall pre-screen; no evidence tier assigned.
PMID39283829	Thyroid Function, Diabetes, and Common Age-Related Eye Diseases: A Mendelian Randomization Study.	Ellervik C	2024	Thyroid : official journal of the American Thyroid Association	39283829	10.1089/thy.2024.0257	peer_reviewed_or_indexed	PubMed	AMD	candidate	requires_full_text_verification	candidate	candidate_full_text		not_assessed			not_assessed		not_assessed	pending	Automated high-recall pre-screen; no evidence tier assigned.
DOI_e6e41b39e7c3	Therapeutic targets for diabetic kidney disease: proteome-wide Mendelian randomization and colocalization analyses	Zhang Wei	2024	Diabetes		10.2337/figshare.24964149	peer_reviewed_or_indexed	CrossRef	not_confirmed	candidate	requires_full_text_verification	candidate	exclude_title_abstract	disease_scope_not_confirmed	not_assessed			not_assessed		not_assessed	pending	Automated high-recall pre-screen; no evidence tier assigned.
PMID38903171	Therapeutic targets for age-related macular degeneration: proteome-wide Mendelian randomization and colocalization analyses.	Pu KL	2024	Frontiers in neurology	38903171	10.3389/fneur.2024.1400557	peer_reviewed_or_indexed	CrossRef;PubMed	AMD	candidate	requires_full_text_verification	candidate	candidate_full_text		PMC_full_text_cached	include		cached_OA_package	AMD_FinnGen_R10_UKB_deCODE	partially_overlapping	full_text_and_supplement_verified	primary_panel_candidate; machine_extractable; Proteome-wide cis-SMR with subtype-specific estimates, HEIDI and colocalization; FinnGen outcome reuse is flagged.
PMID38548196	The relationship between major depressive disorder and dementia: A bidirectional two-sample Mendelian randomization study.	Hu Y	2024	Journal of affective disorders	38548196	10.1016/j.jad.2024.03.149	peer_reviewed_or_indexed	PubMed	AD	candidate	requires_full_text_verification	candidate	candidate_full_text		not_assessed			not_assessed		not_assessed	pending	Automated high-recall pre-screen; no evidence tier assigned.
PMID38682722	The protective role of water intake in age-related eye diseases: insights from a Mendelian randomization study.	Mi Y	2024	Food & function	38682722	10.1039/d4fo01559b	peer_reviewed_or_indexed	PubMed	AMD	candidate	requires_full_text_verification	candidate	candidate_full_text		not_assessed			not_assessed		not_assessed	pending	Automated high-recall pre-screen; no evidence tier assigned.
PMID38903900	The potential protective role of peripheral immunophenotypes in Alzheimer's disease: a Mendelian randomization study.	Zuo CY	2024	Frontiers in aging neuroscience	38903900	10.3389/fnagi.2024.1403077	peer_reviewed_or_indexed	PubMed	AD	candidate	requires_full_text_verification	candidate	candidate_full_text		not_assessed			not_assessed		not_assessed	pending	Automated high-recall pre-screen; no evidence tier assigned.
PMID38964658	The impact of 25-hydroxyvitamin D and calcium on risk of age-related macular degeneration: a Mendelian randomization study.	Dong XX	2024	The American journal of clinical nutrition	38964658	10.1016/j.ajcnut.2024.06.018	peer_reviewed_or_indexed	PubMed	AMD	candidate	requires_full_text_verification	candidate	candidate_full_text		not_assessed			not_assessed		not_assessed	pending	Automated high-recall pre-screen; no evidence tier assigned.
PMID38903751	The causal effect of Alzheimer's disease and family history of Alzheimer's disease on non-ischemic cardiomyopathy and left ventricular structure and function: a Mendelian randomization study.	Li Z	2024	Frontiers in genetics	38903751	10.3389/fgene.2024.1379865	peer_reviewed_or_indexed	PubMed	AD	candidate	requires_full_text_verification	candidate	candidate_full_text		not_assessed			not_assessed		not_assessed	pending	Automated high-recall pre-screen; no evidence tier assigned.
PMID39497312	The association of the triglyceride-glucose index with Alzheimer's disease and its potential mechanisms.	Zhang Z	2024	Journal of Alzheimer's disease : JAD	39497312	10.1177/13872877241284216	peer_reviewed_or_indexed	PubMed	AD	candidate	requires_full_text_verification	not_confirmed	exclude_title_abstract	genetic_causal_method_not_confirmed	not_assessed			not_assessed		not_assessed	pending	Automated high-recall pre-screen; no evidence tier assigned.
PMID39531811	The aged female rhesus macaque as a translational model for human menopause and hormone therapy.	Kohama SG	2024	Hormones and behavior	39531811	10.1016/j.yhbeh.2024.105658	peer_reviewed_or_indexed	PubMed	AD	candidate	requires_full_text_verification	not_confirmed	exclude_title_abstract	genetic_causal_method_not_confirmed	not_assessed			not_assessed		not_assessed	pending	Automated high-recall pre-screen; no evidence tier assigned.
PMID38712163	The Role of X Chromosome in Alzheimer's Disease Genetics.	Belloy ME	2024	medRxiv : the preprint server for health sciences	38712163	10.1101/2024.04.22.24306094	preprint	PubMed	AD	candidate	requires_full_text_verification	candidate	candidate_full_text		not_assessed			not_assessed		not_assessed	pending	Automated high-recall pre-screen; no evidence tier assigned.
PMID39767734	The Potential Causal Association of Apolipoprotein A and B and Age-Related Macular Degeneration: A Mendelian Randomisation Study.	Lee Y	2024	Biomedicines	39767734	10.3390/biomedicines12122828	peer_reviewed_or_indexed	PubMed	AMD	candidate	requires_full_text_verification	candidate	candidate_full_text		not_assessed			not_assessed		not_assessed	pending	Automated high-recall pre-screen; no evidence tier assigned.
DOI_cee9defe8c4a	The Impact of Blood and Urine Biomarkers on Age-Related Macular Degeneration: Insights from Mendelian Randomization and Cross-sectional Study from NHANES	Jingzhi Wang	2024	Biological Procedures Online		10.1186/s12575-024-00248-z	peer_reviewed_or_indexed	CrossRef	AMD	not_confirmed	not_confirmed	candidate	manual_review_missing_abstract		not_assessed			not_assessed		not_assessed	pending	Automated high-recall pre-screen; no evidence tier assigned.
DOI_515f8b6192be	The Effect of Circulating Inflammatory Proteins on Endometriosis: A Mendelian Randomization Study	Wei Yunfang	2024	ImmunoTargets and Therapy		10.2147/itt.s486139	peer_reviewed_or_indexed	CrossRef	not_confirmed	not_confirmed	not_confirmed	candidate	exclude_title_abstract	disease_scope_not_confirmed;circulating_or_large_scale_protein_scope_not_confirmed	not_assessed			not_assessed		not_assessed	pending	Automated high-recall pre-screen; no evidence tier assigned.
DOI_a0659ab188c4	The Causal Impact of Circulating Inflammatory Proteins on Frailty: A Mendelian Randomization Study	Wang Shu-ze	2024			10.2139/ssrn.4997924	peer_reviewed_or_indexed	CrossRef	not_confirmed	not_confirmed	not_confirmed	candidate	exclude_title_abstract	disease_scope_not_confirmed;circulating_or_large_scale_protein_scope_not_confirmed	not_assessed			not_assessed		not_assessed	pending	Automated high-recall pre-screen; no evidence tier assigned.
PMID39420926	Systolic blood pressure variability in late-life predicts cognitive trajectory and risk of Alzheimer's disease.	Li XL	2024	Frontiers in aging neuroscience	39420926	10.3389/fnagi.2024.1448034	peer_reviewed_or_indexed	PubMed	AD	candidate	requires_full_text_verification	not_confirmed	exclude_title_abstract	genetic_causal_method_not_confirmed	not_assessed			not_assessed		not_assessed	pending	Automated high-recall pre-screen; no evidence tier assigned.
PMID39734575	Systemic inflammatory regulators and age-related macular degeneration: a bidirectional Mendelian randomization study.	Liu X	2024	Frontiers in genetics	39734575	10.3389/fgene.2024.1391999	peer_reviewed_or_indexed	PubMed	AMD	candidate	requires_full_text_verification	candidate	candidate_full_text		not_assessed			not_assessed		not_assessed	pending	Automated high-recall pre-screen; no evidence tier assigned.
DOI_fbb8abfc5c0a	Systematic proteome-wide Mendelian randomization using the human plasma proteome to identify therapeutic targets for lung adenocarcinoma	Zhang Long	2024	Journal of Translational Medicine		10.1186/s12967-024-04919-z	peer_reviewed_or_indexed	CrossRef	not_confirmed	candidate	requires_full_text_verification	candidate	exclude_title_abstract	disease_scope_not_confirmed	not_assessed			not_assessed		not_assessed	pending	Automated high-recall pre-screen; no evidence tier assigned.
DOI_79508a6fd77d	Systematic proteome-wide Mendelian randomization to prioritize causal plasma proteins for skin cancers	Yoshikawa Masahiro	2024	Communications Biology		10.1038/s42003-024-07403-y	peer_reviewed_or_indexed	CrossRef	not_confirmed	candidate	requires_full_text_verification	candidate	exclude_title_abstract	disease_scope_not_confirmed	not_assessed			not_assessed		not_assessed	pending	Automated high-recall pre-screen; no evidence tier assigned.
PMID38652661	Systematic characterization of multi-omics landscape between gut microbial metabolites and GPCRome in Alzheimer's disease.	Qiu Y	2024	Cell reports	38652661	10.1016/j.celrep.2024.114128	peer_reviewed_or_indexed	PubMed	AD	candidate	requires_full_text_verification	candidate	candidate_full_text		not_assessed			not_assessed		not_assessed	pending	Automated high-recall pre-screen; no evidence tier assigned.
PMID38730474	Serum urate levels and neurodegenerative outcomes: a prospective cohort study and mendelian randomization analysis of the UK Biobank.	Zhang T	2024	Alzheimer's research & therapy	38730474	10.1186/s13195-024-01476-x	peer_reviewed_or_indexed	PubMed	AD	candidate	requires_full_text_verification	candidate	candidate_full_text		not_assessed			not_assessed		not_assessed	pending	Automated high-recall pre-screen; no evidence tier assigned.
PMID38260284	Serum proteomics reveals APOE dependent and independent protein signatures in Alzheimer's disease.	Gudmundsdottir V	2024	Research square	38260284	10.21203/rs.3.rs-3706206/v1	preprint	PubMed	AD	candidate	requires_full_text_verification	candidate	candidate_full_text		not_assessed			not_assessed		not_assessed	pending	Automated high-recall pre-screen; no evidence tier assigned.
DOI_48efdb2d0d6d	SGLT2 inhibition, plasma proteins, and heart failure: a proteome-wide Mendelian Randomization and colocalization study	Luo Jinlan	2024	Frontiers in Cardiovascular Medicine		10.3389/fcvm.2024.1371513	peer_reviewed_or_indexed	CrossRef	not_confirmed	candidate	requires_full_text_verification	candidate	exclude_title_abstract	disease_scope_not_confirmed	not_assessed			not_assessed		not_assessed	pending	Automated high-recall pre-screen; no evidence tier assigned.
DOI_5eb8c2850fc2	SGLT2 inhibition, circulating proteins, and insomnia: A mendelian randomization study	Luo Jinlan	2024	Sleep Medicine		10.1016/j.sleep.2024.05.036	peer_reviewed_or_indexed	CrossRef	not_confirmed	candidate	requires_full_text_verification	candidate	exclude_title_abstract	disease_scope_not_confirmed	not_assessed			not_assessed		not_assessed	pending	Automated high-recall pre-screen; no evidence tier assigned.
PMID39250132	Role of the X Chromosome in Alzheimer Disease Genetics.	Belloy ME	2024	JAMA neurology	39250132	10.1001/jamaneurol.2024.2843	peer_reviewed_or_indexed	PubMed	AD	candidate	requires_full_text_verification	candidate	candidate_full_text		not_assessed			not_assessed		not_assessed	pending	Automated high-recall pre-screen; no evidence tier assigned.
DOI_2dc2c0c52979	Role of Plasma Fatty Acid in Age-Related Macular Degeneration: Insights from a Mendelian Randomization Analysis	Han Guoge	2024	Lipids in Health and Disease		10.21203/rs.3.rs-4217024/v1	peer_reviewed_or_indexed	CrossRef	AMD	not_confirmed	not_confirmed	candidate	manual_review_missing_abstract		not_assessed			not_assessed		not_assessed	pending	Automated high-recall pre-screen; no evidence tier assigned.
DOI_87a88a7b59c3	Role of Circulating Inflammatory Proteins in Chronic Hepatitis B: A Two-Sample Mendelian Randomization Study.	Lin Na	2024			10.21203/rs.3.rs-4296056/v1	peer_reviewed_or_indexed	CrossRef	not_confirmed	not_confirmed	not_confirmed	candidate	exclude_title_abstract	disease_scope_not_confirmed;circulating_or_large_scale_protein_scope_not_confirmed	not_assessed			not_assessed		not_assessed	pending	Automated high-recall pre-screen; no evidence tier assigned.
PMID38151584	Rheumatoid arthritis is a protective factor against Alzheimer's disease: a bidirectional two-sample Mendelian randomization study.	Li GS	2024	Inflammopharmacology	38151584	10.1007/s10787-023-01397-5	peer_reviewed_or_indexed	PubMed	AD	candidate	requires_full_text_verification	candidate	candidate_full_text		not_assessed			not_assessed		not_assessed	pending	Automated high-recall pre-screen; no evidence tier assigned.
DOI_3b1c58025f71	Rheumatoid Arthritis, Circulating Inflammatory Proteins, and Hypertension: A Mendelian Randomization Study	Jia Guobing	2024	The Journal of Clinical Hypertension		10.1111/jch.14932	peer_reviewed_or_indexed	CrossRef	not_confirmed	not_confirmed	not_confirmed	candidate	exclude_title_abstract	disease_scope_not_confirmed;circulating_or_large_scale_protein_scope_not_confirmed	not_assessed			not_assessed		not_assessed	pending	Automated high-recall pre-screen; no evidence tier assigned.
DOI_6c9daedf3806	"Review for ""Mendelian Randomization Analysis Reveal the Role of Circulating Inflammatory Proteins in Mediating Functional Brain Networks and Peripheral Neuropathic Pain Effects"""		2024			10.1002/brb3.70751/v1/review1	peer_reviewed_or_indexed	CrossRef	not_confirmed	not_confirmed	not_confirmed	candidate	exclude_title_abstract	disease_scope_not_confirmed;circulating_or_large_scale_protein_scope_not_confirmed;review_protocol_or_commentary	not_assessed			not_assessed		not_assessed	pending	Automated high-recall pre-screen; no evidence tier assigned.
PMID38903149	Relationship between alcohol consumption and dementia with Mendelian randomization approaches among older adults in the United States.	Campbell KA	2024	Alzheimer's & dementia (Amsterdam, Netherlands)	38903149	10.1002/dad2.12598	peer_reviewed_or_indexed	PubMed	AD	candidate	requires_full_text_verification	candidate	candidate_full_text		not_assessed			not_assessed		not_assessed	pending	Automated high-recall pre-screen; no evidence tier assigned.
PMID38247340	Proteomic analysis identifies HSP90AA1, PTK2B, and ANXA2 in the human entorhinal cortex in Alzheimer's disease: Potential role in synaptic homeostasis and Aβ pathology through microglial and astroglial cells.	Astillero-Lopez V	2024	Brain pathology (Zurich, Switzerland)	38247340	10.1111/bpa.13235	peer_reviewed_or_indexed	PubMed	AD	candidate	requires_full_text_verification	candidate	candidate_full_text		not_assessed			not_assessed		not_assessed	pending	Automated high-recall pre-screen; no evidence tier assigned.
PMID39369234	Proteomic analysis and experimental validation reveal the blood-brain barrier protective of Huanshaodan in the treatment of SAMP8 mouse model of Alzheimer's disease.	Su Y	2024	Chinese medicine	39369234	10.1186/s13020-024-01016-7	peer_reviewed_or_indexed	PubMed	AD	candidate	requires_full_text_verification	candidate	candidate_full_text		not_assessed			not_assessed		not_assessed	pending	Automated high-recall pre-screen; no evidence tier assigned.
PMID39129354	Proteomic analyses reveal plasma EFEMP1 and CXCL12 as biomarkers and determinants of neurodegeneration.	Duggan MR	2024	Alzheimer's & dementia : the journal of the Alzheimer's Association	39129354	10.1002/alz.14142	peer_reviewed_or_indexed	PubMed	AD	candidate	requires_full_text_verification	candidate	candidate_full_text		not_assessed			not_assessed		not_assessed	pending	Automated high-recall pre-screen; no evidence tier assigned.
DOI_75f005a2543d	Proteomic Insights into Chronic Pancreatitis: Proteome-Wide Mendelian Randomization to Identify Potential Therapeutic Targets	Li Qinghua	2024			10.2139/ssrn.4812500	peer_reviewed_or_indexed	CrossRef	not_confirmed	candidate	requires_full_text_verification	candidate	exclude_title_abstract	disease_scope_not_confirmed	not_assessed			not_assessed		not_assessed	pending	Automated high-recall pre-screen; no evidence tier assigned.
DOI_5bb23d2ce5bd	Proteome-wide mendelian randomization identifies novel therapeutic targets for chronic kidney disease	Zhao Pin	2024	Scientific Reports		10.1038/s41598-024-72970-3	peer_reviewed_or_indexed	CrossRef	not_confirmed	candidate	requires_full_text_verification	candidate	exclude_title_abstract	disease_scope_not_confirmed	not_assessed			not_assessed		not_assessed	pending	Automated high-recall pre-screen; no evidence tier assigned.
PMID38585769	Proteome-wide association studies using summary pQTL data of three tissues identified 30 risk genes of Alzheimer's disease dementia.	Hu T	2024	medRxiv : the preprint server for health sciences	38585769	10.1101/2024.03.28.24305044	preprint	PubMed	AD	candidate	requires_full_text_verification	candidate	candidate_full_text		not_assessed			not_assessed		not_assessed	pending	Automated high-recall pre-screen; no evidence tier assigned.
PMID38977137	Proteome-wide analysis identifies plasma immune regulators of amyloid-beta progression.	Duggan MR	2024	Brain, behavior, and immunity	38977137	10.1016/j.bbi.2024.07.002	peer_reviewed_or_indexed	PubMed	AD	candidate	requires_full_text_verification	candidate	candidate_full_text		not_assessed			not_assessed		not_assessed	pending	Automated high-recall pre-screen; no evidence tier assigned.
DOI_0f6b66b1c919	Proteome-wide Mendelian randomization identifies causal plasma proteins in lung cancer	Li Hongru	2024	iScience		10.1016/j.isci.2024.108985	peer_reviewed_or_indexed	CrossRef	not_confirmed	candidate	requires_full_text_verification	candidate	exclude_title_abstract	disease_scope_not_confirmed	not_assessed			not_assessed		not_assessed	pending	Automated high-recall pre-screen; no evidence tier assigned.
DOI_66308212ad5a	Proteome-wide Mendelian randomization identifies causal plasma proteins in Interstitial lung disease	Yu Kunrong	2024	Scientific Reports		10.21203/rs.3.rs-4192254/v1	peer_reviewed_or_indexed	CrossRef	not_confirmed	candidate	requires_full_text_verification	candidate	exclude_title_abstract	disease_scope_not_confirmed	not_assessed			not_assessed		not_assessed	pending	Automated high-recall pre-screen; no evidence tier assigned.
DOI_a8588e1c4699	Proteome-wide Mendelian randomization and single-cell sequencing analysis identify the association between plasma proteins and gastric cancer	Jin Yichen	2024	Journal of Gastrointestinal Oncology		10.21037/jgo-24-200	peer_reviewed_or_indexed	CrossRef	not_confirmed	candidate	requires_full_text_verification	candidate	exclude_title_abstract	disease_scope_not_confirmed	not_assessed			not_assessed		not_assessed	pending	Automated high-recall pre-screen; no evidence tier assigned.
DOI_33948b46128a	Proteome-Wide Mendelian Randomization Identifies Causal Links between Blood Proteins and Cholelithiasis	Liu Peihao	2024			10.2139/ssrn.4738702	peer_reviewed_or_indexed	CrossRef	not_confirmed	candidate	requires_full_text_verification	candidate	exclude_title_abstract	disease_scope_not_confirmed	not_assessed			not_assessed		not_assessed	pending	Automated high-recall pre-screen; no evidence tier assigned.
PMID39314945	Proteogenomic signature of risk of Alzheimer's disease and related dementia risk in individuals with a history of major depression disorder.	Diniz BS	2024	medRxiv : the preprint server for health sciences	39314945	10.1101/2024.09.11.24313493	preprint	PubMed	AD	candidate	requires_full_text_verification	candidate	candidate_full_text		not_assessed			not_assessed		not_assessed	pending	Automated high-recall pre-screen; no evidence tier assigned.
PMID39528825	Proteogenomic analysis of human cerebrospinal fluid identifies neurologically relevant regulation and implicates causal proteins for Alzheimer's disease.	Western D	2024	Nature genetics	39528825	10.1038/s41588-024-01972-8	peer_reviewed_or_indexed	PubMed	AD	candidate	requires_full_text_verification	candidate	candidate_full_text		not_assessed			not_assessed		not_assessed	pending	Automated high-recall pre-screen; no evidence tier assigned.
DOI_e64547d88ef8	Potential therapeutic targets for membranous nephropathy: proteome-wide Mendelian randomization and colocalization analysis	Su Zhihang	2024	Frontiers in Immunology		10.3389/fimmu.2024.1342912	peer_reviewed_or_indexed	CrossRef	not_confirmed	candidate	requires_full_text_verification	candidate	exclude_title_abstract	disease_scope_not_confirmed	not_assessed			not_assessed		not_assessed	pending	Automated high-recall pre-screen; no evidence tier assigned.
DOI_dc067a90eb74	Potential Causal Association between C-Reactive Protein Levels in Age-Related Macular Degeneration: A Two-Sample Mendelian Randomization Study	Yoon Byung Woo	2024	Biomedicines		10.3390/biomedicines12040807	peer_reviewed_or_indexed	CrossRef	AMD	not_confirmed	not_confirmed	candidate	manual_review_missing_abstract		not_assessed			not_assessed		not_assessed	pending	Automated high-recall pre-screen; no evidence tier assigned.
PMID39108314	Polygenic scores and Mendelian randomization identify plasma proteins causally implicated in Alzheimer's disease.	Cammann DB	2024	Frontiers in neuroscience	39108314	10.3389/fnins.2024.1404377	peer_reviewed_or_indexed	PubMed	AD	candidate	requires_full_text_verification	candidate	candidate_full_text		PMC_full_text_cached	exclude_primary	Not proteome-wide or large-scale; retained only as background.	cached_OA_package	AD_90_protein_2024	not_independent_replication	full_text_and_supplement_verified	background_only; not_applicable; Not proteome-wide or large-scale; retained only as background.
PMID39417098	Plasma proteome-wide analysis of cerebral small vessel disease identifies novel biomarkers and disease pathways.	Gomez GT	2024	medRxiv : the preprint server for health sciences	39417098	10.1101/2024.10.07.24314972	preprint	PubMed	AD	candidate	requires_full_text_verification	candidate	candidate_full_text		not_assessed			not_assessed		not_assessed	pending	Automated high-recall pre-screen; no evidence tier assigned.
DOI_1819ac035aa9	Plasma proteins and psoriatic arthritis: a proteome-wide Mendelian randomization study	Zhao Heran	2024	Frontiers in Immunology		10.3389/fimmu.2024.1417564	peer_reviewed_or_indexed	CrossRef	not_confirmed	candidate	requires_full_text_verification	candidate	exclude_title_abstract	disease_scope_not_confirmed	not_assessed			not_assessed		not_assessed	pending	Automated high-recall pre-screen; no evidence tier assigned.
DOI_0cb7e24e8dd3	Plasma proteins and inflammatory dermatoses: proteome-wide Mendelian randomization and colocalization analyses	Liu Mengsong	2024	Archives of Dermatological Research		10.1007/s00403-024-03191-x	peer_reviewed_or_indexed	CrossRef	not_confirmed	candidate	requires_full_text_verification	candidate	exclude_title_abstract	disease_scope_not_confirmed	not_assessed			not_assessed		not_assessed	pending	Automated high-recall pre-screen; no evidence tier assigned.
DOI_7239df48e872	Plasma lipidome, circulating inflammatory proteins, and Parkinson’s disease: a Mendelian randomization study	Qin Yidan	2024	Frontiers in Aging Neuroscience		10.3389/fnagi.2024.1424056	peer_reviewed_or_indexed	CrossRef	not_confirmed	not_confirmed	not_confirmed	candidate	exclude_title_abstract	disease_scope_not_confirmed;circulating_or_large_scale_protein_scope_not_confirmed	not_assessed			not_assessed		not_assessed	pending	Automated high-recall pre-screen; no evidence tier assigned.
PMID39408566	Pinpointing Novel Plasma and Brain Proteins for Common Ocular Diseases: A Comprehensive Cross-Omics Integration Analysis.	Mo Q	2024	International journal of molecular sciences	39408566	10.3390/ijms251910236	peer_reviewed_or_indexed	PubMed	AMD	candidate	requires_full_text_verification	candidate	candidate_full_text		PMC_full_text_downloaded	include		downloaded_Europe_PMC_supplementary	AMD_ocular_proteome_2024	partially_overlapping	full_text_and_supplement_verified	primary_panel_candidate; machine_extractable; Assay-level MR and colocalization rows are available for AMD.
PMID39763526	Opioid use disorder and brain health: observational and genetic associations.	Javidnia S	2024	medRxiv : the preprint server for health sciences	39763526	10.1101/2024.12.18.24319222	preprint	PubMed	AD	candidate	requires_full_text_verification	candidate	candidate_full_text		not_assessed			not_assessed		not_assessed	pending	Automated high-recall pre-screen; no evidence tier assigned.
PMID39492919	Novel targets for the treatment and prevention of Alzheimer's disease in the European population, inspiration from amyloid beta and tau protein.	Wang X	2024	Heliyon	39492919	10.1016/j.heliyon.2024.e39013	peer_reviewed_or_indexed	PubMed	AD	candidate	requires_full_text_verification	candidate	candidate_full_text		not_assessed			not_assessed		not_assessed	pending	Automated high-recall pre-screen; no evidence tier assigned.
PMID38987357	Multiplex cerebrospinal fluid proteomics identifies biomarkers for diagnosis and prediction of Alzheimer's disease.	Guo Y	2024	Nature human behaviour	38987357	10.1038/s41562-024-01924-6	peer_reviewed_or_indexed	PubMed	AD	candidate	requires_full_text_verification	candidate	candidate_full_text		not_assessed			not_assessed		not_assessed	pending	Automated high-recall pre-screen; no evidence tier assigned.
DOI_b5ca68d55393	Multicenter proteome-wide Mendelian randomization study identifies causal plasma proteins in melanoma and non-melanoma skin cancers	Li Yajia	2024	Communications Biology		10.1038/s42003-024-06538-2	peer_reviewed_or_indexed	CrossRef	not_confirmed	candidate	requires_full_text_verification	candidate	exclude_title_abstract	disease_scope_not_confirmed	not_assessed			not_assessed		not_assessed	pending	Automated high-recall pre-screen; no evidence tier assigned.
PMID39273172	Multi-Omics Integration Analysis Pinpoint Proteins Influencing Brain Structure and Function: Toward Drug Targets and Neuroimaging Biomarkers for Neuropsychiatric Disorders.	Wang Y	2024	International journal of molecular sciences	39273172	10.3390/ijms25179223	peer_reviewed_or_indexed	PubMed	AD	candidate	requires_full_text_verification	candidate	candidate_full_text		not_assessed			not_assessed		not_assessed	pending	Automated high-recall pre-screen; no evidence tier assigned.
PMID38402277	Mendelian randomization reveals apolipoprotein B shortens healthspan and possibly increases risk for Alzheimer's disease.	Martin L	2024	Communications biology	38402277	10.1038/s42003-024-05887-2	peer_reviewed_or_indexed	PubMed	AD	candidate	requires_full_text_verification	candidate	candidate_full_text		not_assessed			not_assessed		not_assessed	pending	Automated high-recall pre-screen; no evidence tier assigned.
DOI_9b22e02740ad	Mendelian randomization analysis of causal and druggable circulating inflammatory proteins in schizophrenia	Cao Hongbao	2024	Frontiers in Psychiatry		10.3389/fpsyt.2024.1465291	peer_reviewed_or_indexed	CrossRef	not_confirmed	not_confirmed	not_confirmed	candidate	exclude_title_abstract	disease_scope_not_confirmed;circulating_or_large_scale_protein_scope_not_confirmed	not_assessed			not_assessed		not_assessed	pending	Automated high-recall pre-screen; no evidence tier assigned.
PMID39344387	Mendelian Randomization Study Supports Genetic Liability to Obsessive-Compulsive Disorder Associated With the Risk of Alzheimer's Disease.	Cao S	2024	Brain and behavior	39344387	10.1002/brb3.70081	peer_reviewed_or_indexed	PubMed	AD	candidate	requires_full_text_verification	candidate	candidate_full_text		not_assessed			not_assessed		not_assessed	pending	Automated high-recall pre-screen; no evidence tier assigned.
DOI_51baf67dcabb	Mediating role of circulating inflammatory proteins in the effect of immune cells on esophageal cancer risk: A Mendelian randomization study	Guo Jinzhou	2024	Medicine		10.1097/md.0000000000040374	peer_reviewed_or_indexed	CrossRef	not_confirmed	not_confirmed	not_confirmed	candidate	exclude_title_abstract	disease_scope_not_confirmed;circulating_or_large_scale_protein_scope_not_confirmed	not_assessed			not_assessed		not_assessed	pending	Automated high-recall pre-screen; no evidence tier assigned.
PMID39064650	Malnutrition and Its Determinants among Older Adults Living in French Caribbean Nursing Homes: A Cross-Sectional Study.	Tabue Teguo M	2024	Nutrients	39064650	10.3390/nu16142208	peer_reviewed_or_indexed	PubMed	AD	candidate	requires_full_text_verification	not_confirmed	exclude_title_abstract	genetic_causal_method_not_confirmed	not_assessed			not_assessed		not_assessed	pending	Automated high-recall pre-screen; no evidence tier assigned.
DOI_cb35aad402af	Lymphocyte Impact on Age-related Macular Degeneration? A Two-sample Mendelian Randomization Study	Dai Jinhui	2024			10.22541/au.172916161.12578845/v1	peer_reviewed_or_indexed	CrossRef	AMD	not_confirmed	not_confirmed	candidate	manual_review_missing_abstract		not_assessed			not_assessed		not_assessed	pending	Automated high-recall pre-screen; no evidence tier assigned.
PMID39544701	Lung development genes, adult lung function and cognitive traits.	Talaei M	2024	Brain communications	39544701	10.1093/braincomms/fcae380	peer_reviewed_or_indexed	PubMed	AD	candidate	requires_full_text_verification	not_confirmed	exclude_title_abstract	genetic_causal_method_not_confirmed	not_assessed			not_assessed		not_assessed	pending	Automated high-recall pre-screen; no evidence tier assigned.
PMID41383373	Liver enzyme and risk of vascular dementia: A univariable and multivariable Mendelian randomization of European descent.	Chen J	2024	Neuroprotection (Chichester, England)	41383373	10.1002/nep3.67	peer_reviewed_or_indexed	PubMed	AD	candidate	requires_full_text_verification	candidate	candidate_full_text		not_assessed			not_assessed		not_assessed	pending	Automated high-recall pre-screen; no evidence tier assigned.
DOI_58647ff2f4de	Large-Scale Proteome-Wide Mendelian Randomization Identifies Novel Proteins for Glaucoma and Related Traits	Zhu Ziyu	2024			10.2139/ssrn.4804329	peer_reviewed_or_indexed	CrossRef	not_confirmed	candidate	requires_full_text_verification	candidate	exclude_title_abstract	disease_scope_not_confirmed	not_assessed			not_assessed		not_assessed	pending	Automated high-recall pre-screen; no evidence tier assigned.
PMID38869510	Is the Risk of Alzheimer's Disease and Related Dementias Among U.S. Veterans Influenced by the Intersectionality of Housing Status, HIV/AIDS, Hepatitis C, and Psychiatric Disorders?	Beydoun HA	2024	The journals of gerontology. Series A, Biological sciences and medical sciences	38869510	10.1093/gerona/glae153	peer_reviewed_or_indexed	PubMed	AD	candidate	requires_full_text_verification	not_confirmed	exclude_title_abstract	genetic_causal_method_not_confirmed	not_assessed			not_assessed		not_assessed	pending	Automated high-recall pre-screen; no evidence tier assigned.
DOI_6738796109ed	Investigating The Causal between Gut Microbiota, Circulating Inflammatory Proteins, and Scoliosis: A Two-Sample Bidirectional Mendelian Randomization Analysis	zheng li	2024			10.2139/ssrn.4918130	peer_reviewed_or_indexed	CrossRef	not_confirmed	not_confirmed	not_confirmed	candidate	exclude_title_abstract	disease_scope_not_confirmed;circulating_or_large_scale_protein_scope_not_confirmed	not_assessed			not_assessed		not_assessed	pending	Automated high-recall pre-screen; no evidence tier assigned.
PMID38282283	Interval estimate of causal effect in summary data based Mendelian randomization in the presence of winner's curse.	Wang K	2024	Genetic epidemiology	38282283	10.1002/gepi.22545	peer_reviewed_or_indexed	PubMed	AD	candidate	requires_full_text_verification	candidate	candidate_full_text		not_assessed			not_assessed		not_assessed	pending	Automated high-recall pre-screen; no evidence tier assigned.
PMID39490725	Integrative multiomic analysis unveils the molecular nexus of mitochondrial dysfunction in the pathogenesis of age-related macular degeneration.	Chen J	2024	Experimental eye research	39490725	10.1016/j.exer.2024.110141	peer_reviewed_or_indexed	PubMed	AMD	candidate	requires_full_text_verification	candidate	candidate_full_text		not_assessed			not_assessed		not_assessed	pending	Automated high-recall pre-screen; no evidence tier assigned.
PMID38903170	Independent causal effect of migraines on Alzheimer's disease risk: a multivariate Mendelian randomization study.	Xu C	2024	Frontiers in neurology	38903170	10.3389/fneur.2024.1401880	peer_reviewed_or_indexed	PubMed	AD	candidate	requires_full_text_verification	candidate	candidate_full_text		not_assessed			not_assessed		not_assessed	pending	Automated high-recall pre-screen; no evidence tier assigned.
DOI_42f67bc3d7b6	Identifying therapeutic targets for kidney stone disease through proteome-wide Mendelian randomization and colocalization analysis	Liang Zilong	2024	Urolithiasis		10.1007/s00240-024-01669-x	peer_reviewed_or_indexed	CrossRef	not_confirmed	candidate	requires_full_text_verification	candidate	exclude_title_abstract	disease_scope_not_confirmed	not_assessed			not_assessed		not_assessed	pending	Automated high-recall pre-screen; no evidence tier assigned.
DOI_88523f76a3a8	Identifying Therapeutic Targets in Hepatocellular Carcinoma: A Mendelian Randomization, Colocalization, and Druggability Analysis of Circulating Plasma Proteins	Chen Siqi	2024			10.2139/ssrn.4943765	peer_reviewed_or_indexed	CrossRef	not_confirmed	candidate	requires_full_text_verification	candidate	exclude_title_abstract	disease_scope_not_confirmed	not_assessed			not_assessed		not_assessed	pending	Automated high-recall pre-screen; no evidence tier assigned.
PMID38820305	Identification of pleiotropic and specific therapeutic targets for cardio-cerebral diseases: A large-scale proteome-wide mendelian randomization and colocalization study.	Zhu Y	2024	PloS one	38820305	10.1371/journal.pone.0300500	peer_reviewed_or_indexed	PubMed	AD	candidate	requires_full_text_verification	candidate	candidate_full_text		not_assessed			not_assessed		not_assessed	pending	Automated high-recall pre-screen; no evidence tier assigned.
DOI_56edb3bf03f2	Gut microbiota, circulating inflammatory proteins, and  cirrhosis: a multivariable Mendelian randomization study	Liu Qifan	2024			10.21203/rs.3.rs-5318866/v1	peer_reviewed_or_indexed	CrossRef	not_confirmed	not_confirmed	not_confirmed	candidate	exclude_title_abstract	disease_scope_not_confirmed;circulating_or_large_scale_protein_scope_not_confirmed	not_assessed			not_assessed		not_assessed	pending	Automated high-recall pre-screen; no evidence tier assigned.
PMID39417126	Genome-wide scan of Flortaucipir PET levels finds JARID2 associated with cerebral tau deposition.	Gunasekaran TI	2024	medRxiv : the preprint server for health sciences	39417126	10.1101/2024.10.04.24314853	preprint	PubMed	AD	candidate	requires_full_text_verification	candidate	candidate_full_text		not_assessed			not_assessed		not_assessed	pending	Automated high-recall pre-screen; no evidence tier assigned.
PMID39247875	Genome-Wide Mendelian Randomization Identifies Ferroptosis-Related Drug Targets for Alzheimer's Disease.	Wang Y	2024	Journal of Alzheimer's disease reports	39247875	10.3233/adr-240062	peer_reviewed_or_indexed	PubMed	AD	candidate	requires_full_text_verification	candidate	candidate_full_text		not_assessed			not_assessed		not_assessed	pending	Automated high-recall pre-screen; no evidence tier assigned.
PMID39206334	Genetically proxied IL-6 signaling and risk of Alzheimer's disease and lobar intracerebral hemorrhage: A drug target Mendelian randomization study.	Myserlis EP	2024	Alzheimer's & dementia (New York, N. Y.)	39206334	10.1002/trc2.70000	peer_reviewed_or_indexed	PubMed	AD	candidate	requires_full_text_verification	candidate	candidate_full_text		not_assessed			not_assessed		not_assessed	pending	Automated high-recall pre-screen; no evidence tier assigned.
DOI_cf11b7e01e41	Genetically Predicted Association of 91 Circulating Inflammatory Proteins with Multiple Sclerosis: A Mendelian Randomization Study	Li Xin’ai	2024	Brain Sciences		10.3390/brainsci14080833	peer_reviewed_or_indexed	CrossRef	not_confirmed	not_confirmed	not_confirmed	candidate	exclude_title_abstract	disease_scope_not_confirmed;circulating_or_large_scale_protein_scope_not_confirmed	not_assessed			not_assessed		not_assessed	pending	Automated high-recall pre-screen; no evidence tier assigned.
PMID39013416	Genetic evidence for serum amyloid P component as a drug target in neurodegenerative disorders.	Schmidt AF	2024	Open biology	39013416	10.1098/rsob.230419	peer_reviewed_or_indexed	PubMed	AD	candidate	requires_full_text_verification	candidate	candidate_full_text		not_assessed			not_assessed		not_assessed	pending	Automated high-recall pre-screen; no evidence tier assigned.
PMID38970023	Genetic evidence for causal association between migraine and dementia: a mendelian randomization study.	Chen Q	2024	BMC medical genomics	38970023	10.1186/s12920-024-01956-x	peer_reviewed_or_indexed	PubMed	AD	candidate	requires_full_text_verification	candidate	candidate_full_text		not_assessed			not_assessed		not_assessed	pending	Automated high-recall pre-screen; no evidence tier assigned.
DOI_47a62736bdf1	Genetic evidence for a causal relationship between Alzheimer’s disease and age-related macular degeneration: A Mendelian randomization study	Huang Yu	2024			10.21203/rs.3.rs-3916453/v1	peer_reviewed_or_indexed	CrossRef	AD;AMD	not_confirmed	not_confirmed	candidate	manual_review_missing_abstract		not_assessed			not_assessed		not_assessed	pending	Automated high-recall pre-screen; no evidence tier assigned.
DOI_7591e8c81b23	Exploring the role of circulating proteins in multiple myeloma risk: a Mendelian randomization study	Lee Matthew A.	2024			10.21203/rs.3.rs-4800219/v1	peer_reviewed_or_indexed	CrossRef	not_confirmed	candidate	requires_full_text_verification	candidate	exclude_title_abstract	disease_scope_not_confirmed	not_assessed			not_assessed		not_assessed	pending	Automated high-recall pre-screen; no evidence tier assigned.
DOI_e9094d17ac13	Exploring the relationship between cathepsin and age-related macular degeneration using Mendelian randomization	Wang Qiuyuan	2024	Frontiers in Medicine		10.3389/fmed.2024.1460779	peer_reviewed_or_indexed	CrossRef	AMD	not_confirmed	not_confirmed	candidate	manual_review_missing_abstract		not_assessed			not_assessed		not_assessed	pending	Automated high-recall pre-screen; no evidence tier assigned.
PMID39114549	Exploring Causal Relationships Between Gut Microbiota and Alzheimer's Disease: A Bidirectional Mendelian Randomization Study.	Chen A	2024	Journal of Alzheimer's disease reports	39114549	10.3233/adr-240071	peer_reviewed_or_indexed	PubMed	AD	candidate	requires_full_text_verification	candidate	candidate_full_text		not_assessed			not_assessed		not_assessed	pending	Automated high-recall pre-screen; no evidence tier assigned.
PMID38315350	Evidence for Genetic Causal Relationships Between Multiple Immune-Mediated Inflammatory Diseases and Age-Related Macular Degeneration: A Univariable and Multivariable Mendelian Randomization Study.	Sha F	2024	Ophthalmology and therapy	38315350	10.1007/s40123-024-00895-1	peer_reviewed_or_indexed	PubMed	AMD	candidate	requires_full_text_verification	candidate	candidate_full_text		not_assessed			not_assessed		not_assessed	pending	Automated high-recall pre-screen; no evidence tier assigned.
DOI_1f9d29bdb13f	Evaluation of circulating plasma proteins in prostate cancer using mendelian randomization	Cheng Long	2024	Discover Oncology		10.1007/s12672-024-01331-3	peer_reviewed_or_indexed	CrossRef	not_confirmed	candidate	requires_full_text_verification	candidate	exclude_title_abstract	disease_scope_not_confirmed	not_assessed			not_assessed		not_assessed	pending	Automated high-recall pre-screen; no evidence tier assigned.
PMID39269972	Evaluating disparity of subjective cognitive decline between male veterans and non-veterans in the United States using propensity score matching estimation: A behavioral risk factor surveillance system survey cross-sectional study.	Ifebirinachi C	2024	PloS one	39269972	10.1371/journal.pone.0310102	peer_reviewed_or_indexed	PubMed	AD	candidate	requires_full_text_verification	not_confirmed	exclude_title_abstract	genetic_causal_method_not_confirmed	not_assessed			not_assessed		not_assessed	pending	Automated high-recall pre-screen; no evidence tier assigned.
PMID38894851	Entertainment activities and the risk of Alzheimer's disease: a Mendelian randomization analysis.	Lu T	2024	Frontiers in aging neuroscience	38894851	10.3389/fnagi.2024.1419317	peer_reviewed_or_indexed	PubMed	AD	candidate	requires_full_text_verification	candidate	candidate_full_text		not_assessed			not_assessed		not_assessed	pending	Automated high-recall pre-screen; no evidence tier assigned.
PMID39213072	Enlarged Perivascular Spaces Are Independently Associated with High Pulse Wave Velocity: A Cross-Sectional Study.	Kinjo Y	2024	Journal of Alzheimer's disease : JAD	39213072	10.3233/jad-240589	peer_reviewed_or_indexed	PubMed	AD	candidate	requires_full_text_verification	not_confirmed	exclude_title_abstract	genetic_causal_method_not_confirmed	not_assessed			not_assessed		not_assessed	pending	Automated high-recall pre-screen; no evidence tier assigned.
PMID39582067	Enhancing mitochondrial one-carbon metabolism is neuroprotective in Alzheimer's disease models.	Yu Y	2024	Cell death & disease	39582067	10.1038/s41419-024-07179-3	peer_reviewed_or_indexed	PubMed	AD	candidate	requires_full_text_verification	candidate	candidate_full_text		not_assessed			not_assessed		not_assessed	pending	Automated high-recall pre-screen; no evidence tier assigned.
DOI_439fd454a136	"Decision letter for ""Mendelian Randomization Analysis Reveal the Role of Circulating Inflammatory Proteins in Mediating Functional Brain Networks and Peripheral Neuropathic Pain Effects"""		2024			10.1002/brb3.70751/v1/decision1	peer_reviewed_or_indexed	CrossRef	not_confirmed	not_confirmed	not_confirmed	candidate	exclude_title_abstract	disease_scope_not_confirmed;circulating_or_large_scale_protein_scope_not_confirmed	not_assessed			not_assessed		not_assessed	pending	Automated high-recall pre-screen; no evidence tier assigned.
PMID39637861	Deciphering proteins in Alzheimer's disease: A new Mendelian randomization method integrated with AlphaFold3 for 3D structure prediction.	Yao M	2024	Cell genomics	39637861	10.1016/j.xgen.2024.100700	peer_reviewed_or_indexed	PubMed	AD	candidate	requires_full_text_verification	candidate	candidate_full_text		PMC_full_text_cached	include_external_only		cached_OA_package	AD_MRSPI_2024	partially_overlapping	full_text_verified_pdf_supplement	literature_source_universe_tier2; manual_extraction_required; Nonstandard MR-SPI estimates are not assumed commensurable with conventional MR beta values.
DOI_424850efc97e	Circulating inflammatory proteins and risk of Parkinson’s disease and other neurodegenerative disorders: a two-sample Mendelian randomization study	Chen Zhichun	2024			10.1101/2024.05.03.24306837	peer_reviewed_or_indexed	CrossRef	not_confirmed	not_confirmed	not_confirmed	candidate	exclude_title_abstract	disease_scope_not_confirmed;circulating_or_large_scale_protein_scope_not_confirmed	not_assessed			not_assessed		not_assessed	pending	Automated high-recall pre-screen; no evidence tier assigned.
DOI_8e21cc765df0	Circulating inflammatory proteins and abdominal aortic aneurysm: A two-sample Mendelian randomization and colocalization analyses	Chen Zhan	2024	Cytokine		10.1016/j.cyto.2024.156700	peer_reviewed_or_indexed	CrossRef	not_confirmed	not_confirmed	not_confirmed	candidate	exclude_title_abstract	disease_scope_not_confirmed;circulating_or_large_scale_protein_scope_not_confirmed	not_assessed			not_assessed		not_assessed	pending	Automated high-recall pre-screen; no evidence tier assigned.
DOI_d379f57733ec	Causality Between 91 Circulating Inflammatory Proteins and Various Asthma Phenotypes: A Mendelian Randomization Study	Zhang Shiyao	2024	ImmunoTargets and Therapy		10.2147/itt.s486676	peer_reviewed_or_indexed	CrossRef	not_confirmed	not_confirmed	not_confirmed	candidate	exclude_title_abstract	disease_scope_not_confirmed;circulating_or_large_scale_protein_scope_not_confirmed	not_assessed			not_assessed		not_assessed	pending	Automated high-recall pre-screen; no evidence tier assigned.
PMID39259053	Causal relationships of mental diseases and thyroid diseases based on a Mendelian randomization study.	Fang X	2024	Medicine	39259053	10.1097/md.0000000000038223	peer_reviewed_or_indexed	PubMed	AD	candidate	requires_full_text_verification	candidate	candidate_full_text		not_assessed			not_assessed		not_assessed	pending	Automated high-recall pre-screen; no evidence tier assigned.
PMID38267604	Causal relationships between peripheral immune cells and Alzheimer's disease: a two-sample Mendelian randomization study.	Liao J	2024	Neurological sciences : official journal of the Italian Neurological Society and of the Italian Society of Clinical Neurophysiology	38267604	10.1007/s10072-024-07324-y	peer_reviewed_or_indexed	PubMed	AD	candidate	requires_full_text_verification	candidate	candidate_full_text		not_assessed			not_assessed		not_assessed	pending	Automated high-recall pre-screen; no evidence tier assigned.
PMID38899286	Causal relationships between gut microbiota and dementia: A two-sample, bidirectional, Mendelian randomization study.	Ren ZL	2024	World journal of clinical cases	38899286	10.12998/wjcc.v12.i16.2780	peer_reviewed_or_indexed	PubMed	AD	candidate	requires_full_text_verification	candidate	candidate_full_text		not_assessed			not_assessed		not_assessed	pending	Automated high-recall pre-screen; no evidence tier assigned.
PMID39208585	Causal relationships between genetically predicted particulate air pollutants and neurodegenerative diseases: A two-sample Mendelian randomization study.	Liu X	2024	Ecotoxicology and environmental safety	39208585	10.1016/j.ecoenv.2024.116960	peer_reviewed_or_indexed	PubMed	not_confirmed	candidate	requires_full_text_verification	candidate	exclude_title_abstract	disease_scope_not_confirmed	not_assessed			not_assessed		not_assessed	pending	Automated high-recall pre-screen; no evidence tier assigned.
PMID38634600	Causal relationship of genetically predicted particulate matter 2.5 level with Alzheimer's disease and the mediating effect of dehydroepiandrosterone sulphate.	Huang Z	2024	Annals of human biology	38634600	10.1080/03014460.2024.2337731	peer_reviewed_or_indexed	PubMed	AD	candidate	requires_full_text_verification	candidate	candidate_full_text		not_assessed			not_assessed		not_assessed	pending	Automated high-recall pre-screen; no evidence tier assigned.
PMID37997526	Causal relationship between psoriasis vulgaris and dementia: Insights from Mendelian randomization analysis.	Zhang Z	2024	Experimental dermatology	37997526	10.1111/exd.14984	peer_reviewed_or_indexed	PubMed	AD	candidate	requires_full_text_verification	candidate	candidate_full_text		not_assessed			not_assessed		not_assessed	pending	Automated high-recall pre-screen; no evidence tier assigned.
PMID38491466	Causal relationship between dietary salt intake and dementia risk: Mendelian randomization study.	Shi K	2024	Genes & nutrition	38491466	10.1186/s12263-024-00741-w	peer_reviewed_or_indexed	PubMed	AD	candidate	requires_full_text_verification	candidate	candidate_full_text		not_assessed			not_assessed		not_assessed	pending	Automated high-recall pre-screen; no evidence tier assigned.
PMID38007406	Causal effects of genetically predicted testosterone on Alzheimer's disease: a two-sample mendelian randomization study.	Xu Q	2024	Acta neurologica Belgica	38007406	10.1007/s13760-023-02426-4	peer_reviewed_or_indexed	PubMed	AD	candidate	requires_full_text_verification	candidate	candidate_full_text		not_assessed			not_assessed		not_assessed	pending	Automated high-recall pre-screen; no evidence tier assigned.
PMID38564871	Causal effects of PM2.5 exposure on neuropsychiatric disorders and the mediation via gut microbiota: A Mendelian randomization study.	Li C	2024	Ecotoxicology and environmental safety	38564871	10.1016/j.ecoenv.2024.116257	peer_reviewed_or_indexed	PubMed	AD	candidate	requires_full_text_verification	candidate	candidate_full_text		not_assessed			not_assessed		not_assessed	pending	Automated high-recall pre-screen; no evidence tier assigned.
DOI_dd269c43bb90	Causal associations of plasma proteins with lung squamous cell carcinoma risk: a proteome-wide Mendelian randomization and colocalization analysis	Wang Qing	2024	Clinical Cancer Bulletin		10.1007/s44272-024-00024-w	peer_reviewed_or_indexed	CrossRef	not_confirmed	candidate	requires_full_text_verification	candidate	exclude_title_abstract	disease_scope_not_confirmed	not_assessed			not_assessed		not_assessed	pending	Automated high-recall pre-screen; no evidence tier assigned.
DOI_019b4604877b	Causal associations of circulating inflammatory proteins with sepsis: a two-sample Mendelian randomization study	Ji Dandan	2024	Archives of Medical Science		10.5114/aoms/183945	peer_reviewed_or_indexed	CrossRef	not_confirmed	not_confirmed	not_confirmed	candidate	exclude_title_abstract	disease_scope_not_confirmed;circulating_or_large_scale_protein_scope_not_confirmed	not_assessed			not_assessed		not_assessed	pending	Automated high-recall pre-screen; no evidence tier assigned.
PMID38608102	Causal association between rheumatoid arthritis and an increased risk of age-related macular degeneration: A Mendelian randomization study.	Zhang M	2024	Medicine	38608102	10.1097/md.0000000000037753	peer_reviewed_or_indexed	CrossRef;PubMed	AMD	candidate	requires_full_text_verification	candidate	candidate_full_text		not_assessed			not_assessed		not_assessed	pending	Automated high-recall pre-screen; no evidence tier assigned.
PMID38873321	Causal association between particulate matter 2.5 and Alzheimer's disease: a Mendelian randomization study.	Dang M	2024	Frontiers in public health	38873321	10.3389/fpubh.2024.1343915	peer_reviewed_or_indexed	PubMed	AD	candidate	requires_full_text_verification	candidate	candidate_full_text		not_assessed			not_assessed		not_assessed	pending	Automated high-recall pre-screen; no evidence tier assigned.
DOI_a88838456bca	Causal association between metabolites and age-related macular degeneration: a bidirectional two-sample mendelian randomization study	Liu Zhen-Yu	2024	Hereditas		10.1186/s41065-024-00356-6	peer_reviewed_or_indexed	CrossRef	AMD	not_confirmed	not_confirmed	candidate	manual_review_missing_abstract		not_assessed			not_assessed		not_assessed	pending	Automated high-recall pre-screen; no evidence tier assigned.
DOI_13c13c0c92e1	Causal association between circulating inflammatory proteins and peripheral artery disease: a bidirectional two-sample Mendelian randomization study	Zhao Juncheng	2024	Frontiers in Immunology		10.3389/fimmu.2024.1432041	peer_reviewed_or_indexed	CrossRef	not_confirmed	not_confirmed	not_confirmed	candidate	exclude_title_abstract	disease_scope_not_confirmed;circulating_or_large_scale_protein_scope_not_confirmed	not_assessed			not_assessed		not_assessed	pending	Automated high-recall pre-screen; no evidence tier assigned.
PMID38682222	Causal Relationship between Sex Hormones and Risk of Developing Common Neurodegenerative Diseases: A Mendelian Randomization Study.	Huang Q	2024	Journal of integrative neuroscience	38682222	10.31083/j.jin2304078	peer_reviewed_or_indexed	PubMed	AD	candidate	requires_full_text_verification	candidate	candidate_full_text		not_assessed			not_assessed		not_assessed	pending	Automated high-recall pre-screen; no evidence tier assigned.
PMID38405340	Causal Relationship Between Ferritin and Neuropsychiatric Disorders: A Two-Sample Mendelian Randomization Study.	Sun W	2024	Journal of Alzheimer's disease reports	38405340	10.3233/adr-230136	peer_reviewed_or_indexed	PubMed	AD	candidate	requires_full_text_verification	candidate	candidate_full_text		not_assessed			not_assessed		not_assessed	pending	Automated high-recall pre-screen; no evidence tier assigned.
DOI_10b5bb499b96	Causal Influence of Plasma Metabolites on Age-Related Macular Degeneration: A Mendelian Randomization Study.	wang tao	2024	Medicine		10.21203/rs.3.rs-3812922/v1	peer_reviewed_or_indexed	CrossRef	AMD	not_confirmed	not_confirmed	candidate	manual_review_missing_abstract		not_assessed			not_assessed		not_assessed	pending	Automated high-recall pre-screen; no evidence tier assigned.
PMID39420987	Cathepsins and neurological diseases: a Mendelian randomization study.	Sun H	2024	Frontiers in neuroscience	39420987	10.3389/fnins.2024.1454369	peer_reviewed_or_indexed	PubMed	AD	candidate	requires_full_text_verification	candidate	candidate_full_text		not_assessed			not_assessed		not_assessed	pending	Automated high-recall pre-screen; no evidence tier assigned.
DOI_5485dccf51dd	CCN3/NOV as a potential therapeutic target for diverticular disease: A proteome-wide Mendelian randomization study	Yoshikawa Masahiro	2024	Medicine		10.1097/md.0000000000040467	peer_reviewed_or_indexed	CrossRef	not_confirmed	candidate	requires_full_text_verification	candidate	exclude_title_abstract	disease_scope_not_confirmed	not_assessed			not_assessed		not_assessed	pending	Automated high-recall pre-screen; no evidence tier assigned.
PMID39193893	Blood DNA methylomic signatures associated with CSF biomarkers of Alzheimer's disease in the EMIF-AD study.	Smith RG	2024	Alzheimer's & dementia : the journal of the Alzheimer's Association	39193893	10.1002/alz.14098	peer_reviewed_or_indexed	PubMed	AD	not_confirmed	not_confirmed	not_confirmed	exclude_title_abstract	circulating_or_large_scale_protein_scope_not_confirmed;genetic_causal_method_not_confirmed	not_assessed			not_assessed		not_assessed	pending	Automated high-recall pre-screen; no evidence tier assigned.
DOI_53ef8d4c8f49	Benchmarking Bayesian colocalization methods in validating Mendelian randomization-based target discoveries from circulating proteins for cardiometabolic diseases	Zhang Wenmin	2024			10.1101/2024.10.14.617627	peer_reviewed_or_indexed	CrossRef	not_confirmed	candidate	requires_full_text_verification	candidate	exclude_title_abstract	disease_scope_not_confirmed	not_assessed			not_assessed		not_assessed	pending	Automated high-recall pre-screen; no evidence tier assigned.
PMID38660514	Association of glycogen synthase kinase-3β with cognitive impairment in type 2 diabetes patients: a six-year follow-up study.	Wei W	2024	Frontiers in endocrinology	38660514	10.3389/fendo.2024.1386773	peer_reviewed_or_indexed	PubMed	not_confirmed	candidate	requires_full_text_verification	not_confirmed	exclude_title_abstract	disease_scope_not_confirmed;genetic_causal_method_not_confirmed	not_assessed			not_assessed		not_assessed	pending	Automated high-recall pre-screen; no evidence tier assigned.
DOI_0498c56e0ef6	Association of circulating inflammatory proteins with Nonalcoholic Fatty Liver Diseas: a bidirectional Mendelian randomization study	Jia Ming-Jie	2024			10.21203/rs.3.rs-4473650/v1	peer_reviewed_or_indexed	CrossRef	not_confirmed	not_confirmed	not_confirmed	candidate	exclude_title_abstract	disease_scope_not_confirmed;circulating_or_large_scale_protein_scope_not_confirmed	not_assessed			not_assessed		not_assessed	pending	Automated high-recall pre-screen; no evidence tier assigned.
PMID38320878	Association between pre-dementia psychiatric diagnoses and all-cause dementia is independent from polygenic dementia risks in the UK Biobank.	Freudenberg-Hua Y	2024	EBioMedicine	38320878	10.1016/j.ebiom.2024.104978	peer_reviewed_or_indexed	PubMed	AD	candidate	requires_full_text_verification	not_confirmed	exclude_title_abstract	genetic_causal_method_not_confirmed	not_assessed			not_assessed		not_assessed	pending	Automated high-recall pre-screen; no evidence tier assigned.
DOI_e06d20e55ec5	Association between genetically plasma proteins and osteonecrosis: a proteome-wide Mendelian randomization analysis	Meng Chen	2024	Frontiers in Genetics		10.3389/fgene.2024.1440062	peer_reviewed_or_indexed	CrossRef	not_confirmed	candidate	requires_full_text_verification	candidate	exclude_title_abstract	disease_scope_not_confirmed	not_assessed			not_assessed		not_assessed	pending	Automated high-recall pre-screen; no evidence tier assigned.
DOI_9efd71e18545	Association between circulating inflammatory proteins and benign prostatic disease: a Mendelian randomization study	Cao Hongliang	2024	Scientific Reports		10.1038/s41598-024-74737-2	peer_reviewed_or_indexed	CrossRef	not_confirmed	not_confirmed	not_confirmed	candidate	exclude_title_abstract	disease_scope_not_confirmed;circulating_or_large_scale_protein_scope_not_confirmed	not_assessed			not_assessed		not_assessed	pending	Automated high-recall pre-screen; no evidence tier assigned.
DOI_a23e15cc45c3	Association between chronic kidney disease and age-related macular degeneration: a Mendelian randomization study	Hou Yawei	2024	Frontiers in Aging Neuroscience		10.3389/fnagi.2024.1399666	peer_reviewed_or_indexed	CrossRef	AMD	not_confirmed	not_confirmed	candidate	manual_review_missing_abstract		not_assessed			not_assessed		not_assessed	pending	Automated high-recall pre-screen; no evidence tier assigned.
PMID38684968	Association between ambient air pollution and age-related macular degeneration: a meta-analysis.	Wu J	2024	BMC ophthalmology	38684968	10.1186/s12886-024-03465-y	peer_reviewed_or_indexed	PubMed	AMD	candidate	requires_full_text_verification	not_confirmed	exclude_title_abstract	genetic_causal_method_not_confirmed	not_assessed			not_assessed		not_assessed	pending	Automated high-recall pre-screen; no evidence tier assigned.
DOI_ce8167040dca	Association between age-related macular degeneration and the gut microbiota: A two-sample Mendelian randomization analysis	He Maozhu	2024			10.21203/rs.3.rs-4117483/v1	peer_reviewed_or_indexed	CrossRef	AMD	not_confirmed	not_confirmed	candidate	manual_review_missing_abstract		not_assessed			not_assessed		not_assessed	pending	Automated high-recall pre-screen; no evidence tier assigned.
PMID38702903	Association between adding salt in food and dementia in European descent: A mendelian randomization study.	Zhou R	2024	Brain and behavior	38702903	10.1002/brb3.3516	peer_reviewed_or_indexed	PubMed	AD	candidate	requires_full_text_verification	candidate	candidate_full_text		not_assessed			not_assessed		not_assessed	pending	Automated high-recall pre-screen; no evidence tier assigned.
PMID38279765	Association between Plasma Brain-derived Neurotrophic Factor Level and Alzheimer's Disease: A Mendelian Randomization Study.	You J	2024	Current neurovascular research	38279765	10.2174/0115672026281995231227070637	peer_reviewed_or_indexed	PubMed	AD	candidate	requires_full_text_verification	candidate	candidate_full_text		not_assessed			not_assessed		not_assessed	pending	Automated high-recall pre-screen; no evidence tier assigned.
PMID38261256	Association Between Neurodegenerative Diseases and an Increased Risk of Epilepsy Based on Single Nucleotide Polymorphisms: A Mendelian Randomization Study.	Ouyang J	2024	Molecular neurobiology	38261256	10.1007/s12035-024-03955-6	peer_reviewed_or_indexed	PubMed	AD	candidate	requires_full_text_verification	candidate	candidate_full_text		not_assessed			not_assessed		not_assessed	pending	Automated high-recall pre-screen; no evidence tier assigned.
PMID38762444	Appendicular lean mass and the risk of stroke and Alzheimer's disease: a mendelian randomization study.	Zhu Y	2024	BMC geriatrics	38762444	10.1186/s12877-024-05039-5	peer_reviewed_or_indexed	PubMed	AD	candidate	requires_full_text_verification	candidate	candidate_full_text		not_assessed			not_assessed		not_assessed	pending	Automated high-recall pre-screen; no evidence tier assigned.
DOI_ece8eb22088d	Angiotensin-converting enzyme inhibition and Alzheimer’s disease: Findings from proteome-wide Mendelian randomization and a large prospective cohort study	Huang Peiyuan	2024			10.1101/2024.09.09.24313366	peer_reviewed_or_indexed	CrossRef	AD	candidate	requires_full_text_verification	candidate	candidate_full_text		not_assessed			not_assessed		not_assessed	pending	Automated high-recall pre-screen; no evidence tier assigned.
PMID38699385	Alzheimer's disease as a causal risk factor for diabetic retinopathy: a Mendelian randomization study.	Ouyang F	2024	Frontiers in endocrinology	38699385	10.3389/fendo.2024.1340608	peer_reviewed_or_indexed	PubMed	AD	candidate	requires_full_text_verification	candidate	candidate_full_text		not_assessed			not_assessed		not_assessed	pending	Automated high-recall pre-screen; no evidence tier assigned.
DOI_99ff2ad31852	Abstract P333: Plasma Proteins, Structural Brain Reserve, and Onset of Alzheimer’s Disease: Proteome-Wide Mendelian Randomization	Pan Yang	2024	Circulation		10.1161/circ.149.suppl_1.p333	peer_reviewed_or_indexed	CrossRef	AD	candidate	requires_full_text_verification	candidate	candidate_full_text		not_assessed			not_assessed		not_assessed	pending	Automated high-recall pre-screen; no evidence tier assigned.
DOI_67ada51094e0	Abstract 784: Proteome-wide mendelian randomization identifies causal association between plasma proteins and lung cancer	Si Guojin	2024	Cancer Research		10.1158/1538-7445.am2024-784	peer_reviewed_or_indexed	CrossRef	not_confirmed	candidate	requires_full_text_verification	candidate	exclude_title_abstract	disease_scope_not_confirmed	not_assessed			not_assessed		not_assessed	pending	Automated high-recall pre-screen; no evidence tier assigned.
DOI_e9afe98a3675	A Mendelian randomization study on associations between plasma lipidome, circulating inflammatory proteins, and erectile dysfunction	Yu Jiacheng	2024	Translational Andrology and Urology		10.21037/tau-24-378	peer_reviewed_or_indexed	CrossRef	not_confirmed	not_confirmed	not_confirmed	candidate	exclude_title_abstract	disease_scope_not_confirmed;circulating_or_large_scale_protein_scope_not_confirmed	not_assessed			not_assessed		not_assessed	pending	Automated high-recall pre-screen; no evidence tier assigned.
PMID38256230	A Cross-Sectional Study of Alzheimer-Related Proteins in Women with Polycystic Ovary Syndrome.	Butler AE	2024	International journal of molecular sciences	38256230	10.3390/ijms25021158	peer_reviewed_or_indexed	PubMed	AD	candidate	requires_full_text_verification	not_confirmed	exclude_title_abstract	genetic_causal_method_not_confirmed	not_assessed			not_assessed		not_assessed	pending	Automated high-recall pre-screen; no evidence tier assigned.
DOI_0858464ce3c6	91 Circulating inflammatory proteins and the risk of age-related macular degeneration: A bidirectional Mendelian randomization study	Wang Tianyu	2024	International Immunopharmacology		10.1016/j.intimp.2024.112678	peer_reviewed_or_indexed	CrossRef	AMD	not_confirmed	not_confirmed	candidate	manual_review_missing_abstract		not_assessed			not_assessed		not_assessed	pending	Automated high-recall pre-screen; no evidence tier assigned.
DOI_dcc5f3d0b61c	Therapeutic Targets for Colorectal Cancer: Proteome-Wide and Genome-Wide Mendelian Randomization and Colocalization Analyses	Hu Xueqing	2023			10.2139/ssrn.4495137	peer_reviewed_or_indexed	CrossRef	not_confirmed	candidate	requires_full_text_verification	candidate	exclude_title_abstract	disease_scope_not_confirmed	not_assessed			not_assessed		not_assessed	pending	Automated high-recall pre-screen; no evidence tier assigned.
PMID37008911	The role of plasma cortisol in dementia, epilepsy, and multiple sclerosis: A Mendelian randomization study.	Li H	2023	Frontiers in endocrinology	37008911	10.3389/fendo.2023.1107780	peer_reviewed_or_indexed	PubMed	AD	candidate	requires_full_text_verification	candidate	candidate_full_text		not_assessed			not_assessed		not_assessed	pending	Automated high-recall pre-screen; no evidence tier assigned.
PMID37933065	The relationship between Alzheimer disease and thyroiditis: A two-sample Mendelian randomization study.	Yu H	2023	Medicine	37933065	10.1097/md.0000000000035712	peer_reviewed_or_indexed	PubMed	AD	candidate	requires_full_text_verification	candidate	candidate_full_text		not_assessed			not_assessed		not_assessed	pending	Automated high-recall pre-screen; no evidence tier assigned.
PMID37856460	The prevalence of age-related macular degeneration and osteoporosis in the older Polish population: Is there a link?	Budnik A	2023	PloS one	37856460	10.1371/journal.pone.0293143	peer_reviewed_or_indexed	PubMed	AMD	candidate	requires_full_text_verification	not_confirmed	exclude_title_abstract	genetic_causal_method_not_confirmed	not_assessed			not_assessed		not_assessed	pending	Automated high-recall pre-screen; no evidence tier assigned.
PMID37253999	The influence of growth and sex hormones on risk of alzheimer's disease: a mendelian randomization study.	Yeung CHC	2023	European journal of epidemiology	37253999	10.1007/s10654-023-01015-2	peer_reviewed_or_indexed	PubMed	AD	candidate	requires_full_text_verification	candidate	candidate_full_text		not_assessed			not_assessed		not_assessed	pending	Automated high-recall pre-screen; no evidence tier assigned.
PMID36504281	The genetic regulation of protein expression in cerebrospinal fluid.	Hansson O	2023	EMBO molecular medicine	36504281	10.15252/emmm.202216359	peer_reviewed_or_indexed	PubMed	AD	candidate	requires_full_text_verification	candidate	candidate_full_text		not_assessed			not_assessed		not_assessed	pending	Automated high-recall pre-screen; no evidence tier assigned.
PMID37148915	The association between cataract and incidence of cognitive impairment in older adults: A systematic review and meta-analysis.	Xiong Z	2023	Behavioural brain research	37148915	10.1016/j.bbr.2023.114455	peer_reviewed_or_indexed	PubMed	AD	candidate	requires_full_text_verification	not_confirmed	exclude_title_abstract	genetic_causal_method_not_confirmed;review_protocol_or_commentary	not_assessed			not_assessed		not_assessed	pending	Automated high-recall pre-screen; no evidence tier assigned.
PMID37028557	The Relationship of Omega-3 Fatty Acids with Dementia and Cognitive Decline: Evidence from Prospective Cohort Studies of Supplementation, Dietary Intake, and Blood Markers.	Wei BZ	2023	The American journal of clinical nutrition	37028557	10.1016/j.ajcnut.2023.04.001	peer_reviewed_or_indexed	PubMed	AD	candidate	requires_full_text_verification	not_confirmed	exclude_title_abstract	genetic_causal_method_not_confirmed	not_assessed			not_assessed		not_assessed	pending	Automated high-recall pre-screen; no evidence tier assigned.
PMID36911941	The Associations Between Cataracts and Alzheimer's Disease: A Bidirectional Two-Sample Mendelian Randomization Study.	Man S	2023	Journal of Alzheimer's disease : JAD	36911941	10.3233/jad-221137	peer_reviewed_or_indexed	PubMed	AD	candidate	requires_full_text_verification	candidate	candidate_full_text		not_assessed			not_assessed		not_assessed	pending	Automated high-recall pre-screen; no evidence tier assigned.
DOI_010fb9c0a0f6	Sleep duration and age-related macular degeneration: a cross-sectional and Mendelian randomization study	Lei Shizhen	2023	Frontiers in Aging Neuroscience		10.3389/fnagi.2023.1247413	peer_reviewed_or_indexed	CrossRef	AMD	not_confirmed	not_confirmed	candidate	manual_review_missing_abstract		not_assessed			not_assessed		not_assessed	pending	Automated high-recall pre-screen; no evidence tier assigned.
PMID37986771	Serum proteomics reveals APOE dependent and independent protein signatures in Alzheimer's disease.	Frick EA	2023	medRxiv : the preprint server for health sciences	37986771	10.1101/2023.11.08.23298251	preprint	PubMed	AD	candidate	requires_full_text_verification	candidate	candidate_full_text		not_assessed			not_assessed		not_assessed	pending	Automated high-recall pre-screen; no evidence tier assigned.
PMID36692889	Renal function and neurodegenerative diseases : a two-sample Mendelian randomization study.	Liu X	2023	Neurological research	36692889	10.1080/01616412.2022.2158640	peer_reviewed_or_indexed	PubMed	AD	candidate	requires_full_text_verification	candidate	candidate_full_text		not_assessed			not_assessed		not_assessed	pending	Automated high-recall pre-screen; no evidence tier assigned.
PMID38143776	Relationship Between Sphingomyelin and Risk of Alzheimer's Disease: A Bidirectional Mendelian Randomization Study.	Zhu H	2023	Journal of Alzheimer's disease reports	38143776	10.3233/adr-230126	peer_reviewed_or_indexed	PubMed	AD	candidate	requires_full_text_verification	candidate	candidate_full_text		not_assessed			not_assessed		not_assessed	pending	Automated high-recall pre-screen; no evidence tier assigned.
PMID37467317	Proteomics analysis of plasma from middle-aged adults identifies protein markers of dementia risk in later life.	Walker KA	2023	Science translational medicine	37467317	10.1126/scitranslmed.adf5681	peer_reviewed_or_indexed	PubMed	AD	candidate	requires_full_text_verification	candidate	candidate_full_text		not_assessed			not_assessed		not_assessed	pending	Automated high-recall pre-screen; no evidence tier assigned.
DOI_ff7681d7f7b3	Proteome‐wide Mendelian randomization and colocalization analysis identified potential drug targets for psoriasis	Li Shifang	2023			10.21203/rs.3.rs-3280280/v1	peer_reviewed_or_indexed	CrossRef	not_confirmed	not_confirmed	not_confirmed	candidate	exclude_title_abstract	disease_scope_not_confirmed;circulating_or_large_scale_protein_scope_not_confirmed	not_assessed			not_assessed		not_assessed	pending	Automated high-recall pre-screen; no evidence tier assigned.
DOI_664de896afa0	Proteome-wide Mendelian randomization reveals the causal effects of immune-related plasma proteins on psychiatric disorders	Dang Xinglun	2023	Human Genetics		10.1007/s00439-023-02562-0	peer_reviewed_or_indexed	CrossRef	not_confirmed	candidate	requires_full_text_verification	candidate	exclude_title_abstract	disease_scope_not_confirmed	not_assessed			not_assessed		not_assessed	pending	Automated high-recall pre-screen; no evidence tier assigned.
DOI_fae7348ad834	Proteome-wide Mendelian randomization and colocalization analysis identify potential drug targets for psoriasis	Li Shifang	2023			10.21203/rs.3.rs-3280280/v2	peer_reviewed_or_indexed	CrossRef	not_confirmed	candidate	requires_full_text_verification	candidate	exclude_title_abstract	disease_scope_not_confirmed	not_assessed			not_assessed		not_assessed	pending	Automated high-recall pre-screen; no evidence tier assigned.
DOI_39365c506922	Proteome-wide Mendelian Randomization Analysis Identified Potential Drug Targets for Myocardial Infarction	Ye Xufeng	2023			10.1101/2023.12.05.23299535	peer_reviewed_or_indexed	CrossRef	not_confirmed	candidate	requires_full_text_verification	candidate	exclude_title_abstract	disease_scope_not_confirmed	not_assessed			not_assessed		not_assessed	pending	Automated high-recall pre-screen; no evidence tier assigned.
PMID37333337	Proteogenomic analysis of human cerebrospinal fluid identifies neurologically relevant regulation and informs causal proteins for Alzheimer's disease.	Cruchaga C	2023	Research square	37333337	10.21203/rs.3.rs-2814616/v1	preprint	PubMed	AD	candidate	requires_full_text_verification	candidate	candidate_full_text		not_assessed			not_assessed		not_assessed	pending	Automated high-recall pre-screen; no evidence tier assigned.
PMID36759259	Prioritization of Drug Targets for Neurodegenerative Diseases by Integrating Genetic and Proteomic Data From Brain and Blood.	Ge YJ	2023	Biological psychiatry	36759259	10.1016/j.biopsych.2022.11.002	peer_reviewed_or_indexed	PubMed	AD	candidate	requires_full_text_verification	candidate	candidate_full_text		not_assessed			not_assessed		not_assessed	pending	Automated high-recall pre-screen; no evidence tier assigned.
PMID36974157	Plasma proteomics of SARS-CoV-2 infection and severity reveals impact on Alzheimer's and coronary disease pathways.	Wang L	2023	iScience	36974157	10.1016/j.isci.2023.106408	peer_reviewed_or_indexed	PubMed	AD	candidate	requires_full_text_verification	candidate	candidate_full_text		not_assessed			not_assessed		not_assessed	pending	Automated high-recall pre-screen; no evidence tier assigned.
DOI_a4aec0d9fe77	Plasma proteins and onset of type 2 diabetes and diabetic complications: Proteome-wide Mendelian randomization and colocalization analyses	Yuan Shuai	2023	Cell Reports Medicine		10.1016/j.xcrm.2023.101174	peer_reviewed_or_indexed	CrossRef	not_confirmed	candidate	requires_full_text_verification	candidate	exclude_title_abstract	disease_scope_not_confirmed	not_assessed			not_assessed		not_assessed	pending	Automated high-recall pre-screen; no evidence tier assigned.
PMID36705323	Phenome-wide Mendelian randomisation analysis identifies causal factors for age-related macular degeneration.	Julian TH	2023	eLife	36705323	10.7554/elife.82546	peer_reviewed_or_indexed	PubMed	AMD	candidate	requires_full_text_verification	candidate	candidate_full_text		PMC_full_text_downloaded	include		downloaded_Europe_PMC_supplementary	AMD_phenome_wide_2023	partially_overlapping	full_text_and_supplement_verified	literature_source_universe_tier2; machine_extractable; Serum-protein hits are retained in Layer 1; phenome-wide selection and mixed instruments prevent automatic Tier 1 status.
PMID37251809	Mendelian randomization analyses of smoking and Alzheimer's disease in Chinese and Japanese populations.	Zhu Y	2023	Frontiers in aging neuroscience	37251809	10.3389/fnagi.2023.1157051	peer_reviewed_or_indexed	PubMed	AD	candidate	requires_full_text_verification	candidate	candidate_full_text		not_assessed			not_assessed		not_assessed	pending	Automated high-recall pre-screen; no evidence tier assigned.
PMID36959736	Lack of Causal Associations of Inflammatory Bowel Disease with Parkinson's Disease and Other Neurodegenerative Disorders.	Zeng R	2023	Movement disorders : official journal of the Movement Disorder Society	36959736	10.1002/mds.29386	peer_reviewed_or_indexed	PubMed	AD	candidate	requires_full_text_verification	candidate	candidate_full_text		not_assessed			not_assessed		not_assessed	pending	Automated high-recall pre-screen; no evidence tier assigned.
PMID37437821	LPS priming before plaque deposition impedes microglial activation and restrains Aβ pathology in the 5xFAD mouse model of Alzheimer's disease.	Yang Y	2023	Brain, behavior, and immunity	37437821	10.1016/j.bbi.2023.07.006	peer_reviewed_or_indexed	PubMed	AD	candidate	requires_full_text_verification	candidate	candidate_full_text		not_assessed			not_assessed		not_assessed	pending	Automated high-recall pre-screen; no evidence tier assigned.
PMID37163440	Investigating Causality and Shared Genetic Architecture between Neurodegenerative Disorders and Inflammatory Bowel Disease.	Zeng R	2023	Aging and disease	37163440	10.14336/ad.2022.12209	peer_reviewed_or_indexed	PubMed	AD	candidate	requires_full_text_verification	candidate	candidate_full_text		not_assessed			not_assessed		not_assessed	pending	Automated high-recall pre-screen; no evidence tier assigned.
PMID37006328	Infections among individuals with multiple sclerosis, Alzheimer's disease and Parkinson's disease.	Hu Y	2023	Brain communications	37006328	10.1093/braincomms/fcad065	peer_reviewed_or_indexed	PubMed	AD	candidate	requires_full_text_verification	not_confirmed	exclude_title_abstract	genetic_causal_method_not_confirmed	not_assessed			not_assessed		not_assessed	pending	Automated high-recall pre-screen; no evidence tier assigned.
PMID37545728	Increased risk of dementia among people with a history of fractures: a systematic review and meta-analysis of population-based studies.	Su L	2023	Frontiers in neurology	37545728	10.3389/fneur.2023.1185721	peer_reviewed_or_indexed	PubMed	not_confirmed	candidate	requires_full_text_verification	not_confirmed	exclude_title_abstract	disease_scope_not_confirmed;genetic_causal_method_not_confirmed;review_protocol_or_commentary	not_assessed			not_assessed		not_assessed	pending	Automated high-recall pre-screen; no evidence tier assigned.
PMID37662610	Identifying Suitable Targets for Alzheimer's Disease and Other Eight Common Neurological Disorders Using the Human Plasma Proteome: A Mendelian Randomization Study.	Wei T	2023	Journal of Alzheimer's disease reports	37662610	10.3233/adr-230058	peer_reviewed_or_indexed	PubMed	AD	candidate	requires_full_text_verification	candidate	candidate_full_text		PMC_full_text_cached	include_external_only		cached_OA_package	AD_2994_2023	partially_overlapping	full_text_verified_pdf_supplement	literature_source_universe_tier2; manual_extraction_required; Large-scale plasma MR, but the key supplement is PDF-only and requires manual row verification.
PMID37923804	Identification of circulating proteins associated with general cognitive function among middle-aged and older adults.	Tin A	2023	Communications biology	37923804	10.1038/s42003-023-05454-1	peer_reviewed_or_indexed	PubMed	AD	candidate	requires_full_text_verification	candidate	candidate_full_text		not_assessed			not_assessed		not_assessed	pending	Automated high-recall pre-screen; no evidence tier assigned.
PMID37351177	High-intensity interval training ameliorates Alzheimer's disease-like pathology by regulating astrocyte phenotype-associated AQP4 polarization.	Feng S	2023	Theranostics	37351177	10.7150/thno.81951	peer_reviewed_or_indexed	PubMed	AD	candidate	requires_full_text_verification	candidate	candidate_full_text		not_assessed			not_assessed		not_assessed	pending	Automated high-recall pre-screen; no evidence tier assigned.
PMID37564828	Genetically proxied lean mass and risk of Alzheimer's disease: mendelian randomisation study.	Daghlas I	2023	BMJ medicine	37564828	10.1136/bmjmed-2022-000354	peer_reviewed_or_indexed	PubMed	AD	candidate	requires_full_text_verification	candidate	candidate_full_text		not_assessed			not_assessed		not_assessed	pending	Automated high-recall pre-screen; no evidence tier assigned.
PMID37361546	Externalizing traits: Shared causalities for COVID-19 and Alzheimer's dementia using Mendelian randomization analysis.	Wang H	2023	PNAS nexus	37361546	10.1093/pnasnexus/pgad198	peer_reviewed_or_indexed	PubMed	AD	candidate	requires_full_text_verification	candidate	candidate_full_text		not_assessed			not_assessed		not_assessed	pending	Automated high-recall pre-screen; no evidence tier assigned.
PMID37564429	Exploring the bidirectional causal link between household income status and genetic susceptibility to neurological diseases: findings from a Mendelian randomization study.	Nong W	2023	Frontiers in public health	37564429	10.3389/fpubh.2023.1202747	peer_reviewed_or_indexed	PubMed	AD	candidate	requires_full_text_verification	candidate	candidate_full_text		not_assessed			not_assessed		not_assessed	pending	Automated high-recall pre-screen; no evidence tier assigned.
PMID37742652	Exploring the Causality Between Plasma Brain-Derived Neurotrophic Factor and Neurological Diseases: A Mendelian Randomization Study.	Chen S	2023	Journal of Alzheimer's disease : JAD	37742652	10.3233/jad-230693	peer_reviewed_or_indexed	PubMed	AD	candidate	requires_full_text_verification	candidate	candidate_full_text		not_assessed			not_assessed		not_assessed	pending	Automated high-recall pre-screen; no evidence tier assigned.
PMID37023267	Evaluating the association between genetically proxied ACE inhibition and dementias.	Nassan M	2023	Alzheimer's & dementia : the journal of the Alzheimer's Association	37023267	10.1002/alz.13062	peer_reviewed_or_indexed	PubMed	AD	candidate	requires_full_text_verification	candidate	candidate_full_text		not_assessed			not_assessed		not_assessed	pending	Automated high-recall pre-screen; no evidence tier assigned.
PMID36043526	Effect of reduction in brain amyloid levels on change in cognitive and functional decline in randomized clinical trials: An instrumental variable meta-analysis.	Pang M	2023	Alzheimer's & dementia : the journal of the Alzheimer's Association	36043526	10.1002/alz.12768	peer_reviewed_or_indexed	PubMed	AD	candidate	requires_full_text_verification	not_confirmed	exclude_title_abstract	genetic_causal_method_not_confirmed	not_assessed			not_assessed		not_assessed	pending	Automated high-recall pre-screen; no evidence tier assigned.
PMID36310536	Educational attainment, structural brain reserve and Alzheimer's disease: a Mendelian randomization analysis.	Seyedsalehi A	2023	Brain : a journal of neurology	36310536	10.1093/brain/awac392	peer_reviewed_or_indexed	PubMed	AD	candidate	requires_full_text_verification	candidate	candidate_full_text		not_assessed			not_assessed		not_assessed	pending	Automated high-recall pre-screen; no evidence tier assigned.
DOI_4768ccc025db	Circulating inflammatory proteins may be potential drug targets for Idiopathic Membranous Nephropathy: proteome-wide Mendelian Randomization and colocalization analysis	Su Zhihang	2023			10.1101/2023.12.11.23299722	peer_reviewed_or_indexed	CrossRef	not_confirmed	candidate	requires_full_text_verification	candidate	exclude_title_abstract	disease_scope_not_confirmed	not_assessed			not_assessed		not_assessed	pending	Automated high-recall pre-screen; no evidence tier assigned.
DOI_e9ad81eadb74	Circulating Proteins Influencing Psychiatric Disease: A Mendelian Randomization Study	Lu Tianyuan	2023	Biological Psychiatry		10.1016/j.biopsych.2022.08.015	peer_reviewed_or_indexed	CrossRef	not_confirmed	candidate	requires_full_text_verification	candidate	exclude_title_abstract	disease_scope_not_confirmed	not_assessed			not_assessed		not_assessed	pending	Automated high-recall pre-screen; no evidence tier assigned.
PMID37171986	Chronic Pain, Analgesics, and Cognitive Status: A Comprehensive Mendelian Randomization Study.	Guo X	2023	Anesthesia and analgesia	37171986	10.1213/ane.0000000000006514	peer_reviewed_or_indexed	PubMed	AD	candidate	requires_full_text_verification	candidate	candidate_full_text		not_assessed			not_assessed		not_assessed	pending	Automated high-recall pre-screen; no evidence tier assigned.
DOI_503f7db2f5a8	Causality of Diabetic Nephropathy and Age-Related Macular Degeneration: A Mendelian Randomization Study	Chen Xiaxue	2023	Gene		10.1016/j.gene.2023.147787	peer_reviewed_or_indexed	CrossRef	AMD	not_confirmed	not_confirmed	candidate	manual_review_missing_abstract		not_assessed			not_assessed		not_assessed	pending	Automated high-recall pre-screen; no evidence tier assigned.
DOI_07b5535db2aa	Causal relationships between new 412 gut microbiota, 731 inflammatory cells,91 inflammatory proteins and circulating leukocytes and subarachnoid hemorrhage: a Multi-omics, Bidirectional Mendelian randomization study and Meta-analysis	Yan Congzhi	2023			10.21203/rs.3.rs-3562537/v1	peer_reviewed_or_indexed	CrossRef	not_confirmed	not_confirmed	not_confirmed	candidate	exclude_title_abstract	disease_scope_not_confirmed;circulating_or_large_scale_protein_scope_not_confirmed	not_assessed			not_assessed		not_assessed	pending	Automated high-recall pre-screen; no evidence tier assigned.
DOI_2a8d06cc0576	Causal relationship between gut microbiome and risk of AMD: a two-sample Mendelian Randomization study	Li Gai-yun	2023			10.21203/rs.3.rs-3097550/v1	peer_reviewed_or_indexed	CrossRef	not_confirmed	not_confirmed	not_confirmed	candidate	exclude_title_abstract	disease_scope_not_confirmed;circulating_or_large_scale_protein_scope_not_confirmed	not_assessed			not_assessed		not_assessed	pending	Automated high-recall pre-screen; no evidence tier assigned.
PMID36039844	Causal effect of COVID-19 on Alzheimer's disease: A Mendelian randomization study.	Baranova A	2023	Journal of medical virology	36039844	10.1002/jmv.28107	peer_reviewed_or_indexed	PubMed	AD	candidate	requires_full_text_verification	candidate	candidate_full_text		not_assessed			not_assessed		not_assessed	pending	Automated high-recall pre-screen; no evidence tier assigned.
PMID37403750	Causal associations of sarcopenia-related traits with cardiometabolic disease and Alzheimer's disease and the mediating role of insulin resistance: A Mendelian randomization study.	Ye C	2023	Aging cell	37403750	10.1111/acel.13923	peer_reviewed_or_indexed	PubMed	AD	candidate	requires_full_text_verification	candidate	candidate_full_text		not_assessed			not_assessed		not_assessed	pending	Automated high-recall pre-screen; no evidence tier assigned.
PMID37522206	Causal Effects of Plasma Haptoglobin Levels on Alzheimer's Disease: A Two-Sample Mendelian Randomization Study.	Lin Y	2023	Journal of Alzheimer's disease : JAD	37522206	10.3233/jad-230159	peer_reviewed_or_indexed	PubMed	AD	candidate	requires_full_text_verification	candidate	candidate_full_text		not_assessed			not_assessed		not_assessed	pending	Automated high-recall pre-screen; no evidence tier assigned.
PMID38045267	Causal Associations of Sleep Apnea with Alzheimer's Disease and Cardiovascular Disease: a Bidirectional Mendelian Randomization Analysis.	Cavaillès C	2023	medRxiv : the preprint server for health sciences	38045267	10.1101/2023.11.20.23298793	preprint	PubMed	AD	candidate	requires_full_text_verification	candidate	candidate_full_text		not_assessed			not_assessed		not_assessed	pending	Automated high-recall pre-screen; no evidence tier assigned.
PMID37393500	Causal Association Between mTOR-Dependent Protein Levels and Alzheimer's Disease: A Mendelian Randomization Study.	Cai HY	2023	Journal of Alzheimer's disease : JAD	37393500	10.3233/jad-230128	peer_reviewed_or_indexed	PubMed	AD	candidate	requires_full_text_verification	candidate	candidate_full_text		not_assessed			not_assessed		not_assessed	pending	Automated high-recall pre-screen; no evidence tier assigned.
PMID37438877	Associations of dietary cholesterol and fat, blood lipids, and risk for dementia in older women vary by APOE genotype.	Dunk MM	2023	Alzheimer's & dementia : the journal of the Alzheimer's Association	37438877	10.1002/alz.13358	peer_reviewed_or_indexed	PubMed	AD	candidate	requires_full_text_verification	candidate	candidate_full_text		not_assessed			not_assessed		not_assessed	pending	Automated high-recall pre-screen; no evidence tier assigned.
DOI_61f0af6a4042	Association of gut microbiota with age-related macular degeneration and glaucoma: a bidirectional Mendelian randomization study	Li Chen	2023	Nutrients		10.20944/preprints202310.0525.v1	peer_reviewed_or_indexed	CrossRef	AMD	not_confirmed	not_confirmed	candidate	manual_review_missing_abstract		not_assessed			not_assessed		not_assessed	pending	Automated high-recall pre-screen; no evidence tier assigned.
PMID37899056	Association of Sarcopenia and Its Defining Components with the Degree of Cognitive Impairment in a Memory Clinic Population.	Larsson LE	2023	Journal of Alzheimer's disease : JAD	37899056	10.3233/jad-221186	peer_reviewed_or_indexed	PubMed	AD	candidate	requires_full_text_verification	not_confirmed	exclude_title_abstract	genetic_causal_method_not_confirmed	not_assessed			not_assessed		not_assessed	pending	Automated high-recall pre-screen; no evidence tier assigned.
PMID37779110	Association between stress-related disorders and the risk of dementia using the Korean National Sample Cohort: a matched cohort study.	Kim H	2023	Scientific reports	37779110	10.1038/s41598-023-43884-3	peer_reviewed_or_indexed	PubMed	AD	candidate	requires_full_text_verification	not_confirmed	exclude_title_abstract	genetic_causal_method_not_confirmed	not_assessed			not_assessed		not_assessed	pending	Automated high-recall pre-screen; no evidence tier assigned.
PMID36858467	Association between seropositivity for toxocariasis and cognitive functioning in older adults: an analysis of cross-sectional data from the US National Health and Nutrition Examination Survey (NHANES), 2011-2014.	Song G	2023	BMJ open	36858467	10.1136/bmjopen-2022-068974	peer_reviewed_or_indexed	PubMed	AD	candidate	requires_full_text_verification	not_confirmed	exclude_title_abstract	genetic_causal_method_not_confirmed	not_assessed			not_assessed		not_assessed	pending	Automated high-recall pre-screen; no evidence tier assigned.
PMID37091519	Association between gray matter atrophy, cerebral hypoperfusion, and cognitive impairment in Alzheimer's disease.	Dong H	2023	Frontiers in aging neuroscience	37091519	10.3389/fnagi.2023.1129051	peer_reviewed_or_indexed	PubMed	AD	candidate	requires_full_text_verification	not_confirmed	exclude_title_abstract	genetic_causal_method_not_confirmed	not_assessed			not_assessed		not_assessed	pending	Automated high-recall pre-screen; no evidence tier assigned.
PMID37731936	Association between cannabis use and symptom dimensions in schizophrenia spectrum disorders: an individual participant data meta-analysis on 3053 individuals.	Argote M	2023	EClinicalMedicine	37731936	10.1016/j.eclinm.2023.102199	peer_reviewed_or_indexed	PubMed	not_confirmed	candidate	requires_full_text_verification	not_confirmed	exclude_title_abstract	disease_scope_not_confirmed;genetic_causal_method_not_confirmed	not_assessed			not_assessed		not_assessed	pending	Automated high-recall pre-screen; no evidence tier assigned.
PMID36938850	Among men, androgens are associated with a decrease in Alzheimer's disease risk.	Kusters CDJ	2023	Alzheimer's & dementia : the journal of the Alzheimer's Association	36938850	10.1002/alz.13013	peer_reviewed_or_indexed	PubMed	AD	candidate	requires_full_text_verification	candidate	candidate_full_text		not_assessed			not_assessed		not_assessed	pending	Automated high-recall pre-screen; no evidence tier assigned.
DOI_343438d551de	A large-scale plasma proteome Mendelian randomization study identifies novel causal plasma proteins related to primary biliary cholangitis	Yang Hongqun	2023	Frontiers in Immunology		10.3389/fimmu.2023.1052616	peer_reviewed_or_indexed	CrossRef	not_confirmed	candidate	requires_full_text_verification	candidate	exclude_title_abstract	disease_scope_not_confirmed	not_assessed			not_assessed		not_assessed	pending	Automated high-recall pre-screen; no evidence tier assigned.
DOI_00f3f903bb00	A genetic perspective on the relationship between circulating proteins and bladder cancer: a study from drug-targeted Mendelian randomization	Zhang Chen	2023			10.21203/rs.3.rs-3604541/v1	peer_reviewed_or_indexed	CrossRef	not_confirmed	candidate	requires_full_text_verification	candidate	exclude_title_abstract	disease_scope_not_confirmed	not_assessed			not_assessed		not_assessed	pending	Automated high-recall pre-screen; no evidence tier assigned.
PMID35902670	Using a two-sample mendelian randomization analysis to explore the relationship between physical activity and Alzheimer's disease.	Zhang B	2022	Scientific reports	35902670	10.1038/s41598-022-17207-x	peer_reviewed_or_indexed	PubMed	AD	candidate	requires_full_text_verification	candidate	candidate_full_text		not_assessed			not_assessed		not_assessed	pending	Automated high-recall pre-screen; no evidence tier assigned.
PMID34958023	Total Cholesterol and APOE-Related Risk for Alzheimer's Disease in the Alzheimer's Disease Neuroimaging Initiative.	Dunk MM	2022	Journal of Alzheimer's disease : JAD	34958023	10.3233/jad-215091	peer_reviewed_or_indexed	PubMed	AD	candidate	requires_full_text_verification	candidate	candidate_full_text		not_assessed			not_assessed		not_assessed	pending	Automated high-recall pre-screen; no evidence tier assigned.
PMID34801382	The Diagnosis of Schizophrenia Among Nursing Home Residents With ADRD: Does Race Matter?	Cai S	2022	The American journal of geriatric psychiatry : official journal of the American Association for Geriatric Psychiatry	34801382	10.1016/j.jagp.2021.10.008	peer_reviewed_or_indexed	PubMed	AD	candidate	requires_full_text_verification	not_confirmed	exclude_title_abstract	genetic_causal_method_not_confirmed	not_assessed			not_assessed		not_assessed	pending	Automated high-recall pre-screen; no evidence tier assigned.
PMID35964198	The Association of Serum Uric Acid Level, Gout, and Alzheimer's Disease: A Bidirectional Mendelian Randomization Study.	Ou YN	2022	Journal of Alzheimer's disease : JAD	35964198	10.3233/jad-220649	peer_reviewed_or_indexed	PubMed	AD	candidate	requires_full_text_verification	candidate	candidate_full_text		not_assessed			not_assessed		not_assessed	pending	Automated high-recall pre-screen; no evidence tier assigned.
PMID34036738	Suicide risk in first year after dementia diagnosis in older adults.	Schmutte T	2022	Alzheimer's & dementia : the journal of the Alzheimer's Association	34036738	10.1002/alz.12390	peer_reviewed_or_indexed	PubMed	AD	candidate	requires_full_text_verification	candidate	candidate_full_text		not_assessed			not_assessed		not_assessed	pending	Automated high-recall pre-screen; no evidence tier assigned.
PMID35869598	Sex-specific effects of microglial activation on Alzheimer's disease proteinopathy in older adults.	Casaletto KB	2022	Brain : a journal of neurology	35869598	10.1093/brain/awac257	peer_reviewed_or_indexed	PubMed	AD	candidate	requires_full_text_verification	not_confirmed	exclude_title_abstract	genetic_causal_method_not_confirmed	not_assessed			not_assessed		not_assessed	pending	Automated high-recall pre-screen; no evidence tier assigned.
PMID35405480	Self-reported and genetically predicted coffee consumption and smoking in dementia: A Mendelian randomization study.	Nordestgaard AT	2022	Atherosclerosis	35405480	10.1016/j.atherosclerosis.2022.03.022	peer_reviewed_or_indexed	PubMed	AD	candidate	requires_full_text_verification	candidate	candidate_full_text		not_assessed			not_assessed		not_assessed	pending	Automated high-recall pre-screen; no evidence tier assigned.
PMID35460299	Psychiatric disorders and risk of subsequent dementia: Systematic review and meta-analysis of longitudinal studies.	Stafford J	2022	International journal of geriatric psychiatry	35460299	10.1002/gps.5711	peer_reviewed_or_indexed	PubMed	AD	candidate	requires_full_text_verification	not_confirmed	exclude_title_abstract	genetic_causal_method_not_confirmed;review_protocol_or_commentary	not_assessed			not_assessed		not_assessed	pending	Automated high-recall pre-screen; no evidence tier assigned.
PMID35620289	Protective Signature of IFNγ-Stimulated Microglia Relies on miR-124-3p Regulation From the Secretome Released by Mutant APP Swedish Neuronal Cells.	Garcia G	2022	Frontiers in pharmacology	35620289	10.3389/fphar.2022.833066	peer_reviewed_or_indexed	PubMed	AD	candidate	requires_full_text_verification	candidate	candidate_full_text		not_assessed			not_assessed		not_assessed	pending	Automated high-recall pre-screen; no evidence tier assigned.
PMID33964140	Plasma high-density lipoprotein cholesterol and risk of dementia: observational and genetic studies.	Kjeldsen EW	2022	Cardiovascular research	33964140	10.1093/cvr/cvab164	peer_reviewed_or_indexed	PubMed	AD	candidate	requires_full_text_verification	candidate	candidate_full_text		not_assessed			not_assessed		not_assessed	pending	Automated high-recall pre-screen; no evidence tier assigned.
PMID35565667	Plasma Caffeine Levels and Risk of Alzheimer's Disease and Parkinson's Disease: Mendelian Randomization Study.	Larsson SC	2022	Nutrients	35565667	10.3390/nu14091697	peer_reviewed_or_indexed	PubMed	AD	candidate	requires_full_text_verification	candidate	candidate_full_text		not_assessed			not_assessed		not_assessed	pending	Automated high-recall pre-screen; no evidence tier assigned.
DOI_caa713944472	Pathogenesis of age-related macular degeneration	Li Weiye	2022	Age-Related Macular Degeneration		10.1016/b978-0-12-822061-0.00002-5	peer_reviewed_or_indexed	CrossRef	AMD	not_confirmed	not_confirmed	not_confirmed	exclude_title_abstract	circulating_or_large_scale_protein_scope_not_confirmed;genetic_causal_method_not_confirmed	not_assessed			not_assessed		not_assessed	pending	Automated high-recall pre-screen; no evidence tier assigned.
PMID35724440	Obstructive sleep apnea and the risk of Alzheimer's disease and Parkinson disease: A Mendelian randomization study OSA, Alzheimer's disease and Parkinson disease.	Li J	2022	Sleep medicine	35724440	10.1016/j.sleep.2022.06.004	peer_reviewed_or_indexed	PubMed	AD	candidate	requires_full_text_verification	candidate	candidate_full_text		not_assessed			not_assessed		not_assessed	pending	Automated high-recall pre-screen; no evidence tier assigned.
DOI_03937eccacf7	Novel Causal Plasma Proteins for Hypothyroidism: A Large-scale Plasma Proteome Mendelian Randomization Analysis	Yang Hongqun	2022	The Journal of Clinical Endocrinology &amp; Metabolism		10.1210/clinem/dgac575	peer_reviewed_or_indexed	CrossRef	not_confirmed	candidate	requires_full_text_verification	candidate	exclude_title_abstract	disease_scope_not_confirmed	not_assessed			not_assessed		not_assessed	pending	Automated high-recall pre-screen; no evidence tier assigned.
PMID35863541	Modifiable risk factors for incident dementia and cognitive impairment: An umbrella review of evidence.	Zhang YR	2022	Journal of affective disorders	35863541	10.1016/j.jad.2022.07.008	peer_reviewed_or_indexed	PubMed	AD	candidate	requires_full_text_verification	candidate	exclude_title_abstract	review_protocol_or_commentary	not_assessed			not_assessed		not_assessed	pending	Automated high-recall pre-screen; no evidence tier assigned.
PMID36510323	Mendelian randomization and genetic colocalization infer the effects of the multi-tissue proteome on 211 complex disease-related phenotypes.	Yang C	2022	Genome medicine	36510323	10.1186/s13073-022-01140-9	peer_reviewed_or_indexed	PubMed	AD	candidate	requires_full_text_verification	candidate	candidate_full_text		PMC_full_text_cached	include		cached_OA_package	AD_multi_tissue_2022	partially_overlapping	full_text_and_supplement_verified	literature_source_universe_tier2; machine_extractable; Plasma AD rows are extractable; mixed workflows and outcome reuse are retained as tiering flags.
DOI_04fa22d24db5	Management of age-related macular degeneration	Li Weiye	2022	Age-Related Macular Degeneration		10.1016/b978-0-12-822061-0.00010-4	peer_reviewed_or_indexed	CrossRef	AMD	not_confirmed	not_confirmed	not_confirmed	exclude_title_abstract	circulating_or_large_scale_protein_scope_not_confirmed;genetic_causal_method_not_confirmed	not_assessed			not_assessed		not_assessed	pending	Automated high-recall pre-screen; no evidence tier assigned.
PMID36016508	Lack of bidirectional association between age-related macular degeneration and Alzheimer's disease: A Mendelian randomization study.	Jiang L	2022	Alzheimer's & dementia : the journal of the Alzheimer's Association	36016508	10.1002/alz.12775	peer_reviewed_or_indexed	PubMed	AD;AMD	candidate	requires_full_text_verification	candidate	candidate_full_text		not_assessed			not_assessed		not_assessed	pending	Automated high-recall pre-screen; no evidence tier assigned.
PMID36333541	Kidney function and risk of dementia: Observational study, meta-analysis, and two-sample mendelian randomization study.	Kjaergaard AD	2022	European journal of epidemiology	36333541	10.1007/s10654-022-00923-z	peer_reviewed_or_indexed	PubMed	not_confirmed	candidate	requires_full_text_verification	candidate	exclude_title_abstract	disease_scope_not_confirmed	not_assessed			not_assessed		not_assessed	pending	Automated high-recall pre-screen; no evidence tier assigned.
PMID35921096	Joint Genetic Inhibition of PCSK9 and CETP and the Association With Coronary Artery Disease: A Factorial Mendelian Randomization Study.	Cupido AJ	2022	JAMA cardiology	35921096	10.1001/jamacardio.2022.2333	peer_reviewed_or_indexed	PubMed	AD;AMD	candidate	requires_full_text_verification	candidate	candidate_full_text		not_assessed			not_assessed		not_assessed	pending	Automated high-recall pre-screen; no evidence tier assigned.
PMID35275550	Investigating Causal Relations Between Circulating Metabolites and Alzheimer's Disease: A Mendelian Randomization Study.	Huang SY	2022	Journal of Alzheimer's disease : JAD	35275550	10.3233/jad-220050	peer_reviewed_or_indexed	PubMed	AD	candidate	requires_full_text_verification	candidate	candidate_full_text		not_assessed			not_assessed		not_assessed	pending	Automated high-recall pre-screen; no evidence tier assigned.
PMID35461270	Integrative analysis of eQTL and GWAS summary statistics reveals transcriptomic alteration in Alzheimer brains.	Varathan P	2022	BMC medical genomics	35461270	10.1186/s12920-022-01245-5	peer_reviewed_or_indexed	PubMed	AD	candidate	requires_full_text_verification	candidate	candidate_full_text		not_assessed			not_assessed		not_assessed	pending	Automated high-recall pre-screen; no evidence tier assigned.
PMID36100869	Immune-mediated diseases are associated with a higher incidence of dementia: a prospective cohort study of 375,894 individuals.	Zhang YR	2022	Alzheimer's research & therapy	36100869	10.1186/s13195-022-01072-x	peer_reviewed_or_indexed	PubMed	not_confirmed	candidate	requires_full_text_verification	not_confirmed	exclude_title_abstract	disease_scope_not_confirmed;genetic_causal_method_not_confirmed	not_assessed			not_assessed		not_assessed	pending	Automated high-recall pre-screen; no evidence tier assigned.
PMID37118290	Immune system-wide Mendelian randomization and triangulation analyses support autoimmunity as a modifiable component in dementia-causing diseases.	Lindbohm JV	2022	Nature aging	37118290	10.1038/s43587-022-00293-x	peer_reviewed_or_indexed	PubMed	AD	candidate	requires_full_text_verification	candidate	candidate_full_text		not_assessed			not_assessed		not_assessed	pending	Automated high-recall pre-screen; no evidence tier assigned.
PMID35334816	Higher Serum DHA and Slower Cognitive Decline in Patients with Alzheimer's Disease: Two-Year Follow-Up.	Chu CS	2022	Nutrients	35334816	10.3390/nu14061159	peer_reviewed_or_indexed	PubMed	AD	candidate	requires_full_text_verification	not_confirmed	exclude_title_abstract	genetic_causal_method_not_confirmed	not_assessed			not_assessed		not_assessed	pending	Automated high-recall pre-screen; no evidence tier assigned.
PMID36424608	Health effects of milk consumption: phenome-wide Mendelian randomization study.	Yuan S	2022	BMC medicine	36424608	10.1186/s12916-022-02658-w	peer_reviewed_or_indexed	PubMed	AD	candidate	requires_full_text_verification	candidate	candidate_full_text		not_assessed			not_assessed		not_assessed	pending	Automated high-recall pre-screen; no evidence tier assigned.
PMID34613391	Genome-wide association study of occupational attainment as a proxy for cognitive reserve.	Ko H	2022	Brain : a journal of neurology	34613391	10.1093/brain/awab351	peer_reviewed_or_indexed	PubMed	AD	candidate	requires_full_text_verification	candidate	candidate_full_text		not_assessed			not_assessed		not_assessed	pending	Automated high-recall pre-screen; no evidence tier assigned.
PMID35475137	Genome- and epigenome-wide studies of plasma protein biomarkers for Alzheimer's disease implicate TBCA and TREM2 in disease risk.	Hillary RF	2022	Alzheimer's & dementia (Amsterdam, Netherlands)	35475137	10.1002/dad2.12280	peer_reviewed_or_indexed	PubMed	AD	candidate	requires_full_text_verification	candidate	candidate_full_text		PMC_full_text_cached	exclude_primary	Literature-selected targeted panel, not a first-pass proteome-wide screen.	cached_OA_package	AD_282_targeted_2022	not_independent_replication	full_text_and_supplement_verified	legacy_or_background_only; not_applicable; Literature-selected targeted panel, not a first-pass proteome-wide screen.
DOI_53157e70dfee	Genetics of age-related macular degeneration	Li Weiye	2022	Age-Related Macular Degeneration		10.1016/b978-0-12-822061-0.00001-3	peer_reviewed_or_indexed	CrossRef	AMD	not_confirmed	not_confirmed	not_confirmed	exclude_title_abstract	circulating_or_large_scale_protein_scope_not_confirmed;genetic_causal_method_not_confirmed	not_assessed			not_assessed		not_assessed	pending	Automated high-recall pre-screen; no evidence tier assigned.
PMID36051868	Genetically predicted telomere length and its relationship with neurodegenerative diseases and life expectancy.	Rodríguez-Fernández B	2022	Computational and structural biotechnology journal	36051868	10.1016/j.csbj.2022.08.006	peer_reviewed_or_indexed	PubMed	AD	not_confirmed	not_confirmed	candidate	exclude_title_abstract	circulating_or_large_scale_protein_scope_not_confirmed	not_assessed			not_assessed		not_assessed	pending	Automated high-recall pre-screen; no evidence tier assigned.
PMID35318774	Genetically predicted frailty index and risk of stroke and Alzheimer's disease.	Liu W	2022	European journal of neurology	35318774	10.1111/ene.15332	peer_reviewed_or_indexed	PubMed	AD	candidate	requires_full_text_verification	candidate	candidate_full_text		not_assessed			not_assessed		not_assessed	pending	Automated high-recall pre-screen; no evidence tier assigned.
PMID36158554	Genetically predicted circulating levels of glycine, glutamate, and serotonin in relation to the risks of three major neurodegenerative diseases: A Mendelian randomization analysis.	Li R	2022	Frontiers in aging neuroscience	36158554	10.3389/fnagi.2022.938408	peer_reviewed_or_indexed	PubMed	AD	candidate	requires_full_text_verification	candidate	candidate_full_text		not_assessed			not_assessed		not_assessed	pending	Automated high-recall pre-screen; no evidence tier assigned.
PMID36419459	Genetic predisposition to neurodegenerative diseases and risk of stroke: A Mendelian randomization study.	Li F	2022	Frontiers in neuroscience	36419459	10.3389/fnins.2022.995045	peer_reviewed_or_indexed	PubMed	AD	candidate	requires_full_text_verification	candidate	candidate_full_text		not_assessed			not_assessed		not_assessed	pending	Automated high-recall pre-screen; no evidence tier assigned.
PMID35693873	Evaluating a Causal Relationship between Complement Factor I Protein Level and Advanced Age-Related Macular Degeneration Using Mendelian Randomization.	Jones AV	2022	Ophthalmology science	35693873	10.1016/j.xops.2022.100146	peer_reviewed_or_indexed	PubMed	AMD	candidate	requires_full_text_verification	candidate	candidate_full_text		not_assessed			not_assessed		not_assessed	pending	Automated high-recall pre-screen; no evidence tier assigned.
DOI_e042a80338e2	Epidemiology of age-related macular degeneration	Li Weiye	2022	Age-Related Macular Degeneration		10.1016/b978-0-12-822061-0.00003-7	peer_reviewed_or_indexed	CrossRef	AMD	not_confirmed	not_confirmed	not_confirmed	exclude_title_abstract	circulating_or_large_scale_protein_scope_not_confirmed;genetic_causal_method_not_confirmed	not_assessed			not_assessed		not_assessed	pending	Automated high-recall pre-screen; no evidence tier assigned.
PMID35170158	Emulating a target trial of proton pump inhibitors and dementia risk using claims data.	Ahn N	2022	European journal of neurology	35170158	10.1111/ene.15284	peer_reviewed_or_indexed	PubMed	AD	candidate	requires_full_text_verification	not_confirmed	exclude_title_abstract	genetic_causal_method_not_confirmed	not_assessed			not_assessed		not_assessed	pending	Automated high-recall pre-screen; no evidence tier assigned.
DOI_17d35a53f879	Editor's evaluation: Phenome-wide Mendelian randomization study of plasma triglyceride levels and 2600 disease traits	Liu Nianjun	2022			10.7554/elife.80560.sa0	peer_reviewed_or_indexed	CrossRef	not_confirmed	not_confirmed	not_confirmed	candidate	exclude_title_abstract	disease_scope_not_confirmed;circulating_or_large_scale_protein_scope_not_confirmed	not_assessed			not_assessed		not_assessed	pending	Automated high-recall pre-screen; no evidence tier assigned.
DOI_c43ff3191f96	Editor's evaluation: Phenome-wide Mendelian randomisation analysis identifies causal factors for age-related macular degeneration	Smith Lois EH	2022			10.7554/elife.82546.sa0	peer_reviewed_or_indexed	CrossRef	AMD	not_confirmed	not_confirmed	candidate	manual_review_missing_abstract		not_assessed			not_assessed		not_assessed	pending	Automated high-recall pre-screen; no evidence tier assigned.
PMID36325159	Disentangling Independent and Mediated Causal Relationships Between Blood Metabolites, Cognitive Factors, and Alzheimer's Disease.	Lord J	2022	Biological psychiatry global open science	36325159	10.1016/j.bpsgos.2021.07.010	peer_reviewed_or_indexed	PubMed	AD	candidate	requires_full_text_verification	candidate	candidate_full_text		not_assessed			not_assessed		not_assessed	pending	Automated high-recall pre-screen; no evidence tier assigned.
DOI_0ecf7b60f66a	Diagnosis of age-related macular degeneration	Li Weiye	2022	Age-Related Macular Degeneration		10.1016/b978-0-12-822061-0.00012-8	peer_reviewed_or_indexed	CrossRef	AMD	not_confirmed	not_confirmed	not_confirmed	exclude_title_abstract	circulating_or_large_scale_protein_scope_not_confirmed;genetic_causal_method_not_confirmed	not_assessed			not_assessed		not_assessed	pending	Automated high-recall pre-screen; no evidence tier assigned.
DOI_fd30bc05ebfa	Decision letter: Phenome-wide Mendelian randomization study of plasma triglyceride levels and 2600 disease traits		2022			10.7554/elife.80560.sa1	peer_reviewed_or_indexed	CrossRef	not_confirmed	not_confirmed	not_confirmed	candidate	exclude_title_abstract	disease_scope_not_confirmed;circulating_or_large_scale_protein_scope_not_confirmed	not_assessed			not_assessed		not_assessed	pending	Automated high-recall pre-screen; no evidence tier assigned.
DOI_69016f297e83	Decision letter: Phenome-wide Mendelian randomisation analysis identifies causal factors for age-related macular degeneration		2022			10.7554/elife.82546.sa1	peer_reviewed_or_indexed	CrossRef	AMD	not_confirmed	not_confirmed	candidate	manual_review_missing_abstract		not_assessed			not_assessed		not_assessed	pending	Automated high-recall pre-screen; no evidence tier assigned.
PMID36145186	Comparing the Evidence from Observational Studies and Randomized Controlled Trials for Nonskeletal Health Effects of Vitamin D.	Grant WB	2022	Nutrients	36145186	10.3390/nu14183811	peer_reviewed_or_indexed	PubMed	AD	candidate	requires_full_text_verification	candidate	candidate_full_text		not_assessed			not_assessed		not_assessed	pending	Automated high-recall pre-screen; no evidence tier assigned.
PMID35840796	Cognitive performance protects against Alzheimer's disease independently of educational attainment and intelligence.	Hu Y	2022	Molecular psychiatry	35840796	10.1038/s41380-022-01695-4	peer_reviewed_or_indexed	PubMed	AD	candidate	requires_full_text_verification	not_confirmed	exclude_title_abstract	genetic_causal_method_not_confirmed	not_assessed			not_assessed		not_assessed	pending	Automated high-recall pre-screen; no evidence tier assigned.
DOI_17ddabb7e3b8	Classification of age-related macular degeneration	Li Weiye	2022	Age-Related Macular Degeneration		10.1016/b978-0-12-822061-0.00013-x	peer_reviewed_or_indexed	CrossRef	AMD	not_confirmed	not_confirmed	not_confirmed	exclude_title_abstract	circulating_or_large_scale_protein_scope_not_confirmed;genetic_causal_method_not_confirmed	not_assessed			not_assessed		not_assessed	pending	Automated high-recall pre-screen; no evidence tier assigned.
PMID35847902	Causes of Death Among Prostate Cancer Patients Aged 40 Years and Older in the United States.	Ye Y	2022	Frontiers in oncology	35847902	10.3389/fonc.2022.914875	peer_reviewed_or_indexed	PubMed	AD	candidate	requires_full_text_verification	candidate	candidate_full_text		not_assessed			not_assessed		not_assessed	pending	Automated high-recall pre-screen; no evidence tier assigned.
PMID34797599	Causal effect of insulin resistance on small vessel stroke and Alzheimer's disease: A Mendelian randomization analysis.	Zhou M	2022	European journal of neurology	34797599	10.1111/ene.15190	peer_reviewed_or_indexed	PubMed	AD	candidate	requires_full_text_verification	candidate	candidate_full_text		not_assessed			not_assessed		not_assessed	pending	Automated high-recall pre-screen; no evidence tier assigned.
PMID36570466	Causal association between adiponectin and the risk of Alzheimer's disease: A Mendelian randomization study.	Jin T	2022	Frontiers in neurology	36570466	10.3389/fneur.2022.1038975	peer_reviewed_or_indexed	PubMed	AD	candidate	requires_full_text_verification	candidate	candidate_full_text		not_assessed			not_assessed		not_assessed	pending	Automated high-recall pre-screen; no evidence tier assigned.
PMID35874428	Benzodiazepine use and the risk of dementia.	Joyce G	2022	Alzheimer's & dementia (New York, N. Y.)	35874428	10.1002/trc2.12309	peer_reviewed_or_indexed	PubMed	AD	candidate	requires_full_text_verification	not_confirmed	exclude_title_abstract	genetic_causal_method_not_confirmed	not_assessed			not_assessed		not_assessed	pending	Automated high-recall pre-screen; no evidence tier assigned.
PMID35961107	Association between serum total bilirubin and Alzheimer's disease: A bidirectional Mendelian randomization study.	Wang H	2022	Archives of gerontology and geriatrics	35961107	10.1016/j.archger.2022.104786	peer_reviewed_or_indexed	PubMed	AD	candidate	requires_full_text_verification	candidate	candidate_full_text		not_assessed			not_assessed		not_assessed	pending	Automated high-recall pre-screen; no evidence tier assigned.
PMID35899678	Association between Human Blood Metabolome and the Risk of Alzheimer's Disease.	Sun L	2022	Annals of neurology	35899678	10.1002/ana.26464	peer_reviewed_or_indexed	PubMed	AD	candidate	requires_full_text_verification	candidate	candidate_full_text		not_assessed			not_assessed		not_assessed	pending	Automated high-recall pre-screen; no evidence tier assigned.
PMID34954207	Apolipoprotein E Proteinopathy Is a Major Dementia-Associated Pathologic Biomarker in Individuals with or without the APOE Epsilon 4 Allele.	Gal J	2022	The American journal of pathology	34954207	10.1016/j.ajpath.2021.11.013	peer_reviewed_or_indexed	PubMed	AD	candidate	requires_full_text_verification	not_confirmed	exclude_title_abstract	genetic_causal_method_not_confirmed	not_assessed			not_assessed		not_assessed	pending	Automated high-recall pre-screen; no evidence tier assigned.
PMID37117777	An IL1RL1 genetic variant lowers soluble ST2 levels and the risk effects of APOE-ε4 in female patients with Alzheimer's disease.	Jiang Y	2022	Nature aging	37117777	10.1038/s43587-022-00241-9	peer_reviewed_or_indexed	PubMed	AD	candidate	requires_full_text_verification	candidate	candidate_full_text		not_assessed			not_assessed		not_assessed	pending	Automated high-recall pre-screen; no evidence tier assigned.
PMID35697682	A proteogenomic signature of age-related macular degeneration in blood.	Emilsson V	2022	Nature communications	35697682	10.1038/s41467-022-31085-x	peer_reviewed_or_indexed	PubMed	AMD	candidate	requires_full_text_verification	candidate	candidate_full_text		not_assessed			not_assessed		not_assessed	pending	Automated high-recall pre-screen; no evidence tier assigned.
DOI_49dff2e0f057	44. PROTEOME-WIDE MENDELIAN RANDOMIZATION IDENTIFIES CAUSAL LINKS BETWEEN BLOOD PROTEINS AND ALZHEIMER'S	Palmos Alish	2022	European Neuropsychopharmacology		10.1016/j.euroneuro.2022.07.132	peer_reviewed_or_indexed	CrossRef	AD	candidate	requires_full_text_verification	candidate	candidate_full_text		not_assessed			not_assessed		not_assessed	pending	Automated high-recall pre-screen; no evidence tier assigned.
PMID34060470	Traumatic injury compromises nucleocytoplasmic transport and leads to TDP-43 pathology.	Anderson EN	2021	eLife	34060470	10.7554/elife.67587	peer_reviewed_or_indexed	PubMed	AD	candidate	requires_full_text_verification	not_confirmed	exclude_title_abstract	genetic_causal_method_not_confirmed	not_assessed			not_assessed		not_assessed	pending	Automated high-recall pre-screen; no evidence tier assigned.
PMID34347623	The role of age at menarche and age at menopause in Alzheimer's disease: evidence from a bidirectional mendelian randomization study.	Li M	2021	Aging	34347623	10.18632/aging.203384	peer_reviewed_or_indexed	PubMed	AD	candidate	requires_full_text_verification	candidate	candidate_full_text		not_assessed			not_assessed		not_assessed	pending	Automated high-recall pre-screen; no evidence tier assigned.
PMID34537655	The impact of plasma vitamin C levels on the risk of cardiovascular diseases and Alzheimer's disease: A Mendelian randomization study.	Chen L	2021	Clinical nutrition (Edinburgh, Scotland)	34537655	10.1016/j.clnu.2021.08.020	peer_reviewed_or_indexed	PubMed	AD	candidate	requires_full_text_verification	candidate	candidate_full_text		not_assessed			not_assessed		not_assessed	pending	Automated high-recall pre-screen; no evidence tier assigned.
DOI_ae58c62a4a33	Sleep, pain, and neurodegeneration: A Mendelian randomization study	Grover Sandeep	2021	Frontiers in Neurology		10.1101/2021.03.08.21253133	peer_reviewed_or_indexed	CrossRef	not_confirmed	not_confirmed	not_confirmed	candidate	exclude_title_abstract	disease_scope_not_confirmed;circulating_or_large_scale_protein_scope_not_confirmed	not_assessed			not_assessed		not_assessed	pending	Automated high-recall pre-screen; no evidence tier assigned.
PMID34139283	Similar attention and performance in female and male CD1 mice in the peak procedure.	Eudave-Patiño M	2021	Behavioural processes	34139283	10.1016/j.beproc.2021.104443	peer_reviewed_or_indexed	PubMed	AD	not_confirmed	not_confirmed	not_confirmed	exclude_title_abstract	circulating_or_large_scale_protein_scope_not_confirmed;genetic_causal_method_not_confirmed	not_assessed			not_assessed		not_assessed	pending	Automated high-recall pre-screen; no evidence tier assigned.
PMID34439661	Shared Genetic Background between Parkinson's Disease and Schizophrenia: A Two-Sample Mendelian Randomization Study.	Kim K	2021	Brain sciences	34439661	10.3390/brainsci11081042	peer_reviewed_or_indexed	PubMed	AD	candidate	requires_full_text_verification	candidate	candidate_full_text		not_assessed			not_assessed		not_assessed	pending	Automated high-recall pre-screen; no evidence tier assigned.
PMID33646147	Shared Genetic Background Between Cerebrospinal Fluid Biomarkers and Risk for Alzheimer's Disease: A Two-Sample Mendelian Randomization Study.	Kim S	2021	Journal of Alzheimer's disease : JAD	33646147	10.3233/jad-200671	peer_reviewed_or_indexed	PubMed	AD	candidate	requires_full_text_verification	candidate	candidate_full_text		not_assessed			not_assessed		not_assessed	pending	Automated high-recall pre-screen; no evidence tier assigned.
PMID33846733	Plasma Concentrations of Magnesium and Risk of Dementia: A General Population Study of 102 648 Individuals.	Thomassen JQ	2021	Clinical chemistry	33846733	10.1093/clinchem/hvab041	peer_reviewed_or_indexed	PubMed	AD	candidate	requires_full_text_verification	not_confirmed	exclude_title_abstract	genetic_causal_method_not_confirmed	not_assessed			not_assessed		not_assessed	pending	Automated high-recall pre-screen; no evidence tier assigned.
PMID33410736	Non-benzodiazepine hypnotic use for sleep disturbance in people aged over 55 years living with dementia: a series of cohort studies.	Richardson K	2021	Health technology assessment (Winchester, England)	33410736	10.3310/hta25010	peer_reviewed_or_indexed	PubMed	AD	candidate	requires_full_text_verification	not_confirmed	exclude_title_abstract	genetic_causal_method_not_confirmed	not_assessed			not_assessed		not_assessed	pending	Automated high-recall pre-screen; no evidence tier assigned.
PMID34926091	Non-Cancer Causes of Death in Patients With Pancreatic Adenocarcinoma: A Surveillance, Epidemiology, and End Results (SEER)-Based Study.	Harvitkar RU	2021	Cureus	34926091	10.7759/cureus.20289	peer_reviewed_or_indexed	PubMed	AD	candidate	requires_full_text_verification	candidate	candidate_full_text		not_assessed			not_assessed		not_assessed	pending	Automated high-recall pre-screen; no evidence tier assigned.
PMID34078268	Mendelian randomization studies of brain MRI yield insights into the pathogenesis of neuropsychiatric disorders.	Song W	2021	BMC genomics	34078268	10.1186/s12864-021-07661-8	peer_reviewed_or_indexed	PubMed	AD	candidate	requires_full_text_verification	candidate	candidate_full_text		not_assessed			not_assessed		not_assessed	pending	Automated high-recall pre-screen; no evidence tier assigned.
PMID34617321	Melatonin ameliorates cognitive deficits through improving mitophagy in a mouse model of Alzheimer's disease.	Chen C	2021	Journal of pineal research	34617321	10.1111/jpi.12774	peer_reviewed_or_indexed	PubMed	AD	candidate	requires_full_text_verification	not_confirmed	exclude_title_abstract	genetic_causal_method_not_confirmed	not_assessed			not_assessed		not_assessed	pending	Automated high-recall pre-screen; no evidence tier assigned.
PMID34857772	Mapping the serum proteome to neurological diseases using whole genome sequencing.	Png G	2021	Nature communications	34857772	10.1038/s41467-021-27387-1	peer_reviewed_or_indexed	PubMed	AD	candidate	requires_full_text_verification	candidate	candidate_full_text		not_assessed			not_assessed		not_assessed	pending	Automated high-recall pre-screen; no evidence tier assigned.
PMID34057091	Life Course Adiposity and Alzheimer's Disease: A Mendelian Randomization Study.	Li X	2021	Journal of Alzheimer's disease : JAD	34057091	10.3233/jad-210345	peer_reviewed_or_indexed	PubMed	AD	candidate	requires_full_text_verification	candidate	candidate_full_text		not_assessed			not_assessed		not_assessed	pending	Automated high-recall pre-screen; no evidence tier assigned.
PMID37118015	Large-scale plasma proteomic analysis identifies proteins and pathways associated with dementia risk.	Walker KA	2021	Nature aging	37118015	10.1038/s43587-021-00064-0	peer_reviewed_or_indexed	PubMed	AD	candidate	requires_full_text_verification	candidate	candidate_full_text		PMC_full_text_cached	exclude_primary	The MR set was selected by observational association and is not used to construct the primary literature panel.	OA_package_not_available	AD_observational_then_MR_2023	not_independent_replication	full_text_verified_supplement_unavailable	background_only; not_applicable; The MR set was selected by observational association and is not used to construct the primary literature panel.
PMID33150399	Is disrupted sleep a risk factor for Alzheimer's disease? Evidence from a two-sample Mendelian randomization analysis.	Anderson EL	2021	International journal of epidemiology	33150399	10.1093/ije/dyaa183	peer_reviewed_or_indexed	PubMed	AD	candidate	requires_full_text_verification	candidate	candidate_full_text		not_assessed			not_assessed		not_assessed	pending	Automated high-recall pre-screen; no evidence tier assigned.
PMID34281550	Investigating causal relationships between exposome and human longevity: a Mendelian randomization analysis.	Huang SY	2021	BMC medicine	34281550	10.1186/s12916-021-02030-4	peer_reviewed_or_indexed	PubMed	AD	candidate	requires_full_text_verification	candidate	candidate_full_text		not_assessed			not_assessed		not_assessed	pending	Automated high-recall pre-screen; no evidence tier assigned.
PMID34552934	Interactions and Cytotoxicity of Human Neurodegeneration- Associated Proteins Tau and α-Synuclein in the Simple Model Dictyostelium discoideum.	Mroczek K	2021	Frontiers in cell and developmental biology	34552934	10.3389/fcell.2021.741662	peer_reviewed_or_indexed	PubMed	not_confirmed	candidate	requires_full_text_verification	candidate	exclude_title_abstract	disease_scope_not_confirmed	not_assessed			not_assessed		not_assessed	pending	Automated high-recall pre-screen; no evidence tier assigned.
PMID33510477	Integrating human brain proteomes with genome-wide association data implicates new proteins in Alzheimer's disease pathogenesis.	Wingo AP	2021	Nature genetics	33510477	10.1038/s41588-020-00773-z	peer_reviewed_or_indexed	PubMed	AD	candidate	requires_full_text_verification	candidate	candidate_full_text		not_assessed			not_assessed		not_assessed	pending	Automated high-recall pre-screen; no evidence tier assigned.
PMID34381170	Identification of novel drug targets for Alzheimer's disease by integrating genetics and proteomes from brain and blood.	Ou YN	2021	Molecular psychiatry	34381170	10.1038/s41380-021-01251-6	peer_reviewed_or_indexed	PubMed	AD	candidate	proteome_wide_or_large_scale_verified	verified_genetically_predicted_protein_analysis	candidate_full_text		publisher_full_text_and_supplement_verified	include_layer1_tier2		publisher_supplement_downloaded	AD_PWAS_2021	replication_unclear	full_text_and_source_tables_verified	Brain and blood evidence separated; only circulating-protein rows retained in the A1 source universe.
PMID34560893	Herpesvirus infections and Alzheimer's disease: a Mendelian randomization study.	Huang SY	2021	Alzheimer's research & therapy	34560893	10.1186/s13195-021-00905-5	peer_reviewed_or_indexed	PubMed	AD	candidate	requires_full_text_verification	candidate	candidate_full_text		not_assessed			not_assessed		not_assessed	pending	Automated high-recall pre-screen; no evidence tier assigned.
PMID33139072	Herpes simplex virus and Alzheimer's disease: a Mendelian randomization study.	Kwok MK	2021	Neurobiology of aging	33139072	10.1016/j.neurobiolaging.2020.09.025	peer_reviewed_or_indexed	PubMed	AD	candidate	requires_full_text_verification	candidate	candidate_full_text		not_assessed			not_assessed		not_assessed	pending	Automated high-recall pre-screen; no evidence tier assigned.
PMID34484296	Growth Differentiation Factor 15 Is Associated With Alzheimer's Disease Risk.	Wu PF	2021	Frontiers in genetics	34484296	10.3389/fgene.2021.700371	peer_reviewed_or_indexed	PubMed	AD	candidate	requires_full_text_verification	candidate	candidate_full_text		not_assessed			not_assessed		not_assessed	pending	Automated high-recall pre-screen; no evidence tier assigned.
PMID34239129	Genomic atlas of the proteome from brain, CSF and plasma prioritizes proteins implicated in neurological disorders.	Yang C	2021	Nature neuroscience	34239129	10.1038/s41593-021-00886-6	peer_reviewed_or_indexed	PubMed	AD	candidate	requires_full_text_verification	candidate	candidate_full_text		PMC_full_text_cached	include_external_only		OA_package_failed:HTTPError	AD_multi_tissue_atlas_2021	partially_overlapping	full_text_verified_supplement_unavailable	literature_source_universe_tier2; manual_extraction_required; Eligible large-scale circulating layer, but disease-level supplement was unavailable in this environment.
PMID34532359	Genetically determined low income modifies Alzheimer's disease risk.	Wang RZ	2021	Annals of translational medicine	34532359	10.21037/atm-21-344	peer_reviewed_or_indexed	PubMed	AD	candidate	requires_full_text_verification	candidate	candidate_full_text		not_assessed			not_assessed		not_assessed	pending	Automated high-recall pre-screen; no evidence tier assigned.
PMID33563324	Genetically determined blood pressure, antihypertensive medications, and risk of Alzheimer's disease: a Mendelian randomization study.	Ou YN	2021	Alzheimer's research & therapy	33563324	10.1186/s13195-021-00782-y	peer_reviewed_or_indexed	PubMed	AD	candidate	requires_full_text_verification	candidate	candidate_full_text		not_assessed			not_assessed		not_assessed	pending	Automated high-recall pre-screen; no evidence tier assigned.
PMID33679878	Genetically Predicted Telomere Length and Its Relationship With Alzheimer's Disease.	Yu G	2021	Frontiers in genetics	33679878	10.3389/fgene.2021.595864	peer_reviewed_or_indexed	PubMed	AD	candidate	requires_full_text_verification	candidate	candidate_full_text		not_assessed			not_assessed		not_assessed	pending	Automated high-recall pre-screen; no evidence tier assigned.
PMID35087849	Genetic Predisposition to Low-Density Lipoprotein Cholesterol May Increase Risks of Both Individual and Familial Alzheimer's Disease.	Tan JS	2021	Frontiers in medicine	35087849	10.3389/fmed.2021.798334	peer_reviewed_or_indexed	PubMed	AD	candidate	requires_full_text_verification	candidate	candidate_full_text		not_assessed			not_assessed		not_assessed	pending	Automated high-recall pre-screen; no evidence tier assigned.
PMID33843952	Extension of Mendelian Randomization to Identify Earliest Manifestations of Alzheimer Disease: Association of Genetic Risk Score for Alzheimer Disease With Lower Body Mass Index by Age 50 Years.	Brenowitz WD	2021	American journal of epidemiology	33843952	10.1093/aje/kwab103	peer_reviewed_or_indexed	PubMed	AD	candidate	requires_full_text_verification	candidate	candidate_full_text		not_assessed			not_assessed		not_assessed	pending	Automated high-recall pre-screen; no evidence tier assigned.
PMID33798978	Evaluation relationships between subjective wellbeing, personality traits, and Alzheimer's disease: A two-sample Mendelian randomization study.	Ma YH	2021	Journal of psychiatric research	33798978	10.1016/j.jpsychires.2021.03.033	peer_reviewed_or_indexed	PubMed	AD	candidate	requires_full_text_verification	candidate	candidate_full_text		not_assessed			not_assessed		not_assessed	pending	Automated high-recall pre-screen; no evidence tier assigned.
PMID33226079	Does Prolonged Education Causally Affect Dementia Risk When Adult Socioeconomic Status Is Not Altered? A Swedish Natural Experiment in 1.3 Million Individuals.	Seblova D	2021	American journal of epidemiology	33226079	10.1093/aje/kwaa255	peer_reviewed_or_indexed	PubMed	not_confirmed	candidate	requires_full_text_verification	not_confirmed	exclude_title_abstract	disease_scope_not_confirmed;genetic_causal_method_not_confirmed	not_assessed			not_assessed		not_assessed	pending	Automated high-recall pre-screen; no evidence tier assigned.
PMID33459636	Decoding Causal Links Between Sleep Apnea and Alzheimer's Disease.	Ferini-Strambi L	2021	Journal of Alzheimer's disease : JAD	33459636	10.3233/jad-201066	peer_reviewed_or_indexed	PubMed	AD	candidate	requires_full_text_verification	not_confirmed	exclude_title_abstract	genetic_causal_method_not_confirmed	not_assessed			not_assessed		not_assessed	pending	Automated high-recall pre-screen; no evidence tier assigned.
PMID33421321	Contextualizing single-arm trials with real-world data: An emulated target trial comparing therapies for neovascular age-related macular degeneration.	Thomas DS	2021	Clinical and translational science	33421321	10.1111/cts.12974	peer_reviewed_or_indexed	PubMed	AMD	candidate	requires_full_text_verification	not_confirmed	exclude_title_abstract	genetic_causal_method_not_confirmed	not_assessed			not_assessed		not_assessed	pending	Automated high-recall pre-screen; no evidence tier assigned.
PMID33970767	Cohort profile: four early uranium processing facilities in the US and Canada.	Golden AP	2021	International journal of radiation biology	33970767	10.1080/09553002.2021.1917786	peer_reviewed_or_indexed	PubMed	AD	candidate	requires_full_text_verification	candidate	candidate_full_text		not_assessed			not_assessed		not_assessed	pending	Automated high-recall pre-screen; no evidence tier assigned.
PMID33583389	Cellular and Molecular Mechanisms of Dementia: Decoding the Causal link of Diabetes Mellitus in Alzheimer's Disease.	Rasool M	2021	CNS & neurological disorders drug targets	33583389	10.2174/1871527320666210212114116	peer_reviewed_or_indexed	PubMed	AD	candidate	requires_full_text_verification	not_confirmed	exclude_title_abstract	genetic_causal_method_not_confirmed	not_assessed			not_assessed		not_assessed	pending	Automated high-recall pre-screen; no evidence tier assigned.
PMID33280888	Causal relationships between gut metabolites and Alzheimer's disease: a bidirectional Mendelian randomization study.	Zhuang Z	2021	Neurobiology of aging	33280888	10.1016/j.neurobiolaging.2020.10.022	peer_reviewed_or_indexed	PubMed	AD	candidate	requires_full_text_verification	candidate	candidate_full_text		not_assessed			not_assessed		not_assessed	pending	Automated high-recall pre-screen; no evidence tier assigned.
PMID37954527	Causal AI with Real World Data: Do Statins Protect from Alzheimer's Disease Onset?	Prosperi M	2021	ICMHI 2021 : 2021 5th International Conference on Medical and Health Informatics : May 14-16, 2021, Kyoto, Japan. International Conference on Medical and Health Informatics (5th : 2021 : Online)	37954527	10.1145/3472813.3473206	peer_reviewed_or_indexed	PubMed	AD	candidate	requires_full_text_verification	not_confirmed	exclude_title_abstract	genetic_causal_method_not_confirmed	not_assessed			not_assessed		not_assessed	pending	Automated high-recall pre-screen; no evidence tier assigned.
PMID34298087	Association of clusterin with the BRI2-derived amyloid molecules ABri and ADan.	Rostagno A	2021	Neurobiology of disease	34298087	10.1016/j.nbd.2021.105452	peer_reviewed_or_indexed	PubMed	AD	candidate	requires_full_text_verification	not_confirmed	exclude_title_abstract	genetic_causal_method_not_confirmed	not_assessed			not_assessed		not_assessed	pending	Automated high-recall pre-screen; no evidence tier assigned.
PMID33136766	Association of Risk of Dementia With Direct Oral Anticoagulants Versus Warfarin Use in Patients With Non-valvular Atrial Fibrillation: A Systematic Review and Meta-analysis.	Lee ZX	2021	Journal of cardiovascular pharmacology	33136766	10.1097/fjc.0000000000000925	peer_reviewed_or_indexed	PubMed	AD	candidate	requires_full_text_verification	not_confirmed	exclude_title_abstract	genetic_causal_method_not_confirmed;review_protocol_or_commentary	not_assessed			not_assessed		not_assessed	pending	Automated high-recall pre-screen; no evidence tier assigned.
PMID33515719	Assessment of causal effects of physical activity on neurodegenerative diseases: A Mendelian randomization study.	Wu PF	2021	Journal of sport and health science	33515719	10.1016/j.jshs.2021.01.008	peer_reviewed_or_indexed	PubMed	AD	candidate	requires_full_text_verification	candidate	candidate_full_text		not_assessed			not_assessed		not_assessed	pending	Automated high-recall pre-screen; no evidence tier assigned.
PMID34459398	Assessing Genetic Overlap and Causality Between Blood Plasma Proteins and Alzheimer's Disease.	Handy A	2021	Journal of Alzheimer's disease : JAD	34459398	10.3233/jad-210462	peer_reviewed_or_indexed	PubMed	AD	candidate	requires_full_text_verification	candidate	candidate_full_text		not_assessed			not_assessed		not_assessed	pending	Automated high-recall pre-screen; no evidence tier assigned.
PMID31900758	Using Mendelian randomization to evaluate the causal relationship between serum C-reactive protein levels and age-related macular degeneration.	Han X	2020	European journal of epidemiology	31900758	10.1007/s10654-019-00598-z	peer_reviewed_or_indexed	PubMed	AMD	candidate	requires_full_text_verification	candidate	candidate_full_text		not_assessed			not_assessed		not_assessed	pending	Automated high-recall pre-screen; no evidence tier assigned.
PMID33345186	The genetics of circulating BDNF: towards understanding the role of BDNF in brain structure and function in middle and old ages.	Li S	2020	Brain communications	33345186	10.1093/braincomms/fcaa176	peer_reviewed_or_indexed	PubMed	AD	candidate	requires_full_text_verification	candidate	candidate_full_text		not_assessed			not_assessed		not_assessed	pending	Automated high-recall pre-screen; no evidence tier assigned.
PMID32577828	SFPQ and Tau: critical factors contributing to rapid progression of Alzheimer's disease.	Younas N	2020	Acta neuropathologica	32577828	10.1007/s00401-020-02178-y	peer_reviewed_or_indexed	PubMed	AD	candidate	requires_full_text_verification	candidate	candidate_full_text		not_assessed			not_assessed		not_assessed	pending	Automated high-recall pre-screen; no evidence tier assigned.
PMID31335937	Repurposing antihypertensive drugs for the prevention of Alzheimer's disease: a Mendelian randomization study.	Walker VM	2020	International journal of epidemiology	31335937	10.1093/ije/dyz155	peer_reviewed_or_indexed	PubMed	AD	candidate	requires_full_text_verification	candidate	candidate_full_text		not_assessed			not_assessed		not_assessed	pending	Automated high-recall pre-screen; no evidence tier assigned.
PMID32874532	QT interval prolongation and Torsades de Pointes with donepezil, rivastigmine and galantamine.	Malone K	2020	Therapeutic advances in drug safety	32874532	10.1177/2042098620942416	peer_reviewed_or_indexed	PubMed	AD	candidate	requires_full_text_verification	not_confirmed	exclude_title_abstract	genetic_causal_method_not_confirmed	not_assessed			not_assessed		not_assessed	pending	Automated high-recall pre-screen; no evidence tier assigned.
PMID31676950	Polyunsaturated fatty acids and risk of Alzheimer's disease: a Mendelian randomization study.	Tomata Y	2020	European journal of nutrition	31676950	10.1007/s00394-019-02126-x	peer_reviewed_or_indexed	PubMed	AD	candidate	requires_full_text_verification	candidate	candidate_full_text		not_assessed			not_assessed		not_assessed	pending	Automated high-recall pre-screen; no evidence tier assigned.
PMID32680943	Physical activity and risk of Alzheimer disease: A 2-sample mendelian randomization study.	Baumeister SE	2020	Neurology	32680943	10.1212/wnl.0000000000010013	peer_reviewed_or_indexed	PubMed	AD	candidate	requires_full_text_verification	candidate	candidate_full_text		not_assessed			not_assessed		not_assessed	pending	Automated high-recall pre-screen; no evidence tier assigned.
PMID31806074	Mortality of Alzheimer's Disease Patients: A 10-Year Follow-up Pilot Study in Shanghai.	Zhang YQ	2020	The Canadian journal of neurological sciences. Le journal canadien des sciences neurologiques	31806074	10.1017/cjn.2019.333	peer_reviewed_or_indexed	PubMed	AD	candidate	requires_full_text_verification	candidate	candidate_full_text		not_assessed			not_assessed		not_assessed	pending	Automated high-recall pre-screen; no evidence tier assigned.
PMID31978120	Mixed evidence for the relationship between periodontitis and Alzheimer's disease: A bidirectional Mendelian randomization study.	Sun YQ	2020	PloS one	31978120	10.1371/journal.pone.0228206	peer_reviewed_or_indexed	PubMed	AD	candidate	requires_full_text_verification	candidate	candidate_full_text		not_assessed			not_assessed		not_assessed	pending	Automated high-recall pre-screen; no evidence tier assigned.
PMID32499618	Low vision and the risk of dementia: a nationwide population-based cohort study.	Paik JS	2020	Scientific reports	32499618	10.1038/s41598-020-66002-z	peer_reviewed_or_indexed	PubMed	AD	candidate	requires_full_text_verification	not_confirmed	exclude_title_abstract	genetic_causal_method_not_confirmed	not_assessed			not_assessed		not_assessed	pending	Automated high-recall pre-screen; no evidence tier assigned.
PMID31714636	Lipid lowering and Alzheimer disease risk: A mendelian randomization study.	Williams DM	2020	Annals of neurology	31714636	10.1002/ana.25642	peer_reviewed_or_indexed	PubMed	AD	candidate	requires_full_text_verification	candidate	candidate_full_text		not_assessed			not_assessed		not_assessed	pending	Automated high-recall pre-screen; no evidence tier assigned.
PMID33202379	Glycemic traits and Alzheimer's disease: a Mendelian randomization study.	Pan Y	2020	Aging	33202379	10.18632/aging.103887	peer_reviewed_or_indexed	PubMed	AD	candidate	requires_full_text_verification	candidate	candidate_full_text		not_assessed			not_assessed		not_assessed	pending	Automated high-recall pre-screen; no evidence tier assigned.
PMID32249589	Effect of genetic liability to migraine on cognition and brain volume: A Mendelian randomization study.	Daghlas I	2020	Cephalalgia : an international journal of headache	32249589	10.1177/0333102420916751	peer_reviewed_or_indexed	PubMed	AD	candidate	requires_full_text_verification	candidate	candidate_full_text		not_assessed			not_assessed		not_assessed	pending	Automated high-recall pre-screen; no evidence tier assigned.
PMID32810387	Education, intelligence, and amyotrophic lateral sclerosis: A Mendelian randomization study.	Zhang L	2020	Annals of clinical and translational neurology	32810387	10.1002/acn3.51156	peer_reviewed_or_indexed	PubMed	AD	candidate	requires_full_text_verification	candidate	candidate_full_text		not_assessed			not_assessed		not_assessed	pending	Automated high-recall pre-screen; no evidence tier assigned.
PMID32003800	Education, intelligence and Alzheimer's disease: evidence from a multivariable two-sample Mendelian randomization study.	Anderson EL	2020	International journal of epidemiology	32003800	10.1093/ije/dyz280	peer_reviewed_or_indexed	PubMed	AD	candidate	requires_full_text_verification	candidate	candidate_full_text		not_assessed			not_assessed		not_assessed	pending	Automated high-recall pre-screen; no evidence tier assigned.
PMID32841987	Comparison of Antihypertensive Drug Classes for Dementia Prevention.	Walker VM	2020	Epidemiology (Cambridge, Mass.)	32841987	10.1097/ede.0000000000001245	peer_reviewed_or_indexed	PubMed	AD	candidate	requires_full_text_verification	not_confirmed	exclude_title_abstract	genetic_causal_method_not_confirmed	not_assessed			not_assessed		not_assessed	pending	Automated high-recall pre-screen; no evidence tier assigned.
PMID32413284	Characterizing the Causal Pathway for Genetic Variants Associated with Neurological Phenotypes Using Human Brain-Derived Proteome Data.	Kibinge NK	2020	American journal of human genetics	32413284	10.1016/j.ajhg.2020.04.007	peer_reviewed_or_indexed	PubMed	AD	not_confirmed	not_confirmed	candidate	exclude_title_abstract	circulating_or_large_scale_protein_scope_not_confirmed	not_assessed			not_assessed		not_assessed	pending	Automated high-recall pre-screen; no evidence tier assigned.
PMID32830102	Association of Open-Angle Glaucoma with Non-Alzheimer's Dementia and Cognitive Impairment.	Umunakwe O	2020	Ophthalmology. Glaucoma	32830102	10.1016/j.ogla.2020.06.008	peer_reviewed_or_indexed	PubMed	AD	candidate	requires_full_text_verification	not_confirmed	exclude_title_abstract	genetic_causal_method_not_confirmed	not_assessed			not_assessed		not_assessed	pending	Automated high-recall pre-screen; no evidence tier assigned.
DOI_ec79b6d3988f	Abstract 15554: Mendelian Randomization of 436 Circulating Proteins Identifies Putatively Causal Proteins for Cardiovascular Disease and Its Risk Factors	Yao Chen	2020	Circulation		10.1161/circ.142.suppl_3.15554	peer_reviewed_or_indexed	CrossRef	not_confirmed	candidate	requires_full_text_verification	candidate	exclude_title_abstract	disease_scope_not_confirmed	not_assessed			not_assessed		not_assessed	pending	Automated high-recall pre-screen; no evidence tier assigned.
PMID31062029	The relationship between sleep duration, cognition and dementia: a Mendelian randomization study.	Henry A	2019	International journal of epidemiology	31062029	10.1093/ije/dyz071	peer_reviewed_or_indexed	PubMed	AD	candidate	requires_full_text_verification	candidate	candidate_full_text		not_assessed			not_assessed		not_assessed	pending	Automated high-recall pre-screen; no evidence tier assigned.
PMID31796108	Secernin-1 is a novel phosphorylated tau binding protein that accumulates in Alzheimer's disease and not in other tauopathies.	Pires G	2019	Acta neuropathologica communications	31796108	10.1186/s40478-019-0848-6	peer_reviewed_or_indexed	PubMed	AD	candidate	requires_full_text_verification	not_confirmed	exclude_title_abstract	genetic_causal_method_not_confirmed	not_assessed			not_assessed		not_assessed	pending	Automated high-recall pre-screen; no evidence tier assigned.
DOI_9ffcff7b21a3	Role of educational attainment, cognitive performance and intelligence in neurodegeneration: a bidirectional Mendelian randomization study	Grover Sandeep	2019			10.1101/692855	peer_reviewed_or_indexed	CrossRef	not_confirmed	not_confirmed	not_confirmed	candidate	exclude_title_abstract	disease_scope_not_confirmed;circulating_or_large_scale_protein_scope_not_confirmed	not_assessed			not_assessed		not_assessed	pending	Automated high-recall pre-screen; no evidence tier assigned.
PMID30905725	Refractive Error Has Minimal Influence on the Risk of Age-Related Macular Degeneration: A Mendelian Randomization Study.	Wood A	2019	American journal of ophthalmology	30905725	10.1016/j.ajo.2019.03.018	peer_reviewed_or_indexed	PubMed	AMD	candidate	requires_full_text_verification	candidate	candidate_full_text		not_assessed			not_assessed		not_assessed	pending	Automated high-recall pre-screen; no evidence tier assigned.
PMID30651386	Physical activity, common brain pathologies, and cognition in community-dwelling older adults.	Buchman AS	2019	Neurology	30651386	10.1212/wnl.0000000000006954	peer_reviewed_or_indexed	PubMed	AD	candidate	requires_full_text_verification	not_confirmed	exclude_title_abstract	genetic_causal_method_not_confirmed	not_assessed			not_assessed		not_assessed	pending	Automated high-recall pre-screen; no evidence tier assigned.
PMID31494281	Network-guided analysis of hippocampal proteome identifies novel proteins that colocalize with Aβ in a mice model of early-stage Alzheimer's disease.	Aladeokin AC	2019	Neurobiology of disease	31494281	10.1016/j.nbd.2019.104603	peer_reviewed_or_indexed	PubMed	AD	candidate	requires_full_text_verification	candidate	candidate_full_text		not_assessed			not_assessed		not_assessed	pending	Automated high-recall pre-screen; no evidence tier assigned.
PMID30689583	Long-Term Trazodone Use and Cognition: A Potential Therapeutic Role for Slow-Wave Sleep Enhancers.	La AL	2019	Journal of Alzheimer's disease : JAD	30689583	10.3233/jad-181145	peer_reviewed_or_indexed	PubMed	AD	candidate	requires_full_text_verification	not_confirmed	exclude_title_abstract	genetic_causal_method_not_confirmed	not_assessed			not_assessed		not_assessed	pending	Automated high-recall pre-screen; no evidence tier assigned.
PMID31156167	Leukocyte Telomere Length Shortening and Alzheimer's Disease Etiology.	Guo Y	2019	Journal of Alzheimer's disease : JAD	31156167	10.3233/jad-190134	peer_reviewed_or_indexed	PubMed	AD	candidate	requires_full_text_verification	candidate	candidate_full_text		not_assessed			not_assessed		not_assessed	pending	Automated high-recall pre-screen; no evidence tier assigned.
PMID30578785	Incidence and Risk Factors for Blindness in Adults With Diabetes: The Israeli National Diabetes Registry (INDR).	Lutski M	2019	American journal of ophthalmology	30578785	10.1016/j.ajo.2018.12.008	peer_reviewed_or_indexed	PubMed	AMD	candidate	requires_full_text_verification	candidate	candidate_full_text		not_assessed			not_assessed		not_assessed	pending	Automated high-recall pre-screen; no evidence tier assigned.
PMID30433810	Impaired Lung Function, Lung Disease, and Risk of Incident Dementia.	Lutsey PL	2019	American journal of respiratory and critical care medicine	30433810	10.1164/rccm.201807-1220oc	peer_reviewed_or_indexed	PubMed	AD	candidate	requires_full_text_verification	not_confirmed	exclude_title_abstract	genetic_causal_method_not_confirmed	not_assessed			not_assessed		not_assessed	pending	Automated high-recall pre-screen; no evidence tier assigned.
PMID30863791	Genomic variation in educational attainment modifies Alzheimer disease risk.	Raghavan NS	2019	Neurology. Genetics	30863791	10.1212/nxg.0000000000000310	peer_reviewed_or_indexed	PubMed	AD	candidate	requires_full_text_verification	candidate	candidate_full_text		not_assessed			not_assessed		not_assessed	pending	Automated high-recall pre-screen; no evidence tier assigned.
PMID31495601	Discovery and validation of plasma proteomic biomarkers relating to brain amyloid burden by SOMAscan assay.	Shi L	2019	Alzheimer's & dementia : the journal of the Alzheimer's Association	31495601	10.1016/j.jalz.2019.06.4951	peer_reviewed_or_indexed	PubMed	AD	candidate	requires_full_text_verification	candidate	candidate_full_text		not_assessed			not_assessed		not_assessed	pending	Automated high-recall pre-screen; no evidence tier assigned.
DOI_0b9dc683f3fc	Circulating glutamine and Alzheimer’s disease: a Mendelian randomization study	Adams Charleen D.	2019			10.1101/819029	peer_reviewed_or_indexed	CrossRef	AD	not_confirmed	not_confirmed	candidate	manual_review_missing_abstract		not_assessed			not_assessed		not_assessed	pending	Automated high-recall pre-screen; no evidence tier assigned.
PMID31486068	Can Hearing Aids Delay Time to Diagnosis of Dementia, Depression, or Falls in Older Adults?	Mahmoudi E	2019	Journal of the American Geriatrics Society	31486068	10.1111/jgs.16109	peer_reviewed_or_indexed	PubMed	AD	candidate	requires_full_text_verification	not_confirmed	exclude_title_abstract	genetic_causal_method_not_confirmed	not_assessed			not_assessed		not_assessed	pending	Automated high-recall pre-screen; no evidence tier assigned.
PMID31649504	Body Shape and Alzheimer's Disease: A Mendelian Randomization Analysis.	Zhou Y	2019	Frontiers in neuroscience	31649504	10.3389/fnins.2019.01084	peer_reviewed_or_indexed	PubMed	AD	candidate	requires_full_text_verification	candidate	candidate_full_text		not_assessed			not_assessed		not_assessed	pending	Automated high-recall pre-screen; no evidence tier assigned.
DOI_9a9432e263a8	Bidirectional Mendelian randomization analysis of shared genetic signals between coexisting neurodegenerative disorders to decipher underlying causal pathways	Grover Sandeep	2019			10.1101/692921	peer_reviewed_or_indexed	CrossRef	not_confirmed	not_confirmed	not_confirmed	candidate	exclude_title_abstract	disease_scope_not_confirmed;circulating_or_large_scale_protein_scope_not_confirmed	not_assessed			not_assessed		not_assessed	pending	Automated high-recall pre-screen; no evidence tier assigned.
DOI_1b74878f7c36	Bi-directional Mendelian randomization of epithelial ovarian cancer and schizophrenia and uni-directional Mendelian randomization of schizophrenia on circulating glycerophosphocholine metabolites	Adams Charleen D.	2019			10.1101/655894	peer_reviewed_or_indexed	CrossRef	not_confirmed	not_confirmed	not_confirmed	candidate	exclude_title_abstract	disease_scope_not_confirmed;circulating_or_large_scale_protein_scope_not_confirmed	not_assessed			not_assessed		not_assessed	pending	Automated high-recall pre-screen; no evidence tier assigned.
PMID31342005	Association between blood lead level and subsequent Alzheimer's disease mortality.	Horton CJ	2019	Environmental epidemiology (Philadelphia, Pa.)	31342005	10.1097/ee9.0000000000000045	peer_reviewed_or_indexed	PubMed	AD	candidate	requires_full_text_verification	not_confirmed	exclude_title_abstract	genetic_causal_method_not_confirmed	not_assessed			not_assessed		not_assessed	pending	Automated high-recall pre-screen; no evidence tier assigned.
PMID31390497	Anticholinergic Drug Exposure and the Risk of Dementia: There Is Modest Evidence for an Association but Not for Causality.	Andrade C	2019	The Journal of clinical psychiatry	31390497	10.4088/jcp.19f13000	peer_reviewed_or_indexed	PubMed	AD	candidate	requires_full_text_verification	not_confirmed	exclude_title_abstract	genetic_causal_method_not_confirmed	not_assessed			not_assessed		not_assessed	pending	Automated high-recall pre-screen; no evidence tier assigned.
PMID29505811	Genetically elevated gamma-glutamyltransferase and Alzheimer's disease.	Kunutsor SK	2018	Experimental gerontology	29505811	10.1016/j.exger.2018.03.001	peer_reviewed_or_indexed	PubMed	AD	candidate	requires_full_text_verification	candidate	candidate_full_text		not_assessed			not_assessed		not_assessed	pending	Automated high-recall pre-screen; no evidence tier assigned.
PMID30149453	Genetically Determined Serum Uric Acid and Alzheimer's Disease Risk.	Yuan H	2018	Journal of Alzheimer's disease : JAD	30149453	10.3233/jad-180538	peer_reviewed_or_indexed	PubMed	AD	candidate	requires_full_text_verification	candidate	candidate_full_text		not_assessed			not_assessed		not_assessed	pending	Automated high-recall pre-screen; no evidence tier assigned.
PMID29556090	Cognitive Function and Ophthalmological Diseases: The Beijing Eye Study.	Jonas JB	2018	Scientific reports	29556090	10.1038/s41598-018-23314-5	peer_reviewed_or_indexed	PubMed	AMD	candidate	requires_full_text_verification	not_confirmed	exclude_title_abstract	genetic_causal_method_not_confirmed	not_assessed			not_assessed		not_assessed	pending	Automated high-recall pre-screen; no evidence tier assigned.
PMID30174138	Circulating vitamin E levels and Alzheimer's disease: a Mendelian randomization study.	Liu G	2018	Neurobiology of aging	30174138	10.1016/j.neurobiolaging.2018.08.008	peer_reviewed_or_indexed	PubMed	AD	candidate	requires_full_text_verification	candidate	candidate_full_text		not_assessed			not_assessed		not_assessed	pending	Automated high-recall pre-screen; no evidence tier assigned.
PMID29282328	Circulating insulin-like growth factors and Alzheimer disease: A mendelian randomization study.	Williams DM	2018	Neurology	29282328	10.1212/wnl.0000000000004854	peer_reviewed_or_indexed	PubMed	AD	candidate	requires_full_text_verification	candidate	candidate_full_text		not_assessed			not_assessed		not_assessed	pending	Automated high-recall pre-screen; no evidence tier assigned.
PMID29786830	Blue-light filtering intraocular lenses (IOLs) for protecting macular health.	Downie LE	2018	The Cochrane database of systematic reviews	29786830	10.1002/14651858.cd011977.pub2	peer_reviewed_or_indexed	PubMed	AMD	candidate	requires_full_text_verification	not_confirmed	exclude_title_abstract	genetic_causal_method_not_confirmed	not_assessed			not_assessed		not_assessed	pending	Automated high-recall pre-screen; no evidence tier assigned.
PMID29897947	Association between air pollution from residential wood burning and dementia incidence in a longitudinal study in Northern Sweden.	Oudin A	2018	PloS one	29897947	10.1371/journal.pone.0198283	peer_reviewed_or_indexed	PubMed	AD	candidate	requires_full_text_verification	not_confirmed	exclude_title_abstract	genetic_causal_method_not_confirmed	not_assessed			not_assessed		not_assessed	pending	Automated high-recall pre-screen; no evidence tier assigned.
PMID30243924	An updated Alzheimer hypothesis: Complement C3 and risk of Alzheimer's disease-A cohort study of 95,442 individuals.	Rasmussen KL	2018	Alzheimer's & dementia : the journal of the Alzheimer's Association	30243924	10.1016/j.jalz.2018.07.223	peer_reviewed_or_indexed	PubMed	AD	candidate	requires_full_text_verification	candidate	candidate_full_text		not_assessed			not_assessed		not_assessed	pending	Automated high-recall pre-screen; no evidence tier assigned.
PMID27599208	Systematic evaluation of the associations between environmental risk factors and dementia: An umbrella review of systematic reviews and meta-analyses.	Bellou V	2017	Alzheimer's & dementia : the journal of the Alzheimer's Association	27599208	10.1016/j.jalz.2016.07.152	peer_reviewed_or_indexed	PubMed	AD	candidate	requires_full_text_verification	not_confirmed	exclude_title_abstract	genetic_causal_method_not_confirmed;review_protocol_or_commentary	not_assessed			not_assessed		not_assessed	pending	Automated high-recall pre-screen; no evidence tier assigned.
PMID28287849	Survival Bias When Assessing Risk Factors for Age-Related Macular Degeneration: A Tutorial with Application to the Exposure of Smoking.	McGuinness MB	2017	Ophthalmic epidemiology	28287849	10.1080/09286586.2016.1276934	peer_reviewed_or_indexed	PubMed	AMD	candidate	requires_full_text_verification	not_confirmed	exclude_title_abstract	genetic_causal_method_not_confirmed	not_assessed			not_assessed		not_assessed	pending	Automated high-recall pre-screen; no evidence tier assigned.
PMID29212772	Modifiable pathways in Alzheimer's disease: Mendelian randomisation analysis.	Larsson SC	2017	BMJ (Clinical research ed.)	29212772	10.1136/bmj.j5375	peer_reviewed_or_indexed	PubMed	AD	candidate	requires_full_text_verification	candidate	candidate_full_text		not_assessed			not_assessed		not_assessed	pending	Automated high-recall pre-screen; no evidence tier assigned.
PMID28456421	Mendelian Randomization Implicates High-Density Lipoprotein Cholesterol-Associated Mechanisms in Etiology of Age-Related Macular Degeneration.	Burgess S	2017	Ophthalmology	28456421	10.1016/j.ophtha.2017.03.042	peer_reviewed_or_indexed	CrossRef;PubMed	AD;AMD	candidate	requires_full_text_verification	candidate	candidate_full_text		not_assessed			not_assessed		not_assessed	pending	Automated high-recall pre-screen; no evidence tier assigned.
PMID28438747	Low LDL cholesterol, PCSK9 and HMGCR genetic variation, and risk of Alzheimer's disease and Parkinson's disease: Mendelian randomisation study.	Benn M	2017	BMJ (Clinical research ed.)	28438747	10.1136/bmj.j1648	peer_reviewed_or_indexed	PubMed	AD	candidate	requires_full_text_verification	candidate	candidate_full_text		not_assessed			not_assessed		not_assessed	pending	Automated high-recall pre-screen; no evidence tier assigned.
PMID29025108	HDL-cholesterol levels and risk of age-related macular degeneration: a multiethnic genetic study using Mendelian randomization.	Fan Q	2017	International journal of epidemiology	29025108	10.1093/ije/dyx189	peer_reviewed_or_indexed	PubMed	AMD	candidate	requires_full_text_verification	candidate	candidate_full_text		not_assessed			not_assessed		not_assessed	pending	Automated high-recall pre-screen; no evidence tier assigned.
PMID28035933	Frontal Lobe Function Correlates with One-Year Incidence of Urinary Incontinence in Elderly with Alzheimer Disease.	Sugimoto T	2017	Journal of Alzheimer's disease : JAD	28035933	10.3233/jad-160923	peer_reviewed_or_indexed	PubMed	AD	candidate	requires_full_text_verification	not_confirmed	exclude_title_abstract	genetic_causal_method_not_confirmed	not_assessed			not_assessed		not_assessed	pending	Automated high-recall pre-screen; no evidence tier assigned.
PMID28263191	Coronary Artery Bypass Graft Surgery and Dementia Risk in the Cardiovascular Health Study.	Kuźma E	2017	Alzheimer disease and associated disorders	28263191	10.1097/wad.0000000000000191	peer_reviewed_or_indexed	PubMed	AD	candidate	requires_full_text_verification	not_confirmed	exclude_title_abstract	genetic_causal_method_not_confirmed	not_assessed			not_assessed		not_assessed	pending	Automated high-recall pre-screen; no evidence tier assigned.
PMID28609829	Body Mass Index and Risk of Alzheimer's Disease: A Mendelian Randomization Study of 399,536 Individuals.	Nordestgaard LT	2017	The Journal of clinical endocrinology and metabolism	28609829	10.1210/jc.2017-00195	peer_reviewed_or_indexed	PubMed	AD	candidate	requires_full_text_verification	candidate	candidate_full_text		not_assessed			not_assessed		not_assessed	pending	Automated high-recall pre-screen; no evidence tier assigned.
PMID28029444	Associations between Serum Vitamin D and Genetic Variants in Vitamin D Pathways and Age-Related Macular Degeneration in the European Eye Study.	McKay GJ	2017	Ophthalmology	28029444	10.1016/j.ophtha.2016.09.007	peer_reviewed_or_indexed	PubMed	AMD	candidate	requires_full_text_verification	not_confirmed	exclude_title_abstract	genetic_causal_method_not_confirmed	not_assessed			not_assessed		not_assessed	pending	Automated high-recall pre-screen; no evidence tier assigned.
PMID27448508	Proteins that mediate protein aggregation and cytotoxicity distinguish Alzheimer's hippocampus from normal controls.	Ayyadevara S	2016	Aging cell	27448508	10.1111/acel.12501	peer_reviewed_or_indexed	PubMed	AD	candidate	requires_full_text_verification	not_confirmed	exclude_title_abstract	genetic_causal_method_not_confirmed	not_assessed			not_assessed		not_assessed	pending	Automated high-recall pre-screen; no evidence tier assigned.
PMID27581992	Pesticide exposure and risk of Alzheimer's disease: a systematic review and meta-analysis.	Yan D	2016	Scientific reports	27581992	10.1038/srep32222	peer_reviewed_or_indexed	PubMed	AD	candidate	requires_full_text_verification	not_confirmed	exclude_title_abstract	genetic_causal_method_not_confirmed;review_protocol_or_commentary	not_assessed			not_assessed		not_assessed	pending	Automated high-recall pre-screen; no evidence tier assigned.
PMID27164657	Multimorbidity and neuroimaging biomarkers among cognitively normal persons.	Vassilaki M	2016	Neurology	27164657	10.1212/wnl.0000000000002624	peer_reviewed_or_indexed	PubMed	AD	candidate	requires_full_text_verification	not_confirmed	exclude_title_abstract	genetic_causal_method_not_confirmed	not_assessed			not_assessed		not_assessed	pending	Automated high-recall pre-screen; no evidence tier assigned.
PMID27294413	Human genome meeting 2016 : Houston, TX, USA. 28 February - 2 March 2016.	Srivastava AK	2016	Human genomics	27294413	10.1186/s40246-016-0063-5	peer_reviewed_or_indexed	PubMed	AD	candidate	requires_full_text_verification	not_confirmed	exclude_title_abstract	genetic_causal_method_not_confirmed	not_assessed			not_assessed		not_assessed	pending	Automated high-recall pre-screen; no evidence tier assigned.
PMID27845333	Habitual coffee consumption and risk of type 2 diabetes, ischemic heart disease, depression and Alzheimer's disease: a Mendelian randomization study.	Kwok MK	2016	Scientific reports	27845333	10.1038/srep36500	peer_reviewed_or_indexed	PubMed	AD	candidate	requires_full_text_verification	candidate	candidate_full_text		not_assessed			not_assessed		not_assessed	pending	Automated high-recall pre-screen; no evidence tier assigned.
PMID27856775	Genetically decreased vitamin D and risk of Alzheimer disease.	Mokry LE	2016	Neurology	27856775	10.1212/wnl.0000000000003430	peer_reviewed_or_indexed	PubMed	AD	candidate	requires_full_text_verification	candidate	candidate_full_text		not_assessed			not_assessed		not_assessed	pending	Automated high-recall pre-screen; no evidence tier assigned.
PMID26650880	Diabetic Phenotypes and Late-Life Dementia Risk: A Mechanism-specific Mendelian Randomization Study.	Walter S	2016	Alzheimer disease and associated disorders	26650880	10.1097/wad.0000000000000128	peer_reviewed_or_indexed	PubMed	AD	candidate	requires_full_text_verification	candidate	candidate_full_text		not_assessed			not_assessed		not_assessed	pending	Automated high-recall pre-screen; no evidence tier assigned.
PMID27138080	Determining Whether a Definitive Causal Relationship Exists Between Aripiprazole and Tardive Dyskinesia and/or Dystonia in Patients With Major Depressive Disorder, Part 3: Clinical Trial Data.	Preskorn SH	2016	Journal of psychiatric practice	27138080	10.1097/pra.0000000000000145	peer_reviewed_or_indexed	PubMed	AD	candidate	requires_full_text_verification	not_confirmed	exclude_title_abstract	genetic_causal_method_not_confirmed	not_assessed			not_assessed		not_assessed	pending	Automated high-recall pre-screen; no evidence tier assigned.
PMID26837813	Benzodiazepine use and risk of incident dementia or cognitive decline: prospective population based study.	Gray SL	2016	BMJ (Clinical research ed.)	26837813	10.1136/bmj.i90	peer_reviewed_or_indexed	PubMed	AD	candidate	requires_full_text_verification	not_confirmed	exclude_title_abstract	genetic_causal_method_not_confirmed	not_assessed			not_assessed		not_assessed	pending	Automated high-recall pre-screen; no evidence tier assigned.
PMID26619808	APOE*E2 allele delays age of onset in PSEN1 E280A Alzheimer's disease.	Vélez JI	2016	Molecular psychiatry	26619808	10.1038/mp.2015.177	peer_reviewed_or_indexed	PubMed	AD	candidate	requires_full_text_verification	not_confirmed	exclude_title_abstract	genetic_causal_method_not_confirmed	not_assessed			not_assessed		not_assessed	pending	Automated high-recall pre-screen; no evidence tier assigned.
PMID25753471	Increased cortical synaptic activation of TrkB and downstream signaling markers in a mouse model of Down Syndrome.	Nosheny RL	2015	Neurobiology of disease	25753471	10.1016/j.nbd.2015.02.022	peer_reviewed_or_indexed	PubMed	AD	candidate	requires_full_text_verification	candidate	candidate_full_text		not_assessed			not_assessed		not_assessed	pending	Automated high-recall pre-screen; no evidence tier assigned.
PMID25442115	Functional complementation in Drosophila to predict the pathogenicity of TARDBP variants: evidence for a loss-of-function mechanism.	Vanden Broeck L	2015	Neurobiology of aging	25442115	10.1016/j.neurobiolaging.2014.09.001	peer_reviewed_or_indexed	PubMed	AD	candidate	requires_full_text_verification	not_confirmed	exclude_title_abstract	genetic_causal_method_not_confirmed	not_assessed			not_assessed		not_assessed	pending	Automated high-recall pre-screen; no evidence tier assigned.
PMID26119087	Dickkopf-related protein 3 is a potential Aβ-associated protein in Alzheimer's Disease.	Bruggink KA	2015	Journal of neurochemistry	26119087	10.1111/jnc.13216	peer_reviewed_or_indexed	PubMed	AD	candidate	requires_full_text_verification	not_confirmed	exclude_title_abstract	genetic_causal_method_not_confirmed	not_assessed			not_assessed		not_assessed	pending	Automated high-recall pre-screen; no evidence tier assigned.
PMID25362033	Association between tooth loss and the development of mild memory impairment in the elderly: the Fujiwara-kyo Study.	Okamoto N	2015	Journal of Alzheimer's disease : JAD	25362033	10.3233/jad-141665	peer_reviewed_or_indexed	PubMed	not_confirmed	candidate	requires_full_text_verification	not_confirmed	exclude_title_abstract	disease_scope_not_confirmed;genetic_causal_method_not_confirmed	not_assessed			not_assessed		not_assessed	pending	Automated high-recall pre-screen; no evidence tier assigned.
PMID24791704	Older age at retirement is associated with decreased risk of dementia.	Dufouil C	2014	European journal of epidemiology	24791704	10.1007/s10654-014-9906-3	peer_reviewed_or_indexed	PubMed	AD	candidate	requires_full_text_verification	not_confirmed	exclude_title_abstract	genetic_causal_method_not_confirmed	not_assessed			not_assessed		not_assessed	pending	Automated high-recall pre-screen; no evidence tier assigned.
PMID25084705	Cause-specific mortality among people previously hospitalized with opioid-related conditions: a retrospective cohort study.	Veldhuizen S	2014	Annals of epidemiology	25084705	10.1016/j.annepidem.2014.06.001	peer_reviewed_or_indexed	PubMed	AD	candidate	requires_full_text_verification	candidate	candidate_full_text		not_assessed			not_assessed		not_assessed	pending	Automated high-recall pre-screen; no evidence tier assigned.
PMID25563673	Application of quantitative trait locus mapping and transcriptomics to studies of the senescence-accelerated phenotype in rats.	Korbolina EE	2014	BMC genomics	25563673	10.1186/1471-2164-15-s12-s3	peer_reviewed_or_indexed	PubMed	AMD	candidate	requires_full_text_verification	not_confirmed	exclude_title_abstract	genetic_causal_method_not_confirmed	not_assessed			not_assessed		not_assessed	pending	Automated high-recall pre-screen; no evidence tier assigned.
PMID23587978	Measuring postural-related changes of spontaneous baroreflex sensitivity after repeated long-duration diving: frequency domain approaches.	Faes L	2013	Autonomic neuroscience : basic & clinical	23587978	10.1016/j.autneu.2013.03.006	peer_reviewed_or_indexed	PubMed	not_confirmed	candidate	requires_full_text_verification	not_confirmed	exclude_title_abstract	disease_scope_not_confirmed;genetic_causal_method_not_confirmed	not_assessed			not_assessed		not_assessed	pending	Automated high-recall pre-screen; no evidence tier assigned.
PMID23332671	Long-term associations between cholinesterase inhibitors and memantine use and health outcomes among patients with Alzheimer's disease.	Zhu CW	2013	Alzheimer's & dementia : the journal of the Alzheimer's Association	23332671	10.1016/j.jalz.2012.09.015	peer_reviewed_or_indexed	PubMed	AD	candidate	requires_full_text_verification	not_confirmed	exclude_title_abstract	genetic_causal_method_not_confirmed	not_assessed			not_assessed		not_assessed	pending	Automated high-recall pre-screen; no evidence tier assigned.
PMID23485813	Cellular and ultra structural evidence for cytoskeletal localization of prolyl endopeptidase-like protein in neurons.	Morawski M	2013	Neuroscience	23485813	10.1016/j.neuroscience.2013.02.038	peer_reviewed_or_indexed	PubMed	AD	candidate	requires_full_text_verification	not_confirmed	exclude_title_abstract	genetic_causal_method_not_confirmed	not_assessed			not_assessed		not_assessed	pending	Automated high-recall pre-screen; no evidence tier assigned.
PMID23260260	Associations of the C2-CFB-RDBP-SKIV2L locus with age-related macular degeneration and polypoidal choroidal vasculopathy.	Liu K	2013	Ophthalmology	23260260	10.1016/j.ophtha.2012.10.003	peer_reviewed_or_indexed	PubMed	AMD	candidate	requires_full_text_verification	not_confirmed	exclude_title_abstract	genetic_causal_method_not_confirmed	not_assessed			not_assessed		not_assessed	pending	Automated high-recall pre-screen; no evidence tier assigned.
PMID23922956	Association between CFH Y402H polymorphism and age related macular degeneration in North Indian cohort.	Sharma NK	2013	PloS one	23922956	10.1371/journal.pone.0070193	peer_reviewed_or_indexed	PubMed	AMD	candidate	requires_full_text_verification	candidate	candidate_full_text		not_assessed			not_assessed		not_assessed	pending	Automated high-recall pre-screen; no evidence tier assigned.
DOI_11c67064b249	Radiation therapy for age-related macular degeneration		2012	Age-Related Macular Degeneration		10.1201/b14548-25	peer_reviewed_or_indexed	CrossRef	AMD	not_confirmed	not_confirmed	not_confirmed	exclude_title_abstract	circulating_or_large_scale_protein_scope_not_confirmed;genetic_causal_method_not_confirmed	not_assessed			not_assessed		not_assessed	pending	Automated high-recall pre-screen; no evidence tier assigned.
DOI_4b7aff73823d	Photodynamic therapy for neovascular age-related macular degeneration		2012	Age-Related Macular Degeneration		10.1201/b14548-27	peer_reviewed_or_indexed	CrossRef	AMD	not_confirmed	not_confirmed	not_confirmed	exclude_title_abstract	circulating_or_large_scale_protein_scope_not_confirmed;genetic_causal_method_not_confirmed	not_assessed			not_assessed		not_assessed	pending	Automated high-recall pre-screen; no evidence tier assigned.
DOI_e7289fbd73a6	Non-neovascular age-related macular degeneration		2012	Age-Related Macular Degeneration		10.1201/b14548-12	peer_reviewed_or_indexed	CrossRef	AMD	not_confirmed	not_confirmed	not_confirmed	exclude_title_abstract	circulating_or_large_scale_protein_scope_not_confirmed;genetic_causal_method_not_confirmed	not_assessed			not_assessed		not_assessed	pending	Automated high-recall pre-screen; no evidence tier assigned.
PMID22955124	Neurodegenerative causes of death among retired National Football League players.	Lehman EJ	2012	Neurology	22955124	10.1212/wnl.0b013e31826daf50	peer_reviewed_or_indexed	PubMed	AD	candidate	requires_full_text_verification	candidate	candidate_full_text		not_assessed			not_assessed		not_assessed	pending	Automated high-recall pre-screen; no evidence tier assigned.
DOI_50431f92028a	Neovascular age-related macular degeneration		2012	Age-Related Macular Degeneration		10.1201/b14548-13	peer_reviewed_or_indexed	CrossRef	AMD	not_confirmed	not_confirmed	not_confirmed	exclude_title_abstract	circulating_or_large_scale_protein_scope_not_confirmed;genetic_causal_method_not_confirmed	not_assessed			not_assessed		not_assessed	pending	Automated high-recall pre-screen; no evidence tier assigned.
DOI_e1475932732b	Histopathology of age-related macular degeneration		2012	Age-Related Macular Degeneration		10.1201/b14548-5	peer_reviewed_or_indexed	CrossRef	AMD	not_confirmed	not_confirmed	not_confirmed	exclude_title_abstract	circulating_or_large_scale_protein_scope_not_confirmed;genetic_causal_method_not_confirmed	not_assessed			not_assessed		not_assessed	pending	Automated high-recall pre-screen; no evidence tier assigned.
PMID22694956	Genome-wide association study of age-related macular degeneration identifies associated variants in the TNXB-FKBPL-NOTCH4 region of chromosome 6p21.3.	Cipriani V	2012	Human molecular genetics	22694956	10.1093/hmg/dds225	peer_reviewed_or_indexed	PubMed	AMD	candidate	requires_full_text_verification	not_confirmed	exclude_title_abstract	genetic_causal_method_not_confirmed	not_assessed			not_assessed		not_assessed	pending	Automated high-recall pre-screen; no evidence tier assigned.
DOI_4ee9ba76b824	Genetics of age-related macular degeneration		2012	Age-Related Macular Degeneration		10.1201/b14548-7	peer_reviewed_or_indexed	CrossRef	AMD	not_confirmed	not_confirmed	not_confirmed	exclude_title_abstract	circulating_or_large_scale_protein_scope_not_confirmed;genetic_causal_method_not_confirmed	not_assessed			not_assessed		not_assessed	pending	Automated high-recall pre-screen; no evidence tier assigned.
DOI_13a7b0755e94	Fundus autoﬂ uorescence imaging in age-related macular degeneration		2012	Age-Related Macular Degeneration		10.1201/b14548-20	peer_reviewed_or_indexed	CrossRef	AMD	not_confirmed	not_confirmed	not_confirmed	exclude_title_abstract	circulating_or_large_scale_protein_scope_not_confirmed;genetic_causal_method_not_confirmed	not_assessed			not_assessed		not_assessed	pending	Automated high-recall pre-screen; no evidence tier assigned.
DOI_1ac955bc11d7	Combination therapy for age-related macular degeneration		2012	Age-Related Macular Degeneration		10.1201/b14548-26	peer_reviewed_or_indexed	CrossRef	AMD	not_confirmed	not_confirmed	not_confirmed	exclude_title_abstract	circulating_or_large_scale_protein_scope_not_confirmed;genetic_causal_method_not_confirmed	not_assessed			not_assessed		not_assessed	pending	Automated high-recall pre-screen; no evidence tier assigned.
DOI_142a9b6e0eb0	Cellular transplantation for advanced age-related macular degeneration		2012	Age-Related Macular Degeneration		10.1201/b14548-32	peer_reviewed_or_indexed	CrossRef	AMD	not_confirmed	not_confirmed	not_confirmed	exclude_title_abstract	circulating_or_large_scale_protein_scope_not_confirmed;genetic_causal_method_not_confirmed	not_assessed			not_assessed		not_assessed	pending	Automated high-recall pre-screen; no evidence tier assigned.
PMID21705906	The association between blood pressure and incident Alzheimer disease: a systematic review and meta-analysis.	Power MC	2011	Epidemiology (Cambridge, Mass.)	21705906	10.1097/ede.0b013e31822708b5	peer_reviewed_or_indexed	PubMed	AD	candidate	requires_full_text_verification	not_confirmed	exclude_title_abstract	genetic_causal_method_not_confirmed;review_protocol_or_commentary	not_assessed			not_assessed		not_assessed	pending	Automated high-recall pre-screen; no evidence tier assigned.
PMID21142375	The adaptation dynamics of chronic functional impairment: what we can learn from older adults with vision loss.	Schilling OK	2011	Psychology and aging	21142375	10.1037/a0021127	peer_reviewed_or_indexed	PubMed	AMD	candidate	requires_full_text_verification	not_confirmed	exclude_title_abstract	genetic_causal_method_not_confirmed	not_assessed			not_assessed		not_assessed	pending	Automated high-recall pre-screen; no evidence tier assigned.
PMID21339308	Kidney function, albuminuria and age-related macular degeneration in NHANES III.	Weiner DE	2011	Nephrology, dialysis, transplantation : official publication of the European Dialysis and Transplant Association - European Renal Association	21339308	10.1093/ndt/gfr022	peer_reviewed_or_indexed	PubMed	AMD	candidate	requires_full_text_verification	not_confirmed	exclude_title_abstract	genetic_causal_method_not_confirmed	not_assessed			not_assessed		not_assessed	pending	Automated high-recall pre-screen; no evidence tier assigned.
PMID21705865	Is high homocysteine level a risk factor for cognitive decline in elderly? A systematic review, meta-analysis, and meta-regression.	Ho RC	2011	The American journal of geriatric psychiatry : official journal of the American Association for Geriatric Psychiatry	21705865	10.1097/jgp.0b013e3181f17eed	peer_reviewed_or_indexed	PubMed	AD	candidate	requires_full_text_verification	not_confirmed	exclude_title_abstract	genetic_causal_method_not_confirmed;review_protocol_or_commentary	not_assessed			not_assessed		not_assessed	pending	Automated high-recall pre-screen; no evidence tier assigned.
PMID20205790	Extensive proteomic screening identifies the obesity-related NYGGF4 protein as a novel LRP1-interactor, showing reduced expression in early Alzheimer's disease.	Kajiwara Y	2010	Molecular neurodegeneration	20205790	10.1186/1750-1326-5-1	peer_reviewed_or_indexed	PubMed	AD	candidate	requires_full_text_verification	candidate	candidate_full_text		not_assessed			not_assessed		not_assessed	pending	Automated high-recall pre-screen; no evidence tier assigned.
PMID19860996	Differential effects of dietary fatty acids on the cerebral distribution of plasma-derived apo B lipoproteins with amyloid-beta.	Takechi R	2010	The British journal of nutrition	19860996	10.1017/s0007114509992194	peer_reviewed_or_indexed	PubMed	AD	candidate	requires_full_text_verification	not_confirmed	exclude_title_abstract	genetic_causal_method_not_confirmed	not_assessed			not_assessed		not_assessed	pending	Automated high-recall pre-screen; no evidence tier assigned.
PMID20220586	Diagnostic correlates of Alzheimer dementia in a U.S. Nationwide inpatient sample.	Preuss UW	2010	The American journal of geriatric psychiatry : official journal of the American Association for Geriatric Psychiatry	20220586	10.1097/jgp.0b013e3181ca3a13	peer_reviewed_or_indexed	PubMed	AD	candidate	requires_full_text_verification	not_confirmed	exclude_title_abstract	genetic_causal_method_not_confirmed	not_assessed			not_assessed		not_assessed	pending	Automated high-recall pre-screen; no evidence tier assigned.
PMID20603455	Association of plasma clusterin concentration with severity, pathology, and progression in Alzheimer disease.	Thambisetty M	2010	Archives of general psychiatry	20603455	10.1001/archgenpsychiatry.2010.78	peer_reviewed_or_indexed	PubMed	AD	candidate	requires_full_text_verification	candidate	candidate_full_text		not_assessed			not_assessed		not_assessed	pending	Automated high-recall pre-screen; no evidence tier assigned.
PMID20445115	An intergenic region between the tagSNP rs3793917 and rs11200638 in the HTRA1 gene indicates association with age-related macular degeneration.	Richardson AJ	2010	Investigative ophthalmology & visual science	20445115	10.1167/iovs.09-5114	peer_reviewed_or_indexed	PubMed	AMD	candidate	requires_full_text_verification	not_confirmed	exclude_title_abstract	genetic_causal_method_not_confirmed	not_assessed			not_assessed		not_assessed	pending	Automated high-recall pre-screen; no evidence tier assigned.
PMID18468258	Mortality of the Sami in northern Finland 1979-2005.	Soininen L	2008	International journal of circumpolar health	18468258		peer_reviewed_or_indexed	PubMed	AD	candidate	requires_full_text_verification	candidate	candidate_full_text		not_assessed			not_assessed		not_assessed	pending	Automated high-recall pre-screen; no evidence tier assigned.
DOI_ef8150634d7c	Retinal Pigment Epithelial Cell Transplantation and Macular Reconstruction for Age-Related Macular Degeneration		2007	Age-Related Macular Degeneration		10.3109/9781420019865-28	peer_reviewed_or_indexed	CrossRef	AMD	not_confirmed	not_confirmed	not_confirmed	exclude_title_abstract	circulating_or_large_scale_protein_scope_not_confirmed;genetic_causal_method_not_confirmed	not_assessed			not_assessed		not_assessed	pending	Automated high-recall pre-screen; no evidence tier assigned.
DOI_79642497a8d0	Radiation Treatment in Age-Related Macular Degeneration		2007	Age-Related Macular Degeneration		10.3109/9781420019865-21	peer_reviewed_or_indexed	CrossRef	AMD	not_confirmed	not_confirmed	not_confirmed	exclude_title_abstract	circulating_or_large_scale_protein_scope_not_confirmed;genetic_causal_method_not_confirmed	not_assessed			not_assessed		not_assessed	pending	Automated high-recall pre-screen; no evidence tier assigned.
PMID18179399	Prioritization of positional candidate genes using multiple web-based software tools.	Thornblad TA	2007	Twin research and human genetics : the official journal of the International Society for Twin Studies	18179399	10.1375/twin.10.6.861	peer_reviewed_or_indexed	PubMed	AMD	candidate	requires_full_text_verification	not_confirmed	exclude_title_abstract	genetic_causal_method_not_confirmed	not_assessed			not_assessed		not_assessed	pending	Automated high-recall pre-screen; no evidence tier assigned.
DOI_a457731a3c03	Non-exudative Age-related Macular Degeneration		2007	Age-Related Macular Degeneration		10.3109/9781420019865-11	peer_reviewed_or_indexed	CrossRef	AMD	not_confirmed	not_confirmed	not_confirmed	exclude_title_abstract	circulating_or_large_scale_protein_scope_not_confirmed;genetic_causal_method_not_confirmed	not_assessed			not_assessed		not_assessed	pending	Automated high-recall pre-screen; no evidence tier assigned.
PMID17215717	Mortality patterns among workers exposed to acrylamide: updated follow up.	Marsh GM	2007	Journal of occupational and environmental medicine	17215717	10.1097/jom.0b013e31802db536	peer_reviewed_or_indexed	PubMed	not_confirmed	candidate	requires_full_text_verification	candidate	exclude_title_abstract	disease_scope_not_confirmed	not_assessed			not_assessed		not_assessed	pending	Automated high-recall pre-screen; no evidence tier assigned.
DOI_b04c3ff614b2	Laser Prophylaxis for Age-Related Macular Degeneration		2007	Age-Related Macular Degeneration		10.3109/9781420019865-23	peer_reviewed_or_indexed	CrossRef	AMD	not_confirmed	not_confirmed	not_confirmed	exclude_title_abstract	circulating_or_large_scale_protein_scope_not_confirmed;genetic_causal_method_not_confirmed	not_assessed			not_assessed		not_assessed	pending	Automated high-recall pre-screen; no evidence tier assigned.
DOI_ae7f892e957e	Indocyanine Green Angiography in Age-Related Macular Degeneration		2007	Age-Related Macular Degeneration		10.3109/9781420019865-14	peer_reviewed_or_indexed	CrossRef	AMD	not_confirmed	not_confirmed	not_confirmed	exclude_title_abstract	circulating_or_large_scale_protein_scope_not_confirmed;genetic_causal_method_not_confirmed	not_assessed			not_assessed		not_assessed	pending	Automated high-recall pre-screen; no evidence tier assigned.
DOI_cd8f2677bc97	Immunology of Age-Related Macular Degeneration		2007	Age-Related Macular Degeneration		10.3109/9781420019865-7	peer_reviewed_or_indexed	CrossRef	AMD	not_confirmed	not_confirmed	not_confirmed	exclude_title_abstract	circulating_or_large_scale_protein_scope_not_confirmed;genetic_causal_method_not_confirmed	not_assessed			not_assessed		not_assessed	pending	Automated high-recall pre-screen; no evidence tier assigned.
DOI_3d7084746efb	Fundus Autoﬂuorescence in Age-Related Macular Degeneration		2007	Age-Related Macular Degeneration		10.3109/9781420019865-17	peer_reviewed_or_indexed	CrossRef	AMD	not_confirmed	not_confirmed	not_confirmed	exclude_title_abstract	circulating_or_large_scale_protein_scope_not_confirmed;genetic_causal_method_not_confirmed	not_assessed			not_assessed		not_assessed	pending	Automated high-recall pre-screen; no evidence tier assigned.
PMID17314151	Fine-scale linkage disequilibrium mapping of age-related macular degeneration in the complement factor H gene region.	Ennis S	2007	The British journal of ophthalmology	17314151	10.1136/bjo.2007.114090	peer_reviewed_or_indexed	PubMed	AMD	candidate	requires_full_text_verification	not_confirmed	exclude_title_abstract	genetic_causal_method_not_confirmed	not_assessed			not_assessed		not_assessed	pending	Automated high-recall pre-screen; no evidence tier assigned.
DOI_21f352729a16	Exudative (Neovascular) Age-Related Macular Degeneration		2007	Age-Related Macular Degeneration		10.3109/9781420019865-13	peer_reviewed_or_indexed	CrossRef	AMD	not_confirmed	not_confirmed	not_confirmed	exclude_title_abstract	circulating_or_large_scale_protein_scope_not_confirmed;genetic_causal_method_not_confirmed	not_assessed			not_assessed		not_assessed	pending	Automated high-recall pre-screen; no evidence tier assigned.
PMID16772744	Vascular risk factors for incident Alzheimer disease and vascular dementia: the Cache County study.	Hayden KM	2006	Alzheimer disease and associated disorders	16772744	10.1097/01.wad.0000213814.43047.86	peer_reviewed_or_indexed	PubMed	AD	candidate	requires_full_text_verification	not_confirmed	exclude_title_abstract	genetic_causal_method_not_confirmed	not_assessed			not_assessed		not_assessed	pending	Automated high-recall pre-screen; no evidence tier assigned.
PMID15084279	Drebrin is a novel connexin-43 binding partner that links gap junctions to the submembrane cytoskeleton.	Butkevich E	2004	Current biology : CB	15084279	10.1016/j.cub.2004.03.063	peer_reviewed_or_indexed	PubMed	AD	candidate	requires_full_text_verification	candidate	candidate_full_text		not_assessed			not_assessed		not_assessed	pending	Automated high-recall pre-screen; no evidence tier assigned.
PMID12639204	Mortality and cancer incidence among individuals with Down syndrome.	Hill DA	2003	Archives of internal medicine	12639204	10.1001/archinte.163.6.705	peer_reviewed_or_indexed	PubMed	AD	candidate	requires_full_text_verification	candidate	candidate_full_text		not_assessed			not_assessed		not_assessed	pending	Automated high-recall pre-screen; no evidence tier assigned.
PMID12788126	Is there an association between cataract surgery and age-related macular degeneration? Data from three population-based studies.	Freeman EE	2003	American journal of ophthalmology	12788126	10.1016/s0002-9394(02)02253-5	peer_reviewed_or_indexed	PubMed	AMD	candidate	requires_full_text_verification	not_confirmed	exclude_title_abstract	genetic_causal_method_not_confirmed	not_assessed			not_assessed		not_assessed	pending	Automated high-recall pre-screen; no evidence tier assigned.
PMID12663701	Association of Alzheimer's disease onset with ginkgo biloba and other symptomatic cognitive treatments in a population of women aged 75 years and older from the EPIDOS study.	Andrieu S	2003	The journals of gerontology. Series A, Biological sciences and medical sciences	12663701	10.1093/gerona/58.4.m372	peer_reviewed_or_indexed	PubMed	AD	candidate	requires_full_text_verification	not_confirmed	exclude_title_abstract	genetic_causal_method_not_confirmed	not_assessed			not_assessed		not_assessed	pending	Automated high-recall pre-screen; no evidence tier assigned.
DOI_0630b2722f9c	Exudative Age-related Macular Degeneration		2002	Age-Related Macular Degeneration, Second Edition		10.1201/9780203909157.ch6	peer_reviewed_or_indexed	CrossRef	AMD	not_confirmed	not_confirmed	not_confirmed	exclude_title_abstract	circulating_or_large_scale_protein_scope_not_confirmed;genetic_causal_method_not_confirmed	not_assessed			not_assessed		not_assessed	pending	Automated high-recall pre-screen; no evidence tier assigned.
PMID11938501	Causes of death after total hip arthroplasty: a nationwide cohort study with 24,638 patients.	Paavolainen P	2002	The Journal of arthroplasty	11938501	10.1054/arth.2002.30774	peer_reviewed_or_indexed	PubMed	AD	candidate	requires_full_text_verification	candidate	candidate_full_text		not_assessed			not_assessed		not_assessed	pending	Automated high-recall pre-screen; no evidence tier assigned.
PMID8239575	The apolipoprotein epsilon 4 allele in patients with Alzheimer's disease.	Mayeux R	1993	Annals of neurology	8239575	10.1002/ana.410340527	peer_reviewed_or_indexed	PubMed	AD	candidate	requires_full_text_verification	not_confirmed	exclude_title_abstract	genetic_causal_method_not_confirmed	not_assessed			not_assessed		not_assessed	pending	Automated high-recall pre-screen; no evidence tier assigned.
DOI_7073cbeb1d4b	Figure 2: Mendelian randomization estimates for the causal effect of circulating cytokines on sepsis risk.					10.7717/peerj.16860/fig-2	peer_reviewed_or_indexed	CrossRef	not_confirmed	not_confirmed	not_confirmed	candidate	exclude_title_abstract	disease_scope_not_confirmed;circulating_or_large_scale_protein_scope_not_confirmed	not_assessed			not_assessed		not_assessed	pending	Automated high-recall pre-screen; no evidence tier assigned.
