gene_symbol	variant	outcome	alpha	SE_alpha	alpha_P	alpha_effect_allele	alpha_assay_target_ID	alpha_sample_size	alpha_source	beta	SE_beta	beta_P	beta_method	beta_nsnp	beta_mean_F	beta_min_F	beta_Q_P	beta_Egger_intercept_P	beta_P_FDR_observed	beta_P_Bonferroni_planned	beta_assay_target_ID	total_effect	SE_total	total_effect_P	total_effect_allele	total_effect_source	mapping_confidence	indirect_effect	SE_indirect_delta	indirect_P_delta	mediated_proportion	SE_mediated_proportion_delta	total_effect_stable	direction_classification	indirect_CI_lower_bootstrap	indirect_CI_upper_bootstrap	mediated_proportion_CI_lower_bootstrap	mediated_proportion_CI_upper_bootstrap	mediation_family_size	indirect_P_FDR	indirect_P_Bonferroni	row_type	analysis_set	number_of_eligible_proteins	bootstrap_assumption	bootstrap_n	interpretation_boundary
"ACE"	"rs429358"	"AD"	-0.0115124	0.00990373	0.245062014922761	"C"	"OID30696"	33985	"<external_resource_root>\UKB-PPP\syn51365303_European_discovery\ACE_P12821_OID30696_v1_Inflammation_II.tar"	-0.101818345523506	0.0347206467749983	0.00336243398838523	"Inverse variance weighted"	6	353.337430045278	43.5356432986411	0.433851575529378	0.20226669410781	0.00840608497096308	0.0907857176864013	"OID30696"	1.1275	0.0132	1.9469396261938e-308	"C"	"Wightman_2021"	"moderate"	0.00117217352100481	0.00108471540637433	0.279862753149267	0.00103962174811957	0.000962130562754736	TRUE	"concordant_mediation"	-0.000839725536372269	0.00371470087007662	-0.000738347451465972	0.00330005664363455	200	0.903687234628611	1	"protein"	"cis_only_sensitivity"	NA	NA	10000	"Enriched-panel mediation stress test; not an unbiased estimate across the circulating proteome. Bootstrap intervals exclude literature selection, publication bias, winner's curse, outcome reuse and cross-protein covariance."
"BLNK"	"rs429358"	"AD"	0.000575571	0.0106391	0.956855813883619	"C"	"OID30541"	32981	"<external_resource_root>\UKB-PPP\syn51365303_European_discovery\BLNK_Q8WV28_OID30541_v1_Inflammation_II.tar"	0.635360595591977	0.180096944377494	0.000418900367248576	"Wald ratio"	1	55.024245147595	55.024245147595	NA	NA	0.00209450183624288	0.0113103099157116	"OID30541"	1.1275	0.0132	1.9469396261938e-308	"C"	"Wightman_2021"	"high"	0.00036569513336547	0.00676045966122128	0.95686088202208	0.000324341581698865	0.0059959742943406	TRUE	"concordant_mediation"	-0.0137952056515747	0.0146749684496612	-0.0122123371936502	0.0130268084969185	200	0.983797198837987	1	"protein"	"cis_only_sensitivity"	NA	NA	10000	"Enriched-panel mediation stress test; not an unbiased estimate across the circulating proteome. Bootstrap intervals exclude literature selection, publication bias, winner's curse, outcome reuse and cross-protein covariance."
"C1R"	"rs429358"	"AD"	-0.0155257	0.0101686	0.126804597540802	"C"	"OID30753"	33995	"<external_resource_root>\UKB-PPP\syn51365303_European_discovery\C1R_P00736_OID30753_v1_Inflammation_II.tar"	0.201951507473069	0.176060288566265	0.251357310325028	"Wald ratio"	1	56.5905353975853	56.5905353975853	NA	NA	0.369643103419159	1	"OID30753"	1.1275	0.0132	1.9469396261938e-308	"C"	"Wightman_2021"	"high"	-0.00313543851957463	0.0034189069638769	0.35909653331853	-0.00278087673576464	0.00303246475937398	TRUE	"opposing_or_suppressing_mediation"	-0.0125324995689546	0.00271175370214011	-0.0112364836602012	0.00240551684557465	200	0.903687234628611	1	"protein"	"cis_only_sensitivity"	NA	NA	10000	"Enriched-panel mediation stress test; not an unbiased estimate across the circulating proteome. Bootstrap intervals exclude literature selection, publication bias, winner's curse, outcome reuse and cross-protein covariance."
"C1S"	"rs429358"	"AD"	-0.0244052	0.00989296	0.0136279333217186	"C"	"OID30731"	33995	"<external_resource_root>\UKB-PPP\syn51365303_European_discovery\C1S_P09871_OID30731_v1_Inflammation_II.tar"	-0.121107483969601	0.285054073469173	0.670940243621314	"Inverse variance weighted"	2	76.6142760861115	66.7784625348148	0.0166292187252147	NA	0.798738385263469	1	"OID30731"	1.1275	0.0132	1.9469396261938e-308	"C"	"Wightman_2021"	"high"	0.00295565236777491	0.00705921813535487	0.675439771936907	0.00262142116875823	0.00626102256537841	TRUE	"concordant_mediation"	-0.0113254297563957	0.0205652111219077	-0.0100672564398379	0.0181830395066211	200	0.92184107795552	1	"protein"	"cis_only_sensitivity"	NA	NA	10000	"Enriched-panel mediation stress test; not an unbiased estimate across the circulating proteome. Bootstrap intervals exclude literature selection, publication bias, winner's curse, outcome reuse and cross-protein covariance."
"CD226"	"rs429358"	"AD"	0.0219235	0.0103868	0.0347976567625879	"C"	"OID30556"	32981	"<external_resource_root>\UKB-PPP\syn51365303_European_discovery\CD226_Q15762_OID30556_v1_Inflammation_II.tar"	0.0471034696902767	0.0882113163421813	0.593352304722149	"Inverse variance weighted"	2	149.712515524392	43.7594928515072	0.564267775999576	NA	0.741690380902686	1	"OID30556"	1.1275	0.0132	1.9469396261938e-308	"C"	"Wightman_2021"	"moderate"	0.00103267291775478	0.00199482883200725	0.604685078029442	0.000915896157653908	0.00176928201098765	TRUE	"concordant_mediation"	-0.00316630929625038	0.00613311329671497	-0.00279403641095778	0.00542205324584559	200	0.903687234628611	1	"protein"	"cis_only_sensitivity"	NA	NA	10000	"Enriched-panel mediation stress test; not an unbiased estimate across the circulating proteome. Bootstrap intervals exclude literature selection, publication bias, winner's curse, outcome reuse and cross-protein covariance."
"CD2AP"	"rs429358"	"AD"	0.0153841	0.00993043	0.121336649922221	"C"	"OID20177"	33693	"<external_resource_root>\UKB-PPP\syn51365303_European_discovery\CD2AP_Q9Y5K6_OID20177_v1_Cardiometabolic.tar"	0.249446827410422	0.0728993238780831	0.000622083027095612	"Inverse variance weighted"	2	749.131215617584	127.059611549351	0.0773565996706102	NA	0.00259201261289838	0.0167962417315815	"OID20177"	1.1275	0.0132	1.9469396261938e-308	"C"	"Wightman_2021"	"high"	0.00383751493756467	0.00271916089345842	0.158160166771305	0.00340356092023474	0.00241200179033661	TRUE	"concordant_mediation"	-0.000844965133989837	0.0100151537650755	-0.000749671043443093	0.00894940983673289	200	0.903687234628611	1	"protein"	"cis_only_sensitivity"	NA	NA	10000	"Enriched-panel mediation stress test; not an unbiased estimate across the circulating proteome. Bootstrap intervals exclude literature selection, publication bias, winner's curse, outcome reuse and cross-protein covariance."
"CD33"	"rs429358"	"AD"	-0.0133831	0.010566	0.205291515135958	"C"	"OID21472"	33822	"<external_resource_root>\UKB-PPP\syn51365303_European_discovery\CD33_P20138_OID21472_v1_Oncology.tar"	0.0653912818843847	0.010792803756739	1.37153221846418e-09	"Inverse variance weighted"	7	2355.50658162303	35.7963440828048	0.508898960370107	0.229904086802386	1.71441527308022e-08	3.70313698985327e-08	"OID21472"	1.1275	0.0132	1.9469396261938e-308	"C"	"Wightman_2021"	"high"	-0.000875138064586909	0.000705860906210747	0.215043239071431	-0.000776175667039387	0.000626106659661446	TRUE	"opposing_or_suppressing_mediation"	-0.00230868178609541	0.000458034186626012	-0.00205200971143167	0.00040962781949361	200	0.903687234628611	1	"protein"	"cis_only_sensitivity"	NA	NA	10000	"Enriched-panel mediation stress test; not an unbiased estimate across the circulating proteome. Bootstrap intervals exclude literature selection, publication bias, winner's curse, outcome reuse and cross-protein covariance."
"CR1"	"rs429358"	"AD"	-0.00760098	0.00943212	0.420322849819346	"C"	"OID30697"	33849	"<external_resource_root>\UKB-PPP\syn51365303_European_discovery\CR1_P17927_OID30697_v1_Inflammation_II.tar"	0.229449103975285	0.0341784775335707	1.90319805465534e-11	"Inverse variance weighted"	3	1082.42137120818	37.4571183152205	0.13552234232287	0.756313964406274	4.75799513663834e-10	5.1386347475694e-10	"OID30697"	1.1275	0.0132	1.9469396261938e-308	"C"	"Wightman_2021"	"high"	-0.00174403805033406	0.00217972832664999	0.423642916622483	-0.00154681866991935	0.00193332501515399	TRUE	"opposing_or_suppressing_mediation"	-0.00631459247781321	0.00252729953127503	-0.00563817163310423	0.00223717119077769	200	0.903687234628611	1	"protein"	"cis_only_sensitivity"	NA	NA	10000	"Enriched-panel mediation stress test; not an unbiased estimate across the circulating proteome. Bootstrap intervals exclude literature selection, publication bias, winner's curse, outcome reuse and cross-protein covariance."
"CSF2"	"rs429358"	"AD"	-0.00792909	0.0104638	0.448590425529266	"C"	"OID30072"	32862	"<external_resource_root>\UKB-PPP\syn51365303_European_discovery\CSF2_P04141_OID30072_v1_Cardiometabolic_II.tar"	0.0728139483234311	0.0472587533956458	0.123377518874921	"Inverse variance weighted"	2	370.725220160809	66.2452774765143	0.364970007526907	NA	0.205629198124868	1	"OID30072"	1.1275	0.0132	1.9469396261938e-308	"C"	"Wightman_2021"	"moderate"	-0.000577348349511834	0.000849071264174314	0.49651945793984	-0.000512060620409609	0.000753080414833607	TRUE	"opposing_or_suppressing_mediation"	-0.0029575802530168	0.00104217770570226	-0.00263298103024457	0.000926550525030117	200	0.903687234628611	1	"protein"	"cis_only_sensitivity"	NA	NA	10000	"Enriched-panel mediation stress test; not an unbiased estimate across the circulating proteome. Bootstrap intervals exclude literature selection, publication bias, winner's curse, outcome reuse and cross-protein covariance."
"CTSH"	"rs429358"	"AD"	-0.0185908	0.00661968	0.00497863169965071	"C"	"OID20113"	32979	"<external_resource_root>\UKB-PPP\syn51365303_European_discovery\CTSH_P09668_OID20113_v1_Cardiometabolic.tar"	0.000512269972026624	0.0158856025740509	0.974274726384685	"Inverse variance weighted"	8	959.93899146813	44.5923163263753	0.659337678186386	0.512221797240222	0.974274726384685	1	"OID20113"	1.1275	0.0132	1.9469396261938e-308	"C"	"Wightman_2021"	"high"	-9.52350859595256e-06	0.000295345528529602	0.974276421521595	-8.44657081680937e-06	0.000261947272349953	TRUE	"opposing_or_suppressing_mediation"	-0.00066031754773645	0.000644917247555597	-0.000585572461098276	0.000570432984892526	200	0.983797198837987	1	"protein"	"cis_only_sensitivity"	NA	NA	10000	"Enriched-panel mediation stress test; not an unbiased estimate across the circulating proteome. Bootstrap intervals exclude literature selection, publication bias, winner's curse, outcome reuse and cross-protein covariance."
"GRN"	"rs429358"	"AD"	-0.0327192	0.00939376	0.000495678406594118	"C"	"OID21159"	33508	"<external_resource_root>\UKB-PPP\syn51365303_European_discovery\GRN_P28799_OID21159_v1_Neurology.tar"	-0.201725185332572	0.088273986910626	0.0223001269287557	"Inverse variance weighted"	2	546.398591050446	45.7465719656059	0.050340654214395	NA	0.0428848594783763	0.602103427076403	"OID21159"	1.1275	0.0132	1.9469396261938e-308	"C"	"Wightman_2021"	"high"	0.00660028668393349	0.00345439983878334	0.0560444509168914	0.00585391280171485	0.0030645356784555	TRUE	"concordant_mediation"	0.000817377373730214	0.0145550643040245	0.000727631437723209	0.0129161975116052	200	0.835672316584254	1	"protein"	"cis_only_sensitivity"	NA	NA	10000	"Enriched-panel mediation stress test; not an unbiased estimate across the circulating proteome. Bootstrap intervals exclude literature selection, publication bias, winner's curse, outcome reuse and cross-protein covariance."
"IL34"	"rs429358"	"AD"	0.0114025	0.00925762	0.21806501718358	"C"	"OID20809"	32861	"<external_resource_root>\UKB-PPP\syn51365303_European_discovery\IL34_Q6ZMJ4_OID20809_v1_Neurology.tar"	-0.0939793250868262	0.0231409128533814	4.88260976612514e-05	"Inverse variance weighted"	3	1086.97878136877	215.499425934514	0.950179577312596	0.895973399306287	0.000305163110382821	0.00131830463685379	"OID20809"	1.1275	0.0132	1.9469396261938e-308	"C"	"Wightman_2021"	"high"	-0.00107159925430254	0.000909157653019887	0.238528552892373	-0.000950420624658568	0.000806425017764438	TRUE	"opposing_or_suppressing_mediation"	-0.00306301744771834	0.000636082337741111	-0.00271912200773449	0.000570007054933267	200	0.903687234628611	1	"protein"	"cis_only_sensitivity"	NA	NA	10000	"Enriched-panel mediation stress test; not an unbiased estimate across the circulating proteome. Bootstrap intervals exclude literature selection, publication bias, winner's curse, outcome reuse and cross-protein covariance."
"LBP"	"rs429358"	"AD"	-0.0350601	0.00930344	0.000164229057310055	"C"	"OID20355"	33809	"<external_resource_root>\UKB-PPP\syn51365303_European_discovery\LBP_P18428_OID20355_v1_Cardiometabolic.tar"	-0.0202455784446735	0.0246855830375261	0.41213758605642	"Inverse variance weighted"	8	372.186958363117	33.4428480056771	0.76255678532941	0.969737137796833	0.542286297442657	1	"OID20355"	1.1275	0.0132	1.9469396261938e-308	"C"	"Wightman_2021"	"moderate"	0.000709812004828097	0.000885737526936492	0.422911908491871	0.000629545015368601	0.000785611093821444	TRUE	"concordant_mediation"	-0.00099182956017858	0.00264059440313086	-0.000880553791299406	0.00233221507611338	200	0.903687234628611	1	"protein"	"cis_only_sensitivity"	NA	NA	10000	"Enriched-panel mediation stress test; not an unbiased estimate across the circulating proteome. Bootstrap intervals exclude literature selection, publication bias, winner's curse, outcome reuse and cross-protein covariance."
"LILRB2"	"rs429358"	"AD"	-0.0140369	0.0103448	0.174809085162579	"C"	"OID20301"	33898	"<external_resource_root>\UKB-PPP\syn51365303_European_discovery\LILRB2_Q8N423_OID20301_v1_Cardiometabolic.tar"	-0.0418714784214237	0.0201063807799665	0.0372970931501302	"Inverse variance weighted"	6	1775.62959018962	51.6148573000932	0.0639465268198905	0.957433922304363	0.0666019520538039	1	"OID20301"	1.1275	0.0132	1.9469396261938e-308	"C"	"Wightman_2021"	"high"	0.000587745755453682	0.000516986651467015	0.255593329704094	0.000521282266477767	0.000458565357777171	TRUE	"concordant_mediation"	-0.000270311430098365	0.00194063887238908	-0.000238716357809685	0.0017194606404947	200	0.903687234628611	1	"protein"	"cis_only_sensitivity"	NA	NA	10000	"Enriched-panel mediation stress test; not an unbiased estimate across the circulating proteome. Bootstrap intervals exclude literature selection, publication bias, winner's curse, outcome reuse and cross-protein covariance."
"MME"	"rs429358"	"AD"	-0.0291465	0.00938556	0.00189985300448565	"C"	"OID21307"	33533	"<external_resource_root>\UKB-PPP\syn51365303_European_discovery\MME_P08473_OID21307_v1_Oncology.tar"	0.471770182283487	0.158581358698359	0.00293044925353694	"Inverse variance weighted"	2	47.5309437382581	31.0745580335957	0.298103822870691	NA	0.00840608497096308	0.0791221298454973	"OID21307"	1.1275	0.0132	1.9469396261938e-308	"C"	"Wightman_2021"	"high"	-0.0137504496179257	0.00640073320432171	0.0316929763239538	-0.012195520725433	0.00567872039856842	TRUE	"opposing_or_suppressing_mediation"	-0.0284482899729451	-0.00285662632121886	-0.0253621972395595	-0.00253435723411534	200	0.835672316584254	1	"protein"	"cis_only_sensitivity"	NA	NA	10000	"Enriched-panel mediation stress test; not an unbiased estimate across the circulating proteome. Bootstrap intervals exclude literature selection, publication bias, winner's curse, outcome reuse and cross-protein covariance."
"PILRA"	"rs429358"	"AD"	-0.0201654	0.00791269	0.0108190717260757	"C"	"OID21129"	33687	"<external_resource_root>\UKB-PPP\syn51365303_European_discovery\PILRA_Q9UKJ1_OID21129_v1_Neurology.tar"	0.089157847855645	0.0351493521189232	0.0111952949429592	"Inverse variance weighted"	3	1576.81293051402	65.1995270738017	0.037434022959655	0.710959676006858	0.0233235311311651	0.302272963459899	"OID21129"	1.1275	0.0132	1.9469396261938e-308	"C"	"Wightman_2021"	"high"	-0.00179790366514822	0.0010000491413026	0.0722062790634425	-0.00159459305112925	0.00088715798515861	TRUE	"opposing_or_suppressing_mediation"	-0.00413338678509683	-0.000180857945052429	-0.00367194286644271	-0.000158578426788408	200	0.835672316584254	1	"protein"	"cis_only_sensitivity"	NA	NA	10000	"Enriched-panel mediation stress test; not an unbiased estimate across the circulating proteome. Bootstrap intervals exclude literature selection, publication bias, winner's curse, outcome reuse and cross-protein covariance."
"PILRB"	"rs429358"	"AD"	-0.0179577	0.0070558	0.0109249636338516	"C"	"OID20197"	33693	"<external_resource_root>\UKB-PPP\syn51365303_European_discovery\PILRB_Q9UKJ0_OID20197_v1_Cardiometabolic.tar"	0.0607477733181645	0.0205349405313376	0.00309377135306655	"Inverse variance weighted"	7	1009.08527643503	91.3492124606038	0.671347003155451	0.812916177662769	0.00840608497096308	0.083531826532797	"OID20197"	1.1275	0.0132	1.9469396261938e-308	"C"	"Wightman_2021"	"high"	-0.0010908902889156	0.000565422684843801	0.0536891747546856	-0.00096753018972559	0.000501611443421567	TRUE	"opposing_or_suppressing_mediation"	-0.00239118197970953	-0.000158070392046946	-0.00212283671278133	-0.000139902796914658	200	0.835672316584254	1	"protein"	"cis_only_sensitivity"	NA	NA	10000	"Enriched-panel mediation stress test; not an unbiased estimate across the circulating proteome. Bootstrap intervals exclude literature selection, publication bias, winner's curse, outcome reuse and cross-protein covariance."
"PRSS8"	"rs429358"	"AD"	-0.018772	0.00965987	0.0519804458213539	"C"	"OID20763"	33527	"<external_resource_root>\UKB-PPP\syn51365303_European_discovery\PRSS8_Q16651_OID20763_v1_Inflammation.tar"	-0.320189329342568	0.108759962412557	0.00323999999563913	"Wald ratio"	1	216.332503281953	216.332503281953	NA	NA	0.00840608497096308	0.0874799998822566	"OID20763"	1.1275	0.0132	1.9469396261938e-308	"C"	"Wightman_2021"	"high"	0.00601059409041869	0.00370605889502439	0.104839949928963	0.00533090384959529	0.00328756264494908	TRUE	"concordant_mediation"	-0.000102447721593914	0.0146547638437479	-9.02761722647765e-05	0.0129752285576628	200	0.852317061990758	1	"protein"	"cis_only_sensitivity"	NA	NA	10000	"Enriched-panel mediation stress test; not an unbiased estimate across the circulating proteome. Bootstrap intervals exclude literature selection, publication bias, winner's curse, outcome reuse and cross-protein covariance."
"SERPINF2"	"rs429358"	"AD"	-0.0193135	0.010105	0.0559680273466331	"C"	"OID30779"	33357	"<external_resource_root>\UKB-PPP\syn51365303_European_discovery\SERPINF2_P08697_OID30779_v1_Inflammation_II.tar"	-0.260499734183945	0.0628292494321202	3.38106694289118e-05	"Wald ratio"	1	486.129292389341	486.129292389341	NA	NA	0.000281755578574265	0.000912888074580619	"OID30779"	1.1275	0.0132	1.9469396261938e-308	"C"	"Wightman_2021"	"high"	0.00503116161616162	0.00289857430811169	0.0826104126292315	0.00446222759748259	0.00257132834477579	TRUE	"concordant_mediation"	-0.00017072372922132	0.0115697499209066	-0.000152243807630642	0.0102676640004114	200	0.835672316584254	1	"protein"	"cis_only_sensitivity"	NA	NA	10000	"Enriched-panel mediation stress test; not an unbiased estimate across the circulating proteome. Bootstrap intervals exclude literature selection, publication bias, winner's curse, outcome reuse and cross-protein covariance."
"SIGLEC9"	"rs429358"	"AD"	-0.0137781	0.00911119	0.130477912540845	"C"	"OID21390"	33908	"<external_resource_root>\UKB-PPP\syn51365303_European_discovery\SIGLEC9_Q9Y336_OID21390_v1_Oncology.tar"	0.0671344165705088	0.0239398116124718	0.00504259427187196	"Inverse variance weighted"	5	854.847396307082	38.3679051988145	0.736268210377999	0.910042976473587	0.0114604415269817	0.136150045340543	"OID21390"	1.1275	0.0132	1.9469396261938e-308	"C"	"Wightman_2021"	"high"	-0.000924984704950127	0.000694941295513786	0.183180563884349	-0.000820385547627607	0.000616430743974394	TRUE	"opposing_or_suppressing_mediation"	-0.00261542816686315	0.000276441835391716	-0.0023169616523383	0.000246589020327173	200	0.903687234628611	1	"protein"	"cis_only_sensitivity"	NA	NA	10000	"Enriched-panel mediation stress test; not an unbiased estimate across the circulating proteome. Bootstrap intervals exclude literature selection, publication bias, winner's curse, outcome reuse and cross-protein covariance."
"SIRPA"	"rs429358"	"AD"	-0.00943042	0.00522575	0.0711360915593152	"C"	"OID20304"	33714	"<external_resource_root>\UKB-PPP\syn51365303_European_discovery\SIRPA_P78324_OID20304_v1_Cardiometabolic.tar"	-0.00698638390518372	0.0319226772110887	0.826764309817753	"Inverse variance weighted"	10	2296.83990353653	56.5536300002049	0.0338817445387667	0.117350260391551	0.890398445333655	1	"OID20304"	1.1275	0.0132	1.9469396261938e-308	"C"	"Wightman_2021"	"high"	6.58845345071227e-05	0.000303249990451633	0.828004593176644	5.84341769464503e-05	0.000268958732957181	TRUE	"concordant_mediation"	-0.000624398491046616	0.000847880446507294	-0.000557263706088403	0.000755008942836472	200	0.950459158047744	1	"protein"	"cis_only_sensitivity"	NA	NA	10000	"Enriched-panel mediation stress test; not an unbiased estimate across the circulating proteome. Bootstrap intervals exclude literature selection, publication bias, winner's curse, outcome reuse and cross-protein covariance."
"TGFB1"	"rs429358"	"AD"	-0.00290095	0.0102988	0.778188843048553	"C"	"OID20621"	33988	"<external_resource_root>\ukbppp_proteins\tgfb1_p01137_oid20621_v1_inflammation.tar"	-0.044049896149552	0.0449198384551307	0.326773532855876	"Inverse variance weighted"	2	494.118334472546	136.370474552368	0.666896399866021	NA	0.453852128966495	1	"OID20621"	1.1275	0.0132	1.9469396261938e-308	"C"	"Wightman_2021"	"moderate"	0.000127786546235043	0.00047200541996686	0.786597855939457	0.000113336182913564	0.000418632186991186	TRUE	"concordant_mediation"	-0.00121241986657633	0.00169422625702631	-0.00108299884961091	0.00150313046848924	200	0.942033360406534	1	"protein"	"cis_only_sensitivity"	NA	NA	10000	"Enriched-panel mediation stress test; not an unbiased estimate across the circulating proteome. Bootstrap intervals exclude literature selection, publication bias, winner's curse, outcome reuse and cross-protein covariance."
"TNFRSF10A"	"rs429358"	"AD"	0.0256198	0.00910627	0.00490173693555492	"C"	"OID20967"	33436	"<external_resource_root>\UKB-PPP\syn51365303_European_discovery\TNFRSF10A_O00220_OID20967_v1_Neurology.tar"	0.0401055455177235	0.0317545340521089	0.206594057457642	"Inverse variance weighted"	4	575.595476461577	58.8991670067129	0.975496286348326	0.848719541878447	0.322803214777565	1	"OID20967"	1.1275	0.0132	1.9469396261938e-308	"C"	"Wightman_2021"	"moderate"	0.00102749605505497	0.0008917594469425	0.249233912858368	0.000911304705148535	0.000790989424587004	TRUE	"concordant_mediation"	-0.000559056388978762	0.00315109473362797	-0.00049318505657943	0.00279712742388361	200	0.903687234628611	1	"protein"	"cis_only_sensitivity"	NA	NA	10000	"Enriched-panel mediation stress test; not an unbiased estimate across the circulating proteome. Bootstrap intervals exclude literature selection, publication bias, winner's curse, outcome reuse and cross-protein covariance."
"TREM2"	"rs429358"	"AD"	-0.0477905	0.00929407	2.71769052344228e-07	"C"	"OID20731"	33649	"<external_resource_root>\ukbppp_proteins\trem2_q9nzc2_oid20731_v1_inflammation.tar"	0.0545458522247511	0.298032571292953	0.854782507520308	"Inverse variance weighted"	3	698.914117575788	48.9716024734884	3.04392652037311e-13	0.645311308177922	0.890398445333655	1	"OID20731"	1.1275	0.0132	1.9469396261938e-308	"C"	"Wightman_2021"	"moderate"	-0.00260677355074697	0.0142521446850525	0.854873383977592	-0.00231199428004166	0.0126405120706704	TRUE	"opposing_or_suppressing_mediation"	-0.0319677006391755	0.0263625843206969	-0.0283053827107502	0.0234466332992939	200	0.955315778114819	1	"protein"	"cis_only_sensitivity"	NA	NA	10000	"Enriched-panel mediation stress test; not an unbiased estimate across the circulating proteome. Bootstrap intervals exclude literature selection, publication bias, winner's curse, outcome reuse and cross-protein covariance."
"ZBTB16"	"rs429358"	"AD"	0.0131461	0.0100001	0.188644001471703	"C"	"OID21205"	32907	"<external_resource_root>\UKB-PPP\syn51365303_European_discovery\ZBTB16_Q05516_OID21205_v1_Oncology.tar"	0.00737104608190066	0.0396782680756691	0.852624850430821	"Inverse variance weighted"	3	723.765308055597	87.2697159863256	0.422854821247567	0.860831988961152	0.890398445333655	1	"OID21205"	1.1275	0.0132	1.9469396261938e-308	"C"	"Wightman_2021"	"high"	9.69005088972743e-05	0.000526796930887394	0.854058318552021	8.59428016827266e-05	0.000467226742693097	TRUE	"concordant_mediation"	-0.00123124713424228	0.00158492169087002	-0.00108747461279817	0.0014050591242091	200	0.955315778114819	1	"protein"	"cis_only_sensitivity"	NA	NA	10000	"Enriched-panel mediation stress test; not an unbiased estimate across the circulating proteome. Bootstrap intervals exclude literature selection, publication bias, winner's curse, outcome reuse and cross-protein covariance."
"TOTAL_ELIGIBLE_PROTEINS"	"rs429358"	"AD"	NA	NA	NA	NA	NA	NA	NA	NA	NA	NA	NA	NA	NA	NA	NA	NA	NA	NA	NA	1.1275	0.0132	1.9469396261938e-308	"C"	"Wightman_2021"	NA	0.00203728909836214	0.02022532589226	0.919765109098864	0.00180690829123028	NA	TRUE	"concordant_total_mediation"	-0.0395364566697466	0.0434413563726106	-0.0350427813514248	0.0385124782611336	200	NA	NA	"total"	"cis_only_sensitivity"	25	"Independent normal alpha/beta draws and common total-effect draw; cross-protein covariance, literature selection, publication bias and winner's curse not included."	10000	"Enriched-panel mediation stress test; not an unbiased estimate across the circulating proteome. Bootstrap intervals exclude literature selection, publication bias, winner's curse, outcome reuse and cross-protein covariance."
"ACE"	"rs429358"	"any_AMD"	-0.0115124	0.00990373	0.245062014922761	"C"	"OID30696"	33985	"<external_resource_root>\UKB-PPP\syn51365303_European_discovery\ACE_P12821_OID30696_v1_Inflammation_II.tar"	-0.0250402159762195	0.0382321873640573	0.512499191108986	"Inverse variance weighted"	6	353.337430045278	43.5356432986411	0.490506607834869	0.614565395997015	0.800779986107791	1	"OID30696"	-0.203119	0.0190975	2.02815e-26	"C"	"FinnGen_R12_H7_AMD"	"moderate"	0.000288272982404629	0.000505199712549574	0.568262730628241	-0.00141923198915232	0.00249078739181266	TRUE	"opposing_or_suppressing_mediation"	-0.000758338711445843	0.00187280533638708	-0.00936300061501512	0.00379350653688978	200	0.903687234628611	1	"protein"	"cis_only_sensitivity"	NA	NA	10000	"Enriched-panel mediation stress test; not an unbiased estimate across the circulating proteome. Bootstrap intervals exclude literature selection, publication bias, winner's curse, outcome reuse and cross-protein covariance."
"BLNK"	"rs429358"	"any_AMD"	0.000575571	0.0106391	0.956855813883619	"C"	"OID30541"	32981	"<external_resource_root>\UKB-PPP\syn51365303_European_discovery\BLNK_Q8WV28_OID30541_v1_Inflammation_II.tar"	0.164916579630969	0.209833694866233	0.431902958772897	"Wald ratio"	1	55.024245147595	55.024245147595	NA	NA	0.800779986107791	1	"OID30541"	-0.203119	0.0190975	2.02815e-26	"C"	"FinnGen_R12_H7_AMD"	"high"	9.49212006547764e-05	0.00175871577380683	0.956957566293004	-0.000467318176314261	0.00865866028111268	TRUE	"opposing_or_suppressing_mediation"	-0.00591434236459175	0.00644053337678505	-0.0317048296242866	0.0296487732701131	200	0.983797198837987	1	"protein"	"cis_only_sensitivity"	NA	NA	10000	"Enriched-panel mediation stress test; not an unbiased estimate across the circulating proteome. Bootstrap intervals exclude literature selection, publication bias, winner's curse, outcome reuse and cross-protein covariance."
"C1R"	"rs429358"	"any_AMD"	-0.0155257	0.0101686	0.126804597540802	"C"	"OID30753"	33995	"<external_resource_root>\UKB-PPP\syn51365303_European_discovery\C1R_P00736_OID30753_v1_Inflammation_II.tar"	-0.0937926665711568	0.236495571738526	0.691667059317992	"Wald ratio"	1	56.5905353975853	56.5905353975853	NA	NA	0.807049644930599	1	"OID30753"	-0.203119	0.0190975	2.02815e-26	"C"	"FinnGen_R12_H7_AMD"	"high"	0.00145619680338381	0.00379360468941646	0.701085398054519	-0.00716918064476395	0.0186889189516003	TRUE	"opposing_or_suppressing_mediation"	-0.00677162569204871	0.0115354574806045	-0.0581138498770008	0.0336991574560632	200	0.92184107795552	1	"protein"	"cis_only_sensitivity"	NA	NA	10000	"Enriched-panel mediation stress test; not an unbiased estimate across the circulating proteome. Bootstrap intervals exclude literature selection, publication bias, winner's curse, outcome reuse and cross-protein covariance."
"C1S"	"rs429358"	"any_AMD"	-0.0244052	0.00989296	0.0136279333217186	"C"	"OID30731"	33995	"<external_resource_root>\UKB-PPP\syn51365303_European_discovery\C1S_P09871_OID30731_v1_Inflammation_II.tar"	0.0696349034312482	0.128564305085525	0.588070104058898	"Inverse variance weighted"	2	76.6142760861115	66.7784625348148	0.194590397930808	NA	0.807049644930599	1	"OID30731"	-0.203119	0.0190975	2.02815e-26	"C"	"FinnGen_R12_H7_AMD"	"high"	-0.0016994537452203	0.00321237393960324	0.596782142673002	0.00836678865699565	0.0158347833675476	TRUE	"concordant_mediation"	-0.00910991156935343	0.00475578771941596	-0.0242614890785187	0.0457838628352828	200	0.903687234628611	1	"protein"	"cis_only_sensitivity"	NA	NA	10000	"Enriched-panel mediation stress test; not an unbiased estimate across the circulating proteome. Bootstrap intervals exclude literature selection, publication bias, winner's curse, outcome reuse and cross-protein covariance."
"CD226"	"rs429358"	"any_AMD"	0.0219235	0.0103868	0.0347976567625879	"C"	"OID30556"	32981	"<external_resource_root>\UKB-PPP\syn51365303_European_discovery\CD226_Q15762_OID30556_v1_Inflammation_II.tar"	-0.0719877197468382	0.125321158192527	0.565679627008709	"Inverse variance weighted"	2	149.712515524392	43.7594928515072	0.354417368392244	NA	0.807049644930599	1	"OID30556"	-0.203119	0.0190975	2.02815e-26	"C"	"FinnGen_R12_H7_AMD"	"moderate"	-0.00157822277386981	0.00284740686988382	0.579396344944545	0.00776994162963488	0.0140374394732183	TRUE	"concordant_mediation"	-0.00863359664940883	0.0042957403583728	-0.0210935751617664	0.0434055588557883	200	0.903687234628611	1	"protein"	"cis_only_sensitivity"	NA	NA	10000	"Enriched-panel mediation stress test; not an unbiased estimate across the circulating proteome. Bootstrap intervals exclude literature selection, publication bias, winner's curse, outcome reuse and cross-protein covariance."
"CD2AP"	"rs429358"	"any_AMD"	0.0153841	0.00993043	0.121336649922221	"C"	"OID20177"	33693	"<external_resource_root>\UKB-PPP\syn51365303_European_discovery\CD2AP_Q9Y5K6_OID20177_v1_Cardiometabolic.tar"	0.0934375371828829	0.12563127410747	0.457031216212758	"Inverse variance weighted"	2	749.131215617584	127.059611549351	0.0113493901260301	NA	0.800779986107791	1	"OID20177"	-0.203119	0.0190975	2.02815e-26	"C"	"FinnGen_R12_H7_AMD"	"high"	0.00143745241577519	0.00214391563649753	0.502551893415935	-0.00707689785679916	0.0105759250998648	TRUE	"opposing_or_suppressing_mediation"	-0.00290313050768148	0.00740556826323549	-0.0370221999711504	0.0144175227669291	200	0.903687234628611	1	"protein"	"cis_only_sensitivity"	NA	NA	10000	"Enriched-panel mediation stress test; not an unbiased estimate across the circulating proteome. Bootstrap intervals exclude literature selection, publication bias, winner's curse, outcome reuse and cross-protein covariance."
"CD33"	"rs429358"	"any_AMD"	-0.0133831	0.010566	0.205291515135958	"C"	"OID21472"	33822	"<external_resource_root>\UKB-PPP\syn51365303_European_discovery\CD33_P20138_OID21472_v1_Oncology.tar"	0.00315760256449084	0.0142145172200036	0.824205463714699	"Inverse variance weighted"	6	2627.09651529112	35.7963440828048	0.879058340164279	0.377458354356044	0.895875504037716	1	"OID21472"	-0.203119	0.0190975	2.02815e-26	"C"	"FinnGen_R12_H7_AMD"	"high"	-4.22585108808374e-05	0.000193137764258428	0.826805975698562	0.000208048045140225	0.000951061337987479	TRUE	"concordant_mediation"	-0.000607048840427521	0.000442260359945575	-0.00217894590836212	0.00302469132504094	200	0.950459158047744	1	"protein"	"cis_only_sensitivity"	NA	NA	10000	"Enriched-panel mediation stress test; not an unbiased estimate across the circulating proteome. Bootstrap intervals exclude literature selection, publication bias, winner's curse, outcome reuse and cross-protein covariance."
"CR1"	"rs429358"	"any_AMD"	-0.00760098	0.00943212	0.420322849819346	"C"	"OID30697"	33849	"<external_resource_root>\UKB-PPP\syn51365303_European_discovery\CR1_P17927_OID30697_v1_Inflammation_II.tar"	-0.0161696624262933	0.0374892095932723	0.666239267704102	"Inverse variance weighted"	3	1082.42137120818	37.4571183152205	0.236237283974777	0.361171712957897	0.807049644930599	1	"OID30697"	-0.203119	0.0190975	2.02815e-26	"C"	"FinnGen_R12_H7_AMD"	"high"	0.000122905280709007	0.000323202381755366	0.70374245094258	-0.000605090024611222	0.00159221390354634	TRUE	"opposing_or_suppressing_mediation"	-0.000767515311800936	0.00132445241005165	-0.00659746080905573	0.00382847094214174	200	0.92184107795552	1	"protein"	"cis_only_sensitivity"	NA	NA	10000	"Enriched-panel mediation stress test; not an unbiased estimate across the circulating proteome. Bootstrap intervals exclude literature selection, publication bias, winner's curse, outcome reuse and cross-protein covariance."
"CSF2"	"rs429358"	"any_AMD"	-0.00792909	0.0104638	0.448590425529266	"C"	"OID30072"	32862	"<external_resource_root>\UKB-PPP\syn51365303_European_discovery\CSF2_P04141_OID30072_v1_Cardiometabolic_II.tar"	0.24449339026361	0.0594995221630224	3.970912434461e-05	"Wald ratio"	1	675.205162845104	675.205162845104	NA	NA	0.000496364054307625	0.00107214635730447	"OID30072"	-0.203119	0.0190975	2.02815e-26	"C"	"FinnGen_R12_H7_AMD"	"moderate"	-0.00193861009580529	0.00260146606107739	0.456151383506018	0.00954420854674003	0.0128389938603866	TRUE	"concordant_mediation"	-0.00746778822495675	0.00310534185299272	-0.0153314319018423	0.0378998777358062	200	0.903687234628611	1	"protein"	"cis_only_sensitivity"	NA	NA	10000	"Enriched-panel mediation stress test; not an unbiased estimate across the circulating proteome. Bootstrap intervals exclude literature selection, publication bias, winner's curse, outcome reuse and cross-protein covariance."
"CTSH"	"rs429358"	"any_AMD"	-0.0185908	0.00661968	0.00497863169965071	"C"	"OID20113"	32979	"<external_resource_root>\UKB-PPP\syn51365303_European_discovery\CTSH_P09668_OID20113_v1_Cardiometabolic.tar"	-0.0228768135680317	0.0214088490462521	0.28526432030328	"Inverse variance weighted"	8	959.93899146813	44.5923163263753	0.145543437958511	0.511275824247277	0.661472706225246	1	"OID20113"	-0.203119	0.0190975	2.02815e-26	"C"	"FinnGen_R12_H7_AMD"	"high"	0.000425298265680564	0.000425844214810425	0.31793133765452	-0.00209383792594767	0.0021057483615017	TRUE	"opposing_or_suppressing_mediation"	-0.000346561052630566	0.00145193462336121	-0.00734785492911727	0.0017149107848941	200	0.903687234628611	1	"protein"	"cis_only_sensitivity"	NA	NA	10000	"Enriched-panel mediation stress test; not an unbiased estimate across the circulating proteome. Bootstrap intervals exclude literature selection, publication bias, winner's curse, outcome reuse and cross-protein covariance."
"GRN"	"rs429358"	"any_AMD"	-0.0327192	0.00939376	0.000495678406594118	"C"	"OID21159"	33508	"<external_resource_root>\UKB-PPP\syn51365303_European_discovery\GRN_P28799_OID21159_v1_Neurology.tar"	-0.0989169602978659	0.057630016699026	0.0860863187862133	"Wald ratio"	1	1047.05061013529	1047.05061013529	NA	NA	0.430431593931066	1	"OID21159"	-0.203119	0.0190975	2.02815e-26	"C"	"FinnGen_R12_H7_AMD"	"high"	0.00323648380737793	0.00210212615939962	0.123652040996091	-0.0159339294077754	0.0104571048230186	TRUE	"opposing_or_suppressing_mediation"	-0.000487979091600274	0.0079391624851947	-0.0402962733060464	0.00235200035211611	200	0.852317061990758	1	"protein"	"cis_only_sensitivity"	NA	NA	10000	"Enriched-panel mediation stress test; not an unbiased estimate across the circulating proteome. Bootstrap intervals exclude literature selection, publication bias, winner's curse, outcome reuse and cross-protein covariance."
"IL34"	"rs429358"	"any_AMD"	0.0114025	0.00925762	0.21806501718358	"C"	"OID20809"	32861	"<external_resource_root>\UKB-PPP\syn51365303_European_discovery\IL34_Q6ZMJ4_OID20809_v1_Neurology.tar"	-0.0421531787419286	0.0328864336547778	0.199919769991845	"Inverse variance weighted"	3	1086.97878136877	215.499425934514	0.966839946430703	0.843379681438967	0.555332694421792	1	"OID20809"	-0.203119	0.0190975	2.02815e-26	"C"	"FinnGen_R12_H7_AMD"	"high"	-0.000480651620604841	0.000541203707414361	0.37447840781602	0.00236635479991946	0.0026737391042375	TRUE	"concordant_mediation"	-0.00204596588535567	0.000450185786125805	-0.00223769703678889	0.0102490354541839	200	0.903687234628611	1	"protein"	"cis_only_sensitivity"	NA	NA	10000	"Enriched-panel mediation stress test; not an unbiased estimate across the circulating proteome. Bootstrap intervals exclude literature selection, publication bias, winner's curse, outcome reuse and cross-protein covariance."
"LBP"	"rs429358"	"any_AMD"	-0.0350601	0.00930344	0.000164229057310055	"C"	"OID20355"	33809	"<external_resource_root>\UKB-PPP\syn51365303_European_discovery\LBP_P18428_OID20355_v1_Cardiometabolic.tar"	0.0723637434728684	0.0550523311866792	0.188693550700251	"Inverse variance weighted"	8	372.186958363117	33.4428480056771	0.00188028386845954	0.552117920639457	0.555332694421792	1	"OID20355"	-0.203119	0.0190975	2.02815e-26	"C"	"FinnGen_R12_H7_AMD"	"moderate"	-0.00253708008253311	0.00204418255455319	0.214560657865157	0.012490609359701	0.0101322539772308	TRUE	"concordant_mediation"	-0.00708820595614833	0.00119251083815592	-0.00578474752444642	0.0356190108697494	200	0.903687234628611	1	"protein"	"cis_only_sensitivity"	NA	NA	10000	"Enriched-panel mediation stress test; not an unbiased estimate across the circulating proteome. Bootstrap intervals exclude literature selection, publication bias, winner's curse, outcome reuse and cross-protein covariance."
"LILRB2"	"rs429358"	"any_AMD"	-0.0140369	0.0103448	0.174809085162579	"C"	"OID20301"	33898	"<external_resource_root>\UKB-PPP\syn51365303_European_discovery\LILRB2_Q8N423_OID20301_v1_Cardiometabolic.tar"	0.0185971150193394	0.0219692274602723	0.397269711877011	"Inverse variance weighted"	5	2120.43253676753	84.7866618469832	0.159001797869002	0.627415014777939	0.800779986107791	1	"OID20301"	-0.203119	0.0190975	2.02815e-26	"C"	"FinnGen_R12_H7_AMD"	"high"	-0.000261045843814965	0.000363468729695973	0.47262956432416	0.00128518673198945	0.0017935125233146	TRUE	"concordant_mediation"	-0.0013306202733655	0.00043812683705739	-0.00219805369860502	0.00661605383594573	200	0.903687234628611	1	"protein"	"cis_only_sensitivity"	NA	NA	10000	"Enriched-panel mediation stress test; not an unbiased estimate across the circulating proteome. Bootstrap intervals exclude literature selection, publication bias, winner's curse, outcome reuse and cross-protein covariance."
"MME"	"rs429358"	"any_AMD"	-0.0291465	0.00938556	0.00189985300448565	"C"	"OID21307"	33533	"<external_resource_root>\UKB-PPP\syn51365303_European_discovery\MME_P08473_OID21307_v1_Oncology.tar"	0.00978433932199453	0.253871857568121	0.969256769405091	"Inverse variance weighted"	2	47.5309437382581	31.0745580335957	0.208497132242901	NA	0.969256769405091	1	"OID21307"	-0.203119	0.0190975	2.02815e-26	"C"	"FinnGen_R12_H7_AMD"	"high"	-0.000285179246048514	0.00740004591400456	0.969259135519698	0.00140400083718664	0.0364323105668368	TRUE	"concordant_mediation"	-0.0162330112283667	0.0156376338450069	-0.0775926994901987	0.0818405986611993	200	0.983797198837987	1	"protein"	"cis_only_sensitivity"	NA	NA	10000	"Enriched-panel mediation stress test; not an unbiased estimate across the circulating proteome. Bootstrap intervals exclude literature selection, publication bias, winner's curse, outcome reuse and cross-protein covariance."
"PILRA"	"rs429358"	"any_AMD"	-0.0201654	0.00791269	0.0108190717260757	"C"	"OID21129"	33687	"<external_resource_root>\UKB-PPP\syn51365303_European_discovery\PILRA_Q9UKJ1_OID21129_v1_Neurology.tar"	0.0566307651387595	0.0317405577738797	0.0743949493964554	"Inverse variance weighted"	3	1576.81293051402	65.1995270738017	0.247808087782715	0.59349024945398	0.430431593931066	1	"OID21129"	-0.203119	0.0190975	2.02815e-26	"C"	"FinnGen_R12_H7_AMD"	"high"	-0.00114198203132914	0.000781327884690507	0.143853242473231	0.00562223145707266	0.00388280192868237	TRUE	"concordant_mediation"	-0.00312863061041673	0.000115408465856907	-0.000570699314942887	0.0156870180176712	200	0.88942690775983	1	"protein"	"cis_only_sensitivity"	NA	NA	10000	"Enriched-panel mediation stress test; not an unbiased estimate across the circulating proteome. Bootstrap intervals exclude literature selection, publication bias, winner's curse, outcome reuse and cross-protein covariance."
"PILRB"	"rs429358"	"any_AMD"	-0.0179577	0.0070558	0.0109249636338516	"C"	"OID20197"	33693	"<external_resource_root>\UKB-PPP\syn51365303_European_discovery\PILRB_Q9UKJ0_OID20197_v1_Cardiometabolic.tar"	0.0756426425087738	0.0290449468058946	0.0092053925750328	"Inverse variance weighted"	7	1009.08527643503	91.3492124606038	0.229962157823449	0.483835541234753	0.07671160479194	0.248545599525886	"OID20197"	-0.203119	0.0190975	2.02815e-26	"C"	"FinnGen_R12_H7_AMD"	"high"	-0.00135836788137981	0.000746259009159575	0.0687229980050034	0.00668754710972291	0.00372741497993604	TRUE	"concordant_mediation"	-0.0031058434438416	-0.000141982097880992	0.000719446837838724	0.0156259434829263	200	0.835672316584254	1	"protein"	"cis_only_sensitivity"	NA	NA	10000	"Enriched-panel mediation stress test; not an unbiased estimate across the circulating proteome. Bootstrap intervals exclude literature selection, publication bias, winner's curse, outcome reuse and cross-protein covariance."
"PRSS8"	"rs429358"	"any_AMD"	-0.018772	0.00965987	0.0519804458213539	"C"	"OID20763"	33527	"<external_resource_root>\UKB-PPP\syn51365303_European_discovery\PRSS8_Q16651_OID20763_v1_Inflammation.tar"	-0.0488130372742143	0.126564403299342	0.699735559904901	"Wald ratio"	1	216.332503281953	216.332503281953	NA	NA	0.807049644930599	1	"OID20763"	-0.203119	0.0190975	2.02815e-26	"C"	"FinnGen_R12_H7_AMD"	"high"	0.000916318335711551	0.00242220605500456	0.705208424635972	-0.00451123890779076	0.0119325997515413	TRUE	"opposing_or_suppressing_mediation"	-0.00421893657495164	0.00716975389909634	-0.0362260641465357	0.0208904176586795	200	0.92184107795552	1	"protein"	"cis_only_sensitivity"	NA	NA	10000	"Enriched-panel mediation stress test; not an unbiased estimate across the circulating proteome. Bootstrap intervals exclude literature selection, publication bias, winner's curse, outcome reuse and cross-protein covariance."
"SERPINF2"	"rs429358"	"any_AMD"	-0.0193135	0.010105	0.0559680273466331	"C"	"OID30779"	33357	"<external_resource_root>\UKB-PPP\syn51365303_European_discovery\SERPINF2_P08697_OID30779_v1_Inflammation_II.tar"	-0.0313748489681504	0.0844357450099077	0.710203687538927	"Wald ratio"	1	486.129292389341	486.129292389341	NA	NA	0.807049644930599	1	"OID30779"	-0.203119	0.0190975	2.02815e-26	"C"	"FinnGen_R12_H7_AMD"	"high"	0.000605958145546373	0.00166128292346701	0.715295695129632	-0.00298326668379803	0.00818367344625042	TRUE	"opposing_or_suppressing_mediation"	-0.00298881890482504	0.0048730047027606	-0.0242871268257448	0.0149751853802164	200	0.928955448220301	1	"protein"	"cis_only_sensitivity"	NA	NA	10000	"Enriched-panel mediation stress test; not an unbiased estimate across the circulating proteome. Bootstrap intervals exclude literature selection, publication bias, winner's curse, outcome reuse and cross-protein covariance."
"SIGLEC9"	"rs429358"	"any_AMD"	-0.0137781	0.00911119	0.130477912540845	"C"	"OID21390"	33908	"<external_resource_root>\UKB-PPP\syn51365303_European_discovery\SIGLEC9_Q9Y336_OID21390_v1_Oncology.tar"	-0.00195268452876553	0.03249675870917	0.952085074503132	"Inverse variance weighted"	4	1049.79923017691	38.3679051988145	0.883190533507983	0.538516072979178	0.969256769405091	1	"OID21390"	-0.203119	0.0190975	2.02815e-26	"C"	"FinnGen_R12_H7_AMD"	"high"	2.69042827057844e-05	0.000448096923745008	0.952122810896801	-0.00013245576586033	0.00220611593991408	TRUE	"opposing_or_suppressing_mediation"	-0.00110085870868664	0.00118491308647014	-0.00579488918929363	0.00546938954345397	200	0.983797198837987	1	"protein"	"cis_only_sensitivity"	NA	NA	10000	"Enriched-panel mediation stress test; not an unbiased estimate across the circulating proteome. Bootstrap intervals exclude literature selection, publication bias, winner's curse, outcome reuse and cross-protein covariance."
"SIRPA"	"rs429358"	"any_AMD"	-0.00943042	0.00522575	0.0711360915593152	"C"	"OID20304"	33714	"<external_resource_root>\UKB-PPP\syn51365303_European_discovery\SIRPA_P78324_OID20304_v1_Cardiometabolic.tar"	-0.0113672262010623	0.0107661988275254	0.291047990739108	"Inverse variance weighted"	10	2296.83990353653	56.5536300002049	0.470747424008405	0.941005807041845	0.661472706225246	1	"OID20304"	-0.203119	0.0190975	2.02815e-26	"C"	"FinnGen_R12_H7_AMD"	"high"	0.000107197717311022	0.000117630466764181	0.362132521761769	-0.000527758197465633	0.000581242856542814	TRUE	"opposing_or_suppressing_mediation"	-9.60912034330626e-05	0.000409868924158141	-0.00205960559317766	0.000472209718346981	200	0.903687234628611	1	"protein"	"cis_only_sensitivity"	NA	NA	10000	"Enriched-panel mediation stress test; not an unbiased estimate across the circulating proteome. Bootstrap intervals exclude literature selection, publication bias, winner's curse, outcome reuse and cross-protein covariance."
"TGFB1"	"rs429358"	"any_AMD"	-0.00290095	0.0102988	0.778188843048553	"C"	"OID20621"	33988	"<external_resource_root>\ukbppp_proteins\tgfb1_p01137_oid20621_v1_inflammation.tar"	-0.254491822751449	0.0550994549256449	3.86017621509384e-06	"Inverse variance weighted"	2	494.118334472546	136.370474552368	0.295017358039092	NA	9.65044053773461e-05	0.000104224757807534	"OID20621"	-0.203119	0.0190975	2.02815e-26	"C"	"FinnGen_R12_H7_AMD"	"moderate"	0.000738268053210816	0.00262582985074413	0.77859068201566	-0.00363465777800608	0.0129320602349525	TRUE	"opposing_or_suppressing_mediation"	-0.00445901096867689	0.00611488864950119	-0.0302187600494055	0.022065471389015	200	0.942033360406534	1	"protein"	"cis_only_sensitivity"	NA	NA	10000	"Enriched-panel mediation stress test; not an unbiased estimate across the circulating proteome. Bootstrap intervals exclude literature selection, publication bias, winner's curse, outcome reuse and cross-protein covariance."
"TNFRSF10A"	"rs429358"	"any_AMD"	0.0256198	0.00910627	0.00490173693555492	"C"	"OID20967"	33436	"<external_resource_root>\UKB-PPP\syn51365303_European_discovery\TNFRSF10A_O00220_OID20967_v1_Neurology.tar"	-0.0694021861681208	0.0443572325123635	0.117672179151808	"Inverse variance weighted"	4	575.595476461577	58.8991670067129	0.310310752871442	0.274858415705501	0.490300746465865	1	"OID20967"	-0.203119	0.0190975	2.02815e-26	"C"	"FinnGen_R12_H7_AMD"	"moderate"	-0.00177807012919002	0.00130033685636988	0.171502489140834	0.00875383459543431	0.00645453765717064	TRUE	"concordant_mediation"	-0.00483740467957538	0.000434752295841982	-0.00215158139815629	0.0244235062828006	200	0.903687234628611	1	"protein"	"cis_only_sensitivity"	NA	NA	10000	"Enriched-panel mediation stress test; not an unbiased estimate across the circulating proteome. Bootstrap intervals exclude literature selection, publication bias, winner's curse, outcome reuse and cross-protein covariance."
"TREM2"	"rs429358"	"any_AMD"	-0.0477905	0.00929407	2.71769052344228e-07	"C"	"OID20731"	33649	"<external_resource_root>\ukbppp_proteins\trem2_q9nzc2_oid20731_v1_inflammation.tar"	0.0363495507674938	0.0516326719360882	0.481430967740031	"Inverse variance weighted"	3	698.914117575788	48.9716024734884	0.343282638931544	0.869806966590175	0.800779986107791	1	"OID20731"	-0.203119	0.0190975	2.02815e-26	"C"	"FinnGen_R12_H7_AMD"	"moderate"	-0.00173716320595391	0.00249057054388829	0.48549238807266	0.00855244071679121	0.0122879708513089	TRUE	"concordant_mediation"	-0.00680570770368014	0.0031447182442046	-0.0153692872392243	0.034828656699944	200	0.903687234628611	1	"protein"	"cis_only_sensitivity"	NA	NA	10000	"Enriched-panel mediation stress test; not an unbiased estimate across the circulating proteome. Bootstrap intervals exclude literature selection, publication bias, winner's curse, outcome reuse and cross-protein covariance."
"ZBTB16"	"rs429358"	"any_AMD"	0.0131461	0.0100001	0.188644001471703	"C"	"OID21205"	32907	"<external_resource_root>\UKB-PPP\syn51365303_European_discovery\ZBTB16_Q05516_OID21205_v1_Oncology.tar"	-0.0601115486578555	0.0450477328518434	0.182073862090095	"Inverse variance weighted"	3	723.765308055597	87.2697159863256	0.389688804647197	0.777687614013916	0.555332694421792	1	"OID21205"	-0.203119	0.0190975	2.02815e-26	"C"	"FinnGen_R12_H7_AMD"	"high"	-0.000790232429811034	0.000843830708637969	0.34902497832938	0.0038904899581577	0.00417043881442262	TRUE	"concordant_mediation"	-0.00312272037702788	0.00065602437649342	-0.00324931479523516	0.0156651993356747	200	0.903687234628611	1	"protein"	"cis_only_sensitivity"	NA	NA	10000	"Enriched-panel mediation stress test; not an unbiased estimate across the circulating proteome. Bootstrap intervals exclude literature selection, publication bias, winner's curse, outcome reuse and cross-protein covariance."
"TOTAL_ELIGIBLE_PROTEINS"	"rs429358"	"any_AMD"	NA	NA	NA	NA	NA	NA	NA	NA	NA	NA	NA	NA	NA	NA	NA	NA	NA	NA	NA	-0.203119	0.0190975	2.02815e-26	"C"	"FinnGen_R12_H7_AMD"	NA	-0.00617214030597013	0.011710978865733	0.598166641225793	0.0303868190862013	NA	TRUE	"concordant_total_mediation"	-0.0316579751615698	0.0192118051653782	-0.0993982111946134	0.1572332313682	200	NA	NA	"total"	"cis_only_sensitivity"	25	"Independent normal alpha/beta draws and common total-effect draw; cross-protein covariance, literature selection, publication bias and winner's curse not included."	10000	"Enriched-panel mediation stress test; not an unbiased estimate across the circulating proteome. Bootstrap intervals exclude literature selection, publication bias, winner's curse, outcome reuse and cross-protein covariance."
"ACE"	"rs429358"	"dry_AMD"	-0.0115124	0.00990373	0.245062014922761	"C"	"OID30696"	33985	"<external_resource_root>\UKB-PPP\syn51365303_European_discovery\ACE_P12821_OID30696_v1_Inflammation_II.tar"	-0.0476812066880837	0.045412380343901	0.293736262518318	"Inverse variance weighted"	6	353.337430045278	43.5356432986411	0.41140211471876	0.351395941909612	0.617310891310515	1	"OID30696"	-0.210934	0.0227274	1.67842e-20	"C"	"FinnGen_R12_DRY_AMD"	"moderate"	0.000548925123875895	0.00070449911525745	0.435879121289075	-0.00260235487818889	0.00335165238328565	TRUE	"opposing_or_suppressing_mediation"	-0.000733368221512715	0.0025831072191493	-0.0128167707156361	0.00357635854994118	200	0.903687234628611	1	"protein"	"cis_only_sensitivity"	NA	NA	10000	"Enriched-panel mediation stress test; not an unbiased estimate across the circulating proteome. Bootstrap intervals exclude literature selection, publication bias, winner's curse, outcome reuse and cross-protein covariance."
"BLNK"	"rs429358"	"dry_AMD"	0.000575571	0.0106391	0.956855813883619	"C"	"OID30541"	32981	"<external_resource_root>\UKB-PPP\syn51365303_European_discovery\BLNK_Q8WV28_OID30541_v1_Inflammation_II.tar"	0.164192844326612	0.248442061005329	0.508682935379033	"Wald ratio"	1	55.024245147595	55.024245147595	NA	NA	0.719628616908792	1	"OID30541"	-0.210934	0.0227274	1.67842e-20	"C"	"FinnGen_R12_DRY_AMD"	"high"	9.45046396019124e-05	0.00175270705430817	0.956999504345415	-0.000448029429119594	0.00830940783544782	TRUE	"opposing_or_suppressing_mediation"	-0.00681342151725238	0.00699520797729056	-0.0342970794704673	0.0328858788148931	200	0.983797198837987	1	"protein"	"cis_only_sensitivity"	NA	NA	10000	"Enriched-panel mediation stress test; not an unbiased estimate across the circulating proteome. Bootstrap intervals exclude literature selection, publication bias, winner's curse, outcome reuse and cross-protein covariance."
"C1R"	"rs429358"	"dry_AMD"	-0.0155257	0.0101686	0.126804597540802	"C"	"OID30753"	33995	"<external_resource_root>\UKB-PPP\syn51365303_European_discovery\C1R_P00736_OID30753_v1_Inflammation_II.tar"	0.160845917904123	0.279954845714227	0.56560084380706	"Wald ratio"	1	56.5905353975853	56.5905353975853	NA	NA	0.719628616908792	1	"OID30753"	-0.210934	0.0227274	1.67842e-20	"C"	"FinnGen_R12_DRY_AMD"	"high"	-0.00249724546760404	0.0046440427513509	0.590762816595583	0.0118389897674346	0.0220534905613691	TRUE	"concordant_mediation"	-0.0157375740548326	0.007331190157632	-0.0357604546253722	0.0766189205451621	200	0.903687234628611	1	"protein"	"cis_only_sensitivity"	NA	NA	10000	"Enriched-panel mediation stress test; not an unbiased estimate across the circulating proteome. Bootstrap intervals exclude literature selection, publication bias, winner's curse, outcome reuse and cross-protein covariance."
"C1S"	"rs429358"	"dry_AMD"	-0.0244052	0.00989296	0.0136279333217186	"C"	"OID30731"	33995	"<external_resource_root>\UKB-PPP\syn51365303_European_discovery\C1S_P09871_OID30731_v1_Inflammation_II.tar"	0.158823415138842	0.174382907855082	0.362414474667966	"Inverse variance weighted"	2	76.6142760861115	66.7784625348148	0.136503927668347	NA	0.6834930198371	1	"OID30731"	-0.210934	0.0227274	1.67842e-20	"C"	"FinnGen_R12_DRY_AMD"	"high"	-0.00387611721114647	0.00453663226978788	0.392881125042566	0.0183759716837801	0.0215982980149282	TRUE	"concordant_mediation"	-0.0150435522526521	0.00449205375658184	-0.0218330392891613	0.0733469160187369	200	0.903687234628611	1	"protein"	"cis_only_sensitivity"	NA	NA	10000	"Enriched-panel mediation stress test; not an unbiased estimate across the circulating proteome. Bootstrap intervals exclude literature selection, publication bias, winner's curse, outcome reuse and cross-protein covariance."
"CD226"	"rs429358"	"dry_AMD"	0.0219235	0.0103868	0.0347976567625879	"C"	"OID30556"	32981	"<external_resource_root>\UKB-PPP\syn51365303_European_discovery\CD226_Q15762_OID30556_v1_Inflammation_II.tar"	-0.0338984127651651	0.148155432186944	0.819022006570721	"Inverse variance weighted"	2	149.712515524392	43.7594928515072	0.919875866652793	NA	0.853147923511168	1	"OID30556"	-0.210934	0.0227274	1.67842e-20	"C"	"FinnGen_R12_DRY_AMD"	"moderate"	-0.000743171852257097	0.00326711367967078	0.820057936552265	0.00352324353711159	0.0154934472728086	TRUE	"concordant_mediation"	-0.00878353137900682	0.00662755476540585	-0.0318585570212174	0.0419818118783234	200	0.950459158047744	1	"protein"	"cis_only_sensitivity"	NA	NA	10000	"Enriched-panel mediation stress test; not an unbiased estimate across the circulating proteome. Bootstrap intervals exclude literature selection, publication bias, winner's curse, outcome reuse and cross-protein covariance."
"CD2AP"	"rs429358"	"dry_AMD"	0.0153841	0.00993043	0.121336649922221	"C"	"OID20177"	33693	"<external_resource_root>\UKB-PPP\syn51365303_European_discovery\CD2AP_Q9Y5K6_OID20177_v1_Cardiometabolic.tar"	0.0832500481419944	0.14874781076677	0.575702893527033	"Inverse variance weighted"	2	749.131215617584	127.059611549351	0.0112973655826906	NA	0.719628616908792	1	"OID20177"	-0.210934	0.0227274	1.67842e-20	"C"	"FinnGen_R12_DRY_AMD"	"high"	0.00128072706562126	0.00243310472320607	0.598627234811558	-0.00607169572293351	0.0115534468195975	TRUE	"opposing_or_suppressing_mediation"	-0.00389024928057655	0.00824066939328635	-0.0394105805104201	0.0187921615239976	200	0.903687234628611	1	"protein"	"cis_only_sensitivity"	NA	NA	10000	"Enriched-panel mediation stress test; not an unbiased estimate across the circulating proteome. Bootstrap intervals exclude literature selection, publication bias, winner's curse, outcome reuse and cross-protein covariance."
"CD33"	"rs429358"	"dry_AMD"	-0.0133831	0.010566	0.205291515135958	"C"	"OID21472"	33822	"<external_resource_root>\UKB-PPP\syn51365303_European_discovery\CD33_P20138_OID21472_v1_Oncology.tar"	0.0233049814992378	0.0168173989459299	0.165818334231012	"Inverse variance weighted"	6	2627.09651529112	35.7963440828048	0.845194583953048	0.759986077851704	0.460606483975034	1	"OID21472"	-0.210934	0.0227274	1.67842e-20	"C"	"FinnGen_R12_DRY_AMD"	"high"	-0.000311892897902449	0.00033360212180026	0.349827053919758	0.00147862790210421	0.00158955154567747	TRUE	"concordant_mediation"	-0.0012542029166585	0.000267025292283538	-0.00124709104234808	0.00613096315659444	200	0.903687234628611	1	"protein"	"cis_only_sensitivity"	NA	NA	10000	"Enriched-panel mediation stress test; not an unbiased estimate across the circulating proteome. Bootstrap intervals exclude literature selection, publication bias, winner's curse, outcome reuse and cross-protein covariance."
"CR1"	"rs429358"	"dry_AMD"	-0.00760098	0.00943212	0.420322849819346	"C"	"OID30697"	33849	"<external_resource_root>\UKB-PPP\syn51365303_European_discovery\CR1_P17927_OID30697_v1_Inflammation_II.tar"	0.00470891481994515	0.0401497609013726	0.906635195857649	"Inverse variance weighted"	3	1082.42137120818	37.4571183152205	0.306620955944864	0.443004232487584	0.906635195857649	1	"OID30697"	-0.210934	0.0227274	1.67842e-20	"C"	"FinnGen_R12_DRY_AMD"	"high"	-3.57923673681067e-05	0.000308392641316456	0.907604174176898	0.000169685149706101	0.00146214812918374	TRUE	"concordant_mediation"	-0.00112836237413187	0.000947359433596115	-0.00458044449162122	0.00542319361384872	200	0.983797198837987	1	"protein"	"cis_only_sensitivity"	NA	NA	10000	"Enriched-panel mediation stress test; not an unbiased estimate across the circulating proteome. Bootstrap intervals exclude literature selection, publication bias, winner's curse, outcome reuse and cross-protein covariance."
"CSF2"	"rs429358"	"dry_AMD"	-0.00792909	0.0104638	0.448590425529266	"C"	"OID30072"	32862	"<external_resource_root>\UKB-PPP\syn51365303_European_discovery\CSF2_P04141_OID30072_v1_Cardiometabolic_II.tar"	0.166840984877383	0.0708490732423597	0.018528744948031	"Wald ratio"	1	675.205162845104	675.205162845104	NA	NA	0.174126574775112	0.500276113596836	"OID30072"	-0.210934	0.0227274	1.67842e-20	"C"	"FinnGen_R12_DRY_AMD"	"moderate"	-0.00132289718478141	0.00183394907438653	0.470701573339393	0.00627161664208429	0.00872064181525852	TRUE	"concordant_mediation"	-0.00573755116148878	0.00218181360783582	-0.0105147219461453	0.02826516005361	200	0.903687234628611	1	"protein"	"cis_only_sensitivity"	NA	NA	10000	"Enriched-panel mediation stress test; not an unbiased estimate across the circulating proteome. Bootstrap intervals exclude literature selection, publication bias, winner's curse, outcome reuse and cross-protein covariance."
"CTSH"	"rs429358"	"dry_AMD"	-0.0185908	0.00661968	0.00497863169965071	"C"	"OID20113"	32979	"<external_resource_root>\UKB-PPP\syn51365303_European_discovery\CTSH_P09668_OID20113_v1_Cardiometabolic.tar"	-0.0251311759049858	0.0203554310349682	0.216972810039056	"Inverse variance weighted"	8	959.93899146813	44.5923163263753	0.511212088640242	0.335134741692142	0.542432025097639	1	"OID20113"	-0.210934	0.0227274	1.67842e-20	"C"	"FinnGen_R12_DRY_AMD"	"high"	0.00046720866501441	0.000413376699961125	0.258381444032757	-0.00221495190445547	0.00197422213715697	TRUE	"opposing_or_suppressing_mediation"	-0.000278687944054533	0.00140999312194895	-0.00694811570630221	0.00132723239200249	200	0.903687234628611	1	"protein"	"cis_only_sensitivity"	NA	NA	10000	"Enriched-panel mediation stress test; not an unbiased estimate across the circulating proteome. Bootstrap intervals exclude literature selection, publication bias, winner's curse, outcome reuse and cross-protein covariance."
"GRN"	"rs429358"	"dry_AMD"	-0.0327192	0.00939376	0.000495678406594118	"C"	"OID21159"	33508	"<external_resource_root>\UKB-PPP\syn51365303_European_discovery\GRN_P28799_OID21159_v1_Neurology.tar"	-0.154740845498054	0.0681907524149668	0.0232540358440808	"Wald ratio"	1	1047.05061013529	1047.05061013529	NA	NA	0.174126574775112	0.62785896779018	"OID21159"	-0.210934	0.0227274	1.67842e-20	"C"	"FinnGen_R12_DRY_AMD"	"high"	0.00506299667201993	0.00266288650634665	0.0572602437133377	-0.024002752861179	0.0128864478242525	TRUE	"opposing_or_suppressing_mediation"	0.000499693044822901	0.0111127061946019	-0.054850345890997	-0.00231996318827722	200	0.835672316584254	1	"protein"	"cis_only_sensitivity"	NA	NA	10000	"Enriched-panel mediation stress test; not an unbiased estimate across the circulating proteome. Bootstrap intervals exclude literature selection, publication bias, winner's curse, outcome reuse and cross-protein covariance."
"IL34"	"rs429358"	"dry_AMD"	0.0114025	0.00925762	0.21806501718358	"C"	"OID20809"	32861	"<external_resource_root>\UKB-PPP\syn51365303_European_discovery\IL34_Q6ZMJ4_OID20809_v1_Neurology.tar"	-0.0406585238600311	0.0389307449673862	0.296309227829047	"Inverse variance weighted"	3	1086.97878136877	215.499425934514	0.555629450726666	0.686997145526618	0.617310891310515	1	"OID20809"	-0.210934	0.0227274	1.67842e-20	"C"	"FinnGen_R12_DRY_AMD"	"high"	-0.000463608818314005	0.00058200686268062	0.425701193964315	0.00219788568136955	0.00276933338506625	TRUE	"concordant_mediation"	-0.00209635480479307	0.000585333402773376	-0.00275256393840095	0.0103573468194662	200	0.903687234628611	1	"protein"	"cis_only_sensitivity"	NA	NA	10000	"Enriched-panel mediation stress test; not an unbiased estimate across the circulating proteome. Bootstrap intervals exclude literature selection, publication bias, winner's curse, outcome reuse and cross-protein covariance."
"LBP"	"rs429358"	"dry_AMD"	-0.0350601	0.00930344	0.000164229057310055	"C"	"OID20355"	33809	"<external_resource_root>\UKB-PPP\syn51365303_European_discovery\LBP_P18428_OID20355_v1_Cardiometabolic.tar"	0.029178350712292	0.0506599620953711	0.56463903060558	"Inverse variance weighted"	8	372.186958363117	33.4428480056771	0.0550733428892631	0.827689827283314	0.719628616908792	1	"OID20355"	-0.210934	0.0227274	1.67842e-20	"C"	"FinnGen_R12_DRY_AMD"	"moderate"	-0.00102299589380803	0.00179676797654771	0.5691163581095	0.00484983878278527	0.00853416566359555	TRUE	"concordant_mediation"	-0.00502671774050721	0.00242524998022289	-0.0118191618566669	0.0243282445244678	200	0.903687234628611	1	"protein"	"cis_only_sensitivity"	NA	NA	10000	"Enriched-panel mediation stress test; not an unbiased estimate across the circulating proteome. Bootstrap intervals exclude literature selection, publication bias, winner's curse, outcome reuse and cross-protein covariance."
"LILRB2"	"rs429358"	"dry_AMD"	-0.0140369	0.0103448	0.174809085162579	"C"	"OID20301"	33898	"<external_resource_root>\UKB-PPP\syn51365303_European_discovery\LILRB2_Q8N423_OID20301_v1_Cardiometabolic.tar"	0.0139932357521405	0.0202468800087805	0.489483551854435	"Inverse variance weighted"	5	2120.43253676753	84.7866618469832	0.459443605512936	0.453742625146153	0.719628616908792	1	"OID20301"	-0.210934	0.0227274	1.67842e-20	"C"	"FinnGen_R12_DRY_AMD"	"high"	-0.000196421650929221	0.000318945518656714	0.537995483253992	0.000931199573938867	0.00151538827985301	TRUE	"concordant_mediation"	-0.00112450853220149	0.000446973642662171	-0.00211730906949352	0.00547199952251302	200	0.903687234628611	1	"protein"	"cis_only_sensitivity"	NA	NA	10000	"Enriched-panel mediation stress test; not an unbiased estimate across the circulating proteome. Bootstrap intervals exclude literature selection, publication bias, winner's curse, outcome reuse and cross-protein covariance."
"MME"	"rs429358"	"dry_AMD"	-0.0291465	0.00938556	0.00189985300448565	"C"	"OID21307"	33533	"<external_resource_root>\UKB-PPP\syn51365303_European_discovery\MME_P08473_OID21307_v1_Oncology.tar"	0.146714425685037	0.364619449351955	0.687406704185519	"Inverse variance weighted"	2	47.5309437382581	31.0745580335957	0.126796777644648	NA	0.781143982028999	1	"OID21307"	-0.210934	0.0227274	1.67842e-20	"C"	"FinnGen_R12_DRY_AMD"	"high"	-0.00427621200822893	0.0107162186948954	0.689862899133304	0.0202727488609183	0.0508505935174234	TRUE	"concordant_mediation"	-0.0276333378121721	0.0177497740729259	-0.0861594038673466	0.135067757442934	200	0.92184107795552	1	"protein"	"cis_only_sensitivity"	NA	NA	10000	"Enriched-panel mediation stress test; not an unbiased estimate across the circulating proteome. Bootstrap intervals exclude literature selection, publication bias, winner's curse, outcome reuse and cross-protein covariance."
"PILRA"	"rs429358"	"dry_AMD"	-0.0201654	0.00791269	0.0108190717260757	"C"	"OID21129"	33687	"<external_resource_root>\UKB-PPP\syn51365303_European_discovery\PILRA_Q9UKJ1_OID21129_v1_Neurology.tar"	0.0863566437974543	0.0497169367907919	0.082393119255458	"Inverse variance weighted"	3	1576.81293051402	65.1995270738017	0.0865852143682661	0.594240160372862	0.294261140198064	1	"OID21129"	-0.210934	0.0227274	1.67842e-20	"C"	"FinnGen_R12_DRY_AMD"	"high"	-0.00174141626483319	0.00121327966046703	0.151202574319171	0.00825574001741391	0.00582031523082925	TRUE	"concordant_mediation"	-0.00480486425216086	0.000194979664180723	-0.000959810731665195	0.0235598888971869	200	0.88942690775983	1	"protein"	"cis_only_sensitivity"	NA	NA	10000	"Enriched-panel mediation stress test; not an unbiased estimate across the circulating proteome. Bootstrap intervals exclude literature selection, publication bias, winner's curse, outcome reuse and cross-protein covariance."
"PILRB"	"rs429358"	"dry_AMD"	-0.0179577	0.0070558	0.0109249636338516	"C"	"OID20197"	33693	"<external_resource_root>\UKB-PPP\syn51365303_European_discovery\PILRB_Q9UKJ0_OID20197_v1_Cardiometabolic.tar"	0.0770133765473015	0.0350180408678341	0.0278602519640178	"Inverse variance weighted"	7	1009.08527643503	91.3492124606038	0.208606346999417	0.275586123305382	0.174126574775112	0.752226803028482	"OID20197"	-0.210934	0.0227274	1.67842e-20	"C"	"FinnGen_R12_DRY_AMD"	"high"	-0.00138298311202348	0.000831094382413089	0.0961023164071892	0.00655647317181429	0.00400289795882684	TRUE	"concordant_mediation"	-0.00343665812771099	-5.00879589211209e-05	0.000232736650834616	0.0167903625843842	200	0.835672316584254	1	"protein"	"cis_only_sensitivity"	NA	NA	10000	"Enriched-panel mediation stress test; not an unbiased estimate across the circulating proteome. Bootstrap intervals exclude literature selection, publication bias, winner's curse, outcome reuse and cross-protein covariance."
"PRSS8"	"rs429358"	"dry_AMD"	-0.018772	0.00965987	0.0519804458213539	"C"	"OID20763"	33527	"<external_resource_root>\UKB-PPP\syn51365303_European_discovery\PRSS8_Q16651_OID20763_v1_Inflammation.tar"	-0.105926112831935	0.149904291233077	0.47979957755395	"Wald ratio"	1	216.332503281953	216.332503281953	NA	NA	0.719628616908792	1	"OID20763"	-0.210934	0.0227274	1.67842e-20	"C"	"FinnGen_R12_DRY_AMD"	"high"	0.00198844499008108	0.00299426444879795	0.506636148642932	-0.00942685859122324	0.0142315590845405	TRUE	"opposing_or_suppressing_mediation"	-0.00402413639237169	0.00940434784980742	-0.0459666995492816	0.0194178176279325	200	0.903687234628611	1	"protein"	"cis_only_sensitivity"	NA	NA	10000	"Enriched-panel mediation stress test; not an unbiased estimate across the circulating proteome. Bootstrap intervals exclude literature selection, publication bias, winner's curse, outcome reuse and cross-protein covariance."
"SERPINF2"	"rs429358"	"dry_AMD"	-0.0193135	0.010105	0.0559680273466331	"C"	"OID30779"	33357	"<external_resource_root>\UKB-PPP\syn51365303_European_discovery\SERPINF2_P08697_OID30779_v1_Inflammation_II.tar"	-0.185152965057271	0.0998061959305978	0.0635783844955773	"Wald ratio"	1	486.129292389341	486.129292389341	NA	NA	0.294261140198064	1	"OID30779"	-0.210934	0.0227274	1.67842e-20	"C"	"FinnGen_R12_DRY_AMD"	"high"	0.0035759517906336	0.00268629857177588	0.18312919569347	-0.0169529416340353	0.0128655857380963	TRUE	"opposing_or_suppressing_mediation"	-0.000639647849699827	0.0103195191700164	-0.0499874462233924	0.00294879947699443	200	0.903687234628611	1	"protein"	"cis_only_sensitivity"	NA	NA	10000	"Enriched-panel mediation stress test; not an unbiased estimate across the circulating proteome. Bootstrap intervals exclude literature selection, publication bias, winner's curse, outcome reuse and cross-protein covariance."
"SIGLEC9"	"rs429358"	"dry_AMD"	-0.0137781	0.00911119	0.130477912540845	"C"	"OID21390"	33908	"<external_resource_root>\UKB-PPP\syn51365303_European_discovery\SIGLEC9_Q9Y336_OID21390_v1_Oncology.tar"	0.0673748709850618	0.0384627309261519	0.0798267254365649	"Inverse variance weighted"	4	1049.79923017691	38.3679051988145	0.998697325592337	0.930529385030776	0.294261140198064	1	"OID21390"	-0.210934	0.0227274	1.67842e-20	"C"	"FinnGen_R12_DRY_AMD"	"high"	-0.00092829770991928	0.000810968867136281	0.252342829136759	0.00440089179515526	0.00387378810881983	TRUE	"concordant_mediation"	-0.00309112702717723	0.000357352272263148	-0.00164520628004834	0.0148857710019975	200	0.903687234628611	1	"protein"	"cis_only_sensitivity"	NA	NA	10000	"Enriched-panel mediation stress test; not an unbiased estimate across the circulating proteome. Bootstrap intervals exclude literature selection, publication bias, winner's curse, outcome reuse and cross-protein covariance."
"SIRPA"	"rs429358"	"dry_AMD"	-0.00943042	0.00522575	0.0711360915593152	"C"	"OID20304"	33714	"<external_resource_root>\UKB-PPP\syn51365303_European_discovery\SIRPA_P78324_OID20304_v1_Cardiometabolic.tar"	-0.00681034676388908	0.01490397181563	0.647708101165105	"Inverse variance weighted"	10	2296.83990353653	56.5536300002049	0.195112924093061	0.760565888697305	0.771081072815601	1	"OID20304"	-0.210934	0.0227274	1.67842e-20	"C"	"FinnGen_R12_DRY_AMD"	"high"	6.42244303291149e-05	0.000144986524090275	0.657788682637476	-0.000304476425465382	0.000688137374668122	TRUE	"opposing_or_suppressing_mediation"	-0.00024696231525692	0.000441837909940724	-0.00211749495752981	0.00119389283817221	200	0.92184107795552	1	"protein"	"cis_only_sensitivity"	NA	NA	10000	"Enriched-panel mediation stress test; not an unbiased estimate across the circulating proteome. Bootstrap intervals exclude literature selection, publication bias, winner's curse, outcome reuse and cross-protein covariance."
"TGFB1"	"rs429358"	"dry_AMD"	-0.00290095	0.0102988	0.778188843048553	"C"	"OID20621"	33988	"<external_resource_root>\ukbppp_proteins\tgfb1_p01137_oid20621_v1_inflammation.tar"	-0.195001609751222	0.0770743124755349	0.0114047346667832	"Inverse variance weighted"	2	494.118334472546	136.370474552368	0.214760984131625	NA	0.174126574775112	0.307927836003147	"OID20621"	-0.210934	0.0227274	1.67842e-20	"C"	"FinnGen_R12_DRY_AMD"	"moderate"	0.000565689919807807	0.00202069068238351	0.779516790971235	-0.00268183374803402	0.00958408659978523	TRUE	"opposing_or_suppressing_mediation"	-0.00371270148318017	0.00522222397797228	-0.0251332262541715	0.0178773394413608	200	0.942033360406534	1	"protein"	"cis_only_sensitivity"	NA	NA	10000	"Enriched-panel mediation stress test; not an unbiased estimate across the circulating proteome. Bootstrap intervals exclude literature selection, publication bias, winner's curse, outcome reuse and cross-protein covariance."
"TNFRSF10A"	"rs429358"	"dry_AMD"	0.0256198	0.00910627	0.00490173693555492	"C"	"OID20967"	33436	"<external_resource_root>\UKB-PPP\syn51365303_European_discovery\TNFRSF10A_O00220_OID20967_v1_Neurology.tar"	-0.0802778975968193	0.0480260251139187	0.0946131105730398	"Inverse variance weighted"	4	575.595476461577	58.8991670067129	0.450345809366467	0.32522758121726	0.295665970540749	1	"OID20967"	-0.210934	0.0227274	1.67842e-20	"C"	"FinnGen_R12_DRY_AMD"	"moderate"	-0.00205670368085099	0.00143120036196422	0.150704342603705	0.009750460716864	0.00686591483629812	TRUE	"concordant_mediation"	-0.00542862250329663	0.000378698889282	-0.00179294329729459	0.0268564702762027	200	0.88942690775983	1	"protein"	"cis_only_sensitivity"	NA	NA	10000	"Enriched-panel mediation stress test; not an unbiased estimate across the circulating proteome. Bootstrap intervals exclude literature selection, publication bias, winner's curse, outcome reuse and cross-protein covariance."
"TREM2"	"rs429358"	"dry_AMD"	-0.0477905	0.00929407	2.71769052344228e-07	"C"	"OID20731"	33649	"<external_resource_root>\ukbppp_proteins\trem2_q9nzc2_oid20731_v1_inflammation.tar"	-0.0179635331609035	0.0592150293024802	0.761614729411945	"Inverse variance weighted"	3	698.914117575788	48.9716024734884	0.629727294225683	0.809270212468264	0.827842097186897	1	"OID20731"	-0.210934	0.0227274	1.67842e-20	"C"	"FinnGen_R12_DRY_AMD"	"moderate"	0.000858486231526159	0.00283483641724499	0.762016000068696	-0.00406992818382128	0.0134465999094957	TRUE	"opposing_or_suppressing_mediation"	-0.00481575942109233	0.00669189714073297	-0.0323466963182483	0.0237649730549527	200	0.942033360406534	1	"protein"	"cis_only_sensitivity"	NA	NA	10000	"Enriched-panel mediation stress test; not an unbiased estimate across the circulating proteome. Bootstrap intervals exclude literature selection, publication bias, winner's curse, outcome reuse and cross-protein covariance."
"ZBTB16"	"rs429358"	"dry_AMD"	0.0131461	0.0100001	0.188644001471703	"C"	"OID21205"	32907	"<external_resource_root>\UKB-PPP\syn51365303_European_discovery\ZBTB16_Q05516_OID21205_v1_Oncology.tar"	-0.046454231037056	0.0532225803600483	0.382756091108776	"Inverse variance weighted"	3	723.765308055597	87.2697159863256	0.87481182327813	0.730147228912658	0.6834930198371	1	"OID21205"	-0.210934	0.0227274	1.67842e-20	"C"	"FinnGen_R12_DRY_AMD"	"high"	-0.000610691966636242	0.000839845874311034	0.467135502052344	0.00289518032482313	0.00399375901588449	TRUE	"concordant_mediation"	-0.00317731657185592	0.000988388889708727	-0.00477478222337666	0.0151025654494374	200	0.903687234628611	1	"protein"	"cis_only_sensitivity"	NA	NA	10000	"Enriched-panel mediation stress test; not an unbiased estimate across the circulating proteome. Bootstrap intervals exclude literature selection, publication bias, winner's curse, outcome reuse and cross-protein covariance."
"TOTAL_ELIGIBLE_PROTEINS"	"rs429358"	"dry_AMD"	NA	NA	NA	NA	NA	NA	NA	NA	NA	NA	NA	NA	NA	NA	NA	NA	NA	NA	NA	-0.210934	0.0227274	1.67842e-20	"C"	"FinnGen_R12_DRY_AMD"	NA	-0.00695928855809176	0.0150181465008023	0.643083430288758	0.0329927302288477	NA	TRUE	"concordant_total_mediation"	-0.0392126288246989	0.0244981173422267	-0.119040772101506	0.189386545028371	200	NA	NA	"total"	"cis_only_sensitivity"	25	"Independent normal alpha/beta draws and common total-effect draw; cross-protein covariance, literature selection, publication bias and winner's curse not included."	10000	"Enriched-panel mediation stress test; not an unbiased estimate across the circulating proteome. Bootstrap intervals exclude literature selection, publication bias, winner's curse, outcome reuse and cross-protein covariance."
"ACE"	"rs429358"	"wet_AMD"	-0.0115124	0.00990373	0.245062014922761	"C"	"OID30696"	33985	"<external_resource_root>\UKB-PPP\syn51365303_European_discovery\ACE_P12821_OID30696_v1_Inflammation_II.tar"	0.0207730282795281	0.050847883931161	0.682882556742052	"Inverse variance weighted"	6	353.337430045278	43.5356432986411	0.583319870280228	0.312011371198752	0.812955424692919	1	"OID30696"	-0.221611	0.0256245	5.22396e-18	"C"	"FinnGen_R12_WET_AMD"	"moderate"	-0.000239147410765239	0.000620480578460541	0.699924134629901	0.00107913149963332	0.00280264266645433	TRUE	"concordant_mediation"	-0.00208861709988346	0.00122926161664451	-0.00567718308207048	0.00961790817217647	200	0.92184107795552	1	"protein"	"cis_only_sensitivity"	NA	NA	10000	"Enriched-panel mediation stress test; not an unbiased estimate across the circulating proteome. Bootstrap intervals exclude literature selection, publication bias, winner's curse, outcome reuse and cross-protein covariance."
"BLNK"	"rs429358"	"wet_AMD"	0.000575571	0.0106391	0.956855813883619	"C"	"OID30541"	32981	"<external_resource_root>\UKB-PPP\syn51365303_European_discovery\BLNK_Q8WV28_OID30541_v1_Inflammation_II.tar"	0.0897056854395972	0.279557323049731	0.748297720969167	"Wald ratio"	1	55.024245147595	55.024245147595	NA	NA	0.850338319283144	1	"OID30541"	-0.221611	0.0256245	5.22396e-18	"C"	"FinnGen_R12_WET_AMD"	"high"	5.16319910741544e-05	0.000967856621553106	0.957455643742945	-0.000232984784483416	0.00436745032689066	TRUE	"opposing_or_suppressing_mediation"	-0.00684271874752368	0.00701934500535456	-0.0322296111142402	0.0312790648995292	200	0.983797198837987	1	"protein"	"cis_only_sensitivity"	NA	NA	10000	"Enriched-panel mediation stress test; not an unbiased estimate across the circulating proteome. Bootstrap intervals exclude literature selection, publication bias, winner's curse, outcome reuse and cross-protein covariance."
"C1R"	"rs429358"	"wet_AMD"	-0.0155257	0.0101686	0.126804597540802	"C"	"OID30753"	33995	"<external_resource_root>\UKB-PPP\syn51365303_European_discovery\C1R_P00736_OID30753_v1_Inflammation_II.tar"	-0.264323453819559	0.314600748774051	0.400803555954666	"Wald ratio"	1	56.5905353975853	56.5905353975853	NA	NA	0.795117980523124	1	"OID30753"	-0.221611	0.0256245	5.22396e-18	"C"	"FinnGen_R12_WET_AMD"	"high"	0.00410380664696633	0.00557508731287912	0.461671493595738	-0.0185180638459568	0.0252480462422536	TRUE	"opposing_or_suppressing_mediation"	-0.00626922838964671	0.0196052847339427	-0.0912335803076056	0.0285440363377672	200	0.903687234628611	1	"protein"	"cis_only_sensitivity"	NA	NA	10000	"Enriched-panel mediation stress test; not an unbiased estimate across the circulating proteome. Bootstrap intervals exclude literature selection, publication bias, winner's curse, outcome reuse and cross-protein covariance."
"C1S"	"rs429358"	"wet_AMD"	-0.0244052	0.00989296	0.0136279333217186	"C"	"OID30731"	33995	"<external_resource_root>\UKB-PPP\syn51365303_European_discovery\C1S_P09871_OID30731_v1_Inflammation_II.tar"	0.0857526645087262	0.164764988276335	0.602746896626681	"Inverse variance weighted"	2	76.6142760861115	66.7784625348148	0.211840708958908	NA	0.795117980523124	1	"OID30731"	-0.221611	0.0256245	5.22396e-18	"C"	"FinnGen_R12_WET_AMD"	"high"	-0.00209281092786836	0.00410963743907793	0.610580741343048	0.00944362386284239	0.0185764956548769	TRUE	"concordant_mediation"	-0.0119053276854578	0.00612191896717624	-0.0276751792759934	0.0550260480404012	200	0.903687234628611	1	"protein"	"cis_only_sensitivity"	NA	NA	10000	"Enriched-panel mediation stress test; not an unbiased estimate across the circulating proteome. Bootstrap intervals exclude literature selection, publication bias, winner's curse, outcome reuse and cross-protein covariance."
"CD226"	"rs429358"	"wet_AMD"	0.0219235	0.0103868	0.0347976567625879	"C"	"OID30556"	32981	"<external_resource_root>\UKB-PPP\syn51365303_European_discovery\CD226_Q15762_OID30556_v1_Inflammation_II.tar"	-0.123820433936435	0.16577076025568	0.455101154878853	"Inverse variance weighted"	2	149.712515524392	43.7594928515072	0.836111166401389	NA	0.795117980523124	1	"OID30556"	-0.221611	0.0256245	5.22396e-18	"C"	"FinnGen_R12_WET_AMD"	"moderate"	-0.00271457728340543	0.00385512710075905	0.481341055307226	0.0122492894459455	0.0174534839143243	TRUE	"concordant_mediation"	-0.012375727132714	0.00481367131425513	-0.0221142476720652	0.0573378736277845	200	0.903687234628611	1	"protein"	"cis_only_sensitivity"	NA	NA	10000	"Enriched-panel mediation stress test; not an unbiased estimate across the circulating proteome. Bootstrap intervals exclude literature selection, publication bias, winner's curse, outcome reuse and cross-protein covariance."
"CD2AP"	"rs429358"	"wet_AMD"	0.0153841	0.00993043	0.121336649922221	"C"	"OID20177"	33693	"<external_resource_root>\UKB-PPP\syn51365303_European_discovery\CD2AP_Q9Y5K6_OID20177_v1_Cardiometabolic.tar"	0.108290415450905	0.0986294130786398	0.272225210111698	"Inverse variance weighted"	2	749.131215617584	127.059611549351	0.134943321723606	NA	0.756181139199161	1	"OID20177"	-0.221611	0.0256245	5.22396e-18	"C"	"FinnGen_R12_WET_AMD"	"high"	0.00166595058033827	0.00185975694236336	0.370365245126218	-0.00751745436976625	0.00843688513644414	TRUE	"opposing_or_suppressing_mediation"	-0.00147382480533551	0.00669786945437711	-0.0308885740043829	0.00684140376529963	200	0.903687234628611	1	"protein"	"cis_only_sensitivity"	NA	NA	10000	"Enriched-panel mediation stress test; not an unbiased estimate across the circulating proteome. Bootstrap intervals exclude literature selection, publication bias, winner's curse, outcome reuse and cross-protein covariance."
"CD33"	"rs429358"	"wet_AMD"	-0.0133831	0.010566	0.205291515135958	"C"	"OID21472"	33822	"<external_resource_root>\UKB-PPP\syn51365303_European_discovery\CD33_P20138_OID21472_v1_Oncology.tar"	-0.0318631383887992	0.018913889909474	0.0920576112472952	"Inverse variance weighted"	6	2627.09651529112	35.7963440828048	0.932332171248648	0.495438211172706	0.383573380197063	1	"OID21472"	-0.221611	0.0256245	5.22396e-18	"C"	"FinnGen_R12_WET_AMD"	"high"	0.000426427567371139	0.000421208922906613	0.31135176994764	-0.00192421661095857	0.00191364629446552	TRUE	"opposing_or_suppressing_mediation"	-0.000270186788031802	0.00153737422479602	-0.00716081743309002	0.00126218824454025	200	0.903687234628611	1	"protein"	"cis_only_sensitivity"	NA	NA	10000	"Enriched-panel mediation stress test; not an unbiased estimate across the circulating proteome. Bootstrap intervals exclude literature selection, publication bias, winner's curse, outcome reuse and cross-protein covariance."
"CR1"	"rs429358"	"wet_AMD"	-0.00760098	0.00943212	0.420322849819346	"C"	"OID30697"	33849	"<external_resource_root>\UKB-PPP\syn51365303_European_discovery\CR1_P17927_OID30697_v1_Inflammation_II.tar"	-0.0327317789610816	0.0631592959646119	0.604289665197574	"Inverse variance weighted"	3	1082.42137120818	37.4571183152205	0.099003401892085	0.509755842177928	0.795117980523124	1	"OID30697"	-0.221611	0.0256245	5.22396e-18	"C"	"FinnGen_R12_WET_AMD"	"high"	0.000248793597247602	0.000570774827003004	0.662918374068167	-0.00112265906136249	0.00257884005481914	TRUE	"opposing_or_suppressing_mediation"	-0.00119726433758288	0.00232112990307333	-0.0106806827793262	0.00536606723715805	200	0.92184107795552	1	"protein"	"cis_only_sensitivity"	NA	NA	10000	"Enriched-panel mediation stress test; not an unbiased estimate across the circulating proteome. Bootstrap intervals exclude literature selection, publication bias, winner's curse, outcome reuse and cross-protein covariance."
"CSF2"	"rs429358"	"wet_AMD"	-0.00792909	0.0104638	0.448590425529266	"C"	"OID30072"	32862	"<external_resource_root>\UKB-PPP\syn51365303_European_discovery\CSF2_P04141_OID30072_v1_Cardiometabolic_II.tar"	0.405788595077254	0.0787003654530018	2.52118216298165e-07	"Wald ratio"	1	675.205162845104	675.205162845104	NA	NA	6.30295540745411e-06	6.80719184005044e-06	"OID30072"	-0.221611	0.0256245	5.22396e-18	"C"	"FinnGen_R12_WET_AMD"	"moderate"	-0.0032175342913411	0.00429170013507225	0.453428852445062	0.0145188383759881	0.0194385455916776	TRUE	"concordant_mediation"	-0.0124765491059906	0.00526128640727162	-0.0238757461543392	0.0579599975022044	200	0.903687234628611	1	"protein"	"cis_only_sensitivity"	NA	NA	10000	"Enriched-panel mediation stress test; not an unbiased estimate across the circulating proteome. Bootstrap intervals exclude literature selection, publication bias, winner's curse, outcome reuse and cross-protein covariance."
"CTSH"	"rs429358"	"wet_AMD"	-0.0185908	0.00661968	0.00497863169965071	"C"	"OID20113"	32979	"<external_resource_root>\UKB-PPP\syn51365303_European_discovery\CTSH_P09668_OID20113_v1_Cardiometabolic.tar"	-0.0472034873769986	0.03732645778186	0.206010440147852	"Inverse variance weighted"	8	959.93899146813	44.5923163263753	0.00894916398463114	0.343502036526785	0.643782625462037	1	"OID20113"	-0.221611	0.0256245	5.22396e-18	"C"	"FinnGen_R12_WET_AMD"	"high"	0.000877550593128306	0.000761036001460778	0.248869352519954	-0.00395986928955831	0.00346449737250499	TRUE	"opposing_or_suppressing_mediation"	-0.000477710181962485	0.00268304888931627	-0.0124678280021596	0.0021312272406667	200	0.903687234628611	1	"protein"	"cis_only_sensitivity"	NA	NA	10000	"Enriched-panel mediation stress test; not an unbiased estimate across the circulating proteome. Bootstrap intervals exclude literature selection, publication bias, winner's curse, outcome reuse and cross-protein covariance."
"GRN"	"rs429358"	"wet_AMD"	-0.0327192	0.00939376	0.000495678406594118	"C"	"OID21159"	33508	"<external_resource_root>\UKB-PPP\syn51365303_European_discovery\GRN_P28799_OID21159_v1_Neurology.tar"	-0.0462535055969702	0.0767016627116342	0.546487847903022	"Wald ratio"	1	1047.05061013529	1047.05061013529	NA	NA	0.795117980523124	1	"OID21159"	-0.221611	0.0256245	5.22396e-18	"C"	"FinnGen_R12_WET_AMD"	"high"	0.00151337770032839	0.00254695171213021	0.552383868672878	-0.00682898276858273	0.0115199876645862	TRUE	"opposing_or_suppressing_mediation"	-0.00361353833697863	0.00701189362601	-0.0325566062023336	0.016305861876047	200	0.903687234628611	1	"protein"	"cis_only_sensitivity"	NA	NA	10000	"Enriched-panel mediation stress test; not an unbiased estimate across the circulating proteome. Bootstrap intervals exclude literature selection, publication bias, winner's curse, outcome reuse and cross-protein covariance."
"IL34"	"rs429358"	"wet_AMD"	0.0114025	0.00925762	0.21806501718358	"C"	"OID20809"	32861	"<external_resource_root>\UKB-PPP\syn51365303_European_discovery\IL34_Q6ZMJ4_OID20809_v1_Neurology.tar"	-0.0349831953931862	0.043730951077514	0.423731538064361	"Inverse variance weighted"	3	1086.97878136877	215.499425934514	0.867660509765685	0.842319903566901	0.795117980523124	1	"OID20809"	-0.221611	0.0256245	5.22396e-18	"C"	"FinnGen_R12_WET_AMD"	"high"	-0.000398895885470806	0.000594583925496886	0.50229545506718	0.00179998233603389	0.00269106775678552	TRUE	"concordant_mediation"	-0.00215707513067092	0.000789927443987463	-0.0035480524542651	0.0101591374159641	200	0.903687234628611	1	"protein"	"cis_only_sensitivity"	NA	NA	10000	"Enriched-panel mediation stress test; not an unbiased estimate across the circulating proteome. Bootstrap intervals exclude literature selection, publication bias, winner's curse, outcome reuse and cross-protein covariance."
"LBP"	"rs429358"	"wet_AMD"	-0.0350601	0.00930344	0.000164229057310055	"C"	"OID20355"	33809	"<external_resource_root>\UKB-PPP\syn51365303_European_discovery\LBP_P18428_OID20355_v1_Cardiometabolic.tar"	0.148020134372964	0.0762055163004407	0.0520910136731733	"Inverse variance weighted"	8	372.186958363117	33.4428480056771	0.000980899388004127	0.247796975906002	0.271647558361655	1	"OID20355"	-0.221611	0.0256245	5.22396e-18	"C"	"FinnGen_R12_WET_AMD"	"moderate"	-0.00518960071312955	0.00300578869574091	0.0842511289132598	0.0234176133546149	0.0138309959993432	TRUE	"concordant_mediation"	-0.0119230166331314	4.17296014909116e-05	-0.000169808148967188	0.0566552448676409	200	0.835672316584254	1	"protein"	"cis_only_sensitivity"	NA	NA	10000	"Enriched-panel mediation stress test; not an unbiased estimate across the circulating proteome. Bootstrap intervals exclude literature selection, publication bias, winner's curse, outcome reuse and cross-protein covariance."
"LILRB2"	"rs429358"	"wet_AMD"	-0.0140369	0.0103448	0.174809085162579	"C"	"OID20301"	33898	"<external_resource_root>\UKB-PPP\syn51365303_European_discovery\LILRB2_Q8N423_OID20301_v1_Cardiometabolic.tar"	0.014370841667602	0.0327114522584877	0.660428655392152	"Inverse variance weighted"	5	2120.43253676753	84.7866618469832	0.0825083725615064	0.451265086687626	0.812955424692919	1	"OID20301"	-0.221611	0.0256245	5.22396e-18	"C"	"FinnGen_R12_WET_AMD"	"high"	-0.000201722067403963	0.000482633937744289	0.675975777035432	0.000910252954067995	0.00218038468305518	TRUE	"concordant_mediation"	-0.0015908565490007	0.000886485801334128	-0.00404998211071678	0.00737514916704948	200	0.92184107795552	1	"protein"	"cis_only_sensitivity"	NA	NA	10000	"Enriched-panel mediation stress test; not an unbiased estimate across the circulating proteome. Bootstrap intervals exclude literature selection, publication bias, winner's curse, outcome reuse and cross-protein covariance."
"MME"	"rs429358"	"wet_AMD"	-0.0291465	0.00938556	0.00189985300448565	"C"	"OID21307"	33533	"<external_resource_root>\UKB-PPP\syn51365303_European_discovery\MME_P08473_OID21307_v1_Oncology.tar"	0.0282552067676575	0.268061426275032	0.916053880031516	"Inverse variance weighted"	2	47.5309437382581	31.0745580335957	0.532882215294993	NA	0.969061033371834	1	"OID21307"	-0.221611	0.0256245	5.22396e-18	"C"	"FinnGen_R12_WET_AMD"	"high"	-0.000823540384053529	0.00781755162620527	0.916102015352549	0.00371615300708687	0.0352786258967212	TRUE	"concordant_mediation"	-0.0176071932174274	0.0158247639880463	-0.0722399520795967	0.0824569112639563	200	0.983797198837987	1	"protein"	"cis_only_sensitivity"	NA	NA	10000	"Enriched-panel mediation stress test; not an unbiased estimate across the circulating proteome. Bootstrap intervals exclude literature selection, publication bias, winner's curse, outcome reuse and cross-protein covariance."
"PILRA"	"rs429358"	"wet_AMD"	-0.0201654	0.00791269	0.0108190717260757	"C"	"OID21129"	33687	"<external_resource_root>\UKB-PPP\syn51365303_European_discovery\PILRA_Q9UKJ1_OID21129_v1_Neurology.tar"	0.0197315858874647	0.0357423342225564	0.580913516720458	"Inverse variance weighted"	3	1576.81293051402	65.1995270738017	0.773102680823054	0.665692035723828	0.795117980523124	1	"OID21129"	-0.221611	0.0256245	5.22396e-18	"C"	"FinnGen_R12_WET_AMD"	"high"	-0.000397895322055081	0.000737474962100751	0.589516099346109	0.00179546738228283	0.00333425998524255	TRUE	"concordant_mediation"	-0.00214597013323111	0.00111743326506901	-0.00513757347859056	0.0100143349994783	200	0.903687234628611	1	"protein"	"cis_only_sensitivity"	NA	NA	10000	"Enriched-panel mediation stress test; not an unbiased estimate across the circulating proteome. Bootstrap intervals exclude literature selection, publication bias, winner's curse, outcome reuse and cross-protein covariance."
"PILRB"	"rs429358"	"wet_AMD"	-0.0179577	0.0070558	0.0109249636338516	"C"	"OID20197"	33693	"<external_resource_root>\UKB-PPP\syn51365303_European_discovery\PILRB_Q9UKJ0_OID20197_v1_Cardiometabolic.tar"	0.0638810919106883	0.0331987786778237	0.054329511672331	"Inverse variance weighted"	7	1009.08527643503	91.3492124606038	0.472893364503127	0.822145392246547	0.271647558361655	1	"OID20197"	-0.221611	0.0256245	5.22396e-18	"C"	"FinnGen_R12_WET_AMD"	"high"	-0.00114715748420457	0.000747383846192113	0.12480904482292	0.00517644649500506	0.00342520561701431	TRUE	"concordant_mediation"	-0.00299089070598562	5.48237816586125e-05	-0.000250111258471425	0.0140181246657009	200	0.852317061990758	1	"protein"	"cis_only_sensitivity"	NA	NA	10000	"Enriched-panel mediation stress test; not an unbiased estimate across the circulating proteome. Bootstrap intervals exclude literature selection, publication bias, winner's curse, outcome reuse and cross-protein covariance."
"PRSS8"	"rs429358"	"wet_AMD"	-0.018772	0.00965987	0.0519804458213539	"C"	"OID20763"	33527	"<external_resource_root>\UKB-PPP\syn51365303_European_discovery\PRSS8_Q16651_OID20763_v1_Inflammation.tar"	-0.00980144781261964	0.168182925555981	0.953526796774215	"Wald ratio"	1	216.332503281953	216.332503281953	NA	NA	0.969061033371834	1	"OID20763"	-0.221611	0.0256245	5.22396e-18	"C"	"FinnGen_R12_WET_AMD"	"high"	0.000183992778338496	0.00315854927254821	0.953547657360934	-0.000830251108196326	0.0142529970130366	TRUE	"opposing_or_suppressing_mediation"	-0.00723737819086825	0.00756606038554623	-0.0348849472567713	0.0330375618660431	200	0.983797198837987	1	"protein"	"cis_only_sensitivity"	NA	NA	10000	"Enriched-panel mediation stress test; not an unbiased estimate across the circulating proteome. Bootstrap intervals exclude literature selection, publication bias, winner's curse, outcome reuse and cross-protein covariance."
"SERPINF2"	"rs429358"	"wet_AMD"	-0.0193135	0.010105	0.0559680273466331	"C"	"OID30779"	33357	"<external_resource_root>\UKB-PPP\syn51365303_European_discovery\SERPINF2_P08697_OID30779_v1_Inflammation_II.tar"	-0.00435515924798222	0.112286984679329	0.969061033371834	"Wald ratio"	1	486.129292389341	486.129292389341	NA	NA	0.969061033371834	1	"OID30779"	-0.221611	0.0256245	5.22396e-18	"C"	"FinnGen_R12_WET_AMD"	"high"	8.41133681359046e-05	0.00216910117258753	0.969067398745235	-0.000379554120219234	0.00978797522276678	TRUE	"opposing_or_suppressing_mediation"	-0.00516994169292427	0.00531290720408058	-0.024464522335813	0.0236215473283669	200	0.983797198837987	1	"protein"	"cis_only_sensitivity"	NA	NA	10000	"Enriched-panel mediation stress test; not an unbiased estimate across the circulating proteome. Bootstrap intervals exclude literature selection, publication bias, winner's curse, outcome reuse and cross-protein covariance."
"SIGLEC9"	"rs429358"	"wet_AMD"	-0.0137781	0.00911119	0.130477912540845	"C"	"OID21390"	33908	"<external_resource_root>\UKB-PPP\syn51365303_European_discovery\SIGLEC9_Q9Y336_OID21390_v1_Oncology.tar"	-0.0852460806667329	0.043225560688175	0.0485956771937306	"Inverse variance weighted"	4	1049.79923017691	38.3679051988145	0.622190720623931	0.760927485316606	0.271647558361655	1	"OID21390"	-0.221611	0.0256245	5.22396e-18	"C"	"FinnGen_R12_WET_AMD"	"high"	0.00117452902403431	0.000978749897703737	0.230127775080261	-0.0052999581430268	0.00445883648189642	TRUE	"opposing_or_suppressing_mediation"	-0.000364973230826923	0.00371318343689546	-0.017323918203449	0.00171870955989782	200	0.903687234628611	1	"protein"	"cis_only_sensitivity"	NA	NA	10000	"Enriched-panel mediation stress test; not an unbiased estimate across the circulating proteome. Bootstrap intervals exclude literature selection, publication bias, winner's curse, outcome reuse and cross-protein covariance."
"SIRPA"	"rs429358"	"wet_AMD"	-0.00943042	0.00522575	0.0711360915593152	"C"	"OID20304"	33714	"<external_resource_root>\UKB-PPP\syn51365303_European_discovery\SIRPA_P78324_OID20304_v1_Cardiometabolic.tar"	-0.0129679786355476	0.0143205229685828	0.365173009179448	"Inverse variance weighted"	10	2296.83990353653	56.5536300002049	0.742221286011184	0.72155305689072	0.795117980523124	1	"OID20304"	-0.221611	0.0256245	5.22396e-18	"C"	"FinnGen_R12_WET_AMD"	"high"	0.000122293485084241	0.000151097757371417	0.418304281654769	-0.000551838514713804	0.000684794496002634	TRUE	"opposing_or_suppressing_mediation"	-0.000152028215523965	0.00052815637895199	-0.00243465251506762	0.000697833754581194	200	0.903687234628611	1	"protein"	"cis_only_sensitivity"	NA	NA	10000	"Enriched-panel mediation stress test; not an unbiased estimate across the circulating proteome. Bootstrap intervals exclude literature selection, publication bias, winner's curse, outcome reuse and cross-protein covariance."
"TGFB1"	"rs429358"	"wet_AMD"	-0.00290095	0.0102988	0.778188843048553	"C"	"OID20621"	33988	"<external_resource_root>\ukbppp_proteins\tgfb1_p01137_oid20621_v1_inflammation.tar"	-0.32926374086532	0.0702146345171566	2.74021911797025e-06	"Inverse variance weighted"	2	494.118334472546	136.370474552368	0.580828149274959	NA	3.42527389746281e-05	7.39859161851968e-05	"OID20621"	-0.221611	0.0256245	5.22396e-18	"C"	"FinnGen_R12_WET_AMD"	"moderate"	0.00095517764906325	0.00339713342400103	0.778578739104318	-0.00431015450073891	0.0153373628541248	TRUE	"opposing_or_suppressing_mediation"	-0.00594509598440835	0.00817885219903209	-0.0381954756955123	0.0276976774611475	200	0.942033360406534	1	"protein"	"cis_only_sensitivity"	NA	NA	10000	"Enriched-panel mediation stress test; not an unbiased estimate across the circulating proteome. Bootstrap intervals exclude literature selection, publication bias, winner's curse, outcome reuse and cross-protein covariance."
"TNFRSF10A"	"rs429358"	"wet_AMD"	0.0256198	0.00910627	0.00490173693555492	"C"	"OID20967"	33436	"<external_resource_root>\UKB-PPP\syn51365303_European_discovery\TNFRSF10A_O00220_OID20967_v1_Neurology.tar"	-0.0371753473266574	0.0665151406203235	0.576229607886359	"Inverse variance weighted"	4	575.595476461577	58.8991670067129	0.207245449716208	0.32358410005231	0.795117980523124	1	"OID20967"	-0.221611	0.0256245	5.22396e-18	"C"	"FinnGen_R12_WET_AMD"	"moderate"	-0.000952424963439497	0.00173740444377307	0.583562545809948	0.00429773325078402	0.00785561733448124	TRUE	"concordant_mediation"	-0.00498695811430391	0.00250538750710369	-0.0113037597652898	0.0230364936783758	200	0.903687234628611	1	"protein"	"cis_only_sensitivity"	NA	NA	10000	"Enriched-panel mediation stress test; not an unbiased estimate across the circulating proteome. Bootstrap intervals exclude literature selection, publication bias, winner's curse, outcome reuse and cross-protein covariance."
"TREM2"	"rs429358"	"wet_AMD"	-0.0477905	0.00929407	2.71769052344228e-07	"C"	"OID20731"	33649	"<external_resource_root>\ukbppp_proteins\trem2_q9nzc2_oid20731_v1_inflammation.tar"	0.122946127756739	0.0937556500543847	0.189740781907217	"Inverse variance weighted"	3	698.914117575788	48.9716024734884	0.133705930495083	0.709829808330261	0.643782625462037	1	"OID20731"	-0.221611	0.0256245	5.22396e-18	"C"	"FinnGen_R12_WET_AMD"	"moderate"	-0.00587565691855844	0.00462403874402935	0.203843793686669	0.0265133811884719	0.021089578072045	TRUE	"concordant_mediation"	-0.0155346231406936	0.0029855683896148	-0.0134677048318936	0.0734215550479676	200	0.903687234628611	1	"protein"	"cis_only_sensitivity"	NA	NA	10000	"Enriched-panel mediation stress test; not an unbiased estimate across the circulating proteome. Bootstrap intervals exclude literature selection, publication bias, winner's curse, outcome reuse and cross-protein covariance."
"ZBTB16"	"rs429358"	"wet_AMD"	0.0131461	0.0100001	0.188644001471703	"C"	"OID21205"	32907	"<external_resource_root>\UKB-PPP\syn51365303_European_discovery\ZBTB16_Q05516_OID21205_v1_Oncology.tar"	-0.0617257180603946	0.0600912180017918	0.304326149819425	"Inverse variance weighted"	3	723.765308055597	87.2697159863256	0.433273521131027	0.649776189287803	0.760815374548561	1	"OID21205"	-0.221611	0.0256245	5.22396e-18	"C"	"FinnGen_R12_WET_AMD"	"high"	-0.000811452462193754	0.001002526310241	0.418280704857314	0.00366160733083535	0.00454358034994322	TRUE	"concordant_mediation"	-0.00356232384078306	0.000988058712568221	-0.0045562773806704	0.0164099724349986	200	0.903687234628611	1	"protein"	"cis_only_sensitivity"	NA	NA	10000	"Enriched-panel mediation stress test; not an unbiased estimate across the circulating proteome. Bootstrap intervals exclude literature selection, publication bias, winner's curse, outcome reuse and cross-protein covariance."
"TOTAL_ELIGIBLE_PROTEINS"	"rs429358"	"wet_AMD"	NA	NA	NA	NA	NA	NA	NA	NA	NA	NA	NA	NA	NA	NA	NA	NA	NA	NA	NA	-0.221611	0.0256245	5.22396e-18	"C"	"FinnGen_R12_WET_AMD"	NA	-0.0126547711327789	0.0147664175245087	0.391446706770004	0.0571035333660285	NA	TRUE	"concordant_total_mediation"	-0.0436219644251437	0.0190813709148025	-0.0862539837071867	0.206587061392229	200	NA	NA	"total"	"cis_only_sensitivity"	25	"Independent normal alpha/beta draws and common total-effect draw; cross-protein covariance, literature selection, publication bias and winner's curse not included."	10000	"Enriched-panel mediation stress test; not an unbiased estimate across the circulating proteome. Bootstrap intervals exclude literature selection, publication bias, winner's curse, outcome reuse and cross-protein covariance."
"ACE"	"rs7412"	"AD"	0.0193001	0.0131581	0.142434435923506	"T"	"OID30696"	33985	"<external_resource_root>\UKB-PPP\syn51365303_European_discovery\ACE_P12821_OID30696_v1_Inflammation_II.tar"	-0.101818345523506	0.0347206467749983	0.00336243398838523	"Inverse variance weighted"	6	353.337430045278	43.5356432986411	0.433851575529378	0.20226669410781	0.00840608497096308	0.0907857176864013	"OID30696"	-0.4776	0.0214	1.65e-110	"T"	"Wightman_2021"	"moderate"	-0.00196510425043822	0.00149797947492288	0.189575284324936	0.00411453988785221	0.00314188665106267	TRUE	"concordant_mediation"	-0.00544992993922451	0.000653115980061462	-0.00135577502981625	0.0114946520293399	200	0.903687234628611	1	"protein"	"cis_only_sensitivity"	NA	NA	10000	"Enriched-panel mediation stress test; not an unbiased estimate across the circulating proteome. Bootstrap intervals exclude literature selection, publication bias, winner's curse, outcome reuse and cross-protein covariance."
"BLNK"	"rs7412"	"AD"	0.0460774	0.0140989	0.00108248029652119	"T"	"OID30541"	32981	"<external_resource_root>\UKB-PPP\syn51365303_European_discovery\BLNK_Q8WV28_OID30541_v1_Inflammation_II.tar"	0.635360595591977	0.180096944377494	0.000418900367248576	"Wald ratio"	1	55.024245147595	55.024245147595	NA	NA	0.00209450183624288	0.0113103099157116	"OID30541"	-0.4776	0.0214	1.65e-110	"T"	"Wightman_2021"	"high"	0.0292757643073298	0.0122109433583367	0.0165072791092968	-0.0612976639600707	0.0257144057707	TRUE	"opposing_or_suppressing_mediation"	0.00844536428539563	0.0564352957116451	-0.118942313442419	-0.0178308555030677	200	0.835672316584254	1	"protein"	"cis_only_sensitivity"	NA	NA	10000	"Enriched-panel mediation stress test; not an unbiased estimate across the circulating proteome. Bootstrap intervals exclude literature selection, publication bias, winner's curse, outcome reuse and cross-protein covariance."
"C1R"	"rs7412"	"AD"	-0.0248069	0.0135112	0.0663529139399437	"T"	"OID30753"	33995	"<external_resource_root>\UKB-PPP\syn51365303_European_discovery\C1R_P00736_OID30753_v1_Inflammation_II.tar"	0.201951507473069	0.176060288566265	0.251357310325028	"Wald ratio"	1	56.5905353975853	56.5905353975853	NA	NA	0.369643103419159	1	"OID30753"	-0.4776	0.0214	1.65e-110	"T"	"Wightman_2021"	"high"	-0.00500979085073368	0.00514980005957607	0.330646404351926	0.0104895118315194	0.0107929021992333	TRUE	"concordant_mediation"	-0.0183180539767284	0.00376402335187303	-0.00795393401832062	0.0384866934148913	200	0.903687234628611	1	"protein"	"cis_only_sensitivity"	NA	NA	10000	"Enriched-panel mediation stress test; not an unbiased estimate across the circulating proteome. Bootstrap intervals exclude literature selection, publication bias, winner's curse, outcome reuse and cross-protein covariance."
"C1S"	"rs7412"	"AD"	-0.0262655	0.0131449	0.0456993475828466	"T"	"OID30731"	33995	"<external_resource_root>\UKB-PPP\syn51365303_European_discovery\C1S_P09871_OID30731_v1_Inflammation_II.tar"	-0.121107483969601	0.285054073469173	0.670940243621314	"Inverse variance weighted"	2	76.6142760861115	66.7784625348148	0.0166292187252147	NA	0.798738385263469	1	"OID30731"	-0.4776	0.0214	1.65e-110	"T"	"Wightman_2021"	"high"	0.00318094862020356	0.00765446108804038	0.67772619114725	-0.00666027768049321	0.0160297067899793	TRUE	"opposing_or_suppressing_mediation"	-0.0126026121772583	0.0223729980726987	-0.0474412606858789	0.0268415808563241	200	0.92184107795552	1	"protein"	"cis_only_sensitivity"	NA	NA	10000	"Enriched-panel mediation stress test; not an unbiased estimate across the circulating proteome. Bootstrap intervals exclude literature selection, publication bias, winner's curse, outcome reuse and cross-protein covariance."
"CD226"	"rs7412"	"AD"	0.0222757	0.0137645	0.105589807956923	"T"	"OID30556"	32981	"<external_resource_root>\UKB-PPP\syn51365303_European_discovery\CD226_Q15762_OID30556_v1_Inflammation_II.tar"	0.0471034696902767	0.0882113163421813	0.593352304722149	"Inverse variance weighted"	2	149.712515524392	43.7594928515072	0.564267775999576	NA	0.741690380902686	1	"OID30556"	-0.4776	0.0214	1.65e-110	"T"	"Wightman_2021"	"moderate"	0.0010492627597797	0.00206917074843934	0.612089309515378	-0.00219694882700942	0.00433355276863989	TRUE	"opposing_or_suppressing_mediation"	-0.00334587713623572	0.00662588572029197	-0.013878772418403	0.00695492686524876	200	0.903687234628611	1	"protein"	"cis_only_sensitivity"	NA	NA	10000	"Enriched-panel mediation stress test; not an unbiased estimate across the circulating proteome. Bootstrap intervals exclude literature selection, publication bias, winner's curse, outcome reuse and cross-protein covariance."
"CD2AP"	"rs7412"	"AD"	0.0167201	0.0131665	0.20412020696143	"T"	"OID20177"	33693	"<external_resource_root>\UKB-PPP\syn51365303_European_discovery\CD2AP_Q9Y5K6_OID20177_v1_Cardiometabolic.tar"	0.249446827410422	0.0728993238780831	0.000622083027095612	"Inverse variance weighted"	2	749.131215617584	127.059611549351	0.0773565996706102	NA	0.00259201261289838	0.0167962417315815	"OID20177"	-0.4776	0.0214	1.65e-110	"T"	"Wightman_2021"	"high"	0.004170775898985	0.00350322398136298	0.23382887886657	-0.00873278035800879	0.00734548804588381	TRUE	"opposing_or_suppressing_mediation"	-0.00222004855018312	0.0121517360103001	-0.0257374384697269	0.00458176700801669	200	0.903687234628611	1	"protein"	"cis_only_sensitivity"	NA	NA	10000	"Enriched-panel mediation stress test; not an unbiased estimate across the circulating proteome. Bootstrap intervals exclude literature selection, publication bias, winner's curse, outcome reuse and cross-protein covariance."
"CD33"	"rs7412"	"AD"	-0.0102549	0.0139963	0.463752218277875	"T"	"OID21472"	33822	"<external_resource_root>\UKB-PPP\syn51365303_European_discovery\CD33_P20138_OID21472_v1_Oncology.tar"	0.0653912818843847	0.010792803756739	1.37153221846418e-09	"Inverse variance weighted"	7	2355.50658162303	35.7963440828048	0.508898960370107	0.229904086802386	1.71441527308022e-08	3.70313698985327e-08	"OID21472"	-0.4776	0.0214	1.65e-110	"T"	"Wightman_2021"	"high"	-0.000670581056596177	0.000921903900374617	0.46698882012398	0.00140406418885297	0.00193130950687465	TRUE	"concordant_mediation"	-0.00258453773303348	0.00110231555601504	-0.00232221232802446	0.00543231810730494	200	0.903687234628611	1	"protein"	"cis_only_sensitivity"	NA	NA	10000	"Enriched-panel mediation stress test; not an unbiased estimate across the circulating proteome. Bootstrap intervals exclude literature selection, publication bias, winner's curse, outcome reuse and cross-protein covariance."
"CR1"	"rs7412"	"AD"	0.00340388	0.0125279	0.785850619742805	"T"	"OID30697"	33849	"<external_resource_root>\UKB-PPP\syn51365303_European_discovery\CR1_P17927_OID30697_v1_Inflammation_II.tar"	0.229449103975285	0.0341784775335707	1.90319805465534e-11	"Inverse variance weighted"	3	1082.42137120818	37.4571183152205	0.13552234232287	0.756313964406274	4.75799513663834e-10	5.1386347475694e-10	"OID30697"	-0.4776	0.0214	1.65e-110	"T"	"Wightman_2021"	"high"	0.000781017216039393	0.00287686875264252	0.786020573639113	-0.00163529567847444	0.00602404018638468	TRUE	"opposing_or_suppressing_mediation"	-0.00492034905242667	0.00680187209778067	-0.0141792546409661	0.0103471537489393	200	0.942033360406534	1	"protein"	"cis_only_sensitivity"	NA	NA	10000	"Enriched-panel mediation stress test; not an unbiased estimate across the circulating proteome. Bootstrap intervals exclude literature selection, publication bias, winner's curse, outcome reuse and cross-protein covariance."
"CSF2"	"rs7412"	"AD"	0.0341117	0.0138649	0.0138822544375218	"T"	"OID30072"	32862	"<external_resource_root>\UKB-PPP\syn51365303_European_discovery\CSF2_P04141_OID30072_v1_Cardiometabolic_II.tar"	0.0728139483234311	0.0472587533956458	0.123377518874921	"Inverse variance weighted"	2	370.725220160809	66.2452774765143	0.364970007526907	NA	0.205629198124868	1	"OID30072"	-0.4776	0.0214	1.65e-110	"T"	"Wightman_2021"	"moderate"	0.00248380756102439	0.00190210356181331	0.191613296350831	-0.00520060209594721	0.00398944027819733	TRUE	"opposing_or_suppressing_mediation"	-0.000703448676292443	0.00721133654646025	-0.015163866886241	0.00148276302096449	200	0.903687234628611	1	"protein"	"cis_only_sensitivity"	NA	NA	10000	"Enriched-panel mediation stress test; not an unbiased estimate across the circulating proteome. Bootstrap intervals exclude literature selection, publication bias, winner's curse, outcome reuse and cross-protein covariance."
"CTSH"	"rs7412"	"AD"	0.0334265	0.0088066	0.000147275328462707	"T"	"OID20113"	32979	"<external_resource_root>\UKB-PPP\syn51365303_European_discovery\CTSH_P09668_OID20113_v1_Cardiometabolic.tar"	0.000512269972026624	0.0158856025740509	0.974274726384685	"Inverse variance weighted"	8	959.93899146813	44.5923163263753	0.659337678186386	0.512221797240222	0.974274726384685	1	"OID20113"	-0.4776	0.0214	1.65e-110	"T"	"Wightman_2021"	"high"	1.71233922199479e-05	0.000531019258253871	0.974275654455474	-3.58529987854856e-05	0.00111185052877957	TRUE	"opposing_or_suppressing_mediation"	-0.00109156253404342	0.0011312892959699	-0.00235948320974315	0.00230435320108663	200	0.983797198837987	1	"protein"	"cis_only_sensitivity"	NA	NA	10000	"Enriched-panel mediation stress test; not an unbiased estimate across the circulating proteome. Bootstrap intervals exclude literature selection, publication bias, winner's curse, outcome reuse and cross-protein covariance."
"GRN"	"rs7412"	"AD"	0.0962883	0.0124291	9.4102248352675e-15	"T"	"OID21159"	33508	"<external_resource_root>\UKB-PPP\syn51365303_European_discovery\GRN_P28799_OID21159_v1_Neurology.tar"	-0.201725185332572	0.088273986910626	0.0223001269287557	"Inverse variance weighted"	2	546.398591050446	45.7465719656059	0.050340654214395	NA	0.0428848594783763	0.602103427076403	"OID21159"	-0.4776	0.0214	1.65e-110	"T"	"Wightman_2021"	"high"	-0.0194237751628583	0.00886183680654487	0.0283906804494799	0.0406695459858842	0.018644204509026	TRUE	"concordant_mediation"	-0.0375322001241301	-0.00267663228241406	0.00553405024358251	0.0792627178897978	200	0.835672316584254	1	"protein"	"cis_only_sensitivity"	NA	NA	10000	"Enriched-panel mediation stress test; not an unbiased estimate across the circulating proteome. Bootstrap intervals exclude literature selection, publication bias, winner's curse, outcome reuse and cross-protein covariance."
"IL34"	"rs7412"	"AD"	-0.00360799	0.0123055	0.76936956086854	"T"	"OID20809"	32861	"<external_resource_root>\UKB-PPP\syn51365303_European_discovery\IL34_Q6ZMJ4_OID20809_v1_Neurology.tar"	-0.0939793250868262	0.0231409128533814	4.88260976612514e-05	"Inverse variance weighted"	3	1086.97878136877	215.499425934514	0.950179577312596	0.895973399306287	0.000305163110382821	0.00131830463685379	"OID20809"	-0.4776	0.0214	1.65e-110	"T"	"Wightman_2021"	"high"	0.000339076465120018	0.00115947257606832	0.769950027539452	-0.000709959097822484	0.0024279148098659	TRUE	"opposing_or_suppressing_mediation"	-0.00200490594219371	0.00284339837238832	-0.00593597959466924	0.00419704112479903	200	0.942033360406534	1	"protein"	"cis_only_sensitivity"	NA	NA	10000	"Enriched-panel mediation stress test; not an unbiased estimate across the circulating proteome. Bootstrap intervals exclude literature selection, publication bias, winner's curse, outcome reuse and cross-protein covariance."
"LBP"	"rs7412"	"AD"	-0.0139348	0.0123519	0.259259094582955	"T"	"OID20355"	33809	"<external_resource_root>\UKB-PPP\syn51365303_European_discovery\LBP_P18428_OID20355_v1_Cardiometabolic.tar"	-0.0202455784446735	0.0246855830375261	0.41213758605642	"Inverse variance weighted"	8	372.186958363117	33.4428480056771	0.76255678532941	0.969737137796833	0.542286297442657	1	"OID20355"	-0.4776	0.0214	1.65e-110	"T"	"Wightman_2021"	"moderate"	0.000282118086510836	0.000425280948578716	0.507094422181337	-0.000590699511119841	0.000890847520898492	TRUE	"opposing_or_suppressing_mediation"	-0.000543837072569708	0.00156833743010917	-0.00326614614257473	0.00115919207151847	200	0.903687234628611	1	"protein"	"cis_only_sensitivity"	NA	NA	10000	"Enriched-panel mediation stress test; not an unbiased estimate across the circulating proteome. Bootstrap intervals exclude literature selection, publication bias, winner's curse, outcome reuse and cross-protein covariance."
"LILRB2"	"rs7412"	"AD"	0.0298666	0.0137003	0.0292576877075003	"T"	"OID20301"	33898	"<external_resource_root>\UKB-PPP\syn51365303_European_discovery\LILRB2_Q8N423_OID20301_v1_Cardiometabolic.tar"	-0.0418714784214237	0.0201063807799665	0.0372970931501302	"Inverse variance weighted"	6	1775.62959018962	51.6148573000932	0.0639465268198905	0.957433922304363	0.0666019520538039	1	"OID20301"	-0.4776	0.0214	1.65e-110	"T"	"Wightman_2021"	"high"	-0.00125055869742129	0.000830474408847829	0.132109144608568	0.00261842273329416	0.00174280286777483	TRUE	"concordant_mediation"	-0.00327986176378757	5.34492940022163e-05	-0.00011052964989327	0.00693356757140768	200	0.852317061990758	1	"protein"	"cis_only_sensitivity"	NA	NA	10000	"Enriched-panel mediation stress test; not an unbiased estimate across the circulating proteome. Bootstrap intervals exclude literature selection, publication bias, winner's curse, outcome reuse and cross-protein covariance."
"MME"	"rs7412"	"AD"	0.022471	0.0124632	0.0713904303590008	"T"	"OID21307"	33533	"<external_resource_root>\UKB-PPP\syn51365303_European_discovery\MME_P08473_OID21307_v1_Oncology.tar"	0.471770182283487	0.158581358698359	0.00293044925353694	"Inverse variance weighted"	2	47.5309437382581	31.0745580335957	0.298103822870691	NA	0.00840608497096308	0.0791221298454973	"OID21307"	-0.4776	0.0214	1.65e-110	"T"	"Wightman_2021"	"high"	0.0106011477660922	0.00687532193565984	0.123094754322021	-0.0221967080529569	0.0144298814562866	TRUE	"opposing_or_suppressing_mediation"	-0.000825777562366952	0.0269055227628745	-0.0567494591708643	0.00175540598910965	200	0.852317061990758	1	"protein"	"cis_only_sensitivity"	NA	NA	10000	"Enriched-panel mediation stress test; not an unbiased estimate across the circulating proteome. Bootstrap intervals exclude literature selection, publication bias, winner's curse, outcome reuse and cross-protein covariance."
"PILRA"	"rs7412"	"AD"	0.0338652	0.0104691	0.00121741878860511	"T"	"OID21129"	33687	"<external_resource_root>\UKB-PPP\syn51365303_European_discovery\PILRA_Q9UKJ1_OID21129_v1_Neurology.tar"	0.089157847855645	0.0351493521189232	0.0111952949429592	"Inverse variance weighted"	3	1576.81293051402	65.1995270738017	0.037434022959655	0.710959676006858	0.0233235311311651	0.302272963459899	"OID21129"	-0.4776	0.0214	1.65e-110	"T"	"Wightman_2021"	"high"	0.00301934834920099	0.0015126628904613	0.0459286542893587	-0.00632191865410592	0.0031798593170225	TRUE	"opposing_or_suppressing_mediation"	0.000487896239591986	0.00636939146704608	-0.0133729483255765	-0.00102787691935271	200	0.835672316584254	1	"protein"	"cis_only_sensitivity"	NA	NA	10000	"Enriched-panel mediation stress test; not an unbiased estimate across the circulating proteome. Bootstrap intervals exclude literature selection, publication bias, winner's curse, outcome reuse and cross-protein covariance."
"PILRB"	"rs7412"	"AD"	0.0374655	0.00935508	6.20626049147046e-05	"T"	"OID20197"	33693	"<external_resource_root>\UKB-PPP\syn51365303_European_discovery\PILRB_Q9UKJ0_OID20197_v1_Cardiometabolic.tar"	0.0607477733181645	0.0205349405313376	0.00309377135306655	"Inverse variance weighted"	7	1009.08527643503	91.3492124606038	0.671347003155451	0.812916177662769	0.00840608497096308	0.083531826532797	"OID20197"	-0.4776	0.0214	1.65e-110	"T"	"Wightman_2021"	"high"	0.00227594570125169	0.000956487021235885	0.0173368888514853	-0.00476538044650689	0.00201404540749591	TRUE	"opposing_or_suppressing_mediation"	0.000639274397396884	0.00444079259735898	-0.00929744030257696	-0.00134146587590635	200	0.835672316584254	1	"protein"	"cis_only_sensitivity"	NA	NA	10000	"Enriched-panel mediation stress test; not an unbiased estimate across the circulating proteome. Bootstrap intervals exclude literature selection, publication bias, winner's curse, outcome reuse and cross-protein covariance."
"PRSS8"	"rs7412"	"AD"	0.00628486	0.0127844	0.622999933066934	"T"	"OID20763"	33527	"<external_resource_root>\UKB-PPP\syn51365303_European_discovery\PRSS8_Q16651_OID20763_v1_Inflammation.tar"	-0.320189329342568	0.108759962412557	0.00323999999563913	"Wald ratio"	1	216.332503281953	216.332503281953	NA	NA	0.00840608497096308	0.0874799998822566	"OID20763"	-0.4776	0.0214	1.65e-110	"T"	"Wightman_2021"	"high"	-0.00201234510841193	0.00415010663240983	0.627754392788162	0.00421345290706016	0.00869155368450577	TRUE	"concordant_mediation"	-0.0113541719155375	0.00641881686158513	-0.0132550533155382	0.0237653952223256	200	0.916429770493667	1	"protein"	"cis_only_sensitivity"	NA	NA	10000	"Enriched-panel mediation stress test; not an unbiased estimate across the circulating proteome. Bootstrap intervals exclude literature selection, publication bias, winner's curse, outcome reuse and cross-protein covariance."
"SERPINF2"	"rs7412"	"AD"	0.000320078	0.0134275	0.980982206452147	"T"	"OID30779"	33357	"<external_resource_root>\UKB-PPP\syn51365303_European_discovery\SERPINF2_P08697_OID30779_v1_Inflammation_II.tar"	-0.260499734183945	0.0628292494321202	3.38106694289118e-05	"Wald ratio"	1	486.129292389341	486.129292389341	NA	NA	0.000281755578574265	0.000912888074580619	"OID30779"	-0.4776	0.0214	1.65e-110	"T"	"Wightman_2021"	"high"	-8.33802339181288e-05	0.00349791799027482	0.980982543966096	0.000174581729309315	0.00732395306840451	TRUE	"concordant_mediation"	-0.00741495287005332	0.00716834848368736	-0.0150991342431808	0.0155553993893932	200	0.983797198837987	1	"protein"	"cis_only_sensitivity"	NA	NA	10000	"Enriched-panel mediation stress test; not an unbiased estimate across the circulating proteome. Bootstrap intervals exclude literature selection, publication bias, winner's curse, outcome reuse and cross-protein covariance."
"SIGLEC9"	"rs7412"	"AD"	0.00766439	0.0120884	0.526062082681857	"T"	"OID21390"	33908	"<external_resource_root>\UKB-PPP\syn51365303_European_discovery\SIGLEC9_Q9Y336_OID21390_v1_Oncology.tar"	0.0671344165705088	0.0239398116124718	0.00504259427187196	"Inverse variance weighted"	5	854.847396307082	38.3679051988145	0.736268210377999	0.910042976473587	0.0114604415269817	0.136150045340543	"OID21390"	-0.4776	0.0214	1.65e-110	"T"	"Wightman_2021"	"high"	0.000514544351018842	0.000832031271395762	0.536298856357637	-0.00107735416879992	0.00174277772091503	TRUE	"opposing_or_suppressing_mediation"	-0.00114499898982968	0.00243071466152915	-0.00517475293992835	0.0024214041218809	200	0.903687234628611	1	"protein"	"cis_only_sensitivity"	NA	NA	10000	"Enriched-panel mediation stress test; not an unbiased estimate across the circulating proteome. Bootstrap intervals exclude literature selection, publication bias, winner's curse, outcome reuse and cross-protein covariance."
"SIRPA"	"rs7412"	"AD"	0.0146159	0.00692909	0.0349140315478586	"T"	"OID20304"	33714	"<external_resource_root>\UKB-PPP\syn51365303_European_discovery\SIRPA_P78324_OID20304_v1_Cardiometabolic.tar"	-0.00698638390518372	0.0319226772110887	0.826764309817753	"Inverse variance weighted"	10	2296.83990353653	56.5536300002049	0.0338817445387667	0.117350260391551	0.890398445333655	1	"OID20304"	-0.4776	0.0214	1.65e-110	"T"	"Wightman_2021"	"high"	-0.000102112288519775	0.000469083257670838	0.827674718512278	0.000213802949162007	0.000982214344672162	TRUE	"concordant_mediation"	-0.00121289883863795	0.000945882970481782	-0.00200185306608259	0.00254629830309184	200	0.950459158047744	1	"protein"	"cis_only_sensitivity"	NA	NA	10000	"Enriched-panel mediation stress test; not an unbiased estimate across the circulating proteome. Bootstrap intervals exclude literature selection, publication bias, winner's curse, outcome reuse and cross-protein covariance."
"TGFB1"	"rs7412"	"AD"	0.0257036	0.0136511	0.0597145274677874	"T"	"OID20621"	33988	"<external_resource_root>\ukbppp_proteins\tgfb1_p01137_oid20621_v1_inflammation.tar"	-0.044049896149552	0.0449198384551307	0.326773532855876	"Inverse variance weighted"	2	494.118334472546	136.370474552368	0.666896399866021	NA	0.453852128966495	1	"OID20621"	-0.4776	0.0214	1.65e-110	"T"	"Wightman_2021"	"moderate"	-0.00113224091066963	0.00130180719546294	0.384439517584969	0.00237068867393138	0.00272779600785461	TRUE	"concordant_mediation"	-0.00445262577526086	0.00121368490689939	-0.0025524520738939	0.00931369444587322	200	0.903687234628611	1	"protein"	"cis_only_sensitivity"	NA	NA	10000	"Enriched-panel mediation stress test; not an unbiased estimate across the circulating proteome. Bootstrap intervals exclude literature selection, publication bias, winner's curse, outcome reuse and cross-protein covariance."
"TNFRSF10A"	"rs7412"	"AD"	0.0196354	0.0120901	0.104357339834585	"T"	"OID20967"	33436	"<external_resource_root>\UKB-PPP\syn51365303_European_discovery\TNFRSF10A_O00220_OID20967_v1_Neurology.tar"	0.0401055455177235	0.0317545340521089	0.206594057457642	"Inverse variance weighted"	4	575.595476461577	58.8991670067129	0.975496286348326	0.848719541878447	0.322803214777565	1	"OID20967"	-0.4776	0.0214	1.65e-110	"T"	"Wightman_2021"	"moderate"	0.000787488428458708	0.000789858912855726	0.31876506772841	-0.00164884511821338	0.0016554578475355	TRUE	"opposing_or_suppressing_mediation"	-0.000507411776862246	0.00289037872590305	-0.00611846847425536	0.00104506021912077	200	0.903687234628611	1	"protein"	"cis_only_sensitivity"	NA	NA	10000	"Enriched-panel mediation stress test; not an unbiased estimate across the circulating proteome. Bootstrap intervals exclude literature selection, publication bias, winner's curse, outcome reuse and cross-protein covariance."
"TREM2"	"rs7412"	"AD"	0.0402591	0.0123312	0.00109539309764596	"T"	"OID20731"	33649	"<external_resource_root>\ukbppp_proteins\trem2_q9nzc2_oid20731_v1_inflammation.tar"	0.0545458522247511	0.298032571292953	0.854782507520308	"Inverse variance weighted"	3	698.914117575788	48.9716024734884	3.04392652037311e-13	0.645311308177922	0.890398445333655	1	"OID20731"	-0.4776	0.0214	1.65e-110	"T"	"Wightman_2021"	"moderate"	0.00219596691930148	0.012017361124459	0.855007621412763	-0.0045979206853046	0.0251628223158421	TRUE	"opposing_or_suppressing_mediation"	-0.0238985696646802	0.0279895569278424	-0.0585722236319637	0.0503899140601612	200	0.955315778114819	1	"protein"	"cis_only_sensitivity"	NA	NA	10000	"Enriched-panel mediation stress test; not an unbiased estimate across the circulating proteome. Bootstrap intervals exclude literature selection, publication bias, winner's curse, outcome reuse and cross-protein covariance."
"ZBTB16"	"rs7412"	"AD"	0.0189822	0.0132975	0.153437318471995	"T"	"OID21205"	32907	"<external_resource_root>\UKB-PPP\syn51365303_European_discovery\ZBTB16_Q05516_OID21205_v1_Oncology.tar"	0.00737104608190066	0.0396782680756691	0.852624850430821	"Inverse variance weighted"	3	723.765308055597	87.2697159863256	0.422854821247567	0.860831988961152	0.890398445333655	1	"OID21205"	-0.4776	0.0214	1.65e-110	"T"	"Wightman_2021"	"high"	0.000139918670935855	0.000759531815924782	0.853843225285078	-0.000292962041322979	0.0015903636727854	TRUE	"opposing_or_suppressing_mediation"	-0.00178846838122905	0.00225262439789869	-0.00476470284060069	0.00371146482565796	200	0.955315778114819	1	"protein"	"cis_only_sensitivity"	NA	NA	10000	"Enriched-panel mediation stress test; not an unbiased estimate across the circulating proteome. Bootstrap intervals exclude literature selection, publication bias, winner's curse, outcome reuse and cross-protein covariance."
"TOTAL_ELIGIBLE_PROTEINS"	"rs7412"	"AD"	NA	NA	NA	NA	NA	NA	NA	NA	NA	NA	NA	NA	NA	NA	NA	NA	NA	NA	NA	-0.4776	0.0214	1.65e-110	"T"	"Wightman_2021"	NA	0.0294643659339053	0.0239780381983511	0.219144414907422	-0.0616925584880764	NA	TRUE	"opposing_or_suppressing_total_mediation"	-0.018041470387917	0.0804744670038929	-0.170264177737811	0.0379770976178094	200	NA	NA	"total"	"cis_only_sensitivity"	25	"Independent normal alpha/beta draws and common total-effect draw; cross-protein covariance, literature selection, publication bias and winner's curse not included."	10000	"Enriched-panel mediation stress test; not an unbiased estimate across the circulating proteome. Bootstrap intervals exclude literature selection, publication bias, winner's curse, outcome reuse and cross-protein covariance."
"ACE"	"rs7412"	"any_AMD"	0.0193001	0.0131581	0.142434435923506	"T"	"OID30696"	33985	"<external_resource_root>\UKB-PPP\syn51365303_European_discovery\ACE_P12821_OID30696_v1_Inflammation_II.tar"	-0.0250402159762195	0.0382321873640573	0.512499191108986	"Inverse variance weighted"	6	353.337430045278	43.5356432986411	0.490506607834869	0.614565395997015	0.800779986107791	1	"OID30696"	0.125921	0.028787	1.21865e-05	"T"	"FinnGen_R12_H7_AMD"	"moderate"	-0.000483278672362634	0.000808104262711042	0.549813244227559	-0.00383795135332974	0.00647725048628765	TRUE	"opposing_or_suppressing_mediation"	-0.00275333144874935	0.00114827133335306	-0.025268565075231	0.00980257003220193	200	0.903687234628611	1	"protein"	"cis_only_sensitivity"	NA	NA	10000	"Enriched-panel mediation stress test; not an unbiased estimate across the circulating proteome. Bootstrap intervals exclude literature selection, publication bias, winner's curse, outcome reuse and cross-protein covariance."
"BLNK"	"rs7412"	"any_AMD"	0.0460774	0.0140989	0.00108248029652119	"T"	"OID30541"	32981	"<external_resource_root>\UKB-PPP\syn51365303_European_discovery\BLNK_Q8WV28_OID30541_v1_Inflammation_II.tar"	0.164916579630969	0.209833694866233	0.431902958772897	"Wald ratio"	1	55.024245147595	55.024245147595	NA	NA	0.800779986107791	1	"OID30541"	0.125921	0.028787	1.21865e-05	"T"	"FinnGen_R12_H7_AMD"	"high"	0.00759892720628801	0.00994424158578569	0.444775761769866	0.0603467825564283	0.0801680496405948	TRUE	"concordant_mediation"	-0.0115094263424651	0.0304706190106112	-0.0981970986276051	0.279584106872369	200	0.903687234628611	1	"protein"	"cis_only_sensitivity"	NA	NA	10000	"Enriched-panel mediation stress test; not an unbiased estimate across the circulating proteome. Bootstrap intervals exclude literature selection, publication bias, winner's curse, outcome reuse and cross-protein covariance."
"C1R"	"rs7412"	"any_AMD"	-0.0248069	0.0135112	0.0663529139399437	"T"	"OID30753"	33995	"<external_resource_root>\UKB-PPP\syn51365303_European_discovery\C1R_P00736_OID30753_v1_Inflammation_II.tar"	-0.0937926665711568	0.236495571738526	0.691667059317992	"Wald ratio"	1	56.5905353975853	56.5905353975853	NA	NA	0.807049644930599	1	"OID30753"	0.125921	0.028787	1.21865e-05	"T"	"FinnGen_R12_H7_AMD"	"high"	0.00232670530036403	0.00600202909966935	0.698272753583815	0.0184775001815744	0.0478518479451914	TRUE	"concordant_mediation"	-0.011229314811036	0.0184201826974101	-0.0967193153208144	0.160170296343091	200	0.92184107795552	1	"protein"	"cis_only_sensitivity"	NA	NA	10000	"Enriched-panel mediation stress test; not an unbiased estimate across the circulating proteome. Bootstrap intervals exclude literature selection, publication bias, winner's curse, outcome reuse and cross-protein covariance."
"C1S"	"rs7412"	"any_AMD"	-0.0262655	0.0131449	0.0456993475828466	"T"	"OID30731"	33995	"<external_resource_root>\UKB-PPP\syn51365303_European_discovery\C1S_P09871_OID30731_v1_Inflammation_II.tar"	0.0696349034312482	0.128564305085525	0.588070104058898	"Inverse variance weighted"	2	76.6142760861115	66.7784625348148	0.194590397930808	NA	0.807049644930599	1	"OID30731"	0.125921	0.028787	1.21865e-05	"T"	"FinnGen_R12_H7_AMD"	"high"	-0.00182899555607345	0.00349866709731119	0.601134844467475	-0.0145249446563595	0.0279823387444467	TRUE	"opposing_or_suppressing_mediation"	-0.0106708562005391	0.00560217523164203	-0.0959901937363377	0.0474218076650798	200	0.903687234628611	1	"protein"	"cis_only_sensitivity"	NA	NA	10000	"Enriched-panel mediation stress test; not an unbiased estimate across the circulating proteome. Bootstrap intervals exclude literature selection, publication bias, winner's curse, outcome reuse and cross-protein covariance."
"CD226"	"rs7412"	"any_AMD"	0.0222757	0.0137645	0.105589807956923	"T"	"OID30556"	32981	"<external_resource_root>\UKB-PPP\syn51365303_European_discovery\CD226_Q15762_OID30556_v1_Inflammation_II.tar"	-0.0719877197468382	0.125321158192527	0.565679627008709	"Inverse variance weighted"	2	149.712515524392	43.7594928515072	0.354417368392244	NA	0.807049644930599	1	"OID30556"	0.125921	0.028787	1.21865e-05	"T"	"FinnGen_R12_H7_AMD"	"moderate"	-0.00160357684876464	0.00296225522493669	0.588275672944219	-0.0127347848950107	0.0237041735237438	TRUE	"opposing_or_suppressing_mediation"	-0.00965177249408257	0.00450445475594783	-0.0851747546018369	0.0375560928472768	200	0.903687234628611	1	"protein"	"cis_only_sensitivity"	NA	NA	10000	"Enriched-panel mediation stress test; not an unbiased estimate across the circulating proteome. Bootstrap intervals exclude literature selection, publication bias, winner's curse, outcome reuse and cross-protein covariance."
"CD2AP"	"rs7412"	"any_AMD"	0.0167201	0.0131665	0.20412020696143	"T"	"OID20177"	33693	"<external_resource_root>\UKB-PPP\syn51365303_European_discovery\CD2AP_Q9Y5K6_OID20177_v1_Cardiometabolic.tar"	0.0934375371828829	0.12563127410747	0.457031216212758	"Inverse variance weighted"	2	749.131215617584	127.059611549351	0.0113493901260301	NA	0.800779986107791	1	"OID20177"	0.125921	0.028787	1.21865e-05	"T"	"FinnGen_R12_H7_AMD"	"high"	0.00156228496545152	0.00243431453600963	0.521018549467942	0.0124068659354001	0.0195390409781347	TRUE	"concordant_mediation"	-0.00342400298134111	0.00859076459787947	-0.0295141173906165	0.0748430062052343	200	0.903687234628611	1	"protein"	"cis_only_sensitivity"	NA	NA	10000	"Enriched-panel mediation stress test; not an unbiased estimate across the circulating proteome. Bootstrap intervals exclude literature selection, publication bias, winner's curse, outcome reuse and cross-protein covariance."
"CD33"	"rs7412"	"any_AMD"	-0.0102549	0.0139963	0.463752218277875	"T"	"OID21472"	33822	"<external_resource_root>\UKB-PPP\syn51365303_European_discovery\CD33_P20138_OID21472_v1_Oncology.tar"	0.00315760256449084	0.0142145172200036	0.824205463714699	"Inverse variance weighted"	6	2627.09651529112	35.7963440828048	0.879058340164279	0.377458354356044	0.895875504037716	1	"OID21472"	0.125921	0.028787	1.21865e-05	"T"	"FinnGen_R12_H7_AMD"	"high"	-3.23808985385971e-05	0.000152320773230672	0.831651763291776	-0.000257152488771508	0.00121108113882436	TRUE	"opposing_or_suppressing_mediation"	-0.000627283440442519	0.000480691452806375	-0.00544659690111704	0.00410683071023242	200	0.950459158047744	1	"protein"	"cis_only_sensitivity"	NA	NA	10000	"Enriched-panel mediation stress test; not an unbiased estimate across the circulating proteome. Bootstrap intervals exclude literature selection, publication bias, winner's curse, outcome reuse and cross-protein covariance."
"CR1"	"rs7412"	"any_AMD"	0.00340388	0.0125279	0.785850619742805	"T"	"OID30697"	33849	"<external_resource_root>\UKB-PPP\syn51365303_European_discovery\CR1_P17927_OID30697_v1_Inflammation_II.tar"	-0.0161696624262933	0.0374892095932723	0.666239267704102	"Inverse variance weighted"	3	1082.42137120818	37.4571183152205	0.236237283974777	0.361171712957897	0.807049644930599	1	"OID30697"	0.125921	0.028787	1.21865e-05	"T"	"FinnGen_R12_H7_AMD"	"high"	-5.50395905396113e-05	0.000239414658443716	0.818175446644064	-0.000437096199518835	0.00190393245463349	TRUE	"opposing_or_suppressing_mediation"	-0.00124754255889361	0.00100303318807527	-0.011136311017978	0.00886942797200323	200	0.950459158047744	1	"protein"	"cis_only_sensitivity"	NA	NA	10000	"Enriched-panel mediation stress test; not an unbiased estimate across the circulating proteome. Bootstrap intervals exclude literature selection, publication bias, winner's curse, outcome reuse and cross-protein covariance."
"CSF2"	"rs7412"	"any_AMD"	0.0341117	0.0138649	0.0138822544375218	"T"	"OID30072"	32862	"<external_resource_root>\UKB-PPP\syn51365303_European_discovery\CSF2_P04141_OID30072_v1_Cardiometabolic_II.tar"	0.24449339026361	0.0594995221630224	3.970912434461e-05	"Wald ratio"	1	675.205162845104	675.205162845104	NA	NA	0.000496364054307625	0.00107214635730447	"OID30072"	0.125921	0.028787	1.21865e-05	"T"	"FinnGen_R12_H7_AMD"	"moderate"	0.00834008518065519	0.00395103269806323	0.0347841664860166	0.0662326790658841	0.0348394551396043	TRUE	"concordant_mediation"	0.00150652265224529	0.0175608841634388	0.0115445841992993	0.168942239349801	200	0.835672316584254	1	"protein"	"cis_only_sensitivity"	NA	NA	10000	"Enriched-panel mediation stress test; not an unbiased estimate across the circulating proteome. Bootstrap intervals exclude literature selection, publication bias, winner's curse, outcome reuse and cross-protein covariance."
"CTSH"	"rs7412"	"any_AMD"	0.0334265	0.0088066	0.000147275328462707	"T"	"OID20113"	32979	"<external_resource_root>\UKB-PPP\syn51365303_European_discovery\CTSH_P09668_OID20113_v1_Cardiometabolic.tar"	-0.0228768135680317	0.0214088490462521	0.28526432030328	"Inverse variance weighted"	8	959.93899146813	44.5923163263753	0.145543437958511	0.511275824247277	0.661472706225246	1	"OID20113"	0.125921	0.028787	1.21865e-05	"T"	"FinnGen_R12_H7_AMD"	"high"	-0.000764691808731812	0.000743441359460103	0.303675249371032	-0.00607279015201445	0.00606506185293908	TRUE	"opposing_or_suppressing_mediation"	-0.00241874530285173	0.000618043909110239	-0.0221972403909948	0.00516197135125146	200	0.903687234628611	1	"protein"	"cis_only_sensitivity"	NA	NA	10000	"Enriched-panel mediation stress test; not an unbiased estimate across the circulating proteome. Bootstrap intervals exclude literature selection, publication bias, winner's curse, outcome reuse and cross-protein covariance."
"GRN"	"rs7412"	"any_AMD"	0.0962883	0.0124291	9.4102248352675e-15	"T"	"OID21159"	33508	"<external_resource_root>\UKB-PPP\syn51365303_European_discovery\GRN_P28799_OID21159_v1_Neurology.tar"	-0.0989169602978659	0.057630016699026	0.0860863187862133	"Wald ratio"	1	1047.05061013529	1047.05061013529	NA	NA	0.430431593931066	1	"OID21159"	0.125921	0.028787	1.21865e-05	"T"	"FinnGen_R12_H7_AMD"	"high"	-0.009524545948249	0.00568366206654699	0.0937820263061312	-0.0756390589992853	0.0483356637155304	TRUE	"opposing_or_suppressing_mediation"	-0.0211927917477461	0.00145110194646985	-0.205482610390906	0.0115258980283777	200	0.835672316584254	1	"protein"	"cis_only_sensitivity"	NA	NA	10000	"Enriched-panel mediation stress test; not an unbiased estimate across the circulating proteome. Bootstrap intervals exclude literature selection, publication bias, winner's curse, outcome reuse and cross-protein covariance."
"IL34"	"rs7412"	"any_AMD"	-0.00360799	0.0123055	0.76936956086854	"T"	"OID20809"	32861	"<external_resource_root>\UKB-PPP\syn51365303_European_discovery\IL34_Q6ZMJ4_OID20809_v1_Neurology.tar"	-0.0421531787419286	0.0328864336547778	0.199919769991845	"Inverse variance weighted"	3	1086.97878136877	215.499425934514	0.966839946430703	0.843379681438967	0.555332694421792	1	"OID20809"	0.125921	0.028787	1.21865e-05	"T"	"FinnGen_R12_H7_AMD"	"high"	0.000152088247369091	0.000532113691874951	0.775016691587876	0.00120780685802282	0.00423478543442496	TRUE	"concordant_mediation"	-0.00113772181613239	0.00172396802400829	-0.00960641728399963	0.0148172352338569	200	0.942033360406534	1	"protein"	"cis_only_sensitivity"	NA	NA	10000	"Enriched-panel mediation stress test; not an unbiased estimate across the circulating proteome. Bootstrap intervals exclude literature selection, publication bias, winner's curse, outcome reuse and cross-protein covariance."
"LBP"	"rs7412"	"any_AMD"	-0.0139348	0.0123519	0.259259094582955	"T"	"OID20355"	33809	"<external_resource_root>\UKB-PPP\syn51365303_European_discovery\LBP_P18428_OID20355_v1_Cardiometabolic.tar"	0.0723637434728684	0.0550523311866792	0.188693550700251	"Inverse variance weighted"	8	372.186958363117	33.4428480056771	0.00188028386845954	0.552117920639457	0.555332694421792	1	"OID20355"	0.125921	0.028787	1.21865e-05	"T"	"FinnGen_R12_H7_AMD"	"moderate"	-0.00100837429254573	0.0011778965577687	0.391953245236061	-0.00800799145929374	0.00953171201814437	TRUE	"opposing_or_suppressing_mediation"	-0.0042768773661832	0.00105891349006131	-0.0382212886086308	0.0085151427610396	200	0.903687234628611	1	"protein"	"cis_only_sensitivity"	NA	NA	10000	"Enriched-panel mediation stress test; not an unbiased estimate across the circulating proteome. Bootstrap intervals exclude literature selection, publication bias, winner's curse, outcome reuse and cross-protein covariance."
"LILRB2"	"rs7412"	"any_AMD"	0.0298666	0.0137003	0.0292576877075003	"T"	"OID20301"	33898	"<external_resource_root>\UKB-PPP\syn51365303_European_discovery\LILRB2_Q8N423_OID20301_v1_Cardiometabolic.tar"	0.0185971150193394	0.0219692274602723	0.397269711877011	"Inverse variance weighted"	5	2120.43253676753	84.7866618469832	0.159001797869002	0.627415014777939	0.800779986107791	1	"OID20301"	0.125921	0.028787	1.21865e-05	"T"	"FinnGen_R12_H7_AMD"	"high"	0.000555432595436602	0.000703877600294052	0.430051252886391	0.00441096080428683	0.0056800632237448	TRUE	"concordant_mediation"	-0.00081317862164224	0.00229659477051948	-0.00672999052434981	0.0204763621405037	200	0.903687234628611	1	"protein"	"cis_only_sensitivity"	NA	NA	10000	"Enriched-panel mediation stress test; not an unbiased estimate across the circulating proteome. Bootstrap intervals exclude literature selection, publication bias, winner's curse, outcome reuse and cross-protein covariance."
"MME"	"rs7412"	"any_AMD"	0.022471	0.0124632	0.0713904303590008	"T"	"OID21307"	33533	"<external_resource_root>\UKB-PPP\syn51365303_European_discovery\MME_P08473_OID21307_v1_Oncology.tar"	0.00978433932199453	0.253871857568121	0.969256769405091	"Inverse variance weighted"	2	47.5309437382581	31.0745580335957	0.208497132242901	NA	0.969256769405091	1	"OID21307"	0.125921	0.028787	1.21865e-05	"T"	"FinnGen_R12_H7_AMD"	"high"	0.000219863888904539	0.00570605769494126	0.969263787253131	0.00174604624252142	0.0453163417581276	TRUE	"concordant_mediation"	-0.0141149693635092	0.013953846093496	-0.121570126111503	0.122880779492151	200	0.983797198837987	1	"protein"	"cis_only_sensitivity"	NA	NA	10000	"Enriched-panel mediation stress test; not an unbiased estimate across the circulating proteome. Bootstrap intervals exclude literature selection, publication bias, winner's curse, outcome reuse and cross-protein covariance."
"PILRA"	"rs7412"	"any_AMD"	0.0338652	0.0104691	0.00121741878860511	"T"	"OID21129"	33687	"<external_resource_root>\UKB-PPP\syn51365303_European_discovery\PILRA_Q9UKJ1_OID21129_v1_Neurology.tar"	0.0566307651387595	0.0317405577738797	0.0743949493964554	"Inverse variance weighted"	3	1576.81293051402	65.1995270738017	0.247808087782715	0.59349024945398	0.430431593931066	1	"OID21129"	0.125921	0.028787	1.21865e-05	"T"	"FinnGen_R12_H7_AMD"	"high"	0.00191781218757712	0.00122756234009215	0.118218954108358	0.0152302807917434	0.0103517939668088	TRUE	"concordant_mediation"	-0.00014020073994426	0.00476677100300765	-0.00119469158253784	0.0457299804119362	200	0.852317061990758	1	"protein"	"cis_only_sensitivity"	NA	NA	10000	"Enriched-panel mediation stress test; not an unbiased estimate across the circulating proteome. Bootstrap intervals exclude literature selection, publication bias, winner's curse, outcome reuse and cross-protein covariance."
"PILRB"	"rs7412"	"any_AMD"	0.0374655	0.00935508	6.20626049147046e-05	"T"	"OID20197"	33693	"<external_resource_root>\UKB-PPP\syn51365303_European_discovery\PILRB_Q9UKJ0_OID20197_v1_Cardiometabolic.tar"	0.0756426425087738	0.0290449468058946	0.0092053925750328	"Inverse variance weighted"	7	1009.08527643503	91.3492124606038	0.229962157823449	0.483835541234753	0.07671160479194	0.248545599525886	"OID20197"	0.125921	0.028787	1.21865e-05	"T"	"FinnGen_R12_H7_AMD"	"high"	0.00283398942291246	0.00129803767537986	0.0290146449682101	0.0225060905084336	0.0115210533299376	TRUE	"concordant_mediation"	0.000626638491501736	0.00573662957897634	0.00475185292023114	0.0556523404654076	200	0.835672316584254	1	"protein"	"cis_only_sensitivity"	NA	NA	10000	"Enriched-panel mediation stress test; not an unbiased estimate across the circulating proteome. Bootstrap intervals exclude literature selection, publication bias, winner's curse, outcome reuse and cross-protein covariance."
"PRSS8"	"rs7412"	"any_AMD"	0.00628486	0.0127844	0.622999933066934	"T"	"OID20763"	33527	"<external_resource_root>\UKB-PPP\syn51365303_European_discovery\PRSS8_Q16651_OID20763_v1_Inflammation.tar"	-0.0488130372742143	0.126564403299342	0.699735559904901	"Wald ratio"	1	216.332503281953	216.332503281953	NA	NA	0.807049644930599	1	"OID20763"	0.125921	0.028787	1.21865e-05	"T"	"FinnGen_R12_H7_AMD"	"high"	-0.000306783105443219	0.00101101767553173	0.76155463999032	-0.00243631408139404	0.00804827912402485	TRUE	"opposing_or_suppressing_mediation"	-0.00492335796393784	0.00340465155124817	-0.0424830297468047	0.0289479674299958	200	0.942033360406534	1	"protein"	"cis_only_sensitivity"	NA	NA	10000	"Enriched-panel mediation stress test; not an unbiased estimate across the circulating proteome. Bootstrap intervals exclude literature selection, publication bias, winner's curse, outcome reuse and cross-protein covariance."
"SERPINF2"	"rs7412"	"any_AMD"	0.000320078	0.0134275	0.980982206452147	"T"	"OID30779"	33357	"<external_resource_root>\UKB-PPP\syn51365303_European_discovery\SERPINF2_P08697_OID30779_v1_Inflammation_II.tar"	-0.0313748489681504	0.0844357450099077	0.710203687538927	"Wald ratio"	1	486.129292389341	486.129292389341	NA	NA	0.807049644930599	1	"OID30779"	0.125921	0.028787	1.21865e-05	"T"	"FinnGen_R12_H7_AMD"	"high"	-1.00423989080276e-05	0.000422151771561952	0.981021234729633	-7.97515816109119e-05	0.00335256243375449	TRUE	"opposing_or_suppressing_mediation"	-0.0026973742096288	0.00254705244093184	-0.0232127159439234	0.0211570439318735	200	0.983797198837987	1	"protein"	"cis_only_sensitivity"	NA	NA	10000	"Enriched-panel mediation stress test; not an unbiased estimate across the circulating proteome. Bootstrap intervals exclude literature selection, publication bias, winner's curse, outcome reuse and cross-protein covariance."
"SIGLEC9"	"rs7412"	"any_AMD"	0.00766439	0.0120884	0.526062082681857	"T"	"OID21390"	33908	"<external_resource_root>\UKB-PPP\syn51365303_European_discovery\SIGLEC9_Q9Y336_OID21390_v1_Oncology.tar"	-0.00195268452876553	0.03249675870917	0.952085074503132	"Inverse variance weighted"	4	1049.79923017691	38.3679051988145	0.883190533507983	0.538516072979178	0.969256769405091	1	"OID21390"	0.125921	0.028787	1.21865e-05	"T"	"FinnGen_R12_H7_AMD"	"high"	-1.49661357754252e-05	0.000250183878887805	0.952298563002375	-0.000118853374539793	0.00198701783643435	TRUE	"opposing_or_suppressing_mediation"	-0.00105441573500362	0.000984078393408117	-0.00895377106068828	0.00864305103916074	200	0.983797198837987	1	"protein"	"cis_only_sensitivity"	NA	NA	10000	"Enriched-panel mediation stress test; not an unbiased estimate across the circulating proteome. Bootstrap intervals exclude literature selection, publication bias, winner's curse, outcome reuse and cross-protein covariance."
"SIRPA"	"rs7412"	"any_AMD"	0.0146159	0.00692909	0.0349140315478586	"T"	"OID20304"	33714	"<external_resource_root>\UKB-PPP\syn51365303_European_discovery\SIRPA_P78324_OID20304_v1_Cardiometabolic.tar"	-0.0113672262010623	0.0107661988275254	0.291047990739108	"Inverse variance weighted"	10	2296.83990353653	56.5536300002049	0.470747424008405	0.941005807041845	0.661472706225246	1	"OID20304"	0.125921	0.028787	1.21865e-05	"T"	"FinnGen_R12_H7_AMD"	"high"	-0.000166142241432106	0.000175969579443093	0.345091366970783	-0.00131941647089927	0.00142964256943581	TRUE	"opposing_or_suppressing_mediation"	-0.000620552332092384	0.000151066444887762	-0.00560063411938592	0.00135609573884695	200	0.903687234628611	1	"protein"	"cis_only_sensitivity"	NA	NA	10000	"Enriched-panel mediation stress test; not an unbiased estimate across the circulating proteome. Bootstrap intervals exclude literature selection, publication bias, winner's curse, outcome reuse and cross-protein covariance."
"TGFB1"	"rs7412"	"any_AMD"	0.0257036	0.0136511	0.0597145274677874	"T"	"OID20621"	33988	"<external_resource_root>\ukbppp_proteins\tgfb1_p01137_oid20621_v1_inflammation.tar"	-0.254491822751449	0.0550994549256449	3.86017621509384e-06	"Inverse variance weighted"	2	494.118334472546	136.370474552368	0.295017358039092	NA	9.65044053773461e-05	0.000104224757807534	"OID20621"	0.125921	0.028787	1.21865e-05	"T"	"FinnGen_R12_H7_AMD"	"moderate"	-0.00654135601527415	0.00375167972910277	0.0812322475361545	-0.0519480945614643	0.0320735921495721	TRUE	"opposing_or_suppressing_mediation"	-0.0144796920866662	0.000179783630698639	-0.138339889272255	0.00130073151990986	200	0.835672316584254	1	"protein"	"cis_only_sensitivity"	NA	NA	10000	"Enriched-panel mediation stress test; not an unbiased estimate across the circulating proteome. Bootstrap intervals exclude literature selection, publication bias, winner's curse, outcome reuse and cross-protein covariance."
"TNFRSF10A"	"rs7412"	"any_AMD"	0.0196354	0.0120901	0.104357339834585	"T"	"OID20967"	33436	"<external_resource_root>\UKB-PPP\syn51365303_European_discovery\TNFRSF10A_O00220_OID20967_v1_Neurology.tar"	-0.0694021861681208	0.0443572325123635	0.117672179151808	"Inverse variance weighted"	4	575.595476461577	58.8991670067129	0.310310752871442	0.274858415705501	0.490300746465865	1	"OID20967"	0.125921	0.028787	1.21865e-05	"T"	"FinnGen_R12_H7_AMD"	"moderate"	-0.00136273968628552	0.00120939919849024	0.259831012556464	-0.0108221796704721	0.00991796808180772	TRUE	"opposing_or_suppressing_mediation"	-0.00456463372140386	0.000563060154706418	-0.0406907528602001	0.00472121523119022	200	0.903687234628611	1	"protein"	"cis_only_sensitivity"	NA	NA	10000	"Enriched-panel mediation stress test; not an unbiased estimate across the circulating proteome. Bootstrap intervals exclude literature selection, publication bias, winner's curse, outcome reuse and cross-protein covariance."
"TREM2"	"rs7412"	"any_AMD"	0.0402591	0.0123312	0.00109539309764596	"T"	"OID20731"	33649	"<external_resource_root>\ukbppp_proteins\trem2_q9nzc2_oid20731_v1_inflammation.tar"	0.0363495507674938	0.0516326719360882	0.481430967740031	"Inverse variance weighted"	3	698.914117575788	48.9716024734884	0.343282638931544	0.869806966590175	0.800779986107791	1	"OID20731"	0.125921	0.028787	1.21865e-05	"T"	"FinnGen_R12_H7_AMD"	"moderate"	0.00146340019930361	0.00212646285354531	0.491336181916732	0.0116215738383876	0.0170949952859323	TRUE	"concordant_mediation"	-0.00278449448217311	0.00619902636784352	-0.023361915947078	0.0565455455204601	200	0.903687234628611	1	"protein"	"cis_only_sensitivity"	NA	NA	10000	"Enriched-panel mediation stress test; not an unbiased estimate across the circulating proteome. Bootstrap intervals exclude literature selection, publication bias, winner's curse, outcome reuse and cross-protein covariance."
"ZBTB16"	"rs7412"	"any_AMD"	0.0189822	0.0132975	0.153437318471995	"T"	"OID21205"	32907	"<external_resource_root>\UKB-PPP\syn51365303_European_discovery\ZBTB16_Q05516_OID21205_v1_Oncology.tar"	-0.0601115486578555	0.0450477328518434	0.182073862090095	"Inverse variance weighted"	3	723.765308055597	87.2697159863256	0.389688804647197	0.777687614013916	0.555332694421792	1	"OID21205"	0.125921	0.028787	1.21865e-05	"T"	"FinnGen_R12_H7_AMD"	"high"	-0.00114104943893314	0.00117052912916064	0.329651998760414	-0.00906162942585546	0.0095237765152915	TRUE	"opposing_or_suppressing_mediation"	-0.00431080997819859	0.000779325902875014	-0.037779177454845	0.00662035309598634	200	0.903687234628611	1	"protein"	"cis_only_sensitivity"	NA	NA	10000	"Enriched-panel mediation stress test; not an unbiased estimate across the circulating proteome. Bootstrap intervals exclude literature selection, publication bias, winner's curse, outcome reuse and cross-protein covariance."
"TOTAL_ELIGIBLE_PROTEINS"	"rs7412"	"any_AMD"	NA	NA	NA	NA	NA	NA	NA	NA	NA	NA	NA	NA	NA	NA	NA	NA	NA	NA	NA	0.125921	0.028787	1.21865e-05	"T"	"FinnGen_R12_H7_AMD"	NA	0.00212662655640511	0.016483183300301	0.897343443688204	0.0168885774128629	NA	TRUE	"concordant_total_mediation"	-0.0320204775325284	0.0380580993607375	-0.279007903452662	0.336461040374077	200	NA	NA	"total"	"cis_only_sensitivity"	25	"Independent normal alpha/beta draws and common total-effect draw; cross-protein covariance, literature selection, publication bias and winner's curse not included."	10000	"Enriched-panel mediation stress test; not an unbiased estimate across the circulating proteome. Bootstrap intervals exclude literature selection, publication bias, winner's curse, outcome reuse and cross-protein covariance."
"ACE"	"rs7412"	"dry_AMD"	0.0193001	0.0131581	0.142434435923506	"T"	"OID30696"	33985	"<external_resource_root>\UKB-PPP\syn51365303_European_discovery\ACE_P12821_OID30696_v1_Inflammation_II.tar"	-0.0476812066880837	0.045412380343901	0.293736262518318	"Inverse variance weighted"	6	353.337430045278	43.5356432986411	0.41140211471876	0.351395941909612	0.617310891310515	1	"OID30696"	0.105656	0.0340678	0.00192642	"T"	"FinnGen_R12_DRY_AMD"	"moderate"	-0.000920252057200684	0.00107787363538615	0.393234556385243	-0.00870988923677485	0.0105812319002561	TRUE	"opposing_or_suppressing_mediation"	-0.00386239094033268	0.0010466415913209	-0.0475290029706565	0.0115155571485432	200	0.903687234628611	1	"protein"	"cis_only_sensitivity"	NA	NA	10000	"Enriched-panel mediation stress test; not an unbiased estimate across the circulating proteome. Bootstrap intervals exclude literature selection, publication bias, winner's curse, outcome reuse and cross-protein covariance."
"BLNK"	"rs7412"	"dry_AMD"	0.0460774	0.0140989	0.00108248029652119	"T"	"OID30541"	32981	"<external_resource_root>\UKB-PPP\syn51365303_European_discovery\BLNK_Q8WV28_OID30541_v1_Inflammation_II.tar"	0.164192844326612	0.248442061005329	0.508682935379033	"Wald ratio"	1	55.024245147595	55.024245147595	NA	NA	0.719628616908792	1	"OID30541"	0.105656	0.0340678	0.00192642	"T"	"FinnGen_R12_DRY_AMD"	"high"	0.00756557936517503	0.0116792836611361	0.517128748543713	0.071605771230929	0.112926175762674	TRUE	"concordant_mediation"	-0.0154762459466413	0.0338204177366896	-0.16586190643188	0.436771936268439	200	0.903687234628611	1	"protein"	"cis_only_sensitivity"	NA	NA	10000	"Enriched-panel mediation stress test; not an unbiased estimate across the circulating proteome. Bootstrap intervals exclude literature selection, publication bias, winner's curse, outcome reuse and cross-protein covariance."
"C1R"	"rs7412"	"dry_AMD"	-0.0248069	0.0135112	0.0663529139399437	"T"	"OID30753"	33995	"<external_resource_root>\UKB-PPP\syn51365303_European_discovery\C1R_P00736_OID30753_v1_Inflammation_II.tar"	0.160845917904123	0.279954845714227	0.56560084380706	"Wald ratio"	1	56.5905353975853	56.5905353975853	NA	NA	0.719628616908792	1	"OID30753"	0.105656	0.0340678	0.00192642	"T"	"FinnGen_R12_DRY_AMD"	"high"	-0.00399008860085579	0.0072769020129595	0.583470528076833	-0.0377649030897989	0.0699417008633619	TRUE	"opposing_or_suppressing_mediation"	-0.0227609349486773	0.0110115218865216	-0.27433346967524	0.120592080408219	200	0.903687234628611	1	"protein"	"cis_only_sensitivity"	NA	NA	10000	"Enriched-panel mediation stress test; not an unbiased estimate across the circulating proteome. Bootstrap intervals exclude literature selection, publication bias, winner's curse, outcome reuse and cross-protein covariance."
"C1S"	"rs7412"	"dry_AMD"	-0.0262655	0.0131449	0.0456993475828466	"T"	"OID30731"	33995	"<external_resource_root>\UKB-PPP\syn51365303_European_discovery\C1S_P09871_OID30731_v1_Inflammation_II.tar"	0.158823415138842	0.174382907855082	0.362414474667966	"Inverse variance weighted"	2	76.6142760861115	66.7784625348148	0.136503927668347	NA	0.6834930198371	1	"OID30731"	0.105656	0.0340678	0.00192642	"T"	"FinnGen_R12_DRY_AMD"	"high"	-0.00417157641032926	0.00503361651439322	0.407249627954851	-0.0394826267351523	0.0493131987672217	TRUE	"opposing_or_suppressing_mediation"	-0.0172783063708792	0.00483295038937384	-0.219200144911623	0.0525778434701407	200	0.903687234628611	1	"protein"	"cis_only_sensitivity"	NA	NA	10000	"Enriched-panel mediation stress test; not an unbiased estimate across the circulating proteome. Bootstrap intervals exclude literature selection, publication bias, winner's curse, outcome reuse and cross-protein covariance."
"CD226"	"rs7412"	"dry_AMD"	0.0222757	0.0137645	0.105589807956923	"T"	"OID30556"	32981	"<external_resource_root>\UKB-PPP\syn51365303_European_discovery\CD226_Q15762_OID30556_v1_Inflammation_II.tar"	-0.0338984127651651	0.148155432186944	0.819022006570721	"Inverse variance weighted"	2	149.712515524392	43.7594928515072	0.919875866652793	NA	0.853147923511168	1	"OID30556"	0.105656	0.0340678	0.00192642	"T"	"FinnGen_R12_DRY_AMD"	"moderate"	-0.000755110873232988	0.00333308656176256	0.820773649253966	-0.00714688113531639	0.0316306471607213	TRUE	"opposing_or_suppressing_mediation"	-0.00976321908918453	0.00701859044790387	-0.115779131310299	0.0786422695977965	200	0.950459158047744	1	"protein"	"cis_only_sensitivity"	NA	NA	10000	"Enriched-panel mediation stress test; not an unbiased estimate across the circulating proteome. Bootstrap intervals exclude literature selection, publication bias, winner's curse, outcome reuse and cross-protein covariance."
"CD2AP"	"rs7412"	"dry_AMD"	0.0167201	0.0131665	0.20412020696143	"T"	"OID20177"	33693	"<external_resource_root>\UKB-PPP\syn51365303_European_discovery\CD2AP_Q9Y5K6_OID20177_v1_Cardiometabolic.tar"	0.0832500481419944	0.14874781076677	0.575702893527033	"Inverse variance weighted"	2	749.131215617584	127.059611549351	0.0112973655826906	NA	0.719628616908792	1	"OID20177"	0.105656	0.0340678	0.00192642	"T"	"FinnGen_R12_DRY_AMD"	"high"	0.00139194912993896	0.00271790715680419	0.608552990690121	0.0131743500599962	0.0260724985264041	TRUE	"concordant_mediation"	-0.00450370291256575	0.00970914324261666	-0.0503925779956372	0.113425122023975	200	0.903687234628611	1	"protein"	"cis_only_sensitivity"	NA	NA	10000	"Enriched-panel mediation stress test; not an unbiased estimate across the circulating proteome. Bootstrap intervals exclude literature selection, publication bias, winner's curse, outcome reuse and cross-protein covariance."
"CD33"	"rs7412"	"dry_AMD"	-0.0102549	0.0139963	0.463752218277875	"T"	"OID21472"	33822	"<external_resource_root>\UKB-PPP\syn51365303_European_discovery\CD33_P20138_OID21472_v1_Oncology.tar"	0.0233049814992378	0.0168173989459299	0.165818334231012	"Inverse variance weighted"	6	2627.09651529112	35.7963440828048	0.845194583953048	0.759986077851704	0.460606483975034	1	"OID21472"	0.105656	0.0340678	0.00192642	"T"	"FinnGen_R12_DRY_AMD"	"high"	-0.000238990254776534	0.000368969364908516	0.517163580477229	-0.00226196576414528	0.00356752655261794	TRUE	"opposing_or_suppressing_mediation"	-0.00132821451331959	0.000495810127400838	-0.0160789479247685	0.00520654814236797	200	0.903687234628611	1	"protein"	"cis_only_sensitivity"	NA	NA	10000	"Enriched-panel mediation stress test; not an unbiased estimate across the circulating proteome. Bootstrap intervals exclude literature selection, publication bias, winner's curse, outcome reuse and cross-protein covariance."
"CR1"	"rs7412"	"dry_AMD"	0.00340388	0.0125279	0.785850619742805	"T"	"OID30697"	33849	"<external_resource_root>\UKB-PPP\syn51365303_European_discovery\CR1_P17927_OID30697_v1_Inflammation_II.tar"	0.00470891481994515	0.0401497609013726	0.906635195857649	"Inverse variance weighted"	3	1082.42137120818	37.4571183152205	0.306620955944864	0.443004232487584	0.906635195857649	1	"OID30697"	0.105656	0.0340678	0.00192642	"T"	"FinnGen_R12_DRY_AMD"	"high"	1.60285809773149e-05	0.000148853839776829	0.914249537552141	0.000151705354900005	0.00140970257214744	TRUE	"concordant_mediation"	-0.00110503776791177	0.00120565313310734	-0.0129698574124744	0.0137235283871011	200	0.983797198837987	1	"protein"	"cis_only_sensitivity"	NA	NA	10000	"Enriched-panel mediation stress test; not an unbiased estimate across the circulating proteome. Bootstrap intervals exclude literature selection, publication bias, winner's curse, outcome reuse and cross-protein covariance."
"CSF2"	"rs7412"	"dry_AMD"	0.0341117	0.0138649	0.0138822544375218	"T"	"OID30072"	32862	"<external_resource_root>\UKB-PPP\syn51365303_European_discovery\CSF2_P04141_OID30072_v1_Cardiometabolic_II.tar"	0.166840984877383	0.0708490732423597	0.018528744948031	"Wald ratio"	1	675.205162845104	675.205162845104	NA	NA	0.174126574775112	0.500276113596836	"OID30072"	0.105656	0.0340678	0.00192642	"T"	"FinnGen_R12_DRY_AMD"	"moderate"	0.00569122962384183	0.00334542768476165	0.0889061085824393	0.0538656548027734	0.0361141907042123	TRUE	"concordant_mediation"	0.000316538552019871	0.0136119470387247	0.0027043073383633	0.193793324664347	200	0.835672316584254	1	"protein"	"cis_only_sensitivity"	NA	NA	10000	"Enriched-panel mediation stress test; not an unbiased estimate across the circulating proteome. Bootstrap intervals exclude literature selection, publication bias, winner's curse, outcome reuse and cross-protein covariance."
"CTSH"	"rs7412"	"dry_AMD"	0.0334265	0.0088066	0.000147275328462707	"T"	"OID20113"	32979	"<external_resource_root>\UKB-PPP\syn51365303_European_discovery\CTSH_P09668_OID20113_v1_Cardiometabolic.tar"	-0.0251311759049858	0.0203554310349682	0.216972810039056	"Inverse variance weighted"	8	959.93899146813	44.5923163263753	0.511212088640242	0.335134741692142	0.542432025097639	1	"OID20113"	0.105656	0.0340678	0.00192642	"T"	"FinnGen_R12_DRY_AMD"	"high"	-0.000840047251388008	0.000715500883884482	0.240367476387009	-0.00795077658995237	0.00724100195453498	TRUE	"opposing_or_suppressing_mediation"	-0.00244474441388881	0.000483481132201936	-0.0319552630322387	0.00503243879048501	200	0.903687234628611	1	"protein"	"cis_only_sensitivity"	NA	NA	10000	"Enriched-panel mediation stress test; not an unbiased estimate across the circulating proteome. Bootstrap intervals exclude literature selection, publication bias, winner's curse, outcome reuse and cross-protein covariance."
"GRN"	"rs7412"	"dry_AMD"	0.0962883	0.0124291	9.4102248352675e-15	"T"	"OID21159"	33508	"<external_resource_root>\UKB-PPP\syn51365303_European_discovery\GRN_P28799_OID21159_v1_Neurology.tar"	-0.154740845498054	0.0681907524149668	0.0232540358440808	"Wald ratio"	1	1047.05061013529	1047.05061013529	NA	NA	0.174126574775112	0.62785896779018	"OID21159"	0.105656	0.0340678	0.00192642	"T"	"FinnGen_R12_DRY_AMD"	"high"	-0.0148997329535703	0.00684185834923292	0.0294260050011188	-0.141021172044846	0.079126145764594	TRUE	"opposing_or_suppressing_mediation"	-0.02906742876932	-0.00197617808548412	-0.441229023091633	-0.0170293887441165	200	0.835672316584254	1	"protein"	"cis_only_sensitivity"	NA	NA	10000	"Enriched-panel mediation stress test; not an unbiased estimate across the circulating proteome. Bootstrap intervals exclude literature selection, publication bias, winner's curse, outcome reuse and cross-protein covariance."
"IL34"	"rs7412"	"dry_AMD"	-0.00360799	0.0123055	0.76936956086854	"T"	"OID20809"	32861	"<external_resource_root>\UKB-PPP\syn51365303_European_discovery\IL34_Q6ZMJ4_OID20809_v1_Neurology.tar"	-0.0406585238600311	0.0389307449673862	0.296309227829047	"Inverse variance weighted"	3	1086.97878136877	215.499425934514	0.555629450726666	0.686997145526618	0.617310891310515	1	"OID20809"	0.105656	0.0340678	0.00192642	"T"	"FinnGen_R12_DRY_AMD"	"high"	0.000146695547501754	0.000519666306375247	0.777722708015027	0.00138842609507982	0.00493880654690733	TRUE	"concordant_mediation"	-0.00124232915555876	0.00179517464189428	-0.0141494066165673	0.0208128379713747	200	0.942033360406534	1	"protein"	"cis_only_sensitivity"	NA	NA	10000	"Enriched-panel mediation stress test; not an unbiased estimate across the circulating proteome. Bootstrap intervals exclude literature selection, publication bias, winner's curse, outcome reuse and cross-protein covariance."
"LBP"	"rs7412"	"dry_AMD"	-0.0139348	0.0123519	0.259259094582955	"T"	"OID20355"	33809	"<external_resource_root>\UKB-PPP\syn51365303_European_discovery\LBP_P18428_OID20355_v1_Cardiometabolic.tar"	0.029178350712292	0.0506599620953711	0.56463903060558	"Inverse variance weighted"	8	372.186958363117	33.4428480056771	0.0550733428892631	0.827689827283314	0.719628616908792	1	"OID20355"	0.105656	0.0340678	0.00192642	"T"	"FinnGen_R12_DRY_AMD"	"moderate"	-0.000406594481505647	0.000792616069787585	0.607966820079172	-0.00384828577180327	0.00760378417110501	TRUE	"opposing_or_suppressing_mediation"	-0.0029085272587192	0.00141878553569928	-0.0346189459244454	0.0158543449634581	200	0.903687234628611	1	"protein"	"cis_only_sensitivity"	NA	NA	10000	"Enriched-panel mediation stress test; not an unbiased estimate across the circulating proteome. Bootstrap intervals exclude literature selection, publication bias, winner's curse, outcome reuse and cross-protein covariance."
"LILRB2"	"rs7412"	"dry_AMD"	0.0298666	0.0137003	0.0292576877075003	"T"	"OID20301"	33898	"<external_resource_root>\UKB-PPP\syn51365303_European_discovery\LILRB2_Q8N423_OID20301_v1_Cardiometabolic.tar"	0.0139932357521405	0.0202468800087805	0.489483551854435	"Inverse variance weighted"	5	2120.43253676753	84.7866618469832	0.459443605512936	0.453742625146153	0.719628616908792	1	"OID20301"	0.105656	0.0340678	0.00192642	"T"	"FinnGen_R12_DRY_AMD"	"high"	0.000417930374914879	0.000634367410150332	0.510014969071691	0.00395557635075035	0.00613805826271364	TRUE	"concordant_mediation"	-0.000822752263681235	0.00202257986074167	-0.00915382995460314	0.0250761332809856	200	0.903687234628611	1	"protein"	"cis_only_sensitivity"	NA	NA	10000	"Enriched-panel mediation stress test; not an unbiased estimate across the circulating proteome. Bootstrap intervals exclude literature selection, publication bias, winner's curse, outcome reuse and cross-protein covariance."
"MME"	"rs7412"	"dry_AMD"	0.022471	0.0124632	0.0713904303590008	"T"	"OID21307"	33533	"<external_resource_root>\UKB-PPP\syn51365303_European_discovery\MME_P08473_OID21307_v1_Oncology.tar"	0.146714425685037	0.364619449351955	0.687406704185519	"Inverse variance weighted"	2	47.5309437382581	31.0745580335957	0.126796777644648	NA	0.781143982028999	1	"OID21307"	0.105656	0.0340678	0.00192642	"T"	"FinnGen_R12_DRY_AMD"	"high"	0.00329681985956847	0.00839492312661393	0.694529319750068	0.0312033378091965	0.0800897240651109	TRUE	"concordant_mediation"	-0.0148750661684254	0.0250843157021778	-0.17166530773163	0.300710600100895	200	0.92184107795552	1	"protein"	"cis_only_sensitivity"	NA	NA	10000	"Enriched-panel mediation stress test; not an unbiased estimate across the circulating proteome. Bootstrap intervals exclude literature selection, publication bias, winner's curse, outcome reuse and cross-protein covariance."
"PILRA"	"rs7412"	"dry_AMD"	0.0338652	0.0104691	0.00121741878860511	"T"	"OID21129"	33687	"<external_resource_root>\UKB-PPP\syn51365303_European_discovery\PILRA_Q9UKJ1_OID21129_v1_Neurology.tar"	0.0863566437974543	0.0497169367907919	0.082393119255458	"Inverse variance weighted"	3	1576.81293051402	65.1995270738017	0.0865852143682661	0.594240160372862	0.294261140198064	1	"OID21129"	0.105656	0.0340678	0.00192642	"T"	"FinnGen_R12_DRY_AMD"	"high"	0.00292448501352955	0.0019110500235093	0.125941819932013	0.0276793084493976	0.0201695605296683	TRUE	"concordant_mediation"	-0.000306221219882537	0.00736242298892835	-0.00289059823003395	0.101820368310517	200	0.852317061990758	1	"protein"	"cis_only_sensitivity"	NA	NA	10000	"Enriched-panel mediation stress test; not an unbiased estimate across the circulating proteome. Bootstrap intervals exclude literature selection, publication bias, winner's curse, outcome reuse and cross-protein covariance."
"PILRB"	"rs7412"	"dry_AMD"	0.0374655	0.00935508	6.20626049147046e-05	"T"	"OID20197"	33693	"<external_resource_root>\UKB-PPP\syn51365303_European_discovery\PILRB_Q9UKJ0_OID20197_v1_Cardiometabolic.tar"	0.0770133765473015	0.0350180408678341	0.0278602519640178	"Inverse variance weighted"	7	1009.08527643503	91.3492124606038	0.208606346999417	0.275586123305382	0.174126574775112	0.752226803028482	"OID20197"	0.105656	0.0340678	0.00192642	"T"	"FinnGen_R12_DRY_AMD"	"high"	0.00288534465903292	0.00149677413015744	0.0538913571796092	0.0273088576042338	0.0166801056227788	TRUE	"concordant_mediation"	0.000332610311173853	0.00624145851952653	0.00295411738939303	0.0936223911943304	200	0.835672316584254	1	"protein"	"cis_only_sensitivity"	NA	NA	10000	"Enriched-panel mediation stress test; not an unbiased estimate across the circulating proteome. Bootstrap intervals exclude literature selection, publication bias, winner's curse, outcome reuse and cross-protein covariance."
"PRSS8"	"rs7412"	"dry_AMD"	0.00628486	0.0127844	0.622999933066934	"T"	"OID20763"	33527	"<external_resource_root>\UKB-PPP\syn51365303_European_discovery\PRSS8_Q16651_OID20763_v1_Inflammation.tar"	-0.105926112831935	0.149904291233077	0.47979957755395	"Wald ratio"	1	216.332503281953	216.332503281953	NA	NA	0.719628616908792	1	"OID20763"	0.105656	0.0340678	0.00192642	"T"	"FinnGen_R12_DRY_AMD"	"high"	-0.000665730789492915	0.00164968684980694	0.686543810866325	-0.00630092743898042	0.0157453814603786	TRUE	"opposing_or_suppressing_mediation"	-0.00676244652624669	0.00398825916904338	-0.0775331266940668	0.044799288634786	200	0.92184107795552	1	"protein"	"cis_only_sensitivity"	NA	NA	10000	"Enriched-panel mediation stress test; not an unbiased estimate across the circulating proteome. Bootstrap intervals exclude literature selection, publication bias, winner's curse, outcome reuse and cross-protein covariance."
"SERPINF2"	"rs7412"	"dry_AMD"	0.000320078	0.0134275	0.980982206452147	"T"	"OID30779"	33357	"<external_resource_root>\UKB-PPP\syn51365303_European_discovery\SERPINF2_P08697_OID30779_v1_Inflammation_II.tar"	-0.185152965057271	0.0998061959305978	0.0635783844955773	"Wald ratio"	1	486.129292389341	486.129292389341	NA	NA	0.294261140198064	1	"OID30779"	0.105656	0.0340678	0.00192642	"T"	"FinnGen_R12_DRY_AMD"	"high"	-5.92633907496012e-05	0.00248634667400407	0.98098379924822	-0.000560908900106016	0.023533165217408	TRUE	"opposing_or_suppressing_mediation"	-0.00607416008130591	0.00602982424551416	-0.0734257251099198	0.0713300499180638	200	0.983797198837987	1	"protein"	"cis_only_sensitivity"	NA	NA	10000	"Enriched-panel mediation stress test; not an unbiased estimate across the circulating proteome. Bootstrap intervals exclude literature selection, publication bias, winner's curse, outcome reuse and cross-protein covariance."
"SIGLEC9"	"rs7412"	"dry_AMD"	0.00766439	0.0120884	0.526062082681857	"T"	"OID21390"	33908	"<external_resource_root>\UKB-PPP\syn51365303_European_discovery\SIGLEC9_Q9Y336_OID21390_v1_Oncology.tar"	0.0673748709850618	0.0384627309261519	0.0798267254365649	"Inverse variance weighted"	4	1049.79923017691	38.3679051988145	0.998697325592337	0.930529385030776	0.294261140198064	1	"OID21390"	0.105656	0.0340678	0.00192642	"T"	"FinnGen_R12_DRY_AMD"	"high"	0.000516387287429198	0.000866163428707579	0.551056547059905	0.00488743930708334	0.00834805384908595	TRUE	"concordant_mediation"	-0.00114962125027372	0.00278813720968089	-0.0134467627982718	0.0339934418555381	200	0.903687234628611	1	"protein"	"cis_only_sensitivity"	NA	NA	10000	"Enriched-panel mediation stress test; not an unbiased estimate across the circulating proteome. Bootstrap intervals exclude literature selection, publication bias, winner's curse, outcome reuse and cross-protein covariance."
"SIRPA"	"rs7412"	"dry_AMD"	0.0146159	0.00692909	0.0349140315478586	"T"	"OID20304"	33714	"<external_resource_root>\UKB-PPP\syn51365303_European_discovery\SIRPA_P78324_OID20304_v1_Cardiometabolic.tar"	-0.00681034676388908	0.01490397181563	0.647708101165105	"Inverse variance weighted"	10	2296.83990353653	56.5536300002049	0.195112924093061	0.760565888697305	0.771081072815601	1	"OID20304"	0.105656	0.0340678	0.00192642	"T"	"FinnGen_R12_DRY_AMD"	"high"	-9.95393472663264e-05	0.000222887684643427	0.655171323936578	-0.000942107852524479	0.00213131943757941	TRUE	"opposing_or_suppressing_mediation"	-0.000660640972988616	0.000349132113900426	-0.00781317565771057	0.00407787875553506	200	0.92184107795552	1	"protein"	"cis_only_sensitivity"	NA	NA	10000	"Enriched-panel mediation stress test; not an unbiased estimate across the circulating proteome. Bootstrap intervals exclude literature selection, publication bias, winner's curse, outcome reuse and cross-protein covariance."
"TGFB1"	"rs7412"	"dry_AMD"	0.0257036	0.0136511	0.0597145274677874	"T"	"OID20621"	33988	"<external_resource_root>\ukbppp_proteins\tgfb1_p01137_oid20621_v1_inflammation.tar"	-0.195001609751222	0.0770743124755349	0.0114047346667832	"Inverse variance weighted"	2	494.118334472546	136.370474552368	0.214760984131625	NA	0.174126574775112	0.307927836003147	"OID20621"	0.105656	0.0340678	0.00192642	"T"	"FinnGen_R12_DRY_AMD"	"moderate"	-0.00501224337640151	0.00331826443721608	0.130915509490715	-0.0474392687249329	0.0349332842527047	TRUE	"opposing_or_suppressing_mediation"	-0.0132172969854374	0.000336003344910476	-0.179512701749616	0.00331505906169286	200	0.852317061990758	1	"protein"	"cis_only_sensitivity"	NA	NA	10000	"Enriched-panel mediation stress test; not an unbiased estimate across the circulating proteome. Bootstrap intervals exclude literature selection, publication bias, winner's curse, outcome reuse and cross-protein covariance."
"TNFRSF10A"	"rs7412"	"dry_AMD"	0.0196354	0.0120901	0.104357339834585	"T"	"OID20967"	33436	"<external_resource_root>\UKB-PPP\syn51365303_European_discovery\TNFRSF10A_O00220_OID20967_v1_Neurology.tar"	-0.0802778975968193	0.0480260251139187	0.0946131105730398	"Inverse variance weighted"	4	575.595476461577	58.8991670067129	0.450345809366467	0.32522758121726	0.295665970540749	1	"OID20967"	0.105656	0.0340678	0.00192642	"T"	"FinnGen_R12_DRY_AMD"	"moderate"	-0.00157628863047259	0.00135324430022849	0.244091082164306	-0.014919064042483	0.0136816101781737	TRUE	"opposing_or_suppressing_mediation"	-0.00510951136792346	0.000576944569068203	-0.0644432009988761	0.00630080888654688	200	0.903687234628611	1	"protein"	"cis_only_sensitivity"	NA	NA	10000	"Enriched-panel mediation stress test; not an unbiased estimate across the circulating proteome. Bootstrap intervals exclude literature selection, publication bias, winner's curse, outcome reuse and cross-protein covariance."
"TREM2"	"rs7412"	"dry_AMD"	0.0402591	0.0123312	0.00109539309764596	"T"	"OID20731"	33649	"<external_resource_root>\ukbppp_proteins\trem2_q9nzc2_oid20731_v1_inflammation.tar"	-0.0179635331609035	0.0592150293024802	0.761614729411945	"Inverse variance weighted"	3	698.914117575788	48.9716024734884	0.629727294225683	0.809270212468264	0.827842097186897	1	"OID20731"	0.105656	0.0340678	0.00192642	"T"	"FinnGen_R12_DRY_AMD"	"moderate"	-0.00072319567787813	0.00239421292003728	0.762606412485396	-0.00684481409364475	0.0227676794732287	TRUE	"opposing_or_suppressing_mediation"	-0.00603347013538805	0.00428056636576425	-0.0736191051909623	0.0501445951443816	200	0.942033360406534	1	"protein"	"cis_only_sensitivity"	NA	NA	10000	"Enriched-panel mediation stress test; not an unbiased estimate across the circulating proteome. Bootstrap intervals exclude literature selection, publication bias, winner's curse, outcome reuse and cross-protein covariance."
"ZBTB16"	"rs7412"	"dry_AMD"	0.0189822	0.0132975	0.153437318471995	"T"	"OID21205"	32907	"<external_resource_root>\UKB-PPP\syn51365303_European_discovery\ZBTB16_Q05516_OID21205_v1_Oncology.tar"	-0.046454231037056	0.0532225803600483	0.382756091108776	"Inverse variance weighted"	3	723.765308055597	87.2697159863256	0.87481182327813	0.730147228912658	0.6834930198371	1	"OID21205"	0.105656	0.0340678	0.00192642	"T"	"FinnGen_R12_DRY_AMD"	"high"	-0.000881803504391605	0.00118416780381919	0.456476720556322	-0.00834598607170066	0.0115263168225876	TRUE	"opposing_or_suppressing_mediation"	-0.00433006369694238	0.00133527337816859	-0.0531462915471562	0.0145530369571972	200	0.903687234628611	1	"protein"	"cis_only_sensitivity"	NA	NA	10000	"Enriched-panel mediation stress test; not an unbiased estimate across the circulating proteome. Bootstrap intervals exclude literature selection, publication bias, winner's curse, outcome reuse and cross-protein covariance."
"TOTAL_ELIGIBLE_PROTEINS"	"rs7412"	"dry_AMD"	NA	NA	NA	NA	NA	NA	NA	NA	NA	NA	NA	NA	NA	NA	NA	NA	NA	NA	NA	0.105656	0.0340678	0.00192642	"T"	"FinnGen_R12_DRY_AMD"	NA	-0.0103880081576019	0.020009387004917	0.60365144242529	-0.0983191504278218	NA	TRUE	"opposing_or_suppressing_total_mediation"	-0.0516581443521557	0.0322057619504577	-0.682869659701023	0.359293876756598	200	NA	NA	"total"	"cis_only_sensitivity"	25	"Independent normal alpha/beta draws and common total-effect draw; cross-protein covariance, literature selection, publication bias and winner's curse not included."	10000	"Enriched-panel mediation stress test; not an unbiased estimate across the circulating proteome. Bootstrap intervals exclude literature selection, publication bias, winner's curse, outcome reuse and cross-protein covariance."
"ACE"	"rs7412"	"wet_AMD"	0.0193001	0.0131581	0.142434435923506	"T"	"OID30696"	33985	"<external_resource_root>\UKB-PPP\syn51365303_European_discovery\ACE_P12821_OID30696_v1_Inflammation_II.tar"	0.0207730282795281	0.050847883931161	0.682882556742052	"Inverse variance weighted"	6	353.337430045278	43.5356432986411	0.583319870280228	0.312011371198752	0.812955424692919	1	"OID30696"	0.122092	0.0380079	0.00131689	"T"	"FinnGen_R12_WET_AMD"	"moderate"	0.00040092152309772	0.00101872314304775	0.693911105820578	0.00328376571026538	0.00840628515355709	TRUE	"concordant_mediation"	-0.00179082340173794	0.00330995766775322	-0.0175787918746846	0.0331265683760169	200	0.92184107795552	1	"protein"	"cis_only_sensitivity"	NA	NA	10000	"Enriched-panel mediation stress test; not an unbiased estimate across the circulating proteome. Bootstrap intervals exclude literature selection, publication bias, winner's curse, outcome reuse and cross-protein covariance."
"BLNK"	"rs7412"	"wet_AMD"	0.0460774	0.0140989	0.00108248029652119	"T"	"OID30541"	32981	"<external_resource_root>\UKB-PPP\syn51365303_European_discovery\BLNK_Q8WV28_OID30541_v1_Inflammation_II.tar"	0.0897056854395972	0.279557323049731	0.748297720969167	"Wald ratio"	1	55.024245147595	55.024245147595	NA	NA	0.850338319283144	1	"OID30541"	0.122092	0.0380079	0.00131689	"T"	"FinnGen_R12_WET_AMD"	"high"	0.0041334047502745	0.0129432156581431	0.749461775803145	0.0338548369285006	0.106534577674623	TRUE	"concordant_mediation"	-0.0224153025226773	0.033323357569072	-0.218781954537507	0.348629841758564	200	0.942033360406534	1	"protein"	"cis_only_sensitivity"	NA	NA	10000	"Enriched-panel mediation stress test; not an unbiased estimate across the circulating proteome. Bootstrap intervals exclude literature selection, publication bias, winner's curse, outcome reuse and cross-protein covariance."
"C1R"	"rs7412"	"wet_AMD"	-0.0248069	0.0135112	0.0663529139399437	"T"	"OID30753"	33995	"<external_resource_root>\UKB-PPP\syn51365303_European_discovery\C1R_P00736_OID30753_v1_Inflammation_II.tar"	-0.264323453819559	0.314600748774051	0.400803555954666	"Wald ratio"	1	56.5905353975853	56.5905353975853	NA	NA	0.795117980523124	1	"OID30753"	0.122092	0.0380079	0.00131689	"T"	"FinnGen_R12_WET_AMD"	"high"	0.00655704548655642	0.00858259846608435	0.444871390714033	0.0537057750430529	0.0722569811425149	TRUE	"concordant_mediation"	-0.010190895279437	0.0292663528979135	-0.0932301825144272	0.303389952212038	200	0.903687234628611	1	"protein"	"cis_only_sensitivity"	NA	NA	10000	"Enriched-panel mediation stress test; not an unbiased estimate across the circulating proteome. Bootstrap intervals exclude literature selection, publication bias, winner's curse, outcome reuse and cross-protein covariance."
"C1S"	"rs7412"	"wet_AMD"	-0.0262655	0.0131449	0.0456993475828466	"T"	"OID30731"	33995	"<external_resource_root>\UKB-PPP\syn51365303_European_discovery\C1S_P09871_OID30731_v1_Inflammation_II.tar"	0.0857526645087262	0.164764988276335	0.602746896626681	"Inverse variance weighted"	2	76.6142760861115	66.7784625348148	0.211840708958908	NA	0.795117980523124	1	"OID30731"	0.122092	0.0380079	0.00131689	"T"	"FinnGen_R12_WET_AMD"	"high"	-0.00225233660965395	0.00447202703399439	0.614507319547456	-0.0184478639849781	0.0370758178266118	TRUE	"opposing_or_suppressing_mediation"	-0.0137631063228634	0.00710456297023585	-0.142083162737848	0.0687169130998865	200	0.903687234628611	1	"protein"	"cis_only_sensitivity"	NA	NA	10000	"Enriched-panel mediation stress test; not an unbiased estimate across the circulating proteome. Bootstrap intervals exclude literature selection, publication bias, winner's curse, outcome reuse and cross-protein covariance."
"CD226"	"rs7412"	"wet_AMD"	0.0222757	0.0137645	0.105589807956923	"T"	"OID30556"	32981	"<external_resource_root>\UKB-PPP\syn51365303_European_discovery\CD226_Q15762_OID30556_v1_Inflammation_II.tar"	-0.123820433936435	0.16577076025568	0.455101154878853	"Inverse variance weighted"	2	149.712515524392	43.7594928515072	0.836111166401389	NA	0.795117980523124	1	"OID30556"	0.122092	0.0380079	0.00131689	"T"	"FinnGen_R12_WET_AMD"	"moderate"	-0.00275818684023785	0.00406699694987211	0.497652763117292	-0.0225910529783921	0.034045213421294	TRUE	"opposing_or_suppressing_mediation"	-0.0137164278177245	0.00498866195960944	-0.140606172165345	0.0465467400111801	200	0.903687234628611	1	"protein"	"cis_only_sensitivity"	NA	NA	10000	"Enriched-panel mediation stress test; not an unbiased estimate across the circulating proteome. Bootstrap intervals exclude literature selection, publication bias, winner's curse, outcome reuse and cross-protein covariance."
"CD2AP"	"rs7412"	"wet_AMD"	0.0167201	0.0131665	0.20412020696143	"T"	"OID20177"	33693	"<external_resource_root>\UKB-PPP\syn51365303_European_discovery\CD2AP_Q9Y5K6_OID20177_v1_Cardiometabolic.tar"	0.108290415450905	0.0986294130786398	0.272225210111698	"Inverse variance weighted"	2	749.131215617584	127.059611549351	0.134943321723606	NA	0.756181139199161	1	"OID20177"	0.122092	0.0380079	0.00131689	"T"	"FinnGen_R12_WET_AMD"	"high"	0.00181062657538068	0.00218000732023849	0.406222318363603	0.0148300181451748	0.0184426301523935	TRUE	"concordant_mediation"	-0.00198561540850726	0.00816182608198174	-0.0187114938596583	0.0869669249874575	200	0.903687234628611	1	"protein"	"cis_only_sensitivity"	NA	NA	10000	"Enriched-panel mediation stress test; not an unbiased estimate across the circulating proteome. Bootstrap intervals exclude literature selection, publication bias, winner's curse, outcome reuse and cross-protein covariance."
"CD33"	"rs7412"	"wet_AMD"	-0.0102549	0.0139963	0.463752218277875	"T"	"OID21472"	33822	"<external_resource_root>\UKB-PPP\syn51365303_European_discovery\CD33_P20138_OID21472_v1_Oncology.tar"	-0.0318631383887992	0.018913889909474	0.0920576112472952	"Inverse variance weighted"	6	2627.09651529112	35.7963440828048	0.932332171248648	0.495438211172706	0.383573380197063	1	"OID21472"	0.122092	0.0380079	0.00131689	"T"	"FinnGen_R12_WET_AMD"	"high"	0.000326753297863297	0.000486319044562223	0.501653209905912	0.00267628753614731	0.00406941667179125	TRUE	"concordant_mediation"	-0.000619468625016807	0.00165299179482674	-0.00592618749852489	0.016945678137658	200	0.903687234628611	1	"protein"	"cis_only_sensitivity"	NA	NA	10000	"Enriched-panel mediation stress test; not an unbiased estimate across the circulating proteome. Bootstrap intervals exclude literature selection, publication bias, winner's curse, outcome reuse and cross-protein covariance."
"CR1"	"rs7412"	"wet_AMD"	0.00340388	0.0125279	0.785850619742805	"T"	"OID30697"	33849	"<external_resource_root>\UKB-PPP\syn51365303_European_discovery\CR1_P17927_OID30697_v1_Inflammation_II.tar"	-0.0327317789610816	0.0631592959646119	0.604289665197574	"Inverse variance weighted"	3	1082.42137120818	37.4571183152205	0.099003401892085	0.509755842177928	0.795117980523124	1	"OID30697"	0.122092	0.0380079	0.00131689	"T"	"FinnGen_R12_WET_AMD"	"high"	-0.000111415047770046	0.000462999828825337	0.809836206371341	-0.000912549944058959	0.00380284649396742	TRUE	"opposing_or_suppressing_mediation"	-0.00226100602453866	0.00170538004992714	-0.0223533080965889	0.0162698427380769	200	0.950459158047744	1	"protein"	"cis_only_sensitivity"	NA	NA	10000	"Enriched-panel mediation stress test; not an unbiased estimate across the circulating proteome. Bootstrap intervals exclude literature selection, publication bias, winner's curse, outcome reuse and cross-protein covariance."
"CSF2"	"rs7412"	"wet_AMD"	0.0341117	0.0138649	0.0138822544375218	"T"	"OID30072"	32862	"<external_resource_root>\UKB-PPP\syn51365303_European_discovery\CSF2_P04141_OID30072_v1_Cardiometabolic_II.tar"	0.405788595077254	0.0787003654530018	2.52118216298165e-07	"Wald ratio"	1	675.205162845104	675.205162845104	NA	NA	6.30295540745411e-06	6.80719184005044e-06	"OID30072"	0.122092	0.0380079	0.00131689	"T"	"FinnGen_R12_WET_AMD"	"moderate"	0.0138421388186968	0.00623389339909527	0.026387254755982	0.113374658607417	0.0620700927825635	TRUE	"concordant_mediation"	0.0024220499648684	0.0275456593838726	0.0196030070441636	0.354829104596606	200	0.835672316584254	1	"protein"	"cis_only_sensitivity"	NA	NA	10000	"Enriched-panel mediation stress test; not an unbiased estimate across the circulating proteome. Bootstrap intervals exclude literature selection, publication bias, winner's curse, outcome reuse and cross-protein covariance."
"CTSH"	"rs7412"	"wet_AMD"	0.0334265	0.0088066	0.000147275328462707	"T"	"OID20113"	32979	"<external_resource_root>\UKB-PPP\syn51365303_European_discovery\CTSH_P09668_OID20113_v1_Cardiometabolic.tar"	-0.0472034873769986	0.03732645778186	0.206010440147852	"Inverse variance weighted"	8	959.93899146813	44.5923163263753	0.00894916398463114	0.343502036526785	0.643782625462037	1	"OID20113"	0.122092	0.0380079	0.00131689	"T"	"FinnGen_R12_WET_AMD"	"high"	-0.00157784737080724	0.00131512196059185	0.230227645616052	-0.0129234296334505	0.0114983574618478	TRUE	"opposing_or_suppressing_mediation"	-0.00458525212804628	0.000828777194450971	-0.0513877536150944	0.00763130162564148	200	0.903687234628611	1	"protein"	"cis_only_sensitivity"	NA	NA	10000	"Enriched-panel mediation stress test; not an unbiased estimate across the circulating proteome. Bootstrap intervals exclude literature selection, publication bias, winner's curse, outcome reuse and cross-protein covariance."
"GRN"	"rs7412"	"wet_AMD"	0.0962883	0.0124291	9.4102248352675e-15	"T"	"OID21159"	33508	"<external_resource_root>\UKB-PPP\syn51365303_European_discovery\GRN_P28799_OID21159_v1_Neurology.tar"	-0.0462535055969702	0.0767016627116342	0.546487847903022	"Wald ratio"	1	1047.05061013529	1047.05061013529	NA	NA	0.795117980523124	1	"OID21159"	0.122092	0.0380079	0.00131689	"T"	"FinnGen_R12_WET_AMD"	"high"	-0.00445367142297275	0.00740781378147279	0.547698353828724	-0.0364779954704055	0.0617275640116646	TRUE	"opposing_or_suppressing_mediation"	-0.0196170256458731	0.00997501132317487	-0.213691906743146	0.095465348703397	200	0.903687234628611	1	"protein"	"cis_only_sensitivity"	NA	NA	10000	"Enriched-panel mediation stress test; not an unbiased estimate across the circulating proteome. Bootstrap intervals exclude literature selection, publication bias, winner's curse, outcome reuse and cross-protein covariance."
"IL34"	"rs7412"	"wet_AMD"	-0.00360799	0.0123055	0.76936956086854	"T"	"OID20809"	32861	"<external_resource_root>\UKB-PPP\syn51365303_European_discovery\IL34_Q6ZMJ4_OID20809_v1_Neurology.tar"	-0.0349831953931862	0.043730951077514	0.423731538064361	"Inverse variance weighted"	3	1086.97878136877	215.499425934514	0.867660509765685	0.842319903566901	0.795117980523124	1	"OID20809"	0.122092	0.0380079	0.00131689	"T"	"FinnGen_R12_WET_AMD"	"high"	0.000126219019146662	0.000458489627944164	0.783091085004803	0.00103380253535581	0.00376904500513468	TRUE	"concordant_mediation"	-0.0012588134845753	0.00180845044537023	-0.0124124172896148	0.0176608332565335	200	0.942033360406534	1	"protein"	"cis_only_sensitivity"	NA	NA	10000	"Enriched-panel mediation stress test; not an unbiased estimate across the circulating proteome. Bootstrap intervals exclude literature selection, publication bias, winner's curse, outcome reuse and cross-protein covariance."
"LBP"	"rs7412"	"wet_AMD"	-0.0139348	0.0123519	0.259259094582955	"T"	"OID20355"	33809	"<external_resource_root>\UKB-PPP\syn51365303_European_discovery\LBP_P18428_OID20355_v1_Cardiometabolic.tar"	0.148020134372964	0.0762055163004407	0.0520910136731733	"Inverse variance weighted"	8	372.186958363117	33.4428480056771	0.000980899388004127	0.247796975906002	0.271647558361655	1	"OID20355"	0.122092	0.0380079	0.00131689	"T"	"FinnGen_R12_WET_AMD"	"moderate"	-0.00206263096846038	0.00211434154062752	0.329291011323853	-0.0168940714253217	0.0180985894168652	TRUE	"opposing_or_suppressing_mediation"	-0.00765743677286361	0.00165833427187069	-0.0824699633351075	0.0148260523524819	200	0.903687234628611	1	"protein"	"cis_only_sensitivity"	NA	NA	10000	"Enriched-panel mediation stress test; not an unbiased estimate across the circulating proteome. Bootstrap intervals exclude literature selection, publication bias, winner's curse, outcome reuse and cross-protein covariance."
"LILRB2"	"rs7412"	"wet_AMD"	0.0298666	0.0137003	0.0292576877075003	"T"	"OID20301"	33898	"<external_resource_root>\UKB-PPP\syn51365303_European_discovery\LILRB2_Q8N423_OID20301_v1_Cardiometabolic.tar"	0.014370841667602	0.0327114522584877	0.660428655392152	"Inverse variance weighted"	5	2120.43253676753	84.7866618469832	0.0825083725615064	0.451265086687626	0.812955424692919	1	"OID20301"	0.122092	0.0380079	0.00131689	"T"	"FinnGen_R12_WET_AMD"	"high"	0.000429208179749602	0.00099662093492935	0.666713120687799	0.00351544883980606	0.00823590220192606	TRUE	"concordant_mediation"	-0.00160077390653836	0.00290029772272133	-0.0155623804970064	0.0306214773421532	200	0.92184107795552	1	"protein"	"cis_only_sensitivity"	NA	NA	10000	"Enriched-panel mediation stress test; not an unbiased estimate across the circulating proteome. Bootstrap intervals exclude literature selection, publication bias, winner's curse, outcome reuse and cross-protein covariance."
"MME"	"rs7412"	"wet_AMD"	0.022471	0.0124632	0.0713904303590008	"T"	"OID21307"	33533	"<external_resource_root>\UKB-PPP\syn51365303_European_discovery\MME_P08473_OID21307_v1_Oncology.tar"	0.0282552067676575	0.268061426275032	0.916053880031516	"Inverse variance weighted"	2	47.5309437382581	31.0745580335957	0.532882215294993	NA	0.969061033371834	1	"OID21307"	0.122092	0.0380079	0.00131689	"T"	"FinnGen_R12_WET_AMD"	"high"	0.000634922751276032	0.00603389317928801	0.916196439779366	0.00520036326111483	0.0494473810342311	TRUE	"concordant_mediation"	-0.0138702071507541	0.0154465853167678	-0.135207371373357	0.1478594192569	200	0.983797198837987	1	"protein"	"cis_only_sensitivity"	NA	NA	10000	"Enriched-panel mediation stress test; not an unbiased estimate across the circulating proteome. Bootstrap intervals exclude literature selection, publication bias, winner's curse, outcome reuse and cross-protein covariance."
"PILRA"	"rs7412"	"wet_AMD"	0.0338652	0.0104691	0.00121741878860511	"T"	"OID21129"	33687	"<external_resource_root>\UKB-PPP\syn51365303_European_discovery\PILRA_Q9UKJ1_OID21129_v1_Neurology.tar"	0.0197315858874647	0.0357423342225564	0.580913516720458	"Inverse variance weighted"	3	1576.81293051402	65.1995270738017	0.773102680823054	0.665692035723828	0.795117980523124	1	"OID21129"	0.122092	0.0380079	0.00131689	"T"	"FinnGen_R12_WET_AMD"	"high"	0.00066821410239617	0.00122792169327684	0.586315553756682	0.00547303756508346	0.0102006435982665	TRUE	"concordant_mediation"	-0.00176750939649334	0.00347751564833761	-0.0181122850776739	0.0369585986826303	200	0.903687234628611	1	"protein"	"cis_only_sensitivity"	NA	NA	10000	"Enriched-panel mediation stress test; not an unbiased estimate across the circulating proteome. Bootstrap intervals exclude literature selection, publication bias, winner's curse, outcome reuse and cross-protein covariance."
"PILRB"	"rs7412"	"wet_AMD"	0.0374655	0.00935508	6.20626049147046e-05	"T"	"OID20197"	33693	"<external_resource_root>\UKB-PPP\syn51365303_European_discovery\PILRB_Q9UKJ0_OID20197_v1_Cardiometabolic.tar"	0.0638810919106883	0.0331987786778237	0.054329511672331	"Inverse variance weighted"	7	1009.08527643503	91.3492124606038	0.472893364503127	0.822145392246547	0.271647558361655	1	"OID20197"	0.122092	0.0380079	0.00131689	"T"	"FinnGen_R12_WET_AMD"	"high"	0.00239333704897989	0.00137992804387409	0.0828484393201718	0.0196027344050379	0.0128445762398137	TRUE	"concordant_mediation"	-1.6904660176358e-05	0.00549565149948554	-0.000337277802098746	0.067585752260155	200	0.835672316584254	1	"protein"	"cis_only_sensitivity"	NA	NA	10000	"Enriched-panel mediation stress test; not an unbiased estimate across the circulating proteome. Bootstrap intervals exclude literature selection, publication bias, winner's curse, outcome reuse and cross-protein covariance."
"PRSS8"	"rs7412"	"wet_AMD"	0.00628486	0.0127844	0.622999933066934	"T"	"OID20763"	33527	"<external_resource_root>\UKB-PPP\syn51365303_European_discovery\PRSS8_Q16651_OID20763_v1_Inflammation.tar"	-0.00980144781261964	0.168182925555981	0.953526796774215	"Wald ratio"	1	216.332503281953	216.332503281953	NA	NA	0.969061033371834	1	"OID20763"	0.122092	0.0380079	0.00131689	"T"	"FinnGen_R12_WET_AMD"	"high"	-6.16007272996207e-05	0.00106440757417101	0.95384958956586	-0.000504543518818765	0.0087194927250122	TRUE	"opposing_or_suppressing_mediation"	-0.005455334133145	0.00495138241146752	-0.0509326571219851	0.0477021699201776	200	0.983797198837987	1	"protein"	"cis_only_sensitivity"	NA	NA	10000	"Enriched-panel mediation stress test; not an unbiased estimate across the circulating proteome. Bootstrap intervals exclude literature selection, publication bias, winner's curse, outcome reuse and cross-protein covariance."
"SERPINF2"	"rs7412"	"wet_AMD"	0.000320078	0.0134275	0.980982206452147	"T"	"OID30779"	33357	"<external_resource_root>\UKB-PPP\syn51365303_European_discovery\SERPINF2_P08697_OID30779_v1_Inflammation_II.tar"	-0.00435515924798222	0.112286984679329	0.969061033371834	"Wald ratio"	1	486.129292389341	486.129292389341	NA	NA	0.969061033371834	1	"OID30779"	0.122092	0.0380079	0.00131689	"T"	"FinnGen_R12_WET_AMD"	"high"	-1.39399066177565e-06	6.86404261269925e-05	0.983797198837987	-1.14175430149039e-05	0.000562213723167407	TRUE	"opposing_or_suppressing_mediation"	-0.00335414847698566	0.00323658271570852	-0.031532937477546	0.0319006366272254	200	0.983797198837987	1	"protein"	"cis_only_sensitivity"	NA	NA	10000	"Enriched-panel mediation stress test; not an unbiased estimate across the circulating proteome. Bootstrap intervals exclude literature selection, publication bias, winner's curse, outcome reuse and cross-protein covariance."
"SIGLEC9"	"rs7412"	"wet_AMD"	0.00766439	0.0120884	0.526062082681857	"T"	"OID21390"	33908	"<external_resource_root>\UKB-PPP\syn51365303_European_discovery\SIGLEC9_Q9Y336_OID21390_v1_Oncology.tar"	-0.0852460806667329	0.043225560688175	0.0485956771937306	"Inverse variance weighted"	4	1049.79923017691	38.3679051988145	0.622190720623931	0.760927485316606	0.271647558361655	1	"OID21390"	0.122092	0.0380079	0.00131689	"T"	"FinnGen_R12_WET_AMD"	"high"	-0.000653359208201301	0.00108243479027975	0.546108649019372	-0.00535136788816058	0.00902088886218764	TRUE	"opposing_or_suppressing_mediation"	-0.0033379735905394	0.00157232845812518	-0.0344956632408456	0.014309434582634	200	0.903687234628611	1	"protein"	"cis_only_sensitivity"	NA	NA	10000	"Enriched-panel mediation stress test; not an unbiased estimate across the circulating proteome. Bootstrap intervals exclude literature selection, publication bias, winner's curse, outcome reuse and cross-protein covariance."
"SIRPA"	"rs7412"	"wet_AMD"	0.0146159	0.00692909	0.0349140315478586	"T"	"OID20304"	33714	"<external_resource_root>\UKB-PPP\syn51365303_European_discovery\SIRPA_P78324_OID20304_v1_Cardiometabolic.tar"	-0.0129679786355476	0.0143205229685828	0.365173009179448	"Inverse variance weighted"	10	2296.83990353653	56.5536300002049	0.742221286011184	0.72155305689072	0.795117980523124	1	"OID20304"	0.122092	0.0380079	0.00131689	"T"	"FinnGen_R12_WET_AMD"	"high"	-0.0001895386789393	0.000227779964291204	0.405345141076449	-0.00155242504782705	0.00192722028812113	TRUE	"opposing_or_suppressing_mediation"	-0.000774589108685458	0.000242251642662062	-0.00839221317819388	0.00226600153780974	200	0.903687234628611	1	"protein"	"cis_only_sensitivity"	NA	NA	10000	"Enriched-panel mediation stress test; not an unbiased estimate across the circulating proteome. Bootstrap intervals exclude literature selection, publication bias, winner's curse, outcome reuse and cross-protein covariance."
"TGFB1"	"rs7412"	"wet_AMD"	0.0257036	0.0136511	0.0597145274677874	"T"	"OID20621"	33988	"<external_resource_root>\ukbppp_proteins\tgfb1_p01137_oid20621_v1_inflammation.tar"	-0.32926374086532	0.0702146345171566	2.74021911797025e-06	"Inverse variance weighted"	2	494.118334472546	136.370474552368	0.580828149274959	NA	3.42527389746281e-05	7.39859161851968e-05	"OID20621"	0.122092	0.0380079	0.00131689	"T"	"FinnGen_R12_WET_AMD"	"moderate"	-0.00846326348970584	0.00484360690998597	0.0805842702201446	-0.0693187390632133	0.0451610032398759	TRUE	"opposing_or_suppressing_mediation"	-0.0193089498925365	0.000291198232296208	-0.238384035003701	0.00319131006696959	200	0.835672316584254	1	"protein"	"cis_only_sensitivity"	NA	NA	10000	"Enriched-panel mediation stress test; not an unbiased estimate across the circulating proteome. Bootstrap intervals exclude literature selection, publication bias, winner's curse, outcome reuse and cross-protein covariance."
"TNFRSF10A"	"rs7412"	"wet_AMD"	0.0196354	0.0120901	0.104357339834585	"T"	"OID20967"	33436	"<external_resource_root>\UKB-PPP\syn51365303_European_discovery\TNFRSF10A_O00220_OID20967_v1_Neurology.tar"	-0.0371753473266574	0.0665151406203235	0.576229607886359	"Inverse variance weighted"	4	575.595476461577	58.8991670067129	0.207245449716208	0.32358410005231	0.795117980523124	1	"OID20967"	0.122092	0.0380079	0.00131689	"T"	"FinnGen_R12_WET_AMD"	"moderate"	-0.000729952814897849	0.0013812236739297	0.597164352164498	-0.00597871125788626	0.0114650545155625	TRUE	"opposing_or_suppressing_mediation"	-0.0045019006334445	0.00220911606243546	-0.0478722149172964	0.02044792006477	200	0.903687234628611	1	"protein"	"cis_only_sensitivity"	NA	NA	10000	"Enriched-panel mediation stress test; not an unbiased estimate across the circulating proteome. Bootstrap intervals exclude literature selection, publication bias, winner's curse, outcome reuse and cross-protein covariance."
"TREM2"	"rs7412"	"wet_AMD"	0.0402591	0.0123312	0.00109539309764596	"T"	"OID20731"	33649	"<external_resource_root>\ukbppp_proteins\trem2_q9nzc2_oid20731_v1_inflammation.tar"	0.122946127756739	0.0937556500543847	0.189740781907217	"Inverse variance weighted"	3	698.914117575788	48.9716024734884	0.133705930495083	0.709829808330261	0.643782625462037	1	"OID20731"	0.122092	0.0380079	0.00131689	"T"	"FinnGen_R12_WET_AMD"	"moderate"	0.00494970045197133	0.00406761171235987	0.223658753215122	0.0405407434719009	0.0356262723583938	TRUE	"concordant_mediation"	-0.00247453075826185	0.0143091113041539	-0.0205779164073885	0.158615145652704	200	0.903687234628611	1	"protein"	"cis_only_sensitivity"	NA	NA	10000	"Enriched-panel mediation stress test; not an unbiased estimate across the circulating proteome. Bootstrap intervals exclude literature selection, publication bias, winner's curse, outcome reuse and cross-protein covariance."
"ZBTB16"	"rs7412"	"wet_AMD"	0.0189822	0.0132975	0.153437318471995	"T"	"OID21205"	32907	"<external_resource_root>\UKB-PPP\syn51365303_European_discovery\ZBTB16_Q05516_OID21205_v1_Oncology.tar"	-0.0617257180603946	0.0600912180017918	0.304326149819425	"Inverse variance weighted"	3	723.765308055597	87.2697159863256	0.433273521131027	0.649776189287803	0.760815374548561	1	"OID21205"	0.122092	0.0380079	0.00131689	"T"	"FinnGen_R12_WET_AMD"	"high"	-0.00117168992536602	0.00140528366722691	0.404407971807078	-0.00959677886647792	0.0118914391735441	TRUE	"opposing_or_suppressing_mediation"	-0.00526560759365316	0.00128978406263318	-0.054210983015586	0.0124037436588163	200	0.903687234628611	1	"protein"	"cis_only_sensitivity"	NA	NA	10000	"Enriched-panel mediation stress test; not an unbiased estimate across the circulating proteome. Bootstrap intervals exclude literature selection, publication bias, winner's curse, outcome reuse and cross-protein covariance."
"TOTAL_ELIGIBLE_PROTEINS"	"rs7412"	"wet_AMD"	NA	NA	NA	NA	NA	NA	NA	NA	NA	NA	NA	NA	NA	NA	NA	NA	NA	NA	NA	0.122092	0.0380079	0.00131689	"T"	"FinnGen_R12_WET_AMD"	NA	0.0117856049104151	0.0217066506723969	0.587164897140018	0.0965305254268515	NA	TRUE	"concordant_total_mediation"	-0.0342509427631645	0.0591229905125012	-0.337993628344842	0.647108942442497	200	NA	NA	"total"	"cis_only_sensitivity"	25	"Independent normal alpha/beta draws and common total-effect draw; cross-protein covariance, literature selection, publication bias and winner's curse not included."	10000	"Enriched-panel mediation stress test; not an unbiased estimate across the circulating proteome. Bootstrap intervals exclude literature selection, publication bias, winner's curse, outcome reuse and cross-protein covariance."
