record_id	PMID	protein_name	gene_symbol	assay_target_ID	proteomic_platform	disease	disease_subtype	evidence_tier	inclusion_status	exclusion_reason	high_complexity_locus	mapping_confidence	PP_H4	replication_status	source_table_file	source_sheet	source_row	manual_verification_status	notes
PMID41630303	41630303	A4GALT	A4GALT	8759_29_A4GALT_a1_4_Galactosyltransferase	deCODE SomaScan	AD	AD	Tier2	literature_source_universe_tier2	not_cis_only;mapping_not_high_confidence;no_strong_colocalization_or_independent_replication	false	moderate	not_reported	not_reported	data_raw\literature_fulltext\PMID41630303_PMC12863894\supplements\medi-105-e45715-s001.xlsx	Table S3	32	full_text_and_source_table_verified	Paper states these 39 rows passed FDR; row-level adjusted P is absent, so retained in Tier2 only.
PMID40050982	40050982	ACAA1	ACAA1	P09110	UKB-PPP Olink	AD	AD	Tier2	literature_source_universe_tier2	no_strong_colocalization_or_independent_replication	false	high	NA	replication_not_corrected_or_direction_inconsistent	data_raw\literature_fulltext\PMID40050982_PMC11884171\supplements\12967_2025_6317_MOESM1_ESM.xlsx	Table S2	49	full_text_and_source_table_verified	Replication P=0.920186130950414; replication PP.H4=NA.
PMID41350740	41350740	ACADV	ACADVL	deCODE protein label requires cross-platform mapping	deCODE SomaScan	AD	AD	Tier2	literature_source_universe_tier2	mapping_not_high_confidence;no_strong_colocalization_or_independent_replication	false	moderate	0.502	single_external_replication_reported	data_raw\literature_fulltext\PMID41350740_PMC12681122\supplements\13195_2025_1901_MOESM1_ESM.xlsx	Table S6	10	full_text_and_source_table_verified	Source-paper tier was not copied automatically; raw FDR, coloc and replication fields drive A1 tiering.
PMID40037332	40037332	ACE	ACE	10714_7	SomaScan	AD	AD	Tier2	literature_source_universe_tier2	no_strong_colocalization_or_independent_replication	false	high	0.00353700699289929	partially_overlapping_cross_platform	data_processed\literature_supplements_extracted\PMID40037332\awaf018_supplementary_data\brain-2024-00441-File011.xlsx	Table S2	1901	full_text_and_source_table_verified	FDR-significant AD row; colocalization joined by assay ID.
PMID40037332	40037332	ACE	ACE	OID30696	Olink	AD	AD	Tier2	literature_source_universe_tier2	no_strong_colocalization_or_independent_replication	false	high	0.00124959979916101	partially_overlapping_cross_platform	data_processed\literature_supplements_extracted\PMID40037332\awaf018_supplementary_data\brain-2024-00441-File011.xlsx	Table S2	16	full_text_and_source_table_verified	FDR-significant AD row; colocalization joined by assay ID.
PMID40050982	40050982	ACE	ACE	P12821	UKB-PPP Olink	AD	AD	Tier2	literature_source_universe_tier2	no_strong_colocalization_or_independent_replication	false	high	NA	replication_not_corrected_or_direction_inconsistent	data_raw\literature_fulltext\PMID40050982_PMC11884171\supplements\12967_2025_6317_MOESM1_ESM.xlsx	Table S2	40	full_text_and_source_table_verified	Replication P=NA; replication PP.H4=NA.
PMID40037332	40037332	ACHE	ACHE	OID30585	Olink	AD	AD	Tier2	literature_source_universe_tier2	no_strong_colocalization_or_independent_replication	false	high	1.47316715525231e-11	partially_overlapping_cross_platform	data_processed\literature_supplements_extracted\PMID40037332\awaf018_supplementary_data\brain-2024-00441-File011.xlsx	Table S2	43	full_text_and_source_table_verified	FDR-significant AD row; colocalization joined by assay ID.
PMID40050982	40050982	ACHE	ACHE	P22303	UKB-PPP Olink	AD	AD	Tier2	literature_source_universe_tier2	no_strong_colocalization_or_independent_replication	false	high	NA	replication_not_corrected_or_direction_inconsistent	data_raw\literature_fulltext\PMID40050982_PMC11884171\supplements\12967_2025_6317_MOESM1_ESM.xlsx	Table S2	45	full_text_and_source_table_verified	Replication P=0.00597608290751001; replication PP.H4=NA.
PMID40037332	40037332	ADGRE1	ADGRE1	OID31483	Olink	AD	AD	Tier2	literature_source_universe_tier2	no_strong_colocalization_or_independent_replication	false	high	0.602897884960128	partially_overlapping_cross_platform	data_processed\literature_supplements_extracted\PMID40037332\awaf018_supplementary_data\brain-2024-00441-File011.xlsx	Table S2	45	full_text_and_source_table_verified	FDR-significant AD row; colocalization joined by assay ID.
PMID41630303	41630303	ALDH1A3	ALDH1A3	9835_16_ALDH1A3_AL1A3	deCODE SomaScan	AD	AD	Tier2	literature_source_universe_tier2	not_cis_only;mapping_not_high_confidence;no_strong_colocalization_or_independent_replication	false	moderate	not_reported	not_reported	data_raw\literature_fulltext\PMID41630303_PMC12863894\supplements\medi-105-e45715-s001.xlsx	Table S3	40	full_text_and_source_table_verified	Paper states these 39 rows passed FDR; row-level adjusted P is absent, so retained in Tier2 only.
PMID40037332	40037332	APOC1	APOC1	15364_101	SomaScan	AD	AD	Tier2	literature_source_universe_tier2	no_strong_colocalization_or_independent_replication;high_complexity_locus_requires_downgrade	true	high	6.47088278658519e-293	partially_overlapping_cross_platform	data_processed\literature_supplements_extracted\PMID40037332\awaf018_supplementary_data\brain-2024-00441-File011.xlsx	Table S2	1894	full_text_and_source_table_verified	FDR-significant AD row; colocalization joined by assay ID.
PMID40037332	40037332	APOC1	APOC1	OID30749	Olink	AD	AD	Tier2	literature_source_universe_tier2	no_strong_colocalization_or_independent_replication;high_complexity_locus_requires_downgrade	true	high	0.0	partially_overlapping_cross_platform	data_processed\literature_supplements_extracted\PMID40037332\awaf018_supplementary_data\brain-2024-00441-File011.xlsx	Table S2	5	full_text_and_source_table_verified	FDR-significant AD row; colocalization joined by assay ID.
PMID40037332	40037332	APOE	APOE	2418_55	SomaScan	AD	AD	Tier2	protein_outcome_evidence_excluded_from_APOE_mediation	APOE_protein_default_exclusion_due_to_cis_circularity	true	high	3.99621865197126e-76	partially_overlapping_cross_platform	data_processed\literature_supplements_extracted\PMID40037332\awaf018_supplementary_data\brain-2024-00441-File011.xlsx	Table S2	1895	full_text_and_source_table_verified	FDR-significant AD row; colocalization joined by assay ID.
PMID40037332	40037332	APOE	APOE	OID30727	Olink	AD	AD	Tier2	protein_outcome_evidence_excluded_from_APOE_mediation	APOE_protein_default_exclusion_due_to_cis_circularity	true	high	1.0	partially_overlapping_cross_platform	data_processed\literature_supplements_extracted\PMID40037332\awaf018_supplementary_data\brain-2024-00441-File011.xlsx	Table S2	4	full_text_and_source_table_verified	FDR-significant AD row; colocalization joined by assay ID.
PMID40050982	40050982	APOE	APOE	P02649	UKB-PPP Olink	AD	AD	Tier2	protein_outcome_evidence_excluded_from_APOE_mediation	APOE_protein_default_exclusion_due_to_cis_circularity	true	high	NA	replication_not_corrected_or_direction_inconsistent	data_raw\literature_fulltext\PMID40050982_PMC11884171\supplements\12967_2025_6317_MOESM1_ESM.xlsx	Table S2	5	full_text_and_source_table_verified	Replication P=NA; replication PP.H4=NA.
PMID41630303	41630303	APOE	APOE	2418_55_APOE_Apo_E	deCODE SomaScan	AD	AD	Tier2	protein_outcome_evidence_excluded_from_APOE_mediation	APOE_protein_default_exclusion_due_to_cis_circularity	true	moderate	not_reported	not_reported	data_raw\literature_fulltext\PMID41630303_PMC12863894\supplements\medi-105-e45715-s001.xlsx	Table S3	24	full_text_and_source_table_verified	Paper states these 39 rows passed FDR; row-level adjusted P is absent, so retained in Tier2 only.
PMID40037332	40037332	APP	APP	3171_57	SomaScan	AD	AD	Tier2	literature_source_universe_tier2	no_strong_colocalization_or_independent_replication	false	high	0.00367926822456761	partially_overlapping_cross_platform	data_processed\literature_supplements_extracted\PMID40037332\awaf018_supplementary_data\brain-2024-00441-File011.xlsx	Table S2	1917	full_text_and_source_table_verified	FDR-significant AD row; colocalization joined by assay ID.
PMID40037332	40037332	APP	APP	OID21070	Olink	AD	AD	Tier2	literature_source_universe_tier2	no_strong_colocalization_or_independent_replication	false	high	0.00949179261033441	partially_overlapping_cross_platform	data_processed\literature_supplements_extracted\PMID40037332\awaf018_supplementary_data\brain-2024-00441-File011.xlsx	Table S2	40	full_text_and_source_table_verified	FDR-significant AD row; colocalization joined by assay ID.
PMID40050982	40050982	APP	APP	P05067	UKB-PPP Olink	AD	AD	Tier2	literature_source_universe_tier2	no_strong_colocalization_or_independent_replication	false	high	NA	replication_not_corrected_or_direction_inconsistent	data_raw\literature_fulltext\PMID40050982_PMC11884171\supplements\12967_2025_6317_MOESM1_ESM.xlsx	Table S2	52	full_text_and_source_table_verified	Replication P=0.0301196900619096; replication PP.H4=NA.
PMID40037332	40037332	ARHGAP45	ARHGAP45	OID30653	Olink	AD	AD	Tier2	literature_source_universe_tier2	no_strong_colocalization_or_independent_replication	false	high	1.85783369599859e-16	partially_overlapping_cross_platform	data_processed\literature_supplements_extracted\PMID40037332\awaf018_supplementary_data\brain-2024-00441-File011.xlsx	Table S2	30	full_text_and_source_table_verified	FDR-significant AD row; colocalization joined by assay ID.
PMID40050982	40050982	ARHGAP45	ARHGAP45	Q92619	UKB-PPP Olink	AD	AD	Tier2	literature_source_universe_tier2	no_strong_colocalization_or_independent_replication	false	high	NA	replication_not_corrected_or_direction_inconsistent	data_raw\literature_fulltext\PMID40050982_PMC11884171\supplements\12967_2025_6317_MOESM1_ESM.xlsx	Table S2	33	full_text_and_source_table_verified	Replication P=0.269113269829993; replication PP.H4=NA.
PMID40037332	40037332	AZGP1	AZGP1	9312_8	SomaScan	AD	AD	Tier2	literature_source_universe_tier2	no_strong_colocalization_or_independent_replication	false	high	4.1258673205725e-09	partially_overlapping_cross_platform	data_processed\literature_supplements_extracted\PMID40037332\awaf018_supplementary_data\brain-2024-00441-File011.xlsx	Table S2	1904	full_text_and_source_table_verified	FDR-significant AD row; colocalization joined by assay ID.
PMID40037332	40037332	BCAM	BCAM	2816_50	SomaScan	AD	AD	Tier2	literature_source_universe_tier2	no_strong_colocalization_or_independent_replication	false	high	0.0	partially_overlapping_cross_platform	data_processed\literature_supplements_extracted\PMID40037332\awaf018_supplementary_data\brain-2024-00441-File011.xlsx	Table S2	1905	full_text_and_source_table_verified	FDR-significant AD row; colocalization joined by assay ID.
PMID40037332	40037332	BCAM	BCAM	OID21076	Olink	AD	AD	Tier2	literature_source_universe_tier2	no_strong_colocalization_or_independent_replication	false	high	4.66719379751096e-76	partially_overlapping_cross_platform	data_processed\literature_supplements_extracted\PMID40037332\awaf018_supplementary_data\brain-2024-00441-File011.xlsx	Table S2	7	full_text_and_source_table_verified	FDR-significant AD row; colocalization joined by assay ID.
PMID40037332	40037332	BIN1	BIN1	9574_11	SomaScan	AD	AD	Tier2	literature_source_universe_tier2	no_strong_colocalization_or_independent_replication	false	high	1.58143118365804e-24	partially_overlapping_cross_platform	data_processed\literature_supplements_extracted\PMID40037332\awaf018_supplementary_data\brain-2024-00441-File011.xlsx	Table S2	1897	full_text_and_source_table_verified	FDR-significant AD row; colocalization joined by assay ID.
PMID41350740	41350740	BIN1	BIN1	deCODE protein label requires cross-platform mapping	deCODE SomaScan	AD	AD	Tier2	literature_source_universe_tier2	no_strong_colocalization_or_independent_replication	false	high	1.48e-24	single_external_replication_reported	data_raw\literature_fulltext\PMID41350740_PMC12681122\supplements\13195_2025_1901_MOESM1_ESM.xlsx	Table S6	4	full_text_and_source_table_verified	Source-paper tier was not copied automatically; raw FDR, coloc and replication fields drive A1 tiering.
PMID41630303	41630303	BIRC2	BIRC2	10046_55_BIRC2_cIAP_1	deCODE SomaScan	AD	AD	Tier2	literature_source_universe_tier2	not_cis_only;mapping_not_high_confidence;no_strong_colocalization_or_independent_replication	false	moderate	not_reported	not_reported	data_raw\literature_fulltext\PMID41630303_PMC12863894\supplements\medi-105-e45715-s001.xlsx	Table S3	4	full_text_and_source_table_verified	Paper states these 39 rows passed FDR; row-level adjusted P is absent, so retained in Tier2 only.
PMID40050982	40050982	CBLIF	CBLIF	P27352	UKB-PPP Olink	AD	AD	Tier2	literature_source_universe_tier2	no_strong_colocalization_or_independent_replication	false	high	NA	replication_not_corrected_or_direction_inconsistent	data_raw\literature_fulltext\PMID40050982_PMC11884171\supplements\12967_2025_6317_MOESM1_ESM.xlsx	Table S2	39	full_text_and_source_table_verified	Replication P=0.160227124541369; replication PP.H4=NA.
PMID41630303	41630303	CCDC134	CCDC134	15300_66_CCDC134_CC134	deCODE SomaScan	AD	AD	Tier2	literature_source_universe_tier2	not_cis_only;mapping_not_high_confidence;no_strong_colocalization_or_independent_replication	false	moderate	not_reported	not_reported	data_raw\literature_fulltext\PMID41630303_PMC12863894\supplements\medi-105-e45715-s001.xlsx	Table S3	22	full_text_and_source_table_verified	Paper states these 39 rows passed FDR; row-level adjusted P is absent, so retained in Tier2 only.
PMID41630303	41630303	CCL21	CCL21	2516_57_CCL21_6Ckine	deCODE SomaScan	AD	AD	Tier2	literature_source_universe_tier2	not_cis_only;mapping_not_high_confidence;no_strong_colocalization_or_independent_replication	false	moderate	not_reported	not_reported	data_raw\literature_fulltext\PMID41630303_PMC12863894\supplements\medi-105-e45715-s001.xlsx	Table S3	38	full_text_and_source_table_verified	Paper states these 39 rows passed FDR; row-level adjusted P is absent, so retained in Tier2 only.
PMID40037332	40037332	CD33	CD33	3166_92	SomaScan	AD	AD	Tier2	literature_source_universe_tier2	no_strong_colocalization_or_independent_replication	false	high	0.632092477379795	partially_overlapping_cross_platform	data_processed\literature_supplements_extracted\PMID40037332\awaf018_supplementary_data\brain-2024-00441-File011.xlsx	Table S2	1920	full_text_and_source_table_verified	FDR-significant AD row; colocalization joined by assay ID.
PMID40037332	40037332	CD55	CD55	5069_9	SomaScan	AD	AD	Tier2	literature_source_universe_tier2	no_strong_colocalization_or_independent_replication	false	high	1.04629196157501e-21	partially_overlapping_cross_platform	data_processed\literature_supplements_extracted\PMID40037332\awaf018_supplementary_data\brain-2024-00441-File011.xlsx	Table S2	1902	full_text_and_source_table_verified	FDR-significant AD row; colocalization joined by assay ID.
PMID40037332	40037332	CD55	CD55	OID20377	Olink	AD	AD	Tier2	literature_source_universe_tier2	no_strong_colocalization_or_independent_replication	false	high	7.98327622941789e-22	partially_overlapping_cross_platform	data_processed\literature_supplements_extracted\PMID40037332\awaf018_supplementary_data\brain-2024-00441-File011.xlsx	Table S2	18	full_text_and_source_table_verified	FDR-significant AD row; colocalization joined by assay ID.
PMID41630303	41630303	CD55	CD55	5069_9_CD55_DAF	deCODE SomaScan	AD	AD	Tier2	literature_source_universe_tier2	not_cis_only;mapping_not_high_confidence;no_strong_colocalization_or_independent_replication	false	moderate	not_reported	not_reported	data_raw\literature_fulltext\PMID41630303_PMC12863894\supplements\medi-105-e45715-s001.xlsx	Table S3	13	full_text_and_source_table_verified	Paper states these 39 rows passed FDR; row-level adjusted P is absent, so retained in Tier2 only.
PMID40050982	40050982	CDSN	CDSN	Q15517	UKB-PPP Olink	AD	AD	Tier2	literature_source_universe_tier2	no_strong_colocalization_or_independent_replication	false	high	NA	replication_not_corrected_or_direction_inconsistent	data_raw\literature_fulltext\PMID40050982_PMC11884171\supplements\12967_2025_6317_MOESM1_ESM.xlsx	Table S2	21	full_text_and_source_table_verified	Replication P=NA; replication PP.H4=NA.
PMID40037332	40037332	CEACAM19	CEACAM19	OID31443	Olink	AD	AD	Tier2	literature_source_universe_tier2	no_strong_colocalization_or_independent_replication	false	high	4.49956349765593e-103	partially_overlapping_cross_platform	data_processed\literature_supplements_extracted\PMID40037332\awaf018_supplementary_data\brain-2024-00441-File011.xlsx	Table S2	25	full_text_and_source_table_verified	FDR-significant AD row; colocalization joined by assay ID.
PMID40050982	40050982	CEACAM19	CEACAM19	Q7Z692	UKB-PPP Olink	AD	AD	Tier2	literature_source_universe_tier2	no_strong_colocalization_or_independent_replication	false	high	NA	replication_not_corrected_or_direction_inconsistent	data_raw\literature_fulltext\PMID40050982_PMC11884171\supplements\12967_2025_6317_MOESM1_ESM.xlsx	Table S2	32	full_text_and_source_table_verified	Replication P=0.0191932735610762; replication PP.H4=NA.
PMID41630303	41630303	CSF3	CSF3	4840_73_CSF3_G_CSF	deCODE SomaScan	AD	AD	Tier2	literature_source_universe_tier2	not_cis_only;mapping_not_high_confidence;no_strong_colocalization_or_independent_replication	false	moderate	not_reported	not_reported	data_raw\literature_fulltext\PMID41630303_PMC12863894\supplements\medi-105-e45715-s001.xlsx	Table S3	5	full_text_and_source_table_verified	Paper states these 39 rows passed FDR; row-level adjusted P is absent, so retained in Tier2 only.
PMID40037332	40037332	CTF1	CTF1	OID20061	Olink	AD	AD	Tier2	literature_source_universe_tier2	no_strong_colocalization_or_independent_replication	false	high	1.26349050415729e-05	partially_overlapping_cross_platform	data_processed\literature_supplements_extracted\PMID40037332\awaf018_supplementary_data\brain-2024-00441-File011.xlsx	Table S2	38	full_text_and_source_table_verified	FDR-significant AD row; colocalization joined by assay ID.
PMID40050982	40050982	CTF1	CTF1	Q16619	UKB-PPP Olink	AD	AD	Tier2	literature_source_universe_tier2	no_strong_colocalization_or_independent_replication	false	high	NA	replication_not_corrected_or_direction_inconsistent	data_raw\literature_fulltext\PMID40050982_PMC11884171\supplements\12967_2025_6317_MOESM1_ESM.xlsx	Table S2	48	full_text_and_source_table_verified	Replication P=0.0145040950173927; replication PP.H4=NA.
PMID40037332	40037332	DHRS4L2	DHRS4L2	OID31072	Olink	AD	AD	Tier2	literature_source_universe_tier2	no_strong_colocalization_or_independent_replication	false	high	0.791484651979612	partially_overlapping_cross_platform	data_processed\literature_supplements_extracted\PMID40037332\awaf018_supplementary_data\brain-2024-00441-File011.xlsx	Table S2	42	full_text_and_source_table_verified	FDR-significant AD row; colocalization joined by assay ID.
PMID40050982	40050982	DHRS4L2	DHRS4L2	Q6PKH6	UKB-PPP Olink	AD	AD	Tier2	literature_source_universe_tier2	no_strong_colocalization_or_independent_replication	false	high	NA	replication_not_corrected_or_direction_inconsistent	data_raw\literature_fulltext\PMID40050982_PMC11884171\supplements\12967_2025_6317_MOESM1_ESM.xlsx	Table S2	55	full_text_and_source_table_verified	Replication P=0.824422132189859; replication PP.H4=NA.
PMID41630303	41630303	DHRS9	DHRS9	17467_1_DHRS9_DHRS9	deCODE SomaScan	AD	AD	Tier2	literature_source_universe_tier2	not_cis_only;mapping_not_high_confidence;no_strong_colocalization_or_independent_replication	false	moderate	not_reported	not_reported	data_raw\literature_fulltext\PMID41630303_PMC12863894\supplements\medi-105-e45715-s001.xlsx	Table S3	14	full_text_and_source_table_verified	Paper states these 39 rows passed FDR; row-level adjusted P is absent, so retained in Tier2 only.
PMID40050982	40050982	DMP1	DMP1	Q13316	UKB-PPP Olink	AD	AD	Tier2	literature_source_universe_tier2	no_strong_colocalization_or_independent_replication	false	high	NA	replication_not_corrected_or_direction_inconsistent	data_raw\literature_fulltext\PMID40050982_PMC11884171\supplements\12967_2025_6317_MOESM1_ESM.xlsx	Table S2	58	full_text_and_source_table_verified	Replication P=0.413188899133149; replication PP.H4=NA.
PMID41630303	41630303	DNAJB4	DNAJB4	18884_22_DNAJB4_DNJB4	deCODE SomaScan	AD	AD	Tier2	literature_source_universe_tier2	not_cis_only;mapping_not_high_confidence;no_strong_colocalization_or_independent_replication	false	moderate	not_reported	not_reported	data_raw\literature_fulltext\PMID41630303_PMC12863894\supplements\medi-105-e45715-s001.xlsx	Table S3	28	full_text_and_source_table_verified	Paper states these 39 rows passed FDR; row-level adjusted P is absent, so retained in Tier2 only.
PMID41630303	41630303	DNASE1L2	DNASE1L2	6324_11_DNASE1L2_DNSL2	deCODE SomaScan	AD	AD	Tier2	literature_source_universe_tier2	not_cis_only;mapping_not_high_confidence;no_strong_colocalization_or_independent_replication	false	moderate	not_reported	not_reported	data_raw\literature_fulltext\PMID41630303_PMC12863894\supplements\medi-105-e45715-s001.xlsx	Table S3	37	full_text_and_source_table_verified	Paper states these 39 rows passed FDR; row-level adjusted P is absent, so retained in Tier2 only.
PMID40037332	40037332	EIF4G3	EIF4G3	OID31022	Olink	AD	AD	Tier2	literature_source_universe_tier2	no_strong_colocalization_or_independent_replication	false	high	0.713305845841298	partially_overlapping_cross_platform	data_processed\literature_supplements_extracted\PMID40037332\awaf018_supplementary_data\brain-2024-00441-File011.xlsx	Table S2	34	full_text_and_source_table_verified	FDR-significant AD row; colocalization joined by assay ID.
PMID40037332	40037332	EPHA1	EPHA1	OID20677	Olink	AD	AD	Tier2	literature_source_universe_tier2	no_strong_colocalization_or_independent_replication	false	high	0.0163689536092392	partially_overlapping_cross_platform	data_processed\literature_supplements_extracted\PMID40037332\awaf018_supplementary_data\brain-2024-00441-File011.xlsx	Table S2	14	full_text_and_source_table_verified	FDR-significant AD row; colocalization joined by assay ID.
PMID40037332	40037332	EPHX2	EPHX2	OID20119	Olink	AD	AD	Tier2	literature_source_universe_tier2	no_strong_colocalization_or_independent_replication	false	high	9.14206890804788e-24	partially_overlapping_cross_platform	data_processed\literature_supplements_extracted\PMID40037332\awaf018_supplementary_data\brain-2024-00441-File011.xlsx	Table S2	19	full_text_and_source_table_verified	FDR-significant AD row; colocalization joined by assay ID.
PMID40050982	40050982	EPHX2	EPHX2	P34913	UKB-PPP Olink	AD	AD	Tier2	literature_source_universe_tier2	no_strong_colocalization_or_independent_replication	false	high	NA	replication_not_corrected_or_direction_inconsistent	data_raw\literature_fulltext\PMID40050982_PMC11884171\supplements\12967_2025_6317_MOESM1_ESM.xlsx	Table S2	20	full_text_and_source_table_verified	Replication P=0.0237485637349583; replication PP.H4=NA.
PMID41630303	41630303	ERP44	ERP44	6064_4_ERP44_TXNDC4	deCODE SomaScan	AD	AD	Tier2	literature_source_universe_tier2	not_cis_only;mapping_not_high_confidence;no_strong_colocalization_or_independent_replication	false	moderate	not_reported	not_reported	data_raw\literature_fulltext\PMID41630303_PMC12863894\supplements\medi-105-e45715-s001.xlsx	Table S3	17	full_text_and_source_table_verified	Paper states these 39 rows passed FDR; row-level adjusted P is absent, so retained in Tier2 only.
PMID41630303	41630303	FTMT	FTMT	8048_9_FTMT_FTMT	deCODE SomaScan	AD	AD	Tier2	literature_source_universe_tier2	not_cis_only;mapping_not_high_confidence;no_strong_colocalization_or_independent_replication	false	moderate	not_reported	not_reported	data_raw\literature_fulltext\PMID41630303_PMC12863894\supplements\medi-105-e45715-s001.xlsx	Table S3	16	full_text_and_source_table_verified	Paper states these 39 rows passed FDR; row-level adjusted P is absent, so retained in Tier2 only.
PMID40037332	40037332	GC	GC	OID30780	Olink	AD	AD	Tier2	literature_source_universe_tier2	no_strong_colocalization_or_independent_replication	false	high	0.72688917924812	partially_overlapping_cross_platform	data_processed\literature_supplements_extracted\PMID40037332\awaf018_supplementary_data\brain-2024-00441-File011.xlsx	Table S2	41	full_text_and_source_table_verified	FDR-significant AD row; colocalization joined by assay ID.
PMID40037332	40037332	GNAS	GNAS	OID31008	Olink	AD	AD	Tier2	literature_source_universe_tier2	no_strong_colocalization_or_independent_replication	false	high	0.557258608535282	partially_overlapping_cross_platform	data_processed\literature_supplements_extracted\PMID40037332\awaf018_supplementary_data\brain-2024-00441-File011.xlsx	Table S2	47	full_text_and_source_table_verified	FDR-significant AD row; colocalization joined by assay ID.
PMID40050982	40050982	GNAS	GNAS	O95467	UKB-PPP Olink	AD	AD	Tier2	literature_source_universe_tier2	no_strong_colocalization_or_independent_replication	false	high	NA	replication_not_corrected_or_direction_inconsistent	data_raw\literature_fulltext\PMID40050982_PMC11884171\supplements\12967_2025_6317_MOESM1_ESM.xlsx	Table S2	56	full_text_and_source_table_verified	Replication P=0.0295500379100126; replication PP.H4=NA.
PMID40037332	40037332	GNPNAT1	GNPNAT1	13954_9	SomaScan	AD	AD	Tier2	literature_source_universe_tier2	no_strong_colocalization_or_independent_replication	false	high	0.00655187347670294	partially_overlapping_cross_platform	data_processed\literature_supplements_extracted\PMID40037332\awaf018_supplementary_data\brain-2024-00441-File011.xlsx	Table S2	1919	full_text_and_source_table_verified	FDR-significant AD row; colocalization joined by assay ID.
PMID41350740	41350740	TIMD3	HAVCR2	deCODE protein label requires cross-platform mapping	deCODE SomaScan	AD	AD	Tier2	literature_source_universe_tier2	mapping_not_high_confidence	false	moderate	0.874	independent_external_replication_reported	data_raw\literature_fulltext\PMID41350740_PMC12681122\supplements\13195_2025_1901_MOESM1_ESM.xlsx	Table S6	8	full_text_and_source_table_verified	Source-paper tier was not copied automatically; raw FDR, coloc and replication fields drive A1 tiering.
PMID40037332	40037332	HDGF	HDGF	8953_47	SomaScan	AD	AD	Tier2	literature_source_universe_tier2	no_strong_colocalization_or_independent_replication	false	high	0.529273028910268	partially_overlapping_cross_platform	data_processed\literature_supplements_extracted\PMID40037332\awaf018_supplementary_data\brain-2024-00441-File011.xlsx	Table S2	1927	full_text_and_source_table_verified	FDR-significant AD row; colocalization joined by assay ID.
PMID40037332	40037332	HDGF	HDGF	OID21455	Olink	AD	AD	Tier2	literature_source_universe_tier2	no_strong_colocalization_or_independent_replication	false	high	0.485867096120641	partially_overlapping_cross_platform	data_processed\literature_supplements_extracted\PMID40037332\awaf018_supplementary_data\brain-2024-00441-File011.xlsx	Table S2	44	full_text_and_source_table_verified	FDR-significant AD row; colocalization joined by assay ID.
PMID40037332	40037332	IBSP	IBSP	3415_61	SomaScan	AD	AD	Tier2	literature_source_universe_tier2	no_strong_colocalization_or_independent_replication	false	high	0.411376192700203	partially_overlapping_cross_platform	data_processed\literature_supplements_extracted\PMID40037332\awaf018_supplementary_data\brain-2024-00441-File011.xlsx	Table S2	1922	full_text_and_source_table_verified	FDR-significant AD row; colocalization joined by assay ID.
PMID40037332	40037332	IDUA	IDUA	OID21468	Olink	AD	AD	Tier2	literature_source_universe_tier2	no_strong_colocalization_or_independent_replication	false	high	0.268515330790228	partially_overlapping_cross_platform	data_processed\literature_supplements_extracted\PMID40037332\awaf018_supplementary_data\brain-2024-00441-File011.xlsx	Table S2	23	full_text_and_source_table_verified	FDR-significant AD row; colocalization joined by assay ID.
PMID41630303	41630303	IFNLR1	IFNLR1	7192_37_IFNLR1_CRF2_12	deCODE SomaScan	AD	AD	Tier2	literature_source_universe_tier2	not_cis_only;mapping_not_high_confidence;no_strong_colocalization_or_independent_replication	false	moderate	not_reported	not_reported	data_raw\literature_fulltext\PMID41630303_PMC12863894\supplements\medi-105-e45715-s001.xlsx	Table S3	18	full_text_and_source_table_verified	Paper states these 39 rows passed FDR; row-level adjusted P is absent, so retained in Tier2 only.
PMID41630303	41630303	ING4	ING4	17671_58_ING4_ING4	deCODE SomaScan	AD	AD	Tier2	literature_source_universe_tier2	not_cis_only;mapping_not_high_confidence;no_strong_colocalization_or_independent_replication	false	moderate	not_reported	not_reported	data_raw\literature_fulltext\PMID41630303_PMC12863894\supplements\medi-105-e45715-s001.xlsx	Table S3	3	full_text_and_source_table_verified	Paper states these 39 rows passed FDR; row-level adjusted P is absent, so retained in Tier2 only.
PMID41630303	41630303	KLK10	KLK10	6227_1_KLK10_kallikrein_10	deCODE SomaScan	AD	AD	Tier2	literature_source_universe_tier2	not_cis_only;mapping_not_high_confidence;no_strong_colocalization_or_independent_replication	false	moderate	not_reported	not_reported	data_raw\literature_fulltext\PMID41630303_PMC12863894\supplements\medi-105-e45715-s001.xlsx	Table S3	41	full_text_and_source_table_verified	Paper states these 39 rows passed FDR; row-level adjusted P is absent, so retained in Tier2 only.
PMID41630303	41630303	KPNA2	KPNA2	2860_19_KPNA2_Karyopherin_a2	deCODE SomaScan	AD	AD	Tier2	literature_source_universe_tier2	not_cis_only;mapping_not_high_confidence;no_strong_colocalization_or_independent_replication	false	moderate	not_reported	not_reported	data_raw\literature_fulltext\PMID41630303_PMC12863894\supplements\medi-105-e45715-s001.xlsx	Table S3	20	full_text_and_source_table_verified	Paper states these 39 rows passed FDR; row-level adjusted P is absent, so retained in Tier2 only.
PMID41630303	41630303	LEAP2	LEAP2	5708_1_LEAP2_LEAP2	deCODE SomaScan	AD	AD	Tier2	literature_source_universe_tier2	not_cis_only;mapping_not_high_confidence;no_strong_colocalization_or_independent_replication	false	moderate	not_reported	not_reported	data_raw\literature_fulltext\PMID41630303_PMC12863894\supplements\medi-105-e45715-s001.xlsx	Table S3	29	full_text_and_source_table_verified	Paper states these 39 rows passed FDR; row-level adjusted P is absent, so retained in Tier2 only.
PMID40037332	40037332	LGALS3	LGALS3	3066_12	SomaScan	AD	AD	Tier2	literature_source_universe_tier2	no_strong_colocalization_or_independent_replication	false	high	0.555894546260209	partially_overlapping_cross_platform	data_processed\literature_supplements_extracted\PMID40037332\awaf018_supplementary_data\brain-2024-00441-File011.xlsx	Table S2	1924	full_text_and_source_table_verified	FDR-significant AD row; colocalization joined by assay ID.
PMID41630303	41630303	LGMN	LGMN	3622_33_LGMN_LGMN	deCODE SomaScan	AD	AD	Tier2	literature_source_universe_tier2	not_cis_only;mapping_not_high_confidence;no_strong_colocalization_or_independent_replication	false	moderate	not_reported	not_reported	data_raw\literature_fulltext\PMID41630303_PMC12863894\supplements\medi-105-e45715-s001.xlsx	Table S3	36	full_text_and_source_table_verified	Paper states these 39 rows passed FDR; row-level adjusted P is absent, so retained in Tier2 only.
PMID40037332	40037332	LILRA4	LILRA4	8299_66	SomaScan	AD	AD	Tier2	literature_source_universe_tier2	no_strong_colocalization_or_independent_replication	false	high	0.00406663273972024	partially_overlapping_cross_platform	data_processed\literature_supplements_extracted\PMID40037332\awaf018_supplementary_data\brain-2024-00441-File011.xlsx	Table S2	1923	full_text_and_source_table_verified	FDR-significant AD row; colocalization joined by assay ID.
PMID41630303	41630303	LILRA5	LILRA5	7787_25_LILRA5_LIRA5	deCODE SomaScan	AD	AD	Tier2	literature_source_universe_tier2	not_cis_only;mapping_not_high_confidence;no_strong_colocalization_or_independent_replication	false	moderate	not_reported	not_reported	data_raw\literature_fulltext\PMID41630303_PMC12863894\supplements\medi-105-e45715-s001.xlsx	Table S3	12	full_text_and_source_table_verified	Paper states these 39 rows passed FDR; row-level adjusted P is absent, so retained in Tier2 only.
PMID40037332	40037332	LILRB1	LILRB1	5090_49	SomaScan	AD	AD	Tier2	literature_source_universe_tier2	no_strong_colocalization_or_independent_replication	false	high	0.081012354374712	partially_overlapping_cross_platform	data_processed\literature_supplements_extracted\PMID40037332\awaf018_supplementary_data\brain-2024-00441-File011.xlsx	Table S2	1911	full_text_and_source_table_verified	FDR-significant AD row; colocalization joined by assay ID.
PMID40037332	40037332	LILRB5	LILRB5	7015_8	SomaScan	AD	AD	Tier2	literature_source_universe_tier2	no_strong_colocalization_or_independent_replication	false	high	0.0147700375157872	partially_overlapping_cross_platform	data_processed\literature_supplements_extracted\PMID40037332\awaf018_supplementary_data\brain-2024-00441-File011.xlsx	Table S2	1915	full_text_and_source_table_verified	FDR-significant AD row; colocalization joined by assay ID.
PMID40037332	40037332	LILRB5	LILRB5	OID20324	Olink	AD	AD	Tier2	literature_source_universe_tier2	no_strong_colocalization_or_independent_replication	false	high	0.0109254046028256	partially_overlapping_cross_platform	data_processed\literature_supplements_extracted\PMID40037332\awaf018_supplementary_data\brain-2024-00441-File011.xlsx	Table S2	35	full_text_and_source_table_verified	FDR-significant AD row; colocalization joined by assay ID.
PMID41630303	41630303	LRP12	LRP12	15506_34_LRP12_LRP12	deCODE SomaScan	AD	AD	Tier2	literature_source_universe_tier2	not_cis_only;mapping_not_high_confidence;no_strong_colocalization_or_independent_replication	false	moderate	not_reported	not_reported	data_raw\literature_fulltext\PMID41630303_PMC12863894\supplements\medi-105-e45715-s001.xlsx	Table S3	23	full_text_and_source_table_verified	Paper states these 39 rows passed FDR; row-level adjusted P is absent, so retained in Tier2 only.
PMID40037332	40037332	LRRC37A2	LRRC37A2	OID31440	Olink	AD	AD	Tier2	literature_source_universe_tier2	no_strong_colocalization_or_independent_replication	false	high	0.0299383023711795	partially_overlapping_cross_platform	data_processed\literature_supplements_extracted\PMID40037332\awaf018_supplementary_data\brain-2024-00441-File011.xlsx	Table S2	20	full_text_and_source_table_verified	FDR-significant AD row; colocalization joined by assay ID.
PMID40050982	40050982	LRRC37A2	LRRC37A2	A6NM11	UKB-PPP Olink	AD	AD	Tier2	literature_source_universe_tier2	no_strong_colocalization_or_independent_replication	false	high	NA	replication_not_corrected_or_direction_inconsistent	data_raw\literature_fulltext\PMID40050982_PMC11884171\supplements\12967_2025_6317_MOESM1_ESM.xlsx	Table S2	23	full_text_and_source_table_verified	Replication P=0.814461531756257; replication PP.H4=NA.
PMID41630303	41630303	LRRTM4	LRRTM4	6572_10_LRRTM4_LRRT4	deCODE SomaScan	AD	AD	Tier2	literature_source_universe_tier2	not_cis_only;mapping_not_high_confidence;no_strong_colocalization_or_independent_replication	false	moderate	not_reported	not_reported	data_raw\literature_fulltext\PMID41630303_PMC12863894\supplements\medi-105-e45715-s001.xlsx	Table S3	6	full_text_and_source_table_verified	Paper states these 39 rows passed FDR; row-level adjusted P is absent, so retained in Tier2 only.
PMID41630303	41630303	MAGEA3	MAGEA3	12576_21_MAGEA3_MAGE_3	deCODE SomaScan	AD	AD	Tier2	literature_source_universe_tier2	not_cis_only;mapping_not_high_confidence;no_strong_colocalization_or_independent_replication	false	moderate	not_reported	not_reported	data_raw\literature_fulltext\PMID41630303_PMC12863894\supplements\medi-105-e45715-s001.xlsx	Table S3	11	full_text_and_source_table_verified	Paper states these 39 rows passed FDR; row-level adjusted P is absent, so retained in Tier2 only.
PMID41630303	41630303	MICB	MICB	5102_55_MICB_MICB	deCODE SomaScan	AD	AD	Tier2	literature_source_universe_tier2	not_cis_only;mapping_not_high_confidence;no_strong_colocalization_or_independent_replication	false	moderate	not_reported	not_reported	data_raw\literature_fulltext\PMID41630303_PMC12863894\supplements\medi-105-e45715-s001.xlsx	Table S3	31	full_text_and_source_table_verified	Paper states these 39 rows passed FDR; row-level adjusted P is absent, so retained in Tier2 only.
PMID40050982	40050982	MME	MME	P08473	UKB-PPP Olink	AD	AD	Tier2	literature_source_universe_tier2	no_strong_colocalization_or_independent_replication	false	high	NA	replication_not_corrected_or_direction_inconsistent	data_raw\literature_fulltext\PMID40050982_PMC11884171\supplements\12967_2025_6317_MOESM1_ESM.xlsx	Table S2	57	full_text_and_source_table_verified	Replication P=0.437543856654616; replication PP.H4=NA.
PMID40037332	40037332	NECTIN2	NECTIN2	OID20222	Olink	AD	AD	Tier2	literature_source_universe_tier2	no_strong_colocalization_or_independent_replication;high_complexity_locus_requires_downgrade	true	high	4.88834008446578e-107	partially_overlapping_cross_platform	data_processed\literature_supplements_extracted\PMID40037332\awaf018_supplementary_data\brain-2024-00441-File011.xlsx	Table S2	6	full_text_and_source_table_verified	FDR-significant AD row; colocalization joined by assay ID.
PMID40037332	40037332	NSF	NSF	13992_12	SomaScan	AD	AD	Tier2	literature_source_universe_tier2	no_strong_colocalization_or_independent_replication	false	high	0.0138807510177761	partially_overlapping_cross_platform	data_processed\literature_supplements_extracted\PMID40037332\awaf018_supplementary_data\brain-2024-00441-File011.xlsx	Table S2	1906	full_text_and_source_table_verified	FDR-significant AD row; colocalization joined by assay ID.
PMID41350740	41350740	OMGP	OMGP	deCODE protein label requires cross-platform mapping	deCODE SomaScan	AD	AD	Tier2	literature_source_universe_tier2	no_strong_colocalization_or_independent_replication	false	high	0.241	single_external_replication_reported	data_raw\literature_fulltext\PMID41350740_PMC12681122\supplements\13195_2025_1901_MOESM1_ESM.xlsx	Table S6	13	full_text_and_source_table_verified	Source-paper tier was not copied automatically; raw FDR, coloc and replication fields drive A1 tiering.
PMID40037332	40037332	PARP1	PARP1	8893_29	SomaScan	AD	AD	Tier2	literature_source_universe_tier2	no_strong_colocalization_or_independent_replication	false	high	0.409305139782722	partially_overlapping_cross_platform	data_processed\literature_supplements_extracted\PMID40037332\awaf018_supplementary_data\brain-2024-00441-File011.xlsx	Table S2	1926	full_text_and_source_table_verified	FDR-significant AD row; colocalization joined by assay ID.
PMID41630303	41630303	PCDHGA10	PCDHGA10	6321_65_PCDHGA10_PCDGA	deCODE SomaScan	AD	AD	Tier2	literature_source_universe_tier2	not_cis_only;mapping_not_high_confidence;no_strong_colocalization_or_independent_replication	false	moderate	not_reported	not_reported	data_raw\literature_fulltext\PMID41630303_PMC12863894\supplements\medi-105-e45715-s001.xlsx	Table S3	39	full_text_and_source_table_verified	Paper states these 39 rows passed FDR; row-level adjusted P is absent, so retained in Tier2 only.
PMID41630303	41630303	PEBP1	PEBP1	4276_10_PEBP1_prostatic_binding_protein	deCODE SomaScan	AD	AD	Tier2	literature_source_universe_tier2	not_cis_only;mapping_not_high_confidence;no_strong_colocalization_or_independent_replication	false	moderate	not_reported	not_reported	data_raw\literature_fulltext\PMID41630303_PMC12863894\supplements\medi-105-e45715-s001.xlsx	Table S3	15	full_text_and_source_table_verified	Paper states these 39 rows passed FDR; row-level adjusted P is absent, so retained in Tier2 only.
PMID41630303	41630303	PHGDH	PHGDH	15548_35_PHGDH_SERA	deCODE SomaScan	AD	AD	Tier2	literature_source_universe_tier2	not_cis_only;mapping_not_high_confidence;no_strong_colocalization_or_independent_replication	false	moderate	not_reported	not_reported	data_raw\literature_fulltext\PMID41630303_PMC12863894\supplements\medi-105-e45715-s001.xlsx	Table S3	9	full_text_and_source_table_verified	Paper states these 39 rows passed FDR; row-level adjusted P is absent, so retained in Tier2 only.
PMID41630303	41630303	PILRA	PILRA	10816_150_PILRA_PILRA_isoform_FDF03_M14	deCODE SomaScan	AD	AD	Tier2	literature_source_universe_tier2	not_cis_only;mapping_not_high_confidence;no_strong_colocalization_or_independent_replication	false	moderate	not_reported	not_reported	data_raw\literature_fulltext\PMID41630303_PMC12863894\supplements\medi-105-e45715-s001.xlsx	Table S3	21	full_text_and_source_table_verified	Paper states these 39 rows passed FDR; row-level adjusted P is absent, so retained in Tier2 only.
PMID40037332	40037332	PRSS53	PRSS53	OID31093	Olink	AD	AD	Tier2	literature_source_universe_tier2	no_strong_colocalization_or_independent_replication	false	high	0.00235010036976843	partially_overlapping_cross_platform	data_processed\literature_supplements_extracted\PMID40037332\awaf018_supplementary_data\brain-2024-00441-File011.xlsx	Table S2	27	full_text_and_source_table_verified	FDR-significant AD row; colocalization joined by assay ID.
PMID40050982	40050982	PRSS8	PRSS8	Q16651	UKB-PPP Olink	AD	AD	Tier2	literature_source_universe_tier2	no_strong_colocalization_or_independent_replication	false	high	NA	replication_not_corrected_or_direction_inconsistent	data_raw\literature_fulltext\PMID40050982_PMC11884171\supplements\12967_2025_6317_MOESM1_ESM.xlsx	Table S2	13	full_text_and_source_table_verified	Replication P=0.0176580605080629; replication PP.H4=NA.
PMID41630303	41630303	PSD2	PSD2	9118_7_PSD2_PSD2	deCODE SomaScan	AD	AD	Tier2	literature_source_universe_tier2	not_cis_only;mapping_not_high_confidence;no_strong_colocalization_or_independent_replication	false	moderate	not_reported	not_reported	data_raw\literature_fulltext\PMID41630303_PMC12863894\supplements\medi-105-e45715-s001.xlsx	Table S3	10	full_text_and_source_table_verified	Paper states these 39 rows passed FDR; row-level adjusted P is absent, so retained in Tier2 only.
PMID41630303	41630303	PSME1	PSME1	5918_5_PSME1_PSME1	deCODE SomaScan	AD	AD	Tier2	literature_source_universe_tier2	not_cis_only;mapping_not_high_confidence;no_strong_colocalization_or_independent_replication	false	moderate	not_reported	not_reported	data_raw\literature_fulltext\PMID41630303_PMC12863894\supplements\medi-105-e45715-s001.xlsx	Table S3	7	full_text_and_source_table_verified	Paper states these 39 rows passed FDR; row-level adjusted P is absent, so retained in Tier2 only.
PMID40037332	40037332	PVR	PVR	OID21011	Olink	AD	AD	Tier2	literature_source_universe_tier2	no_strong_colocalization_or_independent_replication	false	high	1.30167543269089e-98	partially_overlapping_cross_platform	data_processed\literature_supplements_extracted\PMID40037332\awaf018_supplementary_data\brain-2024-00441-File011.xlsx	Table S2	15	full_text_and_source_table_verified	FDR-significant AD row; colocalization joined by assay ID.
PMID41630303	41630303	RARRES2	RARRES2	3079_62_RARRES2_TIG2	deCODE SomaScan	AD	AD	Tier2	literature_source_universe_tier2	not_cis_only;mapping_not_high_confidence;no_strong_colocalization_or_independent_replication	false	moderate	not_reported	not_reported	data_raw\literature_fulltext\PMID41630303_PMC12863894\supplements\medi-105-e45715-s001.xlsx	Table S3	33	full_text_and_source_table_verified	Paper states these 39 rows passed FDR; row-level adjusted P is absent, so retained in Tier2 only.
PMID41630303	41630303	RNASET2	RNASET2	16913_8_RNASET2_RNT2	deCODE SomaScan	AD	AD	Tier2	literature_source_universe_tier2	not_cis_only;mapping_not_high_confidence;no_strong_colocalization_or_independent_replication	false	moderate	not_reported	not_reported	data_raw\literature_fulltext\PMID41630303_PMC12863894\supplements\medi-105-e45715-s001.xlsx	Table S3	25	full_text_and_source_table_verified	Paper states these 39 rows passed FDR; row-level adjusted P is absent, so retained in Tier2 only.
PMID41630303	41630303	S100A13	S100A13	7223_60_S100A13_S100A13	deCODE SomaScan	AD	AD	Tier2	literature_source_universe_tier2	not_cis_only;mapping_not_high_confidence;no_strong_colocalization_or_independent_replication	false	moderate	not_reported	not_reported	data_raw\literature_fulltext\PMID41630303_PMC12863894\supplements\medi-105-e45715-s001.xlsx	Table S3	8	full_text_and_source_table_verified	Paper states these 39 rows passed FDR; row-level adjusted P is absent, so retained in Tier2 only.
PMID40050982	40050982	SERPINB1	SERPINB1	P30740	UKB-PPP Olink	AD	AD	Tier2	literature_source_universe_tier2	no_strong_colocalization_or_independent_replication	false	high	NA	replication_not_corrected_or_direction_inconsistent	data_raw\literature_fulltext\PMID40050982_PMC11884171\supplements\12967_2025_6317_MOESM1_ESM.xlsx	Table S2	53	full_text_and_source_table_verified	Replication P=0.319770401932615; replication PP.H4=NA.
PMID40037332	40037332	SERPINF2	SERPINF2	3024_18	SomaScan	AD	AD	Tier2	literature_source_universe_tier2	no_strong_colocalization_or_independent_replication	false	high	0.375983464422326	partially_overlapping_cross_platform	data_processed\literature_supplements_extracted\PMID40037332\awaf018_supplementary_data\brain-2024-00441-File011.xlsx	Table S2	1921	full_text_and_source_table_verified	FDR-significant AD row; colocalization joined by assay ID.
PMID40037332	40037332	SERPINF2	SERPINF2	OID30779	Olink	AD	AD	Tier2	literature_source_universe_tier2	no_strong_colocalization_or_independent_replication	false	high	0.39467964625247	partially_overlapping_cross_platform	data_processed\literature_supplements_extracted\PMID40037332\awaf018_supplementary_data\brain-2024-00441-File011.xlsx	Table S2	37	full_text_and_source_table_verified	FDR-significant AD row; colocalization joined by assay ID.
PMID40037332	40037332	SEZ6L2	SEZ6L2	OID21289	Olink	AD	AD	Tier2	literature_source_universe_tier2	no_strong_colocalization_or_independent_replication	false	high	0.000162999035252921	partially_overlapping_cross_platform	data_processed\literature_supplements_extracted\PMID40037332\awaf018_supplementary_data\brain-2024-00441-File011.xlsx	Table S2	29	full_text_and_source_table_verified	FDR-significant AD row; colocalization joined by assay ID.
PMID41630303	41630303	SLC35G2	SLC35G2	13501_10_SLC35G2_S35G2	deCODE SomaScan	AD	AD	Tier2	literature_source_universe_tier2	not_cis_only;mapping_not_high_confidence;no_strong_colocalization_or_independent_replication	false	moderate	not_reported	not_reported	data_raw\literature_fulltext\PMID41630303_PMC12863894\supplements\medi-105-e45715-s001.xlsx	Table S3	34	full_text_and_source_table_verified	Paper states these 39 rows passed FDR; row-level adjusted P is absent, so retained in Tier2 only.
PMID41630303	41630303	SMAP1	SMAP1	11649_3_SMAP1_SMAP1	deCODE SomaScan	AD	AD	Tier2	literature_source_universe_tier2	not_cis_only;mapping_not_high_confidence;no_strong_colocalization_or_independent_replication	false	moderate	not_reported	not_reported	data_raw\literature_fulltext\PMID41630303_PMC12863894\supplements\medi-105-e45715-s001.xlsx	Table S3	26	full_text_and_source_table_verified	Paper states these 39 rows passed FDR; row-level adjusted P is absent, so retained in Tier2 only.
PMID40037332	40037332	ST13	ST13	18387_7	SomaScan	AD	AD	Tier2	literature_source_universe_tier2	no_strong_colocalization_or_independent_replication	false	high	0.635174807517823	partially_overlapping_cross_platform	data_processed\literature_supplements_extracted\PMID40037332\awaf018_supplementary_data\brain-2024-00441-File011.xlsx	Table S2	1918	full_text_and_source_table_verified	FDR-significant AD row; colocalization joined by assay ID.
PMID40037332	40037332	ST13	ST13	OID30624	Olink	AD	AD	Tier2	literature_source_universe_tier2	no_strong_colocalization_or_independent_replication	false	high	0.699576525375798	partially_overlapping_cross_platform	data_processed\literature_supplements_extracted\PMID40037332\awaf018_supplementary_data\brain-2024-00441-File011.xlsx	Table S2	39	full_text_and_source_table_verified	FDR-significant AD row; colocalization joined by assay ID.
PMID40050982	40050982	ST13	ST13	P50502	UKB-PPP Olink	AD	AD	Tier2	literature_source_universe_tier2	no_strong_colocalization_or_independent_replication	false	high	NA	replication_not_corrected_or_direction_inconsistent	data_raw\literature_fulltext\PMID40050982_PMC11884171\supplements\12967_2025_6317_MOESM1_ESM.xlsx	Table S2	51	full_text_and_source_table_verified	Replication P=0.0651163567668022; replication PP.H4=NA.
PMID40037332	40037332	SULT1A3	SULT1A3	13944_3	SomaScan	AD	AD	Tier2	literature_source_universe_tier2	no_strong_colocalization_or_independent_replication	false	high	4.7832037808039e-06	partially_overlapping_cross_platform	data_processed\literature_supplements_extracted\PMID40037332\awaf018_supplementary_data\brain-2024-00441-File011.xlsx	Table S2	1925	full_text_and_source_table_verified	FDR-significant AD row; colocalization joined by assay ID.
PMID41630303	41630303	TGM1	TGM1	11242_33_TGM1_TGM1	deCODE SomaScan	AD	AD	Tier2	literature_source_universe_tier2	not_cis_only;mapping_not_high_confidence;no_strong_colocalization_or_independent_replication	false	moderate	not_reported	not_reported	data_raw\literature_fulltext\PMID41630303_PMC12863894\supplements\medi-105-e45715-s001.xlsx	Table S3	19	full_text_and_source_table_verified	Paper states these 39 rows passed FDR; row-level adjusted P is absent, so retained in Tier2 only.
PMID41630303	41630303	TNFAIP3	TNFAIP3	14009_65_TNFAIP3_TNFAIP3	deCODE SomaScan	AD	AD	Tier2	literature_source_universe_tier2	not_cis_only;mapping_not_high_confidence;no_strong_colocalization_or_independent_replication	false	moderate	not_reported	not_reported	data_raw\literature_fulltext\PMID41630303_PMC12863894\supplements\medi-105-e45715-s001.xlsx	Table S3	30	full_text_and_source_table_verified	Paper states these 39 rows passed FDR; row-level adjusted P is absent, so retained in Tier2 only.
PMID40037332	40037332	TREM2	TREM2	16300_4	SomaScan	AD	AD	Tier2	literature_source_universe_tier2	no_strong_colocalization_or_independent_replication	false	high	0.000791235470013011	partially_overlapping_cross_platform	data_processed\literature_supplements_extracted\PMID40037332\awaf018_supplementary_data\brain-2024-00441-File011.xlsx	Table S2	1898	full_text_and_source_table_verified	FDR-significant AD row; colocalization joined by assay ID.
PMID40037332	40037332	TREM2	TREM2	OID20731	Olink	AD	AD	Tier2	literature_source_universe_tier2	no_strong_colocalization_or_independent_replication	false	high	0.000661522789338919	partially_overlapping_cross_platform	data_processed\literature_supplements_extracted\PMID40037332\awaf018_supplementary_data\brain-2024-00441-File011.xlsx	Table S2	9	full_text_and_source_table_verified	FDR-significant AD row; colocalization joined by assay ID.
PMID40037332	40037332	TREML2	TREML2	OID21120	Olink	AD	AD	Tier2	literature_source_universe_tier2	no_strong_colocalization_or_independent_replication	false	high	4.05685491840819e-16	partially_overlapping_cross_platform	data_processed\literature_supplements_extracted\PMID40037332\awaf018_supplementary_data\brain-2024-00441-File011.xlsx	Table S2	22	full_text_and_source_table_verified	FDR-significant AD row; colocalization joined by assay ID.
PMID40050982	40050982	TXNDC15	TXNDC15	Q96J42	UKB-PPP Olink	AD	AD	Tier2	literature_source_universe_tier2	no_strong_colocalization_or_independent_replication	false	high	NA	replication_not_corrected_or_direction_inconsistent	data_raw\literature_fulltext\PMID40050982_PMC11884171\supplements\12967_2025_6317_MOESM1_ESM.xlsx	Table S2	59	full_text_and_source_table_verified	Replication P=0.677393023498609; replication PP.H4=NA.
PMID40037332	40037332	UBASH3B	UBASH3B	12558_3	SomaScan	AD	AD	Tier2	literature_source_universe_tier2	no_strong_colocalization_or_independent_replication	false	high	0.440379439673513	partially_overlapping_cross_platform	data_processed\literature_supplements_extracted\PMID40037332\awaf018_supplementary_data\brain-2024-00441-File011.xlsx	Table S2	1916	full_text_and_source_table_verified	FDR-significant AD row; colocalization joined by assay ID.
PMID41630303	41630303	ULK3	ULK3	12437_18_ULK3_ULK3	deCODE SomaScan	AD	AD	Tier2	literature_source_universe_tier2	not_cis_only;mapping_not_high_confidence;no_strong_colocalization_or_independent_replication	false	moderate	not_reported	not_reported	data_raw\literature_fulltext\PMID41630303_PMC12863894\supplements\medi-105-e45715-s001.xlsx	Table S3	27	full_text_and_source_table_verified	Paper states these 39 rows passed FDR; row-level adjusted P is absent, so retained in Tier2 only.
PMID41630303	41630303	UPP1	UPP1	19448_104_UPP1_UPP1	deCODE SomaScan	AD	AD	Tier2	literature_source_universe_tier2	not_cis_only;mapping_not_high_confidence;no_strong_colocalization_or_independent_replication	false	moderate	not_reported	not_reported	data_raw\literature_fulltext\PMID41630303_PMC12863894\supplements\medi-105-e45715-s001.xlsx	Table S3	35	full_text_and_source_table_verified	Paper states these 39 rows passed FDR; row-level adjusted P is absent, so retained in Tier2 only.
PMID38903171	38903171	ABO	ABO	ENSG00000175164	UKB-PPP_Olink	AMD	any_AMD	Tier2	literature_source_universe_tier2	no_strong_colocalization_or_independent_replication	false	high	0.106891192322444	partially_overlapping_cross_platform	data_raw\literature_fulltext\PMID38903171_PMC11187347\supplements\Table_1.XLSX	Supplementary Table 6	861	full_text_and_source_table_verified	Only FDR<0.05 and HEIDI>0.01 rows retained; colocalization joined by reported gene label.
PMID40327005	40327005	ABO	ABO	gene-level label only	UKB-PPP Olink	AMD	any_AMD	Tier2	literature_source_universe_tier2	mapping_not_high_confidence;no_strong_colocalization_or_independent_replication	false	moderate	not_reported	partially_overlapping_cross_platform	data_raw\literature_fulltext\PMID40327005_PMC12063708\supplements\tvst-14-5-8_s003.xlsx	Supplementary table 2	762	full_text_and_source_table_verified	Corrected SMR row; no colocalization table was reported.
PMID38903171	38903171	ACADSB	ACADSB	ENSG00000196177	deCODE	AMD	any_AMD	Tier2	literature_source_universe_tier2	no_strong_colocalization_or_independent_replication	false	high	3.12e-32	partially_overlapping_cross_platform	data_raw\literature_fulltext\PMID38903171_PMC11187347\supplements\Table_1.XLSX	Supplementary Table 2	973	full_text_and_source_table_verified	Only FDR<0.05 and HEIDI>0.01 rows retained; colocalization joined by reported gene label.
PMID40327005	40327005	AGER	AGER	gene-level label only	UKB-PPP Olink	AMD	any_AMD	Tier2	literature_source_universe_tier2	mapping_not_high_confidence;no_strong_colocalization_or_independent_replication	false	moderate	not_reported	partially_overlapping_cross_platform	data_raw\literature_fulltext\PMID40327005_PMC12063708\supplements\tvst-14-5-8_s003.xlsx	Supplementary table 2	84	full_text_and_source_table_verified	Corrected SMR row; no colocalization table was reported.
PMID39408566	39408566	C3	C3	SeqId_2683_1	deCODE SomaScan	AMD	any_AMD	Tier2	literature_source_universe_tier2	not_cis_only;no_strong_colocalization_or_independent_replication	false	high	NA	not_reported	data_processed\literature_supplements_extracted\PMID39408566\ijms-25-10236-s001\ijms-3215465-supplementary.xlsx	S4_plasma_MR-IVW	13	full_text_and_source_table_verified	AMD plasma MR row passing study FDR; colocalization joined by SeqId assay target.
PMID39408566	39408566	C3	C3	SeqId_2754_50	deCODE SomaScan	AMD	any_AMD	Tier2	literature_source_universe_tier2	not_cis_only;no_strong_colocalization_or_independent_replication	false	high	NA	not_reported	data_processed\literature_supplements_extracted\PMID39408566\ijms-25-10236-s001\ijms-3215465-supplementary.xlsx	S4_plasma_MR-IVW	14	full_text_and_source_table_verified	AMD plasma MR row passing study FDR; colocalization joined by SeqId assay target.
PMID39408566	39408566	C3	C3	SeqId_5803_24	deCODE SomaScan	AMD	any_AMD	Tier2	literature_source_universe_tier2	not_cis_only	false	high	0.99976255058245	not_reported	data_processed\literature_supplements_extracted\PMID39408566\ijms-25-10236-s001\ijms-3215465-supplementary.xlsx	S4_plasma_MR-IVW	17	full_text_and_source_table_verified	AMD plasma MR row passing study FDR; colocalization joined by SeqId assay target.
PMID40327005	40327005	C3	C3	gene-level label only	deCODE	AMD	any_AMD	Tier2	literature_source_universe_tier2	mapping_not_high_confidence;no_strong_colocalization_or_independent_replication	false	moderate	not_reported	partially_overlapping_cross_platform	data_raw\literature_fulltext\PMID40327005_PMC12063708\supplements\tvst-14-5-8_s003.xlsx	Supplementary table 1	114	full_text_and_source_table_verified	Corrected SMR row; no colocalization table was reported.
PMID40327005	40327005	C3	C3	gene-level label only	deCODE	AMD	any_AMD	Tier2	literature_source_universe_tier2	mapping_not_high_confidence;no_strong_colocalization_or_independent_replication	false	moderate	not_reported	partially_overlapping_cross_platform	data_raw\literature_fulltext\PMID40327005_PMC12063708\supplements\tvst-14-5-8_s003.xlsx	Supplementary table 1	120	full_text_and_source_table_verified	Corrected SMR row; no colocalization table was reported.
PMID40327005	40327005	C3	C3	gene-level label only	deCODE	AMD	any_AMD	Tier2	literature_source_universe_tier2	mapping_not_high_confidence;no_strong_colocalization_or_independent_replication	false	moderate	not_reported	partially_overlapping_cross_platform	data_raw\literature_fulltext\PMID40327005_PMC12063708\supplements\tvst-14-5-8_s003.xlsx	Supplementary table 1	162	full_text_and_source_table_verified	Corrected SMR row; no colocalization table was reported.
PMID39408566	39408566	C5	C5	SeqId_2851_63	deCODE SomaScan	AMD	any_AMD	Tier2	literature_source_universe_tier2	not_cis_only;no_strong_colocalization_or_independent_replication	false	high	NA	not_reported	data_processed\literature_supplements_extracted\PMID39408566\ijms-25-10236-s001\ijms-3215465-supplementary.xlsx	S4_plasma_MR-IVW	15	full_text_and_source_table_verified	AMD plasma MR row passing study FDR; colocalization joined by SeqId assay target.
PMID38903171	38903171	CFD	CFD	ENSG00000197766	UKB-PPP_Olink	AMD	any_AMD	Tier2	literature_source_universe_tier2	no_strong_colocalization_or_independent_replication	false	high	0.643430507586725	partially_overlapping_cross_platform	data_raw\literature_fulltext\PMID38903171_PMC11187347\supplements\Table_1.XLSX	Supplementary Table 6	1041	full_text_and_source_table_verified	Only FDR<0.05 and HEIDI>0.01 rows retained; colocalization joined by reported gene label.
PMID38903171	38903171	COL10A1	COL10A1	ENSG00000123500	deCODE	AMD	any_AMD	Tier2	literature_source_universe_tier2	no_strong_colocalization_or_independent_replication	false	high	0.6736132	partially_overlapping_cross_platform	data_raw\literature_fulltext\PMID38903171_PMC11187347\supplements\Table_1.XLSX	Supplementary Table 2	670	full_text_and_source_table_verified	Only FDR<0.05 and HEIDI>0.01 rows retained; colocalization joined by reported gene label.
PMID40327005	40327005	COL10A1	COL10A1	gene-level label only	deCODE	AMD	any_AMD	Tier2	literature_source_universe_tier2	mapping_not_high_confidence;no_strong_colocalization_or_independent_replication	false	moderate	not_reported	partially_overlapping_cross_platform	data_raw\literature_fulltext\PMID40327005_PMC12063708\supplements\tvst-14-5-8_s003.xlsx	Supplementary table 1	395	full_text_and_source_table_verified	Corrected SMR row; no colocalization table was reported.
PMID40327005	40327005	CSK	CSK	gene-level label only	deCODE	AMD	any_AMD	Tier2	literature_source_universe_tier2	mapping_not_high_confidence;no_strong_colocalization_or_independent_replication	false	moderate	not_reported	partially_overlapping_cross_platform	data_raw\literature_fulltext\PMID40327005_PMC12063708\supplements\tvst-14-5-8_s003.xlsx	Supplementary table 1	217	full_text_and_source_table_verified	Corrected SMR row; no colocalization table was reported.
PMID40327005	40327005	DPEP2	DPEP2	gene-level label only	UKB-PPP Olink	AMD	any_AMD	Tier2	literature_source_universe_tier2	mapping_not_high_confidence;no_strong_colocalization_or_independent_replication	false	moderate	not_reported	partially_overlapping_cross_platform	data_raw\literature_fulltext\PMID40327005_PMC12063708\supplements\tvst-14-5-8_s003.xlsx	Supplementary table 2	666	full_text_and_source_table_verified	Corrected SMR row; no colocalization table was reported.
PMID39408566	39408566	IGFBP7	IGFBP7	SeqId_3320_49	deCODE SomaScan	AMD	any_AMD	Tier2	literature_source_universe_tier2	not_cis_only;no_strong_colocalization_or_independent_replication	false	high	0.753678594553602	not_reported	data_processed\literature_supplements_extracted\PMID39408566\ijms-25-10236-s001\ijms-3215465-supplementary.xlsx	S4_plasma_MR-IVW	16	full_text_and_source_table_verified	AMD plasma MR row passing study FDR; colocalization joined by SeqId assay target.
PMID40327005	40327005	IL20RB	IL20RB	gene-level label only	UKB-PPP Olink	AMD	any_AMD	Tier2	literature_source_universe_tier2	mapping_not_high_confidence;no_strong_colocalization_or_independent_replication	false	moderate	not_reported	partially_overlapping_cross_platform	data_raw\literature_fulltext\PMID40327005_PMC12063708\supplements\tvst-14-5-8_s003.xlsx	Supplementary table 2	468	full_text_and_source_table_verified	Corrected SMR row; no colocalization table was reported.
PMID40327005	40327005	LBP	LBP	gene-level label only	deCODE	AMD	any_AMD	Tier2	literature_source_universe_tier2	mapping_not_high_confidence;no_strong_colocalization_or_independent_replication	false	moderate	not_reported	partially_overlapping_cross_platform	data_raw\literature_fulltext\PMID40327005_PMC12063708\supplements\tvst-14-5-8_s003.xlsx	Supplementary table 1	1392	full_text_and_source_table_verified	Corrected SMR row; no colocalization table was reported.
PMID38903171	38903171	LTA	LTA	ENSG00000226979	deCODE	AMD	any_AMD	Tier2	literature_source_universe_tier2	no_strong_colocalization_or_independent_replication	false	high	0.070775885	partially_overlapping_cross_platform	data_raw\literature_fulltext\PMID38903171_PMC11187347\supplements\Table_1.XLSX	Supplementary Table 2	615	full_text_and_source_table_verified	Only FDR<0.05 and HEIDI>0.01 rows retained; colocalization joined by reported gene label.
PMID40327005	40327005	LTA	LTA	gene-level label only	deCODE	AMD	any_AMD	Tier2	literature_source_universe_tier2	mapping_not_high_confidence;no_strong_colocalization_or_independent_replication	false	moderate	not_reported	partially_overlapping_cross_platform	data_raw\literature_fulltext\PMID40327005_PMC12063708\supplements\tvst-14-5-8_s003.xlsx	Supplementary table 1	205	full_text_and_source_table_verified	Corrected SMR row; no colocalization table was reported.
PMID40327005	40327005	MPIG6B	MPIG6B	gene-level label only	deCODE	AMD	any_AMD	Tier2	literature_source_universe_tier2	mapping_not_high_confidence;no_strong_colocalization_or_independent_replication	false	moderate	not_reported	partially_overlapping_cross_platform	data_raw\literature_fulltext\PMID40327005_PMC12063708\supplements\tvst-14-5-8_s003.xlsx	Supplementary table 1	141	full_text_and_source_table_verified	Corrected SMR row; no colocalization table was reported.
PMID39408566	39408566	NEK7	NEK7	SeqId_12703_6	deCODE SomaScan	AMD	any_AMD	Tier2	literature_source_universe_tier2	not_cis_only;no_strong_colocalization_or_independent_replication	false	high	NA	not_reported	data_processed\literature_supplements_extracted\PMID39408566\ijms-25-10236-s001\ijms-3215465-supplementary.xlsx	S4_plasma_MR-IVW	12	full_text_and_source_table_verified	AMD plasma MR row passing study FDR; colocalization joined by SeqId assay target.
PMID38903171	38903171	PAXX	PAXX	ENSG00000148362	UKB-PPP_Olink	AMD	any_AMD	Tier2	literature_source_universe_tier2	no_strong_colocalization_or_independent_replication	false	high	0.0123068601230782	partially_overlapping_cross_platform	data_raw\literature_fulltext\PMID38903171_PMC11187347\supplements\Table_1.XLSX	Supplementary Table 6	866	full_text_and_source_table_verified	Only FDR<0.05 and HEIDI>0.01 rows retained; colocalization joined by reported gene label.
PMID38903171	38903171	PILRA	PILRA	ENSG00000085514	deCODE	AMD	any_AMD	Tier2	literature_source_universe_tier2	no_strong_colocalization_or_independent_replication	false	high	0.013100611	partially_overlapping_cross_platform	data_raw\literature_fulltext\PMID38903171_PMC11187347\supplements\Table_1.XLSX	Supplementary Table 2	740	full_text_and_source_table_verified	Only FDR<0.05 and HEIDI>0.01 rows retained; colocalization joined by reported gene label.
PMID38903171	38903171	PILRA	PILRA	ENSG00000085514	UKB-PPP_Olink	AMD	any_AMD	Tier2	literature_source_universe_tier2	no_strong_colocalization_or_independent_replication	false	high	0.57454957086202	partially_overlapping_cross_platform	data_raw\literature_fulltext\PMID38903171_PMC11187347\supplements\Table_1.XLSX	Supplementary Table 6	1287	full_text_and_source_table_verified	Only FDR<0.05 and HEIDI>0.01 rows retained; colocalization joined by reported gene label.
PMID39408566	39408566	PILRA	PILRA	SeqId_10816_150	deCODE SomaScan	AMD	any_AMD	Tier2	literature_source_universe_tier2	not_cis_only	false	high	0.866016929948079	not_reported	data_processed\literature_supplements_extracted\PMID39408566\ijms-25-10236-s001\ijms-3215465-supplementary.xlsx	S4_plasma_MR-IVW	11	full_text_and_source_table_verified	AMD plasma MR row passing study FDR; colocalization joined by SeqId assay target.
PMID39408566	39408566	PILRA	PILRA	SeqId_6402_8	deCODE SomaScan	AMD	any_AMD	Tier2	literature_source_universe_tier2	not_cis_only;no_strong_colocalization_or_independent_replication	false	high	NA	not_reported	data_processed\literature_supplements_extracted\PMID39408566\ijms-25-10236-s001\ijms-3215465-supplementary.xlsx	S4_plasma_MR-IVW	18	full_text_and_source_table_verified	AMD plasma MR row passing study FDR; colocalization joined by SeqId assay target.
PMID40327005	40327005	PTPN9	PTPN9	gene-level label only	deCODE	AMD	any_AMD	Tier2	literature_source_universe_tier2	mapping_not_high_confidence;no_strong_colocalization_or_independent_replication	false	moderate	not_reported	partially_overlapping_cross_platform	data_raw\literature_fulltext\PMID40327005_PMC12063708\supplements\tvst-14-5-8_s003.xlsx	Supplementary table 1	884	full_text_and_source_table_verified	Corrected SMR row; no colocalization table was reported.
PMID40327005	40327005	RPS10	RPS10	gene-level label only	deCODE	AMD	any_AMD	Tier2	literature_source_universe_tier2	mapping_not_high_confidence;no_strong_colocalization_or_independent_replication	false	moderate	not_reported	partially_overlapping_cross_platform	data_raw\literature_fulltext\PMID40327005_PMC12063708\supplements\tvst-14-5-8_s003.xlsx	Supplementary table 1	534	full_text_and_source_table_verified	Corrected SMR row; no colocalization table was reported.
PMID38903171	38903171	SFTA2	SFTA2	ENSG00000196260	deCODE	AMD	any_AMD	Tier2	literature_source_universe_tier2	no_strong_colocalization_or_independent_replication	false	high	1.59e-10	partially_overlapping_cross_platform	data_raw\literature_fulltext\PMID38903171_PMC11187347\supplements\Table_1.XLSX	Supplementary Table 2	612	full_text_and_source_table_verified	Only FDR<0.05 and HEIDI>0.01 rows retained; colocalization joined by reported gene label.
PMID40327005	40327005	TGFB1	TGFB1	gene-level label only	UKB-PPP Olink	AMD	any_AMD	Tier2	literature_source_universe_tier2	mapping_not_high_confidence;no_strong_colocalization_or_independent_replication	false	moderate	not_reported	partially_overlapping_cross_platform	data_raw\literature_fulltext\PMID40327005_PMC12063708\supplements\tvst-14-5-8_s003.xlsx	Supplementary table 2	1551	full_text_and_source_table_verified	Corrected SMR row; no colocalization table was reported.
PMID38903171	38903171	TNFSF14	TNFSF14	ENSG00000125735	UKB-PPP_Olink	AMD	any_AMD	Tier2	literature_source_universe_tier2	no_strong_colocalization_or_independent_replication	false	high	5.82182155899548e-28	partially_overlapping_cross_platform	data_raw\literature_fulltext\PMID38903171_PMC11187347\supplements\Table_1.XLSX	Supplementary Table 6	1496	full_text_and_source_table_verified	Only FDR<0.05 and HEIDI>0.01 rows retained; colocalization joined by reported gene label.
PMID40327005	40327005	TNFSF14	TNFSF14	gene-level label only	UKB-PPP Olink	AMD	any_AMD	Tier2	literature_source_universe_tier2	mapping_not_high_confidence;no_strong_colocalization_or_independent_replication	false	moderate	not_reported	partially_overlapping_cross_platform	data_raw\literature_fulltext\PMID40327005_PMC12063708\supplements\tvst-14-5-8_s003.xlsx	Supplementary table 2	82	full_text_and_source_table_verified	Corrected SMR row; no colocalization table was reported.
PMID39408566	39408566	TPST1	TPST1	SeqId_7928_183	deCODE SomaScan	AMD	any_AMD	Tier2	literature_source_universe_tier2	not_cis_only;no_strong_colocalization_or_independent_replication	false	high	NA	not_reported	data_processed\literature_supplements_extracted\PMID39408566\ijms-25-10236-s001\ijms-3215465-supplementary.xlsx	S4_plasma_MR-IVW	19	full_text_and_source_table_verified	AMD plasma MR row passing study FDR; colocalization joined by SeqId assay target.
PMID40327005	40327005	VTCN1	VTCN1	gene-level label only	UKB-PPP Olink	AMD	any_AMD	Tier2	literature_source_universe_tier2	mapping_not_high_confidence;no_strong_colocalization_or_independent_replication	false	moderate	not_reported	partially_overlapping_cross_platform	data_raw\literature_fulltext\PMID40327005_PMC12063708\supplements\tvst-14-5-8_s003.xlsx	Supplementary table 2	311	full_text_and_source_table_verified	Corrected SMR row; no colocalization table was reported.
PMID38903171	38903171	WARS1	WARS1	ENSG00000140105	deCODE	AMD	any_AMD	Tier2	literature_source_universe_tier2	no_strong_colocalization_or_independent_replication	false	high	NA	partially_overlapping_cross_platform	data_raw\literature_fulltext\PMID38903171_PMC11187347\supplements\Table_1.XLSX	Supplementary Table 2	1245	full_text_and_source_table_verified	Only FDR<0.05 and HEIDI>0.01 rows retained; colocalization joined by reported gene label.
PMID38903171	38903171	WARS1	WARS1	ENSG00000140105	UKB-PPP_Olink	AMD	any_AMD	Tier2	literature_source_universe_tier2	no_strong_colocalization_or_independent_replication	false	high	NA	partially_overlapping_cross_platform	data_raw\literature_fulltext\PMID38903171_PMC11187347\supplements\Table_1.XLSX	Supplementary Table 6	1428	full_text_and_source_table_verified	Only FDR<0.05 and HEIDI>0.01 rows retained; colocalization joined by reported gene label.
PMID39408566	39408566	WARS1	WARS1	SeqId_9870_17	deCODE SomaScan	AMD	any_AMD	Tier2	literature_source_universe_tier2	not_cis_only	false	high	0.936095639892469	not_reported	data_processed\literature_supplements_extracted\PMID39408566\ijms-25-10236-s001\ijms-3215465-supplementary.xlsx	S4_plasma_MR-IVW	20	full_text_and_source_table_verified	AMD plasma MR row passing study FDR; colocalization joined by SeqId assay target.
PMID40327005	40327005	WARS1	WARS1	gene-level label only	deCODE	AMD	any_AMD	Tier2	literature_source_universe_tier2	mapping_not_high_confidence;no_strong_colocalization_or_independent_replication	false	moderate	not_reported	partially_overlapping_cross_platform	data_raw\literature_fulltext\PMID40327005_PMC12063708\supplements\tvst-14-5-8_s003.xlsx	Supplementary table 1	1260	full_text_and_source_table_verified	Corrected SMR row; no colocalization table was reported.
PMID40327005	40327005	WARS1	WARS1	gene-level label only	UKB-PPP Olink	AMD	any_AMD	Tier2	literature_source_universe_tier2	mapping_not_high_confidence;no_strong_colocalization_or_independent_replication	false	moderate	not_reported	partially_overlapping_cross_platform	data_raw\literature_fulltext\PMID40327005_PMC12063708\supplements\tvst-14-5-8_s003.xlsx	Supplementary table 2	521	full_text_and_source_table_verified	Corrected SMR row; no colocalization table was reported.
PMID38903171	38903171	ACADSB	ACADSB	ENSG00000196177	deCODE	AMD	dry_AMD	Tier2	literature_source_universe_tier2	no_strong_colocalization_or_independent_replication	false	high	3.12497833457991e-32	partially_overlapping_cross_platform	data_raw\literature_fulltext\PMID38903171_PMC11187347\supplements\Table_1.XLSX	Supplementary Table 3	973	full_text_and_source_table_verified	Only FDR<0.05 and HEIDI>0.01 rows retained; colocalization joined by reported gene label.
PMID38903171	38903171	ACADSB	ACADSB	ENSG00000196177	UKB-PPP_Olink	AMD	dry_AMD	Tier2	literature_source_universe_tier2	no_strong_colocalization_or_independent_replication	false	high	5.62e-161	partially_overlapping_cross_platform	data_raw\literature_fulltext\PMID38903171_PMC11187347\supplements\Table_1.XLSX	Supplementary Table 7	308	full_text_and_source_table_verified	Only FDR<0.05 and HEIDI>0.01 rows retained; colocalization joined by reported gene label.
PMID41064534	41064534	ANXA2	ANXA2	mapping_requires_source_pQTL_table	UKB-PPP Olink discovery; deCODE where indicated	AMD	dry_AMD	Tier2	literature_source_universe_tier2	mapping_not_high_confidence	false	moderate	not_reported	independent_outcome_replication_corrected_same_direction	data_raw\literature_fulltext\PMID41064534_PMC12503973\supplements\3972293.f6.xlsx	Supplementary_table6	3	full_text_and_source_table_verified	Replication beta=-0.073808522; replication FDR=0.000225333348712605. Table title alone was not treated as proof of replication.
PMID41064534	41064534	APOE	APOE	mapping_requires_source_pQTL_table	UKB-PPP Olink discovery; deCODE where indicated	AMD	dry_AMD	Tier2	protein_outcome_evidence_excluded_from_APOE_mediation	APOE_protein_default_exclusion_due_to_cis_circularity	true	moderate	not_reported	independent_outcome_replication_corrected_same_direction	data_raw\literature_fulltext\PMID41064534_PMC12503973\supplements\3972293.f6.xlsx	Supplementary_table6	4	full_text_and_source_table_verified	Replication beta=0.0741234421389844; replication FDR=1.08308192997639e-06. Table title alone was not treated as proof of replication.
PMID40327005	40327005	C3	C3	gene-level label only	deCODE	AMD	dry_AMD	Tier2	literature_source_universe_tier2	mapping_not_high_confidence;no_strong_colocalization_or_independent_replication	false	moderate	not_reported	partially_overlapping_cross_platform	data_raw\literature_fulltext\PMID40327005_PMC12063708\supplements\tvst-14-5-8_s003.xlsx	Supplementary table 5	108	full_text_and_source_table_verified	Corrected SMR row; no colocalization table was reported.
PMID40327005	40327005	C3	C3	gene-level label only	deCODE	AMD	dry_AMD	Tier2	literature_source_universe_tier2	mapping_not_high_confidence;no_strong_colocalization_or_independent_replication	false	moderate	not_reported	partially_overlapping_cross_platform	data_raw\literature_fulltext\PMID40327005_PMC12063708\supplements\tvst-14-5-8_s003.xlsx	Supplementary table 5	124	full_text_and_source_table_verified	Corrected SMR row; no colocalization table was reported.
PMID40327005	40327005	C3	C3	gene-level label only	deCODE	AMD	dry_AMD	Tier2	literature_source_universe_tier2	mapping_not_high_confidence;no_strong_colocalization_or_independent_replication	false	moderate	not_reported	partially_overlapping_cross_platform	data_raw\literature_fulltext\PMID40327005_PMC12063708\supplements\tvst-14-5-8_s003.xlsx	Supplementary table 5	135	full_text_and_source_table_verified	Corrected SMR row; no colocalization table was reported.
PMID40327005	40327005	C3	C3	gene-level label only	deCODE	AMD	dry_AMD	Tier2	literature_source_universe_tier2	mapping_not_high_confidence;no_strong_colocalization_or_independent_replication	false	moderate	not_reported	partially_overlapping_cross_platform	data_raw\literature_fulltext\PMID40327005_PMC12063708\supplements\tvst-14-5-8_s003.xlsx	Supplementary table 5	145	full_text_and_source_table_verified	Corrected SMR row; no colocalization table was reported.
PMID40327005	40327005	C3	C3	gene-level label only	UKB-PPP Olink	AMD	dry_AMD	Tier2	literature_source_universe_tier2	mapping_not_high_confidence;no_strong_colocalization_or_independent_replication	false	moderate	not_reported	partially_overlapping_cross_platform	data_raw\literature_fulltext\PMID40327005_PMC12063708\supplements\tvst-14-5-8_s003.xlsx	Supplementary table 6	83	full_text_and_source_table_verified	Corrected SMR row; no colocalization table was reported.
PMID41064534	41064534	C3	C3	mapping_requires_source_pQTL_table	UKB-PPP Olink discovery; deCODE where indicated	AMD	dry_AMD	Tier2	literature_source_universe_tier2	not_multiple_testing_corrected;mapping_not_high_confidence;no_strong_colocalization_or_independent_replication	false	moderate	not_reported	replication_not_corrected_or_direction_inconsistent	data_raw\literature_fulltext\PMID41064534_PMC12503973\supplements\3972293.f6.xlsx	Supplementary_table6	5	full_text_and_source_table_verified	Replication beta=-0.166958202; replication FDR=0.987599866048273. Table title alone was not treated as proof of replication.
PMID40327005	40327005	CD300LG	CD300LG	gene-level label only	UKB-PPP Olink	AMD	dry_AMD	Tier2	literature_source_universe_tier2	mapping_not_high_confidence;no_strong_colocalization_or_independent_replication	false	moderate	not_reported	partially_overlapping_cross_platform	data_raw\literature_fulltext\PMID40327005_PMC12063708\supplements\tvst-14-5-8_s003.xlsx	Supplementary table 6	1236	full_text_and_source_table_verified	Corrected SMR row; no colocalization table was reported.
PMID41064534	41064534	CFHR2	CFHR2	mapping_requires_source_pQTL_table	UKB-PPP Olink discovery; deCODE where indicated	AMD	dry_AMD	Tier2	literature_source_universe_tier2	mapping_not_high_confidence;high_complexity_locus_requires_downgrade	true	moderate	not_reported	independent_outcome_replication_corrected_same_direction	data_raw\literature_fulltext\PMID41064534_PMC12503973\supplements\3972293.f6.xlsx	Supplementary_table6	6	full_text_and_source_table_verified	Replication beta=0.1927351873129; replication FDR=8.25950006899172e-10. Table title alone was not treated as proof of replication.
PMID38903171	38903171	COL10A1	COL10A1	ENSG00000123500	deCODE	AMD	dry_AMD	Tier2	literature_source_universe_tier2	no_strong_colocalization_or_independent_replication	false	high	0.236271298602639	partially_overlapping_cross_platform	data_raw\literature_fulltext\PMID38903171_PMC11187347\supplements\Table_1.XLSX	Supplementary Table 3	670	full_text_and_source_table_verified	Only FDR<0.05 and HEIDI>0.01 rows retained; colocalization joined by reported gene label.
PMID40327005	40327005	COL10A1	COL10A1	gene-level label only	deCODE	AMD	dry_AMD	Tier2	literature_source_universe_tier2	mapping_not_high_confidence;no_strong_colocalization_or_independent_replication	false	moderate	not_reported	partially_overlapping_cross_platform	data_raw\literature_fulltext\PMID40327005_PMC12063708\supplements\tvst-14-5-8_s003.xlsx	Supplementary table 5	191	full_text_and_source_table_verified	Corrected SMR row; no colocalization table was reported.
PMID38903171	38903171	DPEP2	DPEP2	ENSG00000167261	UKB-PPP_Olink	AMD	dry_AMD	Tier2	literature_source_universe_tier2	no_strong_colocalization_or_independent_replication	false	high	0.007678821	partially_overlapping_cross_platform	data_raw\literature_fulltext\PMID38903171_PMC11187347\supplements\Table_1.XLSX	Supplementary Table 7	1900	full_text_and_source_table_verified	Only FDR<0.05 and HEIDI>0.01 rows retained; colocalization joined by reported gene label.
PMID40327005	40327005	DPEP2	DPEP2	gene-level label only	UKB-PPP Olink	AMD	dry_AMD	Tier2	literature_source_universe_tier2	mapping_not_high_confidence;no_strong_colocalization_or_independent_replication	false	moderate	not_reported	partially_overlapping_cross_platform	data_raw\literature_fulltext\PMID40327005_PMC12063708\supplements\tvst-14-5-8_s003.xlsx	Supplementary table 6	1450	full_text_and_source_table_verified	Corrected SMR row; no colocalization table was reported.
PMID41064534	41064534	ECM1	ECM1	mapping_requires_source_pQTL_table	UKB-PPP Olink discovery; deCODE where indicated	AMD	dry_AMD	Tier2	literature_source_universe_tier2	mapping_not_high_confidence	false	moderate	not_reported	independent_outcome_replication_corrected_same_direction	data_raw\literature_fulltext\PMID41064534_PMC12503973\supplements\3972293.f6.xlsx	Supplementary_table6	7	full_text_and_source_table_verified	Replication beta=0.0755628666862163; replication FDR=0.00215815299854033. Table title alone was not treated as proof of replication.
PMID41064534	41064534	F13B	F13B	mapping_requires_source_pQTL_table	UKB-PPP Olink discovery; deCODE where indicated	AMD	dry_AMD	Tier2	literature_source_universe_tier2	mapping_not_high_confidence	false	moderate	not_reported	independent_outcome_replication_corrected_same_direction	data_raw\literature_fulltext\PMID41064534_PMC12503973\supplements\3972293.f6.xlsx	Supplementary_table6	8	full_text_and_source_table_verified	Replication beta=0.332488048208614; replication FDR=0.000438856734074985. Table title alone was not treated as proof of replication.
PMID38903171	38903171	HSPA1L	HSPA1L	ENSG00000204390	deCODE	AMD	dry_AMD	Tier2	literature_source_universe_tier2	no_strong_colocalization_or_independent_replication	false	high	4.9459036375643e-20	partially_overlapping_cross_platform	data_raw\literature_fulltext\PMID38903171_PMC11187347\supplements\Table_1.XLSX	Supplementary Table 3	621	full_text_and_source_table_verified	Only FDR<0.05 and HEIDI>0.01 rows retained; colocalization joined by reported gene label.
PMID40327005	40327005	HSPA1L	HSPA1L	gene-level label only	deCODE	AMD	dry_AMD	Tier2	literature_source_universe_tier2	mapping_not_high_confidence;no_strong_colocalization_or_independent_replication	false	moderate	not_reported	partially_overlapping_cross_platform	data_raw\literature_fulltext\PMID40327005_PMC12063708\supplements\tvst-14-5-8_s003.xlsx	Supplementary table 5	79	full_text_and_source_table_verified	Corrected SMR row; no colocalization table was reported.
PMID40327005	40327005	IL20RB	IL20RB	gene-level label only	UKB-PPP Olink	AMD	dry_AMD	Tier2	literature_source_universe_tier2	mapping_not_high_confidence;no_strong_colocalization_or_independent_replication	false	moderate	not_reported	partially_overlapping_cross_platform	data_raw\literature_fulltext\PMID40327005_PMC12063708\supplements\tvst-14-5-8_s003.xlsx	Supplementary table 6	376	full_text_and_source_table_verified	Corrected SMR row; no colocalization table was reported.
PMID38903171	38903171	LTA	LTA	ENSG00000226979	deCODE	AMD	dry_AMD	Tier2	literature_source_universe_tier2	no_strong_colocalization_or_independent_replication	false	high	0.0707694646901922	partially_overlapping_cross_platform	data_raw\literature_fulltext\PMID38903171_PMC11187347\supplements\Table_1.XLSX	Supplementary Table 3	615	full_text_and_source_table_verified	Only FDR<0.05 and HEIDI>0.01 rows retained; colocalization joined by reported gene label.
PMID40327005	40327005	LTA	LTA	gene-level label only	deCODE	AMD	dry_AMD	Tier2	literature_source_universe_tier2	mapping_not_high_confidence;no_strong_colocalization_or_independent_replication	false	moderate	not_reported	partially_overlapping_cross_platform	data_raw\literature_fulltext\PMID40327005_PMC12063708\supplements\tvst-14-5-8_s003.xlsx	Supplementary table 5	284	full_text_and_source_table_verified	Corrected SMR row; no colocalization table was reported.
PMID41064534	41064534	MASP1	MASP1	mapping_requires_source_pQTL_table	UKB-PPP Olink discovery; deCODE where indicated	AMD	dry_AMD	Tier2	literature_source_universe_tier2	not_multiple_testing_corrected;mapping_not_high_confidence;no_strong_colocalization_or_independent_replication	false	moderate	not_reported	replication_not_corrected_or_direction_inconsistent	data_raw\literature_fulltext\PMID41064534_PMC12503973\supplements\3972293.f6.xlsx	Supplementary_table6	9	full_text_and_source_table_verified	Replication beta=0.265430595812561; replication FDR=0.0729891356998783. Table title alone was not treated as proof of replication.
PMID40327005	40327005	MSLN	MSLN	gene-level label only	UKB-PPP Olink	AMD	dry_AMD	Tier2	literature_source_universe_tier2	mapping_not_high_confidence;no_strong_colocalization_or_independent_replication	false	moderate	not_reported	partially_overlapping_cross_platform	data_raw\literature_fulltext\PMID40327005_PMC12063708\supplements\tvst-14-5-8_s003.xlsx	Supplementary table 6	1653	full_text_and_source_table_verified	Corrected SMR row; no colocalization table was reported.
PMID40327005	40327005	NME2	NME2	gene-level label only	deCODE	AMD	dry_AMD	Tier2	literature_source_universe_tier2	mapping_not_high_confidence;no_strong_colocalization_or_independent_replication	false	moderate	not_reported	partially_overlapping_cross_platform	data_raw\literature_fulltext\PMID40327005_PMC12063708\supplements\tvst-14-5-8_s003.xlsx	Supplementary table 5	81	full_text_and_source_table_verified	Corrected SMR row; no colocalization table was reported.
PMID38903171	38903171	PAXX	PAXX	ENSG00000148362	UKB-PPP_Olink	AMD	dry_AMD	Tier2	literature_source_universe_tier2	no_strong_colocalization_or_independent_replication	false	high	0.023297934	partially_overlapping_cross_platform	data_raw\literature_fulltext\PMID38903171_PMC11187347\supplements\Table_1.XLSX	Supplementary Table 7	866	full_text_and_source_table_verified	Only FDR<0.05 and HEIDI>0.01 rows retained; colocalization joined by reported gene label.
PMID41064534	41064534	PILRA	PILRA	mapping_requires_source_pQTL_table	UKB-PPP Olink discovery; deCODE where indicated	AMD	dry_AMD	Tier2	literature_source_universe_tier2	mapping_not_high_confidence	false	moderate	not_reported	independent_outcome_replication_corrected_same_direction	data_raw\literature_fulltext\PMID41064534_PMC12503973\supplements\3972293.f6.xlsx	Supplementary_table6	10	full_text_and_source_table_verified	Replication beta=0.0872907987478197; replication FDR=8.25950006899172e-10. Table title alone was not treated as proof of replication.
PMID41064534	41064534	PILRB	PILRB	mapping_requires_source_pQTL_table	UKB-PPP Olink discovery; deCODE where indicated	AMD	dry_AMD	Tier2	literature_source_universe_tier2	mapping_not_high_confidence	false	moderate	not_reported	independent_outcome_replication_corrected_same_direction	data_raw\literature_fulltext\PMID41064534_PMC12503973\supplements\3972293.f6.xlsx	Supplementary_table6	11	full_text_and_source_table_verified	Replication beta=0.0509366323951806; replication FDR=0.000962352175999419. Table title alone was not treated as proof of replication.
PMID40327005	40327005	RPS10	RPS10	gene-level label only	deCODE	AMD	dry_AMD	Tier2	literature_source_universe_tier2	mapping_not_high_confidence;no_strong_colocalization_or_independent_replication	false	moderate	not_reported	partially_overlapping_cross_platform	data_raw\literature_fulltext\PMID40327005_PMC12063708\supplements\tvst-14-5-8_s003.xlsx	Supplementary table 5	889	full_text_and_source_table_verified	Corrected SMR row; no colocalization table was reported.
PMID38903171	38903171	SFTA2	SFTA2	ENSG00000196260	deCODE	AMD	dry_AMD	Tier2	literature_source_universe_tier2	no_strong_colocalization_or_independent_replication	false	high	3.83333623524257e-09	partially_overlapping_cross_platform	data_raw\literature_fulltext\PMID38903171_PMC11187347\supplements\Table_1.XLSX	Supplementary Table 3	612	full_text_and_source_table_verified	Only FDR<0.05 and HEIDI>0.01 rows retained; colocalization joined by reported gene label.
PMID41064534	41064534	SIGLEC7	SIGLEC7	mapping_requires_source_pQTL_table	UKB-PPP Olink discovery; deCODE where indicated	AMD	dry_AMD	Tier2	literature_source_universe_tier2	mapping_not_high_confidence	false	moderate	not_reported	independent_outcome_replication_corrected_same_direction	data_raw\literature_fulltext\PMID41064534_PMC12503973\supplements\3972293.f6.xlsx	Supplementary_table6	12	full_text_and_source_table_verified	Replication beta=0.174219648583017; replication FDR=0.0336990577218776. Table title alone was not treated as proof of replication.
PMID41064534	41064534	TLR1	TLR1	mapping_requires_source_pQTL_table	UKB-PPP Olink discovery; deCODE where indicated	AMD	dry_AMD	Tier2	literature_source_universe_tier2	not_multiple_testing_corrected;mapping_not_high_confidence;no_strong_colocalization_or_independent_replication	false	moderate	not_reported	replication_not_corrected_or_direction_inconsistent	data_raw\literature_fulltext\PMID41064534_PMC12503973\supplements\3972293.f6.xlsx	Supplementary_table6	13	full_text_and_source_table_verified	Replication beta=0.0832664009220772; replication FDR=0.108198615598208. Table title alone was not treated as proof of replication.
PMID40327005	40327005	UBD	UBD	gene-level label only	deCODE	AMD	dry_AMD	Tier2	literature_source_universe_tier2	mapping_not_high_confidence;no_strong_colocalization_or_independent_replication	false	moderate	not_reported	partially_overlapping_cross_platform	data_raw\literature_fulltext\PMID40327005_PMC12063708\supplements\tvst-14-5-8_s003.xlsx	Supplementary table 5	152	full_text_and_source_table_verified	Corrected SMR row; no colocalization table was reported.
PMID38903171	38903171	WARS1	WARS1	ENSG00000140105	deCODE	AMD	dry_AMD	Tier2	literature_source_universe_tier2	no_strong_colocalization_or_independent_replication	false	high	NA	partially_overlapping_cross_platform	data_raw\literature_fulltext\PMID38903171_PMC11187347\supplements\Table_1.XLSX	Supplementary Table 3	1245	full_text_and_source_table_verified	Only FDR<0.05 and HEIDI>0.01 rows retained; colocalization joined by reported gene label.
PMID38903171	38903171	WARS1	WARS1	ENSG00000140105	UKB-PPP_Olink	AMD	dry_AMD	Tier2	literature_source_universe_tier2	no_strong_colocalization_or_independent_replication	false	high	NA	partially_overlapping_cross_platform	data_raw\literature_fulltext\PMID38903171_PMC11187347\supplements\Table_1.XLSX	Supplementary Table 7	1428	full_text_and_source_table_verified	Only FDR<0.05 and HEIDI>0.01 rows retained; colocalization joined by reported gene label.
PMID40327005	40327005	WARS1	WARS1	gene-level label only	deCODE	AMD	dry_AMD	Tier2	literature_source_universe_tier2	mapping_not_high_confidence;no_strong_colocalization_or_independent_replication	false	moderate	not_reported	partially_overlapping_cross_platform	data_raw\literature_fulltext\PMID40327005_PMC12063708\supplements\tvst-14-5-8_s003.xlsx	Supplementary table 5	1461	full_text_and_source_table_verified	Corrected SMR row; no colocalization table was reported.
PMID40327005	40327005	WARS1	WARS1	gene-level label only	UKB-PPP Olink	AMD	dry_AMD	Tier2	literature_source_universe_tier2	mapping_not_high_confidence;no_strong_colocalization_or_independent_replication	false	moderate	not_reported	partially_overlapping_cross_platform	data_raw\literature_fulltext\PMID40327005_PMC12063708\supplements\tvst-14-5-8_s003.xlsx	Supplementary table 6	333	full_text_and_source_table_verified	Corrected SMR row; no colocalization table was reported.
PMID40327005	40327005	APOE	APOE	gene-level label only	UKB-PPP Olink	AMD	early_AMD	Tier2	protein_outcome_evidence_excluded_from_APOE_mediation	APOE_protein_default_exclusion_due_to_cis_circularity	true	moderate	not_reported	partially_overlapping_cross_platform	data_raw\literature_fulltext\PMID40327005_PMC12063708\supplements\tvst-14-5-8_s003.xlsx	Supplementary table 4	82	full_text_and_source_table_verified	Corrected SMR row; no colocalization table was reported.
PMID40327005	40327005	C3	C3	gene-level label only	deCODE	AMD	early_AMD	Tier2	literature_source_universe_tier2	mapping_not_high_confidence;no_strong_colocalization_or_independent_replication	false	moderate	not_reported	partially_overlapping_cross_platform	data_raw\literature_fulltext\PMID40327005_PMC12063708\supplements\tvst-14-5-8_s003.xlsx	Supplementary table 3	230	full_text_and_source_table_verified	Corrected SMR row; no colocalization table was reported.
PMID40327005	40327005	C3	C3	gene-level label only	deCODE	AMD	early_AMD	Tier2	literature_source_universe_tier2	mapping_not_high_confidence;no_strong_colocalization_or_independent_replication	false	moderate	not_reported	partially_overlapping_cross_platform	data_raw\literature_fulltext\PMID40327005_PMC12063708\supplements\tvst-14-5-8_s003.xlsx	Supplementary table 3	382	full_text_and_source_table_verified	Corrected SMR row; no colocalization table was reported.
PMID40327005	40327005	C3	C3	gene-level label only	deCODE	AMD	early_AMD	Tier2	literature_source_universe_tier2	mapping_not_high_confidence;no_strong_colocalization_or_independent_replication	false	moderate	not_reported	partially_overlapping_cross_platform	data_raw\literature_fulltext\PMID40327005_PMC12063708\supplements\tvst-14-5-8_s003.xlsx	Supplementary table 3	395	full_text_and_source_table_verified	Corrected SMR row; no colocalization table was reported.
PMID40327005	40327005	C3	C3	gene-level label only	deCODE	AMD	early_AMD	Tier2	literature_source_universe_tier2	mapping_not_high_confidence;no_strong_colocalization_or_independent_replication	false	moderate	not_reported	partially_overlapping_cross_platform	data_raw\literature_fulltext\PMID40327005_PMC12063708\supplements\tvst-14-5-8_s003.xlsx	Supplementary table 3	444	full_text_and_source_table_verified	Corrected SMR row; no colocalization table was reported.
PMID40327005	40327005	C3	C3	gene-level label only	deCODE	AMD	early_AMD	Tier2	literature_source_universe_tier2	mapping_not_high_confidence;no_strong_colocalization_or_independent_replication	false	moderate	not_reported	partially_overlapping_cross_platform	data_raw\literature_fulltext\PMID40327005_PMC12063708\supplements\tvst-14-5-8_s003.xlsx	Supplementary table 3	1501	full_text_and_source_table_verified	Corrected SMR row; no colocalization table was reported.
PMID40327005	40327005	C3	C3	gene-level label only	UKB-PPP Olink	AMD	early_AMD	Tier2	literature_source_universe_tier2	mapping_not_high_confidence;no_strong_colocalization_or_independent_replication	false	moderate	not_reported	partially_overlapping_cross_platform	data_raw\literature_fulltext\PMID40327005_PMC12063708\supplements\tvst-14-5-8_s003.xlsx	Supplementary table 4	811	full_text_and_source_table_verified	Corrected SMR row; no colocalization table was reported.
PMID40327005	40327005	CASP10	CASP10	gene-level label only	UKB-PPP Olink	AMD	early_AMD	Tier2	literature_source_universe_tier2	mapping_not_high_confidence;no_strong_colocalization_or_independent_replication	false	moderate	not_reported	partially_overlapping_cross_platform	data_raw\literature_fulltext\PMID40327005_PMC12063708\supplements\tvst-14-5-8_s003.xlsx	Supplementary table 4	73	full_text_and_source_table_verified	Corrected SMR row; no colocalization table was reported.
PMID40327005	40327005	CD46	CD46	gene-level label only	deCODE	AMD	early_AMD	Tier2	literature_source_universe_tier2	mapping_not_high_confidence;no_strong_colocalization_or_independent_replication	false	moderate	not_reported	partially_overlapping_cross_platform	data_raw\literature_fulltext\PMID40327005_PMC12063708\supplements\tvst-14-5-8_s003.xlsx	Supplementary table 3	562	full_text_and_source_table_verified	Corrected SMR row; no colocalization table was reported.
PMID40327005	40327005	CDSN	CDSN	gene-level label only	UKB-PPP Olink	AMD	early_AMD	Tier2	literature_source_universe_tier2	mapping_not_high_confidence;no_strong_colocalization_or_independent_replication	false	moderate	not_reported	partially_overlapping_cross_platform	data_raw\literature_fulltext\PMID40327005_PMC12063708\supplements\tvst-14-5-8_s003.xlsx	Supplementary table 4	106	full_text_and_source_table_verified	Corrected SMR row; no colocalization table was reported.
PMID40327005	40327005	CFB	CFB	gene-level label only	deCODE	AMD	early_AMD	Tier2	literature_source_universe_tier2	mapping_not_high_confidence;no_strong_colocalization_or_independent_replication	false	moderate	not_reported	partially_overlapping_cross_platform	data_raw\literature_fulltext\PMID40327005_PMC12063708\supplements\tvst-14-5-8_s003.xlsx	Supplementary table 3	171	full_text_and_source_table_verified	Corrected SMR row; no colocalization table was reported.
PMID40327005	40327005	MCEMP1	MCEMP1	gene-level label only	deCODE	AMD	early_AMD	Tier2	literature_source_universe_tier2	mapping_not_high_confidence;no_strong_colocalization_or_independent_replication	false	moderate	not_reported	partially_overlapping_cross_platform	data_raw\literature_fulltext\PMID40327005_PMC12063708\supplements\tvst-14-5-8_s003.xlsx	Supplementary table 3	628	full_text_and_source_table_verified	Corrected SMR row; no colocalization table was reported.
PMID40327005	40327005	TNFRSF10A	TNFRSF10A	gene-level label only	UKB-PPP Olink	AMD	early_AMD	Tier2	literature_source_universe_tier2	mapping_not_high_confidence;no_strong_colocalization_or_independent_replication	false	moderate	not_reported	partially_overlapping_cross_platform	data_raw\literature_fulltext\PMID40327005_PMC12063708\supplements\tvst-14-5-8_s003.xlsx	Supplementary table 4	89	full_text_and_source_table_verified	Corrected SMR row; no colocalization table was reported.
PMID40327005	40327005	TNFSF14	TNFSF14	gene-level label only	deCODE	AMD	early_AMD	Tier2	literature_source_universe_tier2	mapping_not_high_confidence;no_strong_colocalization_or_independent_replication	false	moderate	not_reported	partially_overlapping_cross_platform	data_raw\literature_fulltext\PMID40327005_PMC12063708\supplements\tvst-14-5-8_s003.xlsx	Supplementary table 3	850	full_text_and_source_table_verified	Corrected SMR row; no colocalization table was reported.
PMID38903171	38903171	ABO	ABO	ENSG00000175164	UKB-PPP_Olink	AMD	wet_AMD	Tier2	literature_source_universe_tier2	no_strong_colocalization_or_independent_replication	false	high	0.161867376137866	partially_overlapping_cross_platform	data_raw\literature_fulltext\PMID38903171_PMC11187347\supplements\Table_1.XLSX	Supplementary Table 8	861	full_text_and_source_table_verified	Only FDR<0.05 and HEIDI>0.01 rows retained; colocalization joined by reported gene label.
PMID40327005	40327005	ABO	ABO	gene-level label only	UKB-PPP Olink	AMD	wet_AMD	Tier2	literature_source_universe_tier2	mapping_not_high_confidence;no_strong_colocalization_or_independent_replication	false	moderate	not_reported	partially_overlapping_cross_platform	data_raw\literature_fulltext\PMID40327005_PMC12063708\supplements\tvst-14-5-8_s003.xlsx	Supplementary table 8	709	full_text_and_source_table_verified	Corrected SMR row; no colocalization table was reported.
PMID40327005	40327005	C3	C3	gene-level label only	deCODE	AMD	wet_AMD	Tier2	literature_source_universe_tier2	mapping_not_high_confidence;no_strong_colocalization_or_independent_replication	false	moderate	not_reported	partially_overlapping_cross_platform	data_raw\literature_fulltext\PMID40327005_PMC12063708\supplements\tvst-14-5-8_s003.xlsx	Supplementary table 7	14	full_text_and_source_table_verified	Corrected SMR row; no colocalization table was reported.
PMID40327005	40327005	COL10A1	COL10A1	gene-level label only	deCODE	AMD	wet_AMD	Tier2	literature_source_universe_tier2	mapping_not_high_confidence;no_strong_colocalization_or_independent_replication	false	moderate	not_reported	partially_overlapping_cross_platform	data_raw\literature_fulltext\PMID40327005_PMC12063708\supplements\tvst-14-5-8_s003.xlsx	Supplementary table 7	20	full_text_and_source_table_verified	Corrected SMR row; no colocalization table was reported.
PMID40327005	40327005	CSF2	CSF2	gene-level label only	UKB-PPP Olink	AMD	wet_AMD	Tier2	literature_source_universe_tier2	mapping_not_high_confidence;no_strong_colocalization_or_independent_replication	false	moderate	not_reported	partially_overlapping_cross_platform	data_raw\literature_fulltext\PMID40327005_PMC12063708\supplements\tvst-14-5-8_s003.xlsx	Supplementary table 8	227	full_text_and_source_table_verified	Corrected SMR row; no colocalization table was reported.
PMID38903171	38903171	HSPA1L	HSPA1L	ENSG00000204390	deCODE	AMD	wet_AMD	Tier2	literature_source_universe_tier2	no_strong_colocalization_or_independent_replication	false	high	3.228164364404e-18	partially_overlapping_cross_platform	data_raw\literature_fulltext\PMID38903171_PMC11187347\supplements\Table_1.XLSX	Supplementary Table 4	621	full_text_and_source_table_verified	Only FDR<0.05 and HEIDI>0.01 rows retained; colocalization joined by reported gene label.
PMID40327005	40327005	HSPA1L	HSPA1L	gene-level label only	deCODE	AMD	wet_AMD	Tier2	literature_source_universe_tier2	mapping_not_high_confidence;no_strong_colocalization_or_independent_replication	false	moderate	not_reported	partially_overlapping_cross_platform	data_raw\literature_fulltext\PMID40327005_PMC12063708\supplements\tvst-14-5-8_s003.xlsx	Supplementary table 7	9	full_text_and_source_table_verified	Corrected SMR row; no colocalization table was reported.
PMID40327005	40327005	LBP	LBP	gene-level label only	deCODE	AMD	wet_AMD	Tier2	literature_source_universe_tier2	mapping_not_high_confidence;no_strong_colocalization_or_independent_replication	false	moderate	not_reported	partially_overlapping_cross_platform	data_raw\literature_fulltext\PMID40327005_PMC12063708\supplements\tvst-14-5-8_s003.xlsx	Supplementary table 7	23	full_text_and_source_table_verified	Corrected SMR row; no colocalization table was reported.
PMID40327005	40327005	LBP	LBP	gene-level label only	UKB-PPP Olink	AMD	wet_AMD	Tier2	literature_source_universe_tier2	mapping_not_high_confidence;no_strong_colocalization_or_independent_replication	false	moderate	not_reported	partially_overlapping_cross_platform	data_raw\literature_fulltext\PMID40327005_PMC12063708\supplements\tvst-14-5-8_s003.xlsx	Supplementary table 8	358	full_text_and_source_table_verified	Corrected SMR row; no colocalization table was reported.
PMID40327005	40327005	LTA	LTA	gene-level label only	deCODE	AMD	wet_AMD	Tier2	literature_source_universe_tier2	mapping_not_high_confidence;no_strong_colocalization_or_independent_replication	false	moderate	not_reported	partially_overlapping_cross_platform	data_raw\literature_fulltext\PMID40327005_PMC12063708\supplements\tvst-14-5-8_s003.xlsx	Supplementary table 7	22	full_text_and_source_table_verified	Corrected SMR row; no colocalization table was reported.
PMID40327005	40327005	MCEMP1	MCEMP1	gene-level label only	deCODE	AMD	wet_AMD	Tier2	literature_source_universe_tier2	mapping_not_high_confidence;no_strong_colocalization_or_independent_replication	false	moderate	not_reported	partially_overlapping_cross_platform	data_raw\literature_fulltext\PMID40327005_PMC12063708\supplements\tvst-14-5-8_s003.xlsx	Supplementary table 7	16	full_text_and_source_table_verified	Corrected SMR row; no colocalization table was reported.
PMID40327005	40327005	PSMB9	PSMB9	gene-level label only	deCODE	AMD	wet_AMD	Tier2	literature_source_universe_tier2	mapping_not_high_confidence;no_strong_colocalization_or_independent_replication	false	moderate	not_reported	partially_overlapping_cross_platform	data_raw\literature_fulltext\PMID40327005_PMC12063708\supplements\tvst-14-5-8_s003.xlsx	Supplementary table 7	18	full_text_and_source_table_verified	Corrected SMR row; no colocalization table was reported.
PMID40327005	40327005	PTPN9	PTPN9	gene-level label only	deCODE	AMD	wet_AMD	Tier2	literature_source_universe_tier2	mapping_not_high_confidence;no_strong_colocalization_or_independent_replication	false	moderate	not_reported	partially_overlapping_cross_platform	data_raw\literature_fulltext\PMID40327005_PMC12063708\supplements\tvst-14-5-8_s003.xlsx	Supplementary table 7	26	full_text_and_source_table_verified	Corrected SMR row; no colocalization table was reported.
PMID40327005	40327005	SDF2	SDF2	gene-level label only	deCODE	AMD	wet_AMD	Tier2	literature_source_universe_tier2	mapping_not_high_confidence;no_strong_colocalization_or_independent_replication	false	moderate	not_reported	partially_overlapping_cross_platform	data_raw\literature_fulltext\PMID40327005_PMC12063708\supplements\tvst-14-5-8_s003.xlsx	Supplementary table 7	25	full_text_and_source_table_verified	Corrected SMR row; no colocalization table was reported.
PMID38903171	38903171	SFTA2	SFTA2	ENSG00000196260	deCODE	AMD	wet_AMD	Tier2	literature_source_universe_tier2	no_strong_colocalization_or_independent_replication	false	high	4.04618432708353e-05	partially_overlapping_cross_platform	data_raw\literature_fulltext\PMID38903171_PMC11187347\supplements\Table_1.XLSX	Supplementary Table 4	612	full_text_and_source_table_verified	Only FDR<0.05 and HEIDI>0.01 rows retained; colocalization joined by reported gene label.
PMID40327005	40327005	TGFB1	TGFB1	gene-level label only	UKB-PPP Olink	AMD	wet_AMD	Tier2	literature_source_universe_tier2	mapping_not_high_confidence;no_strong_colocalization_or_independent_replication	false	moderate	not_reported	partially_overlapping_cross_platform	data_raw\literature_fulltext\PMID40327005_PMC12063708\supplements\tvst-14-5-8_s003.xlsx	Supplementary table 8	398	full_text_and_source_table_verified	Corrected SMR row; no colocalization table was reported.
PMID40327005	40327005	TNFSF14	TNFSF14	gene-level label only	deCODE	AMD	wet_AMD	Tier2	literature_source_universe_tier2	mapping_not_high_confidence;no_strong_colocalization_or_independent_replication	false	moderate	not_reported	partially_overlapping_cross_platform	data_raw\literature_fulltext\PMID40327005_PMC12063708\supplements\tvst-14-5-8_s003.xlsx	Supplementary table 7	15	full_text_and_source_table_verified	Corrected SMR row; no colocalization table was reported.
PMID38903171	38903171	VARS1	VARS1	ENSG00000204394	deCODE	AMD	wet_AMD	Tier2	literature_source_universe_tier2	no_strong_colocalization_or_independent_replication	false	high	NA	partially_overlapping_cross_platform	data_raw\literature_fulltext\PMID38903171_PMC11187347\supplements\Table_1.XLSX	Supplementary Table 4	620	full_text_and_source_table_verified	Only FDR<0.05 and HEIDI>0.01 rows retained; colocalization joined by reported gene label.
PMID40327005	40327005	VARS1	VARS1	gene-level label only	deCODE	AMD	wet_AMD	Tier2	literature_source_universe_tier2	mapping_not_high_confidence;no_strong_colocalization_or_independent_replication	false	moderate	not_reported	partially_overlapping_cross_platform	data_raw\literature_fulltext\PMID40327005_PMC12063708\supplements\tvst-14-5-8_s003.xlsx	Supplementary table 7	10	full_text_and_source_table_verified	Corrected SMR row; no colocalization table was reported.
PMID40327005	40327005	VTN	VTN	gene-level label only	deCODE	AMD	wet_AMD	Tier2	literature_source_universe_tier2	mapping_not_high_confidence;no_strong_colocalization_or_independent_replication	false	moderate	not_reported	partially_overlapping_cross_platform	data_raw\literature_fulltext\PMID40327005_PMC12063708\supplements\tvst-14-5-8_s003.xlsx	Supplementary table 7	24	full_text_and_source_table_verified	Corrected SMR row; no colocalization table was reported.
PMID38903171	38903171	WARS1	WARS1	ENSG00000140105	deCODE	AMD	wet_AMD	Tier2	literature_source_universe_tier2	no_strong_colocalization_or_independent_replication	false	high	NA	partially_overlapping_cross_platform	data_raw\literature_fulltext\PMID38903171_PMC11187347\supplements\Table_1.XLSX	Supplementary Table 4	1245	full_text_and_source_table_verified	Only FDR<0.05 and HEIDI>0.01 rows retained; colocalization joined by reported gene label.
PMID38903171	38903171	WARS1	WARS1	ENSG00000140105	UKB-PPP_Olink	AMD	wet_AMD	Tier2	literature_source_universe_tier2	no_strong_colocalization_or_independent_replication	false	high	NA	partially_overlapping_cross_platform	data_raw\literature_fulltext\PMID38903171_PMC11187347\supplements\Table_1.XLSX	Supplementary Table 8	1428	full_text_and_source_table_verified	Only FDR<0.05 and HEIDI>0.01 rows retained; colocalization joined by reported gene label.
PMID40327005	40327005	WARS1	WARS1	gene-level label only	deCODE	AMD	wet_AMD	Tier2	literature_source_universe_tier2	mapping_not_high_confidence;no_strong_colocalization_or_independent_replication	false	moderate	not_reported	partially_overlapping_cross_platform	data_raw\literature_fulltext\PMID40327005_PMC12063708\supplements\tvst-14-5-8_s003.xlsx	Supplementary table 7	19	full_text_and_source_table_verified	Corrected SMR row; no colocalization table was reported.
PMID40327005	40327005	WARS1	WARS1	gene-level label only	UKB-PPP Olink	AMD	wet_AMD	Tier2	literature_source_universe_tier2	mapping_not_high_confidence;no_strong_colocalization_or_independent_replication	false	moderate	not_reported	partially_overlapping_cross_platform	data_raw\literature_fulltext\PMID40327005_PMC12063708\supplements\tvst-14-5-8_s003.xlsx	Supplementary table 8	1912	full_text_and_source_table_verified	Corrected SMR row; no colocalization table was reported.
