gene_symbol	method	id.exposure	id.outcome	outcome	exposure	nsnp	beta	SE	P_value	Q	Q_df	Q_pval	protein_name	protein_form_or_isoform	method_role	CI_lower	CI_upper	OR	OR_CI_lower	OR_CI_upper	Cochran_Q	Q_P	Egger_intercept	Egger_intercept_SE	Egger_intercept_P	Steiger_direction	Steiger_P	Steiger_method	mean_F	min_F	planned_family_size	observed_primary_tests_in_family	P_FDR_observed_reestimated	P_Bonferroni_planned_family	corrected_significance_FDR_observed	corrected_significance_Bonferroni_planned	beta_status	exclusion_reason	beta_source	availability_scope	analysis_set	assay_target_ID	UniProt_ID
"ACE"	"Inverse variance weighted"	"ACE"	"AD"	"AD"	"ACE"	6	-0.101818345523506	0.0347206467749983	0.00336243398838523	4.85483962980998	5	0.433851575529378	"ACE"	"not_reported"	"primary"	-0.169870813202503	-0.0337658778445095	0.903193605929488	0.843773813992561	0.966797826934106	4.85483962980998	0.433851575529378	0.0270109344117231	0.0177276403489717	0.20226669410781	TRUE	1.15600763772734e-241	"approximate_quantitative_trait_correlation_sensitivity"	353.337430045278	43.5356432986411	27	25	0.00840608497096308	0.0907857176864013	TRUE	FALSE	"reestimated_cis_only"	"NA"	"primary_analysis_reestimated"	"reestimated_subset"	"cis_only_sensitivity"	"OID30696"	"P12821"
"ACE"	"MR Egger"	"ACE"	"AD"	"AD"	"ACE"	6	-0.209017129200141	0.0784569371913263	0.0561499166679278	2.5332933162997	4	0.638684196491988	"ACE"	"not_reported"	"sensitivity"	-0.36279272609514	-0.055241532305141	0.811381337211062	0.695730625358423	0.946256568819651	2.5332933162997	0.638684196491988	0.0270109344117231	0.0177276403489717	0.20226669410781	TRUE	1.15600763772734e-241	"approximate_quantitative_trait_correlation_sensitivity"	353.337430045278	43.5356432986411	27	NA	NA	NA	NA	NA	"reestimated_cis_only"	"NA"	"primary_analysis_reestimated"	"reestimated_subset"	"cis_only_sensitivity"	"OID30696"	"P12821"
"ACE"	"Weighted median"	"ACE"	"AD"	"AD"	"ACE"	6	-0.111486797496491	0.0373428535901455	0.00283122373858413	NA	NA	NA	"ACE"	"not_reported"	"sensitivity"	-0.184678790533176	-0.0382948044598057	0.89450320100696	0.831371285295417	0.962429170653133	NA	NA	0.0270109344117231	0.0177276403489717	0.20226669410781	TRUE	1.15600763772734e-241	"approximate_quantitative_trait_correlation_sensitivity"	353.337430045278	43.5356432986411	27	NA	NA	NA	NA	NA	"reestimated_cis_only"	"NA"	"primary_analysis_reestimated"	"reestimated_subset"	"cis_only_sensitivity"	"OID30696"	"P12821"
"ACE"	"Inverse variance weighted"	"ACE"	"any_AMD"	"any_AMD"	"ACE"	6	-0.0250402159762195	0.0382321873640573	0.512499191108986	4.42111673409699	5	0.490506607834869	"ACE"	"not_reported"	"primary"	-0.0999753032097717	0.0498948712573327	0.97527068977679	0.90485976489181	1.05116058337661	4.42111673409699	0.490506607834869	0.0118508848168018	0.0217351138948167	0.614565395997015	TRUE	1.44946952485531e-260	"approximate_quantitative_trait_correlation_sensitivity"	353.337430045278	43.5356432986411	27	25	0.800779986107791	1	FALSE	FALSE	"reestimated_cis_only"	"NA"	"primary_analysis_reestimated"	"reestimated_subset"	"cis_only_sensitivity"	"OID30696"	"P12821"
"ACE"	"MR Egger"	"ACE"	"any_AMD"	"any_AMD"	"ACE"	6	-0.070321683990184	0.0916562508156836	0.485723712021526	4.11526199658575	4	0.390631520665209	"ACE"	"not_reported"	"sensitivity"	-0.249967935588924	0.109324567608556	0.932093931978697	0.778825755260217	1.11552435466291	4.11526199658575	0.390631520665209	0.0118508848168018	0.0217351138948167	0.614565395997015	TRUE	1.44946952485531e-260	"approximate_quantitative_trait_correlation_sensitivity"	353.337430045278	43.5356432986411	27	NA	NA	NA	NA	NA	"reestimated_cis_only"	"NA"	"primary_analysis_reestimated"	"reestimated_subset"	"cis_only_sensitivity"	"OID30696"	"P12821"
"ACE"	"Weighted median"	"ACE"	"any_AMD"	"any_AMD"	"ACE"	6	-0.0292615596442625	0.0422922821815617	0.489007116047004	NA	NA	NA	"ACE"	"not_reported"	"sensitivity"	-0.112154432720123	0.0536313134315984	0.971162414347806	0.893906198474451	1.05509553088619	NA	NA	0.0118508848168018	0.0217351138948167	0.614565395997015	TRUE	1.44946952485531e-260	"approximate_quantitative_trait_correlation_sensitivity"	353.337430045278	43.5356432986411	27	NA	NA	NA	NA	NA	"reestimated_cis_only"	"NA"	"primary_analysis_reestimated"	"reestimated_subset"	"cis_only_sensitivity"	"OID30696"	"P12821"
"ACE"	"Inverse variance weighted"	"ACE"	"dry_AMD"	"dry_AMD"	"ACE"	6	-0.0476812066880837	0.045412380343901	0.293736262518318	5.03682882115265	5	0.41140211471876	"ACE"	"not_reported"	"primary"	-0.13668947216213	0.0413270587859622	0.953437688192434	0.872241039206441	1.04219290815848	5.03682882115265	0.41140211471876	0.0267032124777717	0.0253385069622786	0.351395941909612	TRUE	1.21162825481324e-250	"approximate_quantitative_trait_correlation_sensitivity"	353.337430045278	43.5356432986411	27	25	0.617310891310515	1	FALSE	FALSE	"reestimated_cis_only"	"NA"	"primary_analysis_reestimated"	"reestimated_subset"	"cis_only_sensitivity"	"OID30696"	"P12821"
"ACE"	"MR Egger"	"ACE"	"dry_AMD"	"dry_AMD"	"ACE"	6	-0.149749582007963	0.106899579362381	0.233867297166916	3.92621012334997	4	0.416084324623696	"ACE"	"not_reported"	"sensitivity"	-0.359272757558229	0.0597735935423033	0.860923540177639	0.698183890444776	1.06159616710696	3.92621012334997	0.416084324623696	0.0267032124777717	0.0253385069622786	0.351395941909612	TRUE	1.21162825481324e-250	"approximate_quantitative_trait_correlation_sensitivity"	353.337430045278	43.5356432986411	27	NA	NA	NA	NA	NA	"reestimated_cis_only"	"NA"	"primary_analysis_reestimated"	"reestimated_subset"	"cis_only_sensitivity"	"OID30696"	"P12821"
"ACE"	"Weighted median"	"ACE"	"dry_AMD"	"dry_AMD"	"ACE"	6	-0.0724791167253537	0.0485381002075422	0.135373922351387	NA	NA	NA	"ACE"	"not_reported"	"sensitivity"	-0.167613793132136	0.0226555596814289	0.930085169681512	0.845680379194196	1.02291414598711	NA	NA	0.0267032124777717	0.0253385069622786	0.351395941909612	TRUE	1.21162825481324e-250	"approximate_quantitative_trait_correlation_sensitivity"	353.337430045278	43.5356432986411	27	NA	NA	NA	NA	NA	"reestimated_cis_only"	"NA"	"primary_analysis_reestimated"	"reestimated_subset"	"cis_only_sensitivity"	"OID30696"	"P12821"
"ACE"	"Inverse variance weighted"	"ACE"	"wet_AMD"	"wet_AMD"	"ACE"	6	0.0207730282795281	0.050847883931161	0.682882556742052	3.76771583510763	5	0.583319870280228	"ACE"	"not_reported"	"primary"	-0.0788888242255474	0.120434880784604	1.02099028941421	0.924142661010115	1.12798728492712	3.76771583510763	0.583319870280228	-0.0329645061012578	0.0285150487510301	0.312011371198752	TRUE	4.61173461396823e-243	"approximate_quantitative_trait_correlation_sensitivity"	353.337430045278	43.5356432986411	27	25	0.812955424692919	1	FALSE	FALSE	"reestimated_cis_only"	"NA"	"primary_analysis_reestimated"	"reestimated_subset"	"cis_only_sensitivity"	"OID30696"	"P12821"
"ACE"	"MR Egger"	"ACE"	"wet_AMD"	"wet_AMD"	"ACE"	6	0.146700338167693	0.120213353759305	0.289360305382034	2.43128985546894	4	0.65698019676988	"ACE"	"not_reported"	"sensitivity"	-0.0889178352005451	0.38231851153593	1.15800690056212	0.914920744765708	1.46567884641514	2.43128985546894	0.65698019676988	-0.0329645061012578	0.0285150487510301	0.312011371198752	TRUE	4.61173461396823e-243	"approximate_quantitative_trait_correlation_sensitivity"	353.337430045278	43.5356432986411	27	NA	NA	NA	NA	NA	"reestimated_cis_only"	"NA"	"primary_analysis_reestimated"	"reestimated_subset"	"cis_only_sensitivity"	"OID30696"	"P12821"
"ACE"	"Weighted median"	"ACE"	"wet_AMD"	"wet_AMD"	"ACE"	6	0.0361429299422218	0.0535492480674829	0.499709134444857	NA	NA	NA	"ACE"	"not_reported"	"sensitivity"	-0.0688135962700447	0.141099456154488	1.03680402624058	0.933500671868491	1.15153916994728	NA	NA	-0.0329645061012578	0.0285150487510301	0.312011371198752	TRUE	4.61173461396823e-243	"approximate_quantitative_trait_correlation_sensitivity"	353.337430045278	43.5356432986411	27	NA	NA	NA	NA	NA	"reestimated_cis_only"	"NA"	"primary_analysis_reestimated"	"reestimated_subset"	"cis_only_sensitivity"	"OID30696"	"P12821"
"BLNK"	"Wald ratio"	"BLNK"	"AD"	"AD"	"BLNK"	1	0.635360595591977	0.180096944377494	0.000418900367248576	NA	NA	NA	"BLNK"	"not_reported"	"primary"	0.282370584612089	0.988350606571865	1.88770271602363	1.32627012422725	2.68679922663507	NA	NA	NA	NA	NA	TRUE	7.54899534421879e-10	"approximate_quantitative_trait_correlation_sensitivity"	55.024245147595	55.024245147595	27	25	0.00209450183624288	0.0113103099157116	TRUE	TRUE	"reestimated_cis_only"	"NA"	"primary_analysis_reestimated"	"reestimated_subset"	"cis_only_sensitivity"	"OID30541"	"Q8WV28"
"BLNK"	"Wald ratio"	"BLNK"	"any_AMD"	"any_AMD"	"BLNK"	1	0.164916579630969	0.209833694866233	0.431902958772897	NA	NA	NA	"BLNK"	"not_reported"	"primary"	-0.246357462306848	0.576190621568785	1.17929473740575	0.781642767153966	1.77924767696208	NA	NA	NA	NA	NA	TRUE	7.23715674372212e-12	"approximate_quantitative_trait_correlation_sensitivity"	55.024245147595	55.024245147595	27	25	0.800779986107791	1	FALSE	FALSE	"reestimated_cis_only"	"NA"	"primary_analysis_reestimated"	"reestimated_subset"	"cis_only_sensitivity"	"OID30541"	"Q8WV28"
"BLNK"	"Wald ratio"	"BLNK"	"dry_AMD"	"dry_AMD"	"BLNK"	1	0.164192844326612	0.248442061005329	0.508682935379033	NA	NA	NA	"BLNK"	"not_reported"	"primary"	-0.322753595243834	0.651139283897057	1.1784415489486	0.724152266948923	1.91772441746194	NA	NA	NA	NA	NA	TRUE	1.30122946408654e-11	"approximate_quantitative_trait_correlation_sensitivity"	55.024245147595	55.024245147595	27	25	0.719628616908792	1	FALSE	FALSE	"reestimated_cis_only"	"NA"	"primary_analysis_reestimated"	"reestimated_subset"	"cis_only_sensitivity"	"OID30541"	"Q8WV28"
"BLNK"	"Wald ratio"	"BLNK"	"wet_AMD"	"wet_AMD"	"BLNK"	1	0.0897056854395972	0.279557323049731	0.748297720969167	NA	NA	NA	"BLNK"	"not_reported"	"primary"	-0.458226667737875	0.63763803861707	1.09385229966652	0.6324041143502	1.89200675064417	NA	NA	NA	NA	NA	TRUE	1.47599196257881e-11	"approximate_quantitative_trait_correlation_sensitivity"	55.024245147595	55.024245147595	27	25	0.850338319283144	1	FALSE	FALSE	"reestimated_cis_only"	"NA"	"primary_analysis_reestimated"	"reestimated_subset"	"cis_only_sensitivity"	"OID30541"	"Q8WV28"
"C1R"	"Wald ratio"	"C1R"	"AD"	"AD"	"C1R"	1	0.201951507473069	0.176060288566265	0.251357310325028	NA	NA	NA	"C1R"	"not_reported"	"primary"	-0.143126658116811	0.547029673062949	1.2237886620678	0.866644294409446	1.72811232828369	NA	NA	NA	NA	NA	TRUE	7.07191400361264e-12	"approximate_quantitative_trait_correlation_sensitivity"	56.5905353975853	56.5905353975853	27	25	0.369643103419159	1	FALSE	FALSE	"reestimated_cis_only"	"NA"	"primary_analysis_reestimated"	"reestimated_subset"	"cis_only_sensitivity"	"OID30753"	"P00736"
"C1R"	"Wald ratio"	"C1R"	"any_AMD"	"any_AMD"	"C1R"	1	-0.0937926665711568	0.236495571738526	0.691667059317992	NA	NA	NA	"C1R"	"not_reported"	"primary"	-0.557323987178668	0.369738654036355	0.910471513853663	0.572739673679704	1.44735630450242	NA	NA	NA	NA	NA	TRUE	1.70046657526563e-12	"approximate_quantitative_trait_correlation_sensitivity"	56.5905353975853	56.5905353975853	27	25	0.807049644930599	1	FALSE	FALSE	"reestimated_cis_only"	"NA"	"primary_analysis_reestimated"	"reestimated_subset"	"cis_only_sensitivity"	"OID30753"	"P00736"
"C1R"	"Wald ratio"	"C1R"	"dry_AMD"	"dry_AMD"	"C1R"	1	0.160845917904123	0.279954845714227	0.56560084380706	NA	NA	NA	"C1R"	"not_reported"	"primary"	-0.387865579695761	0.709557415504007	1.17450398483544	0.678503541787015	2.03309124483146	NA	NA	NA	NA	NA	TRUE	5.92614086320625e-12	"approximate_quantitative_trait_correlation_sensitivity"	56.5905353975853	56.5905353975853	27	25	0.719628616908792	1	FALSE	FALSE	"reestimated_cis_only"	"NA"	"primary_analysis_reestimated"	"reestimated_subset"	"cis_only_sensitivity"	"OID30753"	"P00736"
"C1R"	"Wald ratio"	"C1R"	"wet_AMD"	"wet_AMD"	"C1R"	1	-0.264323453819559	0.314600748774051	0.400803555954666	NA	NA	NA	"C1R"	"not_reported"	"primary"	-0.880940921416699	0.352294013777581	0.76772517585126	0.414392817109649	1.42232664587884	NA	NA	NA	NA	NA	TRUE	3.30661529613377e-11	"approximate_quantitative_trait_correlation_sensitivity"	56.5905353975853	56.5905353975853	27	25	0.795117980523124	1	FALSE	FALSE	"reestimated_cis_only"	"NA"	"primary_analysis_reestimated"	"reestimated_subset"	"cis_only_sensitivity"	"OID30753"	"P00736"
"C1S"	"Inverse variance weighted"	"C1S"	"AD"	"AD"	"C1S"	2	-0.121107483969601	0.285054073469173	0.670940243621314	5.73508970022444	1	0.0166292187252147	"C1S"	"not_reported"	"primary"	-0.679813467969181	0.437598500029979	0.885938730263602	0.506711501476237	1.5489828659788	5.73508970022444	0.0166292187252147	NA	NA	NA	TRUE	2.69772138386261e-26	"approximate_quantitative_trait_correlation_sensitivity"	76.6142760861115	66.7784625348148	27	25	0.798738385263469	1	FALSE	FALSE	"reestimated_cis_only"	"NA"	"primary_analysis_reestimated"	"reestimated_subset"	"cis_only_sensitivity"	"OID30731"	"P09871"
"C1S"	"Inverse variance weighted"	"C1S"	"any_AMD"	"any_AMD"	"C1S"	2	0.0696349034312482	0.128564305085525	0.588070104058898	1.68251654724371	1	0.194590397930808	"C1S"	"not_reported"	"primary"	-0.18235113453638	0.321620941398877	1.07211668366884	0.833308685579159	1.3793618178865	1.68251654724371	0.194590397930808	NA	NA	NA	TRUE	5.59052632409021e-30	"approximate_quantitative_trait_correlation_sensitivity"	76.6142760861115	66.7784625348148	27	25	0.807049644930599	1	FALSE	FALSE	"reestimated_cis_only"	"NA"	"primary_analysis_reestimated"	"reestimated_subset"	"cis_only_sensitivity"	"OID30731"	"P09871"
"C1S"	"Inverse variance weighted"	"C1S"	"dry_AMD"	"dry_AMD"	"C1S"	2	0.158823415138842	0.174382907855082	0.362414474667966	2.21693374681779	1	0.136503927668347	"C1S"	"not_reported"	"primary"	-0.182967084257118	0.500613914534803	1.17213094782414	0.83279556737072	1.64973375540979	2.21693374681779	0.136503927668347	NA	NA	NA	TRUE	5.34344581446896e-28	"approximate_quantitative_trait_correlation_sensitivity"	76.6142760861115	66.7784625348148	27	25	0.6834930198371	1	FALSE	FALSE	"reestimated_cis_only"	"NA"	"primary_analysis_reestimated"	"reestimated_subset"	"cis_only_sensitivity"	"OID30731"	"P09871"
"C1S"	"Inverse variance weighted"	"C1S"	"wet_AMD"	"wet_AMD"	"C1S"	2	0.0857526645087262	0.164764988276335	0.602746896626681	1.55880205306431	1	0.211840708958908	"C1S"	"not_reported"	"primary"	-0.23718671251289	0.408692041530343	1.08953681385314	0.788843987223454	1.50484821836513	1.55880205306431	0.211840708958908	NA	NA	NA	TRUE	1.00057337472625e-27	"approximate_quantitative_trait_correlation_sensitivity"	76.6142760861115	66.7784625348148	27	25	0.795117980523124	1	FALSE	FALSE	"reestimated_cis_only"	"NA"	"primary_analysis_reestimated"	"reestimated_subset"	"cis_only_sensitivity"	"OID30731"	"P09871"
"CD226"	"Inverse variance weighted"	"CD226"	"AD"	"AD"	"CD226"	2	0.0471034696902767	0.0882113163421813	0.593352304722149	0.332368449762749	1	0.564267775999576	"CD226"	"not_reported"	"primary"	-0.125790710340399	0.219997649720952	1.04823046355009	0.881799378964264	1.24607380196279	0.332368449762749	0.564267775999576	NA	NA	NA	TRUE	2.92840374923271e-58	"approximate_quantitative_trait_correlation_sensitivity"	149.712515524392	43.7594928515072	27	25	0.741690380902686	1	FALSE	FALSE	"reestimated_cis_only"	"NA"	"primary_analysis_reestimated"	"reestimated_subset"	"cis_only_sensitivity"	"OID30556"	"Q15762"
"CD226"	"Inverse variance weighted"	"CD226"	"any_AMD"	"any_AMD"	"CD226"	2	-0.0719877197468382	0.125321158192527	0.565679627008709	0.857577969315617	1	0.354417368392244	"CD226"	"not_reported"	"primary"	-0.317617189804192	0.173641750310515	0.930542323036346	0.727881375500085	1.18962930514188	0.857577969315617	0.354417368392244	NA	NA	NA	TRUE	3.3039467974044e-59	"approximate_quantitative_trait_correlation_sensitivity"	149.712515524392	43.7594928515072	27	25	0.807049644930599	1	FALSE	FALSE	"reestimated_cis_only"	"NA"	"primary_analysis_reestimated"	"reestimated_subset"	"cis_only_sensitivity"	"OID30556"	"Q15762"
"CD226"	"Inverse variance weighted"	"CD226"	"dry_AMD"	"dry_AMD"	"CD226"	2	-0.0338984127651651	0.148155432186944	0.819022006570721	0.0101183654927567	1	0.919875866652793	"CD226"	"not_reported"	"primary"	-0.324283059851575	0.256486234321245	0.966669700951595	0.723045548245295	1.2923809751759	0.0101183654927567	0.919875866652793	NA	NA	NA	TRUE	2.57140981372612e-59	"approximate_quantitative_trait_correlation_sensitivity"	149.712515524392	43.7594928515072	27	25	0.853147923511168	1	FALSE	FALSE	"reestimated_cis_only"	"NA"	"primary_analysis_reestimated"	"reestimated_subset"	"cis_only_sensitivity"	"OID30556"	"Q15762"
"CD226"	"Inverse variance weighted"	"CD226"	"wet_AMD"	"wet_AMD"	"CD226"	2	-0.123820433936435	0.16577076025568	0.455101154878853	0.0427953133608128	1	0.836111166401389	"CD226"	"not_reported"	"primary"	-0.448731124037567	0.201090256164697	0.8835384801661	0.638437736178906	1.2227351262261	0.0427953133608128	0.836111166401389	NA	NA	NA	TRUE	6.28517858261487e-56	"approximate_quantitative_trait_correlation_sensitivity"	149.712515524392	43.7594928515072	27	25	0.795117980523124	1	FALSE	FALSE	"reestimated_cis_only"	"NA"	"primary_analysis_reestimated"	"reestimated_subset"	"cis_only_sensitivity"	"OID30556"	"Q15762"
"CD2AP"	"Inverse variance weighted"	"CD2AP"	"AD"	"AD"	"CD2AP"	2	0.249446827410422	0.0728993238780831	0.000622083027095612	3.11958253105488	1	0.0773565996706102	"CD2AP"	"not_reported"	"primary"	0.106564152609379	0.392329502211465	1.28331532544252	1.11244929068136	1.48042543449953	3.11958253105488	0.0773565996706102	NA	NA	NA	TRUE	6.34092450774919e-166	"approximate_quantitative_trait_correlation_sensitivity"	749.131215617584	127.059611549351	27	25	0.00259201261289838	0.0167962417315815	TRUE	TRUE	"reestimated_cis_only"	"NA"	"primary_analysis_reestimated"	"reestimated_subset"	"cis_only_sensitivity"	"OID20177"	"Q9Y5K6"
"CD2AP"	"Inverse variance weighted"	"CD2AP"	"any_AMD"	"any_AMD"	"CD2AP"	2	0.0934375371828829	0.12563127410747	0.457031216212758	6.40977335512575	1	0.0113493901260301	"CD2AP"	"not_reported"	"primary"	-0.152799760067757	0.339674834433523	1.09794202064775	0.858301570853691	1.4044908242508	6.40977335512575	0.0113493901260301	NA	NA	NA	TRUE	2.31316743141631e-197	"approximate_quantitative_trait_correlation_sensitivity"	749.131215617584	127.059611549351	27	25	0.800779986107791	1	FALSE	FALSE	"reestimated_cis_only"	"NA"	"primary_analysis_reestimated"	"reestimated_subset"	"cis_only_sensitivity"	"OID20177"	"Q9Y5K6"
"CD2AP"	"Inverse variance weighted"	"CD2AP"	"dry_AMD"	"dry_AMD"	"CD2AP"	2	0.0832500481419944	0.14874781076677	0.575702893527033	6.41793180543018	1	0.0112973655826906	"CD2AP"	"not_reported"	"primary"	-0.208295660960875	0.374795757244864	1.08681353027901	0.81196693429524	1.45469427350847	6.41793180543018	0.0112973655826906	NA	NA	NA	TRUE	2.31704283763045e-191	"approximate_quantitative_trait_correlation_sensitivity"	749.131215617584	127.059611549351	27	25	0.719628616908792	1	FALSE	FALSE	"reestimated_cis_only"	"NA"	"primary_analysis_reestimated"	"reestimated_subset"	"cis_only_sensitivity"	"OID20177"	"Q9Y5K6"
"CD2AP"	"Inverse variance weighted"	"CD2AP"	"wet_AMD"	"wet_AMD"	"CD2AP"	2	0.108290415450905	0.0986294130786398	0.272225210111698	2.23469417407159	1	0.134943321723606	"CD2AP"	"not_reported"	"primary"	-0.0850232341832294	0.301604065085039	1.11437132904935	0.91849094376666	1.35202580649798	2.23469417407159	0.134943321723606	NA	NA	NA	TRUE	2.17887556549089e-186	"approximate_quantitative_trait_correlation_sensitivity"	749.131215617584	127.059611549351	27	25	0.756181139199161	1	FALSE	FALSE	"reestimated_cis_only"	"NA"	"primary_analysis_reestimated"	"reestimated_subset"	"cis_only_sensitivity"	"OID20177"	"Q9Y5K6"
"CD33"	"Inverse variance weighted"	"CD33"	"AD"	"AD"	"CD33"	7	0.0653912818843847	0.010792803756739	1.37153221846418e-09	5.27626763244695	6	0.508898960370107	"CD33"	"not_reported"	"primary"	0.0442373865211763	0.086545177247593	1.06757666608068	1.0452304490603	1.09040062790419	5.27626763244695	0.508898960370107	-0.0103993358536146	0.00760788222464428	0.229904086802386	TRUE	0	"approximate_quantitative_trait_correlation_sensitivity"	2355.50658162303	35.7963440828048	27	25	1.71441527308022e-08	3.70313698985327e-08	TRUE	TRUE	"reestimated_cis_only"	"NA"	"primary_analysis_reestimated"	"reestimated_subset"	"cis_only_sensitivity"	"OID21472"	"P20138"
"CD33"	"MR Egger"	"CD33"	"AD"	"AD"	"CD33"	7	0.0779459814407583	0.014171913863938	0.00271501529851606	3.40780831206701	5	0.637380973564563	"CD33"	"not_reported"	"sensitivity"	0.0501690302674399	0.105722932614077	1.08106425955903	1.0514488080295	1.1115138695969	3.40780831206701	0.637380973564563	-0.0103993358536146	0.00760788222464428	0.229904086802386	TRUE	0	"approximate_quantitative_trait_correlation_sensitivity"	2355.50658162303	35.7963440828048	27	NA	NA	NA	NA	NA	"reestimated_cis_only"	"NA"	"primary_analysis_reestimated"	"reestimated_subset"	"cis_only_sensitivity"	"OID21472"	"P20138"
"CD33"	"Weighted median"	"CD33"	"AD"	"AD"	"CD33"	7	0.0674063161390097	0.0102784936430759	5.45358160409529e-11	NA	NA	NA	"CD33"	"not_reported"	"sensitivity"	0.0472604685985809	0.0875521636794385	1.0697300384632	1.04839504750793	1.09149919957232	NA	NA	-0.0103993358536146	0.00760788222464428	0.229904086802386	TRUE	0	"approximate_quantitative_trait_correlation_sensitivity"	2355.50658162303	35.7963440828048	27	NA	NA	NA	NA	NA	"reestimated_cis_only"	"NA"	"primary_analysis_reestimated"	"reestimated_subset"	"cis_only_sensitivity"	"OID21472"	"P20138"
"CD33"	"Inverse variance weighted"	"CD33"	"any_AMD"	"any_AMD"	"CD33"	6	0.00315760256449084	0.0142145172200036	0.824205463714699	1.77701150160475	5	0.879058340164279	"CD33"	"not_reported"	"primary"	-0.0247028511867161	0.0310180563156978	1.00316259304274	0.975599767274214	1.03150412888257	1.77701150160475	0.879058340164279	0.009705847443994	0.00978660570565201	0.377458354356044	TRUE	0	"approximate_quantitative_trait_correlation_sensitivity"	2627.09651529112	35.7963440828048	27	25	0.895875504037716	1	FALSE	FALSE	"reestimated_cis_only"	"NA"	"primary_analysis_reestimated"	"reestimated_subset"	"cis_only_sensitivity"	"OID21472"	"P20138"
"CD33"	"MR Egger"	"CD33"	"any_AMD"	"any_AMD"	"CD33"	6	-0.00873469416420616	0.0185968415786401	0.663039494170966	0.793447242213025	4	0.939324388437887	"CD33"	"not_reported"	"sensitivity"	-0.0451845036583407	0.0277151153299284	0.991303342450236	0.955821113071178	1.02810275198413	0.793447242213025	0.939324388437887	0.009705847443994	0.00978660570565201	0.377458354356044	TRUE	0	"approximate_quantitative_trait_correlation_sensitivity"	2627.09651529112	35.7963440828048	27	NA	NA	NA	NA	NA	"reestimated_cis_only"	"NA"	"primary_analysis_reestimated"	"reestimated_subset"	"cis_only_sensitivity"	"OID21472"	"P20138"
"CD33"	"Weighted median"	"CD33"	"any_AMD"	"any_AMD"	"CD33"	6	0.00155511668187959	0.0137800233356181	0.910147115543761	NA	NA	NA	"CD33"	"not_reported"	"sensitivity"	-0.0254537290559319	0.0285639624196911	1.00155632650288	0.974867485961078	1.02897582451324	NA	NA	0.009705847443994	0.00978660570565201	0.377458354356044	TRUE	0	"approximate_quantitative_trait_correlation_sensitivity"	2627.09651529112	35.7963440828048	27	NA	NA	NA	NA	NA	"reestimated_cis_only"	"NA"	"primary_analysis_reestimated"	"reestimated_subset"	"cis_only_sensitivity"	"OID21472"	"P20138"
"CD33"	"Inverse variance weighted"	"CD33"	"dry_AMD"	"dry_AMD"	"CD33"	6	0.0233049814992378	0.0168173989459299	0.165818334231012	2.02845011022645	5	0.845194583953048	"CD33"	"not_reported"	"primary"	-0.00965712043478473	0.0562670834332604	1.02357866450432	0.990389359810653	1.05788018828145	2.02845011022645	0.845194583953048	0.00378734963471376	0.0115781631626776	0.759986077851704	TRUE	0	"approximate_quantitative_trait_correlation_sensitivity"	2627.09651529112	35.7963440828048	27	25	0.460606483975034	1	FALSE	FALSE	"reestimated_cis_only"	"NA"	"primary_analysis_reestimated"	"reestimated_subset"	"cis_only_sensitivity"	"OID21472"	"P20138"
"CD33"	"MR Egger"	"CD33"	"dry_AMD"	"dry_AMD"	"CD33"	6	0.0186637937266747	0.0220030812603566	0.444084034485935	1.92144821548166	4	0.750203887046611	"CD33"	"not_reported"	"sensitivity"	-0.0244622455436241	0.0617898329969736	1.01883905094845	0.975834530325145	1.06373875844676	1.92144821548166	0.750203887046611	0.00378734963471376	0.0115781631626776	0.759986077851704	TRUE	0	"approximate_quantitative_trait_correlation_sensitivity"	2627.09651529112	35.7963440828048	27	NA	NA	NA	NA	NA	"reestimated_cis_only"	"NA"	"primary_analysis_reestimated"	"reestimated_subset"	"cis_only_sensitivity"	"OID21472"	"P20138"
"CD33"	"Weighted median"	"CD33"	"dry_AMD"	"dry_AMD"	"CD33"	6	0.0222306120169839	0.0176348295721105	0.207450017212144	NA	NA	NA	"CD33"	"not_reported"	"sensitivity"	-0.0123336539443527	0.0567948779783205	1.02247955335595	0.987742093830034	1.05843867904538	NA	NA	0.00378734963471376	0.0115781631626776	0.759986077851704	TRUE	0	"approximate_quantitative_trait_correlation_sensitivity"	2627.09651529112	35.7963440828048	27	NA	NA	NA	NA	NA	"reestimated_cis_only"	"NA"	"primary_analysis_reestimated"	"reestimated_subset"	"cis_only_sensitivity"	"OID21472"	"P20138"
"CD33"	"Inverse variance weighted"	"CD33"	"wet_AMD"	"wet_AMD"	"CD33"	6	-0.0318631383887992	0.018913889909474	0.0920576112472952	1.32505856115522	5	0.932332171248648	"CD33"	"not_reported"	"primary"	-0.0689343626113682	0.00520808583376977	0.96863914252149	0.933387943214777	1.00522167148764	1.32505856115522	0.932332171248648	0.00974798091807374	0.0130126921883043	0.495438211172706	TRUE	0	"approximate_quantitative_trait_correlation_sensitivity"	2627.09651529112	35.7963440828048	27	25	0.383573380197063	1	FALSE	FALSE	"reestimated_cis_only"	"NA"	"primary_analysis_reestimated"	"reestimated_subset"	"cis_only_sensitivity"	"OID21472"	"P20138"
"CD33"	"MR Egger"	"CD33"	"wet_AMD"	"wet_AMD"	"CD33"	6	-0.0438107444008975	0.0247407708064961	0.151299878173214	0.763887809834524	4	0.943222787589709	"CD33"	"not_reported"	"sensitivity"	-0.09230265518163	0.00468116637983488	0.957135083506599	0.911829137965663	1.00469214015585	0.763887809834524	0.943222787589709	0.00974798091807374	0.0130126921883043	0.495438211172706	TRUE	0	"approximate_quantitative_trait_correlation_sensitivity"	2627.09651529112	35.7963440828048	27	NA	NA	NA	NA	NA	"reestimated_cis_only"	"NA"	"primary_analysis_reestimated"	"reestimated_subset"	"cis_only_sensitivity"	"OID21472"	"P20138"
"CD33"	"Weighted median"	"CD33"	"wet_AMD"	"wet_AMD"	"CD33"	6	-0.0329691564005774	0.0194356579348425	0.0898246995369082	NA	NA	NA	"CD33"	"not_reported"	"sensitivity"	-0.0710630459528687	0.00512473315171376	0.967568402421018	0.931403169076187	1.00513788705714	NA	NA	0.00974798091807374	0.0130126921883043	0.495438211172706	TRUE	0	"approximate_quantitative_trait_correlation_sensitivity"	2627.09651529112	35.7963440828048	27	NA	NA	NA	NA	NA	"reestimated_cis_only"	"NA"	"primary_analysis_reestimated"	"reestimated_subset"	"cis_only_sensitivity"	"OID21472"	"P20138"
"CR1"	"Inverse variance weighted"	"CR1"	"AD"	"AD"	"CR1"	3	0.229449103975285	0.0341784775335707	1.90319805465534e-11	3.99723752852651	2	0.13552234232287	"CR1"	"not_reported"	"primary"	0.162459288009486	0.296438919941084	1.25790684313625	1.17640042387086	1.3450604011196	3.99723752852651	0.13552234232287	-0.0108213656679079	0.0268759575567961	0.756313964406274	TRUE	6.94902277724588e-198	"approximate_quantitative_trait_correlation_sensitivity"	1082.42137120818	37.4571183152205	27	25	4.75799513663834e-10	5.1386347475694e-10	TRUE	TRUE	"reestimated_cis_only"	"NA"	"primary_analysis_reestimated"	"reestimated_subset"	"cis_only_sensitivity"	"OID30697"	"P17927"
"CR1"	"MR Egger"	"CR1"	"AD"	"AD"	"CR1"	3	0.252449663972924	0.0726194593062313	0.178315179432905	3.43960861941877	1	0.0636507691380094	"CR1"	"not_reported"	"sensitivity"	0.110115523732711	0.394783804213138	1.28717470326339	1.11640703451738	1.48406330800077	3.43960861941877	0.0636507691380094	-0.0108213656679079	0.0268759575567961	0.756313964406274	TRUE	6.94902277724588e-198	"approximate_quantitative_trait_correlation_sensitivity"	1082.42137120818	37.4571183152205	27	NA	NA	NA	NA	NA	"reestimated_cis_only"	"NA"	"primary_analysis_reestimated"	"reestimated_subset"	"cis_only_sensitivity"	"OID30697"	"P17927"
"CR1"	"Weighted median"	"CR1"	"AD"	"AD"	"CR1"	3	0.231871723242803	0.0249257270031651	1.37173839514765e-20	NA	NA	NA	"CR1"	"not_reported"	"sensitivity"	0.1830172983166	0.280726148169007	1.26095796685445	1.2008351803283	1.3240909495498	NA	NA	-0.0108213656679079	0.0268759575567961	0.756313964406274	TRUE	6.94902277724588e-198	"approximate_quantitative_trait_correlation_sensitivity"	1082.42137120818	37.4571183152205	27	NA	NA	NA	NA	NA	"reestimated_cis_only"	"NA"	"primary_analysis_reestimated"	"reestimated_subset"	"cis_only_sensitivity"	"OID30697"	"P17927"
"CR1"	"Inverse variance weighted"	"CR1"	"any_AMD"	"any_AMD"	"CR1"	3	-0.0161696624262933	0.0374892095932723	0.666239267704102	2.88583707700452	2	0.236237283974777	"CR1"	"not_reported"	"primary"	-0.0896485132291071	0.0573091883765205	0.983960364789801	0.91425247645385	1.05898318507442	2.88583707700452	0.236237283974777	0.0298539670936724	0.0190230701448891	0.361171712957897	TRUE	9.36994287364625e-234	"approximate_quantitative_trait_correlation_sensitivity"	1082.42137120818	37.4571183152205	27	25	0.807049644930599	1	FALSE	FALSE	"reestimated_cis_only"	"NA"	"primary_analysis_reestimated"	"reestimated_subset"	"cis_only_sensitivity"	"OID30697"	"P17927"
"CR1"	"MR Egger"	"CR1"	"any_AMD"	"any_AMD"	"CR1"	3	-0.0793337509192216	0.0509309478433491	0.363330974745128	0.422959181401675	1	0.515464151440894	"CR1"	"not_reported"	"sensitivity"	-0.179158408692186	0.0204909068537426	0.923731576729435	0.835973463444763	1.02070228680582	0.422959181401675	0.515464151440894	0.0298539670936724	0.0190230701448891	0.361171712957897	TRUE	9.36994287364625e-234	"approximate_quantitative_trait_correlation_sensitivity"	1082.42137120818	37.4571183152205	27	NA	NA	NA	NA	NA	"reestimated_cis_only"	"NA"	"primary_analysis_reestimated"	"reestimated_subset"	"cis_only_sensitivity"	"OID30697"	"P17927"
"CR1"	"Weighted median"	"CR1"	"any_AMD"	"any_AMD"	"CR1"	3	-0.0199773243393718	0.0317894694395211	0.529725007708515	NA	NA	NA	"CR1"	"not_reported"	"sensitivity"	-0.0822846844408332	0.0423300357620896	0.980220900211223	0.921009724232739	1.043238728029	NA	NA	0.0298539670936724	0.0190230701448891	0.361171712957897	TRUE	9.36994287364625e-234	"approximate_quantitative_trait_correlation_sensitivity"	1082.42137120818	37.4571183152205	27	NA	NA	NA	NA	NA	"reestimated_cis_only"	"NA"	"primary_analysis_reestimated"	"reestimated_subset"	"cis_only_sensitivity"	"OID30697"	"P17927"
"CR1"	"Inverse variance weighted"	"CR1"	"dry_AMD"	"dry_AMD"	"CR1"	3	0.00470891481994515	0.0401497609013726	0.906635195857649	2.36428593083749	2	0.306620955944864	"CR1"	"not_reported"	"primary"	-0.0739846165467451	0.0834024461866354	1.00472001918233	0.928685980128764	1.08697917115726	2.36428593083749	0.306620955944864	0.0269587192453058	0.0225173189052237	0.443004232487584	TRUE	2.03211622789441e-227	"approximate_quantitative_trait_correlation_sensitivity"	1082.42137120818	37.4571183152205	27	25	0.906635195857649	1	FALSE	FALSE	"reestimated_cis_only"	"NA"	"primary_analysis_reestimated"	"reestimated_subset"	"cis_only_sensitivity"	"OID30697"	"P17927"
"CR1"	"MR Egger"	"CR1"	"dry_AMD"	"dry_AMD"	"CR1"	3	-0.0523221693768547	0.0602723101901456	0.544876364242979	0.930893342508258	1	0.334630898135804	"CR1"	"not_reported"	"sensitivity"	-0.17045589734954	0.0658115585958306	0.949023071415035	0.843280279703933	1.0680254379887	0.930893342508258	0.334630898135804	0.0269587192453058	0.0225173189052237	0.443004232487584	TRUE	2.03211622789441e-227	"approximate_quantitative_trait_correlation_sensitivity"	1082.42137120818	37.4571183152205	27	NA	NA	NA	NA	NA	"reestimated_cis_only"	"NA"	"primary_analysis_reestimated"	"reestimated_subset"	"cis_only_sensitivity"	"OID30697"	"P17927"
"CR1"	"Weighted median"	"CR1"	"dry_AMD"	"dry_AMD"	"CR1"	3	0.00087612158157796	0.0370178673907523	0.98111780401567	NA	NA	NA	"CR1"	"not_reported"	"sensitivity"	-0.0716788985042965	0.0734311416674525	1.0008765054882	0.930829738650523	1.07619442916657	NA	NA	0.0269587192453058	0.0225173189052237	0.443004232487584	TRUE	2.03211622789441e-227	"approximate_quantitative_trait_correlation_sensitivity"	1082.42137120818	37.4571183152205	27	NA	NA	NA	NA	NA	"reestimated_cis_only"	"NA"	"primary_analysis_reestimated"	"reestimated_subset"	"cis_only_sensitivity"	"OID30697"	"P17927"
"CR1"	"Inverse variance weighted"	"CR1"	"wet_AMD"	"wet_AMD"	"CR1"	3	-0.0327317789610816	0.0631592959646119	0.604289665197574	4.62520213378323	2	0.099003401892085	"CR1"	"not_reported"	"primary"	-0.156523999051721	0.0910604411295578	0.967798108593374	0.855110995603645	1.09533520655493	4.62520213378323	0.099003401892085	0.0379670497694355	0.0391489011297926	0.509755842177928	TRUE	9.5909026504625e-215	"approximate_quantitative_trait_correlation_sensitivity"	1082.42137120818	37.4571183152205	27	25	0.795117980523124	1	FALSE	FALSE	"reestimated_cis_only"	"NA"	"primary_analysis_reestimated"	"reestimated_subset"	"cis_only_sensitivity"	"OID30697"	"P17927"
"CR1"	"MR Egger"	"CR1"	"wet_AMD"	"wet_AMD"	"CR1"	3	-0.113064493083394	0.104750660308829	0.475712515064318	2.38346860820442	1	0.122625005986579	"CR1"	"not_reported"	"sensitivity"	-0.3183757872887	0.0922468011219112	0.893093059933436	0.727329415903661	1.0966354395419	2.38346860820442	0.122625005986579	0.0379670497694355	0.0391489011297926	0.509755842177928	TRUE	9.5909026504625e-215	"approximate_quantitative_trait_correlation_sensitivity"	1082.42137120818	37.4571183152205	27	NA	NA	NA	NA	NA	"reestimated_cis_only"	"NA"	"primary_analysis_reestimated"	"reestimated_subset"	"cis_only_sensitivity"	"OID30697"	"P17927"
"CR1"	"Weighted median"	"CR1"	"wet_AMD"	"wet_AMD"	"CR1"	3	-0.035557444860089	0.0428358178758879	0.406489737719426	NA	NA	NA	"CR1"	"not_reported"	"sensitivity"	-0.119515647896829	0.0484007581766514	0.965067294481944	0.887350122547244	1.04959120330669	NA	NA	0.0379670497694355	0.0391489011297926	0.509755842177928	TRUE	9.5909026504625e-215	"approximate_quantitative_trait_correlation_sensitivity"	1082.42137120818	37.4571183152205	27	NA	NA	NA	NA	NA	"reestimated_cis_only"	"NA"	"primary_analysis_reestimated"	"reestimated_subset"	"cis_only_sensitivity"	"OID30697"	"P17927"
"CSF2"	"Inverse variance weighted"	"CSF2"	"AD"	"AD"	"CSF2"	2	0.0728139483234311	0.0472587533956458	0.123377518874921	0.820719080315414	1	0.364970007526907	"CSF2"	"not_reported"	"primary"	-0.0198132083320346	0.165441104978897	1.07553041406195	0.980381783353063	1.17991346964439	0.820719080315414	0.364970007526907	NA	NA	NA	TRUE	2.98757110949686e-146	"approximate_quantitative_trait_correlation_sensitivity"	370.725220160809	66.2452774765143	27	25	0.205629198124868	1	FALSE	FALSE	"reestimated_cis_only"	"NA"	"primary_analysis_reestimated"	"reestimated_subset"	"cis_only_sensitivity"	"OID30072"	"P04141"
"CSF2"	"Wald ratio"	"CSF2"	"any_AMD"	"any_AMD"	"CSF2"	1	0.24449339026361	0.0594995221630224	3.970912434461e-05	NA	NA	NA	"CSF2"	"not_reported"	"primary"	0.127874326824086	0.361112453703134	1.27697422173346	1.13641017744646	1.43492481441508	NA	NA	NA	NA	NA	TRUE	1.21125150947198e-123	"approximate_quantitative_trait_correlation_sensitivity"	675.205162845104	675.205162845104	27	25	0.000496364054307625	0.00107214635730447	TRUE	TRUE	"reestimated_cis_only"	"NA"	"primary_analysis_reestimated"	"reestimated_subset"	"cis_only_sensitivity"	"OID30072"	"P04141"
"CSF2"	"Wald ratio"	"CSF2"	"dry_AMD"	"dry_AMD"	"CSF2"	1	0.166840984877383	0.0708490732423597	0.018528744948031	NA	NA	NA	"CSF2"	"not_reported"	"primary"	0.0279768013223574	0.305705168432408	1.18156636344897	1.02837182727818	1.35758198951164	NA	NA	NA	NA	NA	TRUE	1.34582683466788e-124	"approximate_quantitative_trait_correlation_sensitivity"	675.205162845104	675.205162845104	27	25	0.174126574775112	0.500276113596836	FALSE	FALSE	"reestimated_cis_only"	"NA"	"primary_analysis_reestimated"	"reestimated_subset"	"cis_only_sensitivity"	"OID30072"	"P04141"
"CSF2"	"Wald ratio"	"CSF2"	"wet_AMD"	"wet_AMD"	"CSF2"	1	0.405788595077254	0.0787003654530018	2.52118216298165e-07	NA	NA	NA	"CSF2"	"not_reported"	"primary"	0.25153587878937	0.560041311365137	1.50048530894496	1.28599903932485	1.75074482446089	NA	NA	NA	NA	NA	TRUE	6.28628705978408e-109	"approximate_quantitative_trait_correlation_sensitivity"	675.205162845104	675.205162845104	27	25	6.30295540745411e-06	6.80719184005044e-06	TRUE	TRUE	"reestimated_cis_only"	"NA"	"primary_analysis_reestimated"	"reestimated_subset"	"cis_only_sensitivity"	"OID30072"	"P04141"
"CTSH"	"Inverse variance weighted"	"CTSH"	"AD"	"AD"	"CTSH"	8	0.000512269972026624	0.0158856025740509	0.974274726384685	5.00512572913513	7	0.659337678186386	"CTSH"	"not_reported"	"primary"	-0.0306235110731132	0.0316480510171665	1.0005124012047	0.96984063861143	1.03215417575985	5.00512572913513	0.659337678186386	0.0221794371368606	0.0318472869791248	0.512221797240222	TRUE	0	"approximate_quantitative_trait_correlation_sensitivity"	959.93899146813	44.5923163263753	27	25	0.974274726384685	1	FALSE	FALSE	"reestimated_cis_only"	"NA"	"primary_analysis_reestimated"	"reestimated_subset"	"cis_only_sensitivity"	"OID20113"	"P09668"
"CTSH"	"MR Egger"	"CTSH"	"AD"	"AD"	"CTSH"	8	-0.0299898219140065	0.0465896235935474	0.543573805771168	4.52010962554472	6	0.606658241242917	"CTSH"	"not_reported"	"sensitivity"	-0.121305484157359	0.0613258403293465	0.970455410876867	0.885763331593725	1.06324530595059	4.52010962554472	0.606658241242917	0.0221794371368606	0.0318472869791248	0.512221797240222	TRUE	0	"approximate_quantitative_trait_correlation_sensitivity"	959.93899146813	44.5923163263753	27	NA	NA	NA	NA	NA	"reestimated_cis_only"	"NA"	"primary_analysis_reestimated"	"reestimated_subset"	"cis_only_sensitivity"	"OID20113"	"P09668"
"CTSH"	"Weighted median"	"CTSH"	"AD"	"AD"	"CTSH"	8	-0.00684465449960055	0.0191292846460357	0.720485304573654	NA	NA	NA	"CTSH"	"not_reported"	"sensitivity"	-0.0443380524058304	0.0306487434066293	0.993178716794796	0.956630511559369	1.03112325142782	NA	NA	0.0221794371368606	0.0318472869791248	0.512221797240222	TRUE	0	"approximate_quantitative_trait_correlation_sensitivity"	959.93899146813	44.5923163263753	27	NA	NA	NA	NA	NA	"reestimated_cis_only"	"NA"	"primary_analysis_reestimated"	"reestimated_subset"	"cis_only_sensitivity"	"OID20113"	"P09668"
"CTSH"	"Inverse variance weighted"	"CTSH"	"any_AMD"	"any_AMD"	"CTSH"	8	-0.0228768135680317	0.0214088490462521	0.28526432030328	10.8445816043968	7	0.145543437958511	"CTSH"	"not_reported"	"primary"	-0.0648381576986859	0.0190845305626225	0.977382876666983	0.937219132805097	1.01926780425692	10.8445816043968	0.145543437958511	-0.03083379004313	0.0441710546516166	0.511275824247277	TRUE	0	"approximate_quantitative_trait_correlation_sensitivity"	959.93899146813	44.5923163263753	27	25	0.661472706225246	1	FALSE	FALSE	"reestimated_cis_only"	"NA"	"primary_analysis_reestimated"	"reestimated_subset"	"cis_only_sensitivity"	"OID20113"	"P09668"
"CTSH"	"MR Egger"	"CTSH"	"any_AMD"	"any_AMD"	"CTSH"	8	0.018451426922064	0.0632438586192276	0.7803017580628	10.0300115041216	6	0.123393846187613	"CTSH"	"not_reported"	"sensitivity"	-0.105506535971622	0.14240938981575	1.01862270632781	0.899868591311986	1.1530485982779	10.0300115041216	0.123393846187613	-0.03083379004313	0.0441710546516166	0.511275824247277	TRUE	0	"approximate_quantitative_trait_correlation_sensitivity"	959.93899146813	44.5923163263753	27	NA	NA	NA	NA	NA	"reestimated_cis_only"	"NA"	"primary_analysis_reestimated"	"reestimated_subset"	"cis_only_sensitivity"	"OID20113"	"P09668"
"CTSH"	"Weighted median"	"CTSH"	"any_AMD"	"any_AMD"	"CTSH"	8	-0.00433217965144416	0.0216293178509116	0.841252207273684	NA	NA	NA	"CTSH"	"not_reported"	"sensitivity"	-0.046725642639231	0.0380612833363426	0.995677190702586	0.954349194402016	1.03879489174461	NA	NA	-0.03083379004313	0.0441710546516166	0.511275824247277	TRUE	0	"approximate_quantitative_trait_correlation_sensitivity"	959.93899146813	44.5923163263753	27	NA	NA	NA	NA	NA	"reestimated_cis_only"	"NA"	"primary_analysis_reestimated"	"reestimated_subset"	"cis_only_sensitivity"	"OID20113"	"P09668"
"CTSH"	"Inverse variance weighted"	"CTSH"	"dry_AMD"	"dry_AMD"	"CTSH"	8	-0.0251311759049858	0.0203554310349682	0.216972810039056	6.24709363312211	7	0.511212088640242	"CTSH"	"not_reported"	"primary"	-0.0650278207335236	0.0147654689235519	0.97518198325875	0.93704139383585	1.01487501697183	6.24709363312211	0.511212088640242	-0.0423662292443712	0.0404373303706611	0.335134741692142	TRUE	0	"approximate_quantitative_trait_correlation_sensitivity"	959.93899146813	44.5923163263753	27	25	0.542432025097639	1	FALSE	FALSE	"reestimated_cis_only"	"NA"	"primary_analysis_reestimated"	"reestimated_subset"	"cis_only_sensitivity"	"OID20113"	"P09668"
"CTSH"	"MR Egger"	"CTSH"	"dry_AMD"	"dry_AMD"	"CTSH"	8	0.0316494259980315	0.0578920380399918	0.604306806698521	5.14941636287741	6	0.524797316070215	"CTSH"	"not_reported"	"sensitivity"	-0.0818189685603525	0.145117820556415	1.03215559495307	0.921438752982388	1.15617578351763	5.14941636287741	0.524797316070215	-0.0423662292443712	0.0404373303706611	0.335134741692142	TRUE	0	"approximate_quantitative_trait_correlation_sensitivity"	959.93899146813	44.5923163263753	27	NA	NA	NA	NA	NA	"reestimated_cis_only"	"NA"	"primary_analysis_reestimated"	"reestimated_subset"	"cis_only_sensitivity"	"OID20113"	"P09668"
"CTSH"	"Weighted median"	"CTSH"	"dry_AMD"	"dry_AMD"	"CTSH"	8	-0.0192077162302467	0.0239246514024268	0.422066032859811	NA	NA	NA	"CTSH"	"not_reported"	"sensitivity"	-0.0661000329790032	0.0276846005185098	0.980975576530018	0.936037225016113	1.02807138010119	NA	NA	-0.0423662292443712	0.0404373303706611	0.335134741692142	TRUE	0	"approximate_quantitative_trait_correlation_sensitivity"	959.93899146813	44.5923163263753	27	NA	NA	NA	NA	NA	"reestimated_cis_only"	"NA"	"primary_analysis_reestimated"	"reestimated_subset"	"cis_only_sensitivity"	"OID20113"	"P09668"
"CTSH"	"Inverse variance weighted"	"CTSH"	"wet_AMD"	"wet_AMD"	"CTSH"	8	-0.0472034873769986	0.03732645778186	0.206010440147852	18.7670785568699	7	0.00894916398463114	"CTSH"	"not_reported"	"primary"	-0.120363344629444	0.0259563698754471	0.95389327260007	0.886598237477958	1.02629617006688	18.7670785568699	0.00894916398463114	-0.0755336354150333	0.0734607918997773	0.343502036526785	TRUE	0	"approximate_quantitative_trait_correlation_sensitivity"	959.93899146813	44.5923163263753	27	25	0.643782625462037	1	FALSE	FALSE	"reestimated_cis_only"	"NA"	"primary_analysis_reestimated"	"reestimated_subset"	"cis_only_sensitivity"	"OID20113"	"P09668"
"CTSH"	"MR Egger"	"CTSH"	"wet_AMD"	"wet_AMD"	"CTSH"	8	0.054469257295703	0.105639620454064	0.624564955633149	15.9556182819893	6	0.0139941750111749	"CTSH"	"not_reported"	"sensitivity"	-0.152584398794263	0.261522913385669	1.05598001223345	0.85848643567868	1.29890670358119	15.9556182819893	0.0139941750111749	-0.0755336354150333	0.0734607918997773	0.343502036526785	TRUE	0	"approximate_quantitative_trait_correlation_sensitivity"	959.93899146813	44.5923163263753	27	NA	NA	NA	NA	NA	"reestimated_cis_only"	"NA"	"primary_analysis_reestimated"	"reestimated_subset"	"cis_only_sensitivity"	"OID20113"	"P09668"
"CTSH"	"Weighted median"	"CTSH"	"wet_AMD"	"wet_AMD"	"CTSH"	8	-0.059611443187158	0.0302298054796297	0.048616152034744	NA	NA	NA	"CTSH"	"not_reported"	"sensitivity"	-0.118861861927232	-0.000361024447083774	0.942130533711182	0.887930449291556	0.9996390407144	NA	NA	-0.0755336354150333	0.0734607918997773	0.343502036526785	TRUE	0	"approximate_quantitative_trait_correlation_sensitivity"	959.93899146813	44.5923163263753	27	NA	NA	NA	NA	NA	"reestimated_cis_only"	"NA"	"primary_analysis_reestimated"	"reestimated_subset"	"cis_only_sensitivity"	"OID20113"	"P09668"
"GRN"	"Inverse variance weighted"	"GRN"	"AD"	"AD"	"GRN"	2	-0.201725185332572	0.088273986910626	0.0223001269287557	3.83007586323276	1	0.050340654214395	"GRN"	"not_reported"	"primary"	-0.374742199677399	-0.0287081709877453	0.817319508470714	0.687466485029696	0.971699993342882	3.83007586323276	0.050340654214395	NA	NA	NA	TRUE	4.84829558502262e-164	"approximate_quantitative_trait_correlation_sensitivity"	546.398591050446	45.7465719656059	27	25	0.0428848594783763	0.602103427076403	TRUE	FALSE	"reestimated_cis_only"	"NA"	"primary_analysis_reestimated"	"reestimated_subset"	"cis_only_sensitivity"	"OID21159"	"P28799"
"GRN"	"Wald ratio"	"GRN"	"any_AMD"	"any_AMD"	"GRN"	1	-0.0989169602978659	0.057630016699026	0.0860863187862133	NA	NA	NA	"GRN"	"not_reported"	"primary"	-0.211871793027957	0.0140378724322251	0.905817923751135	0.809068419129636	1.01413686604093	NA	NA	NA	NA	NA	TRUE	1.78853019979112e-177	"approximate_quantitative_trait_correlation_sensitivity"	1047.05061013529	1047.05061013529	27	25	0.430431593931066	1	FALSE	FALSE	"reestimated_cis_only"	"NA"	"primary_analysis_reestimated"	"reestimated_subset"	"cis_only_sensitivity"	"OID21159"	"P28799"
"GRN"	"Wald ratio"	"GRN"	"dry_AMD"	"dry_AMD"	"GRN"	1	-0.154740845498054	0.0681907524149668	0.0232540358440808	NA	NA	NA	"GRN"	"not_reported"	"primary"	-0.288394720231389	-0.0210869707647195	0.856637150093751	0.749465704570132	0.97913380485054	NA	NA	NA	NA	NA	TRUE	1.5464291466087e-169	"approximate_quantitative_trait_correlation_sensitivity"	1047.05061013529	1047.05061013529	27	25	0.174126574775112	0.62785896779018	FALSE	FALSE	"reestimated_cis_only"	"NA"	"primary_analysis_reestimated"	"reestimated_subset"	"cis_only_sensitivity"	"OID21159"	"P28799"
"GRN"	"Wald ratio"	"GRN"	"wet_AMD"	"wet_AMD"	"GRN"	1	-0.0462535055969702	0.0767016627116342	0.546487847903022	NA	NA	NA	"GRN"	"not_reported"	"primary"	-0.196588764511773	0.104081753317833	0.954799884393293	0.821528405490869	1.10969117214241	NA	NA	NA	NA	NA	TRUE	4.33348417147301e-170	"approximate_quantitative_trait_correlation_sensitivity"	1047.05061013529	1047.05061013529	27	25	0.795117980523124	1	FALSE	FALSE	"reestimated_cis_only"	"NA"	"primary_analysis_reestimated"	"reestimated_subset"	"cis_only_sensitivity"	"OID21159"	"P28799"
"IL34"	"Inverse variance weighted"	"IL34"	"AD"	"AD"	"IL34"	3	-0.0939793250868262	0.0231409128533814	4.88260976612514e-05	0.102208567002266	2	0.950179577312596	"IL34"	"not_reported"	"primary"	-0.139335514279454	-0.0486231358941986	0.910301582452392	0.869936103503557	0.952540040214507	0.102208567002266	0.950179577312596	-0.00509459163313548	0.0308997847680085	0.895973399306287	TRUE	1.11253692925362e-308	"approximate_quantitative_trait_correlation_sensitivity"	1086.97878136877	215.499425934514	27	25	0.000305163110382821	0.00131830463685379	TRUE	TRUE	"reestimated_cis_only"	"NA"	"primary_analysis_reestimated"	"reestimated_subset"	"cis_only_sensitivity"	"OID20809"	"Q6ZMJ4"
"IL34"	"MR Egger"	"IL34"	"AD"	"AD"	"IL34"	3	-0.0800291863799246	0.0877180129159696	0.529159565294894	0.0750249121535412	1	0.784156277895199	"IL34"	"not_reported"	"sensitivity"	-0.251956491695225	0.0918981189353758	0.923089404355408	0.777278555405557	1.09625312895533	0.0750249121535412	0.784156277895199	-0.00509459163313548	0.0308997847680085	0.895973399306287	TRUE	1.11253692925362e-308	"approximate_quantitative_trait_correlation_sensitivity"	1086.97878136877	215.499425934514	27	NA	NA	NA	NA	NA	"reestimated_cis_only"	"NA"	"primary_analysis_reestimated"	"reestimated_subset"	"cis_only_sensitivity"	"OID20809"	"Q6ZMJ4"
"IL34"	"Weighted median"	"IL34"	"AD"	"AD"	"IL34"	3	-0.0938710591487454	0.024692702874858	0.00014378161788822	NA	NA	NA	"IL34"	"not_reported"	"sensitivity"	-0.142268756783467	-0.0454733615140237	0.910400142442402	0.867388108719179	0.955545056506513	NA	NA	-0.00509459163313548	0.0308997847680085	0.895973399306287	TRUE	1.11253692925362e-308	"approximate_quantitative_trait_correlation_sensitivity"	1086.97878136877	215.499425934514	27	NA	NA	NA	NA	NA	"reestimated_cis_only"	"NA"	"primary_analysis_reestimated"	"reestimated_subset"	"cis_only_sensitivity"	"OID20809"	"Q6ZMJ4"
"IL34"	"Inverse variance weighted"	"IL34"	"any_AMD"	"any_AMD"	"IL34"	3	-0.0421531787419286	0.0328864336547778	0.199919769991845	0.0674446256232263	2	0.966839946430703	"IL34"	"not_reported"	"primary"	-0.106610588705293	0.022304231221436	0.958722913354578	0.898875637171532	1.02255483025811	0.0674446256232263	0.966839946430703	0.0108445560252368	0.043187294266101	0.843379681438967	TRUE	0	"approximate_quantitative_trait_correlation_sensitivity"	1086.97878136877	215.499425934514	27	25	0.555332694421792	1	FALSE	FALSE	"reestimated_cis_only"	"NA"	"primary_analysis_reestimated"	"reestimated_subset"	"cis_only_sensitivity"	"OID20809"	"Q6ZMJ4"
"IL34"	"MR Egger"	"IL34"	"any_AMD"	"any_AMD"	"IL34"	3	-0.071907104332335	0.122970877780079	0.663145325189567	0.00439078251421618	1	0.947168456126742	"IL34"	"not_reported"	"sensitivity"	-0.31293002478129	0.16911581611662	0.930617342115237	0.731301083731782	1.1842572870619	0.00439078251421618	0.947168456126742	0.0108445560252368	0.043187294266101	0.843379681438967	TRUE	0	"approximate_quantitative_trait_correlation_sensitivity"	1086.97878136877	215.499425934514	27	NA	NA	NA	NA	NA	"reestimated_cis_only"	"NA"	"primary_analysis_reestimated"	"reestimated_subset"	"cis_only_sensitivity"	"OID20809"	"Q6ZMJ4"
"IL34"	"Weighted median"	"IL34"	"any_AMD"	"any_AMD"	"IL34"	3	-0.044326176717725	0.0336035860349916	0.187138802937794	NA	NA	NA	"IL34"	"not_reported"	"sensitivity"	-0.110189205346309	0.0215368519108586	0.956641872272414	0.895664654722545	1.02177044383689	NA	NA	0.0108445560252368	0.043187294266101	0.843379681438967	TRUE	0	"approximate_quantitative_trait_correlation_sensitivity"	1086.97878136877	215.499425934514	27	NA	NA	NA	NA	NA	"reestimated_cis_only"	"NA"	"primary_analysis_reestimated"	"reestimated_subset"	"cis_only_sensitivity"	"OID20809"	"Q6ZMJ4"
"IL34"	"Inverse variance weighted"	"IL34"	"dry_AMD"	"dry_AMD"	"IL34"	3	-0.0406585238600311	0.0389307449673862	0.296309227829047	1.17530732487868	2	0.555629450726666	"IL34"	"not_reported"	"primary"	-0.116962783996108	0.0356457362760458	0.960156944661389	0.889618300585482	1.0362886619742	1.17530732487868	0.555629450726666	0.0273621344456049	0.0510938354445066	0.686997145526618	TRUE	1.11253692925386e-308	"approximate_quantitative_trait_correlation_sensitivity"	1086.97878136877	215.499425934514	27	25	0.617310891310515	1	FALSE	FALSE	"reestimated_cis_only"	"NA"	"primary_analysis_reestimated"	"reestimated_subset"	"cis_only_sensitivity"	"OID20809"	"Q6ZMJ4"
"IL34"	"MR Egger"	"IL34"	"dry_AMD"	"dry_AMD"	"IL34"	3	-0.115734226148925	0.14549543111275	0.572217037895818	0.888518030714104	1	0.345879223685302	"IL34"	"not_reported"	"sensitivity"	-0.400905271129914	0.169436818832065	0.89071191977933	0.669713499236237	1.18463749788792	0.888518030714104	0.345879223685302	0.0273621344456049	0.0510938354445066	0.686997145526618	TRUE	1.11253692925386e-308	"approximate_quantitative_trait_correlation_sensitivity"	1086.97878136877	215.499425934514	27	NA	NA	NA	NA	NA	"reestimated_cis_only"	"NA"	"primary_analysis_reestimated"	"reestimated_subset"	"cis_only_sensitivity"	"OID20809"	"Q6ZMJ4"
"IL34"	"Weighted median"	"IL34"	"dry_AMD"	"dry_AMD"	"IL34"	3	-0.0413390248469853	0.0409996903027739	0.313321734264718	NA	NA	NA	"IL34"	"not_reported"	"sensitivity"	-0.121698417840422	0.0390203681464516	0.959503779178	0.885415353716112	1.03979166206333	NA	NA	0.0273621344456049	0.0510938354445066	0.686997145526618	TRUE	1.11253692925386e-308	"approximate_quantitative_trait_correlation_sensitivity"	1086.97878136877	215.499425934514	27	NA	NA	NA	NA	NA	"reestimated_cis_only"	"NA"	"primary_analysis_reestimated"	"reestimated_subset"	"cis_only_sensitivity"	"OID20809"	"Q6ZMJ4"
"IL34"	"Inverse variance weighted"	"IL34"	"wet_AMD"	"wet_AMD"	"IL34"	3	-0.0349831953931862	0.043730951077514	0.423731538064361	0.28390951721953	2	0.867660509765685	"IL34"	"not_reported"	"primary"	-0.120695859505114	0.0507294687187412	0.965621643013266	0.886303479383696	1.05203824552738	0.28390951721953	0.867660509765685	-0.0145317318168611	0.0574659208241461	0.842319903566901	TRUE	1.11262149235963e-308	"approximate_quantitative_trait_correlation_sensitivity"	1086.97878136877	215.499425934514	27	25	0.795117980523124	1	FALSE	FALSE	"reestimated_cis_only"	"NA"	"primary_analysis_reestimated"	"reestimated_subset"	"cis_only_sensitivity"	"OID20809"	"Q6ZMJ4"
"IL34"	"MR Egger"	"IL34"	"wet_AMD"	"wet_AMD"	"IL34"	3	0.00488317232908884	0.163604919629306	0.98100423014979	0.219963425183505	1	0.639067787957051	"IL34"	"not_reported"	"sensitivity"	-0.31578247014435	0.325548814802528	1.00489511444565	0.729218059615099	1.38479043095797	0.219963425183505	0.639067787957051	-0.0145317318168611	0.0574659208241461	0.842319903566901	TRUE	1.11262149235963e-308	"approximate_quantitative_trait_correlation_sensitivity"	1086.97878136877	215.499425934514	27	NA	NA	NA	NA	NA	"reestimated_cis_only"	"NA"	"primary_analysis_reestimated"	"reestimated_subset"	"cis_only_sensitivity"	"OID20809"	"Q6ZMJ4"
"IL34"	"Weighted median"	"IL34"	"wet_AMD"	"wet_AMD"	"IL34"	3	-0.0347438034561491	0.0457823643243624	0.447918034818481	NA	NA	NA	"IL34"	"not_reported"	"sensitivity"	-0.124477237531899	0.0549896306196012	0.965852832720203	0.882958359449137	1.05652965906076	NA	NA	-0.0145317318168611	0.0574659208241461	0.842319903566901	TRUE	1.11262149235963e-308	"approximate_quantitative_trait_correlation_sensitivity"	1086.97878136877	215.499425934514	27	NA	NA	NA	NA	NA	"reestimated_cis_only"	"NA"	"primary_analysis_reestimated"	"reestimated_subset"	"cis_only_sensitivity"	"OID20809"	"Q6ZMJ4"
"LBP"	"Inverse variance weighted"	"LBP"	"AD"	"AD"	"LBP"	8	-0.0202455784446735	0.0246855830375261	0.41213758605642	4.14821250524982	7	0.76255678532941	"LBP"	"not_reported"	"primary"	-0.0686293211982247	0.0281381643088777	0.979957987195964	0.933672708622399	1.02853778181658	4.14821250524982	0.76255678532941	0.000803855624226458	0.0203264555676532	0.969737137796833	TRUE	0	"approximate_quantitative_trait_correlation_sensitivity"	372.186958363117	33.4428480056771	27	25	0.542286297442657	1	FALSE	FALSE	"reestimated_cis_only"	"NA"	"primary_analysis_reestimated"	"reestimated_subset"	"cis_only_sensitivity"	"OID20355"	"P18428"
"LBP"	"MR Egger"	"LBP"	"AD"	"AD"	"LBP"	8	-0.0226403673044957	0.0653934239812355	0.740996747046647	4.14664851947236	6	0.656838426389333	"LBP"	"not_reported"	"sensitivity"	-0.150811478307717	0.105530743698726	0.97761400251956	0.8600098138831	1.11130026947835	4.14664851947236	0.656838426389333	0.000803855624226458	0.0203264555676532	0.969737137796833	TRUE	0	"approximate_quantitative_trait_correlation_sensitivity"	372.186958363117	33.4428480056771	27	NA	NA	NA	NA	NA	"reestimated_cis_only"	"NA"	"primary_analysis_reestimated"	"reestimated_subset"	"cis_only_sensitivity"	"OID20355"	"P18428"
"LBP"	"Weighted median"	"LBP"	"AD"	"AD"	"LBP"	8	3.81162905140758e-06	0.0295075886434663	0.999896933632907	NA	NA	NA	"LBP"	"not_reported"	"sensitivity"	-0.0578310621121425	0.0578386853702453	1.00000381163632	0.943809379132443	1.05954406196554	NA	NA	0.000803855624226458	0.0203264555676532	0.969737137796833	TRUE	0	"approximate_quantitative_trait_correlation_sensitivity"	372.186958363117	33.4428480056771	27	NA	NA	NA	NA	NA	"reestimated_cis_only"	"NA"	"primary_analysis_reestimated"	"reestimated_subset"	"cis_only_sensitivity"	"OID20355"	"P18428"
"LBP"	"Inverse variance weighted"	"LBP"	"any_AMD"	"any_AMD"	"LBP"	8	0.0723637434728684	0.0550523311866792	0.188693550700251	22.7550908459269	7	0.00188028386845954	"LBP"	"not_reported"	"primary"	-0.0355388256530228	0.18026631259876	1.07504631403288	0.965085263437016	1.1975362396476	22.7550908459269	0.00188028386845954	-0.0296098580392016	0.0470244223989251	0.552117920639457	TRUE	0	"approximate_quantitative_trait_correlation_sensitivity"	372.186958363117	33.4428480056771	27	25	0.555332694421792	1	FALSE	FALSE	"reestimated_cis_only"	"NA"	"primary_analysis_reestimated"	"reestimated_subset"	"cis_only_sensitivity"	"OID20355"	"P18428"
"LBP"	"MR Egger"	"LBP"	"any_AMD"	"any_AMD"	"LBP"	8	0.154147056508006	0.142078402154649	0.319603990209905	21.3446237348035	6	0.001590499821134	"LBP"	"not_reported"	"sensitivity"	-0.124326611715105	0.432620724731117	1.16666243946853	0.883091365790067	1.54129153606766	21.3446237348035	0.001590499821134	-0.0296098580392016	0.0470244223989251	0.552117920639457	TRUE	0	"approximate_quantitative_trait_correlation_sensitivity"	372.186958363117	33.4428480056771	27	NA	NA	NA	NA	NA	"reestimated_cis_only"	"NA"	"primary_analysis_reestimated"	"reestimated_subset"	"cis_only_sensitivity"	"OID20355"	"P18428"
"LBP"	"Weighted median"	"LBP"	"any_AMD"	"any_AMD"	"LBP"	8	0.0738066606978593	0.0363260539845607	0.0421756240546903	NA	NA	NA	"LBP"	"not_reported"	"sensitivity"	0.00260759488812033	0.145005726507598	1.07659863654417	1.00261099762068	1.15604619035636	NA	NA	-0.0296098580392016	0.0470244223989251	0.552117920639457	TRUE	0	"approximate_quantitative_trait_correlation_sensitivity"	372.186958363117	33.4428480056771	27	NA	NA	NA	NA	NA	"reestimated_cis_only"	"NA"	"primary_analysis_reestimated"	"reestimated_subset"	"cis_only_sensitivity"	"OID20355"	"P18428"
"LBP"	"Inverse variance weighted"	"LBP"	"dry_AMD"	"dry_AMD"	"LBP"	8	0.029178350712292	0.0506599620953711	0.56463903060558	13.7885092656567	7	0.0550733428892631	"LBP"	"not_reported"	"primary"	-0.0701151749946353	0.128471876419219	1.02960820945825	0.932286437636737	1.13708944181476	13.7885092656567	0.0550733428892631	-0.0100749214472253	0.0443118238923276	0.827689827283314	TRUE	0	"approximate_quantitative_trait_correlation_sensitivity"	372.186958363117	33.4428480056771	27	25	0.719628616908792	1	FALSE	FALSE	"reestimated_cis_only"	"NA"	"primary_analysis_reestimated"	"reestimated_subset"	"cis_only_sensitivity"	"OID20355"	"P18428"
"LBP"	"MR Egger"	"LBP"	"dry_AMD"	"dry_AMD"	"LBP"	8	0.0570249138787778	0.134047995928929	0.685375678379019	13.6707257789076	6	0.0335385955584557	"LBP"	"not_reported"	"sensitivity"	-0.205709158141923	0.319758985899479	1.05868218594658	0.814069807430986	1.37679589712048	13.6707257789076	0.0335385955584557	-0.0100749214472253	0.0443118238923276	0.827689827283314	TRUE	0	"approximate_quantitative_trait_correlation_sensitivity"	372.186958363117	33.4428480056771	27	NA	NA	NA	NA	NA	"reestimated_cis_only"	"NA"	"primary_analysis_reestimated"	"reestimated_subset"	"cis_only_sensitivity"	"OID20355"	"P18428"
"LBP"	"Weighted median"	"LBP"	"dry_AMD"	"dry_AMD"	"LBP"	8	0.0157444711161498	0.0456820085564594	0.730354765187061	NA	NA	NA	"LBP"	"not_reported"	"sensitivity"	-0.0737922656545106	0.10528120788681	1.01586906834851	0.928864630886913	1.11102299485974	NA	NA	-0.0100749214472253	0.0443118238923276	0.827689827283314	TRUE	0	"approximate_quantitative_trait_correlation_sensitivity"	372.186958363117	33.4428480056771	27	NA	NA	NA	NA	NA	"reestimated_cis_only"	"NA"	"primary_analysis_reestimated"	"reestimated_subset"	"cis_only_sensitivity"	"OID20355"	"P18428"
"LBP"	"Inverse variance weighted"	"LBP"	"wet_AMD"	"wet_AMD"	"LBP"	8	0.148020134372964	0.0762055163004407	0.0520910136731733	24.3693933626981	7	0.000980899388004127	"LBP"	"not_reported"	"primary"	-0.00134267757589984	0.297382946321828	1.15953624266312	0.998658223412346	1.34633077315996	24.3693933626981	0.000980899388004127	-0.0760564145862687	0.0594179926908125	0.247796975906002	TRUE	0	"approximate_quantitative_trait_correlation_sensitivity"	372.186958363117	33.4428480056771	27	25	0.271647558361655	1	FALSE	FALSE	"reestimated_cis_only"	"NA"	"primary_analysis_reestimated"	"reestimated_subset"	"cis_only_sensitivity"	"OID20355"	"P18428"
"LBP"	"MR Egger"	"LBP"	"wet_AMD"	"wet_AMD"	"LBP"	8	0.358485999955107	0.179880393462928	0.0933384578878079	19.1421264644823	6	0.00393021679335452	"LBP"	"not_reported"	"sensitivity"	0.00592042876776855	0.711051571142445	1.4311609956697	1.00593798914405	2.0361312701483	19.1421264644823	0.00393021679335452	-0.0760564145862687	0.0594179926908125	0.247796975906002	TRUE	0	"approximate_quantitative_trait_correlation_sensitivity"	372.186958363117	33.4428480056771	27	NA	NA	NA	NA	NA	"reestimated_cis_only"	"NA"	"primary_analysis_reestimated"	"reestimated_subset"	"cis_only_sensitivity"	"OID20355"	"P18428"
"LBP"	"Weighted median"	"LBP"	"wet_AMD"	"wet_AMD"	"LBP"	8	0.166877508344949	0.0458357104574035	0.000271818613686168	NA	NA	NA	"LBP"	"not_reported"	"sensitivity"	0.0770395158484382	0.25671550084146	1.18160951913782	1.08008475601485	1.29267730883326	NA	NA	-0.0760564145862687	0.0594179926908125	0.247796975906002	TRUE	0	"approximate_quantitative_trait_correlation_sensitivity"	372.186958363117	33.4428480056771	27	NA	NA	NA	NA	NA	"reestimated_cis_only"	"NA"	"primary_analysis_reestimated"	"reestimated_subset"	"cis_only_sensitivity"	"OID20355"	"P18428"
"LILRB2"	"Inverse variance weighted"	"LILRB2"	"AD"	"AD"	"LILRB2"	6	-0.0418714784214237	0.0201063807799665	0.0372970931501302	10.4292732814604	5	0.0639465268198905	"LILRB2"	"not_reported"	"primary"	-0.081279984750158	-0.00246297209268941	0.95899302394988	0.921935527416993	0.997540058534448	10.4292732814604	0.0639465268198905	0.00202910314235995	0.0357281123597648	0.957433922304363	TRUE	0	"approximate_quantitative_trait_correlation_sensitivity"	1775.62959018962	51.6148573000932	27	25	0.0666019520538039	1	FALSE	FALSE	"reestimated_cis_only"	"NA"	"primary_analysis_reestimated"	"reestimated_subset"	"cis_only_sensitivity"	"OID20301"	"Q8N423"
"LILRB2"	"MR Egger"	"LILRB2"	"AD"	"AD"	"LILRB2"	6	-0.045301547748897	0.0644407797730732	0.520819471110122	10.4208703251761	4	0.0339046130864646	"LILRB2"	"not_reported"	"sensitivity"	-0.17160547610412	0.0810023806063265	0.955709246405058	0.842311419607418	1.08437347803005	10.4208703251761	0.0339046130864646	0.00202910314235995	0.0357281123597648	0.957433922304363	TRUE	0	"approximate_quantitative_trait_correlation_sensitivity"	1775.62959018962	51.6148573000932	27	NA	NA	NA	NA	NA	"reestimated_cis_only"	"NA"	"primary_analysis_reestimated"	"reestimated_subset"	"cis_only_sensitivity"	"OID20301"	"Q8N423"
"LILRB2"	"Weighted median"	"LILRB2"	"AD"	"AD"	"LILRB2"	6	-0.0460599520148952	0.0145489212076546	0.00154621383007862	NA	NA	NA	"LILRB2"	"not_reported"	"sensitivity"	-0.0745758375818983	-0.0175440664478922	0.954984707217064	0.928137083717801	0.982608934625603	NA	NA	0.00202910314235995	0.0357281123597648	0.957433922304363	TRUE	0	"approximate_quantitative_trait_correlation_sensitivity"	1775.62959018962	51.6148573000932	27	NA	NA	NA	NA	NA	"reestimated_cis_only"	"NA"	"primary_analysis_reestimated"	"reestimated_subset"	"cis_only_sensitivity"	"OID20301"	"Q8N423"
"LILRB2"	"Inverse variance weighted"	"LILRB2"	"any_AMD"	"any_AMD"	"LILRB2"	5	0.0185971150193394	0.0219692274602723	0.397269711877011	6.59336625844045	4	0.159001797869002	"LILRB2"	"not_reported"	"primary"	-0.0244625708027944	0.0616568008414731	1.01877111834241	0.975834212926067	1.06359725639921	6.59336625844045	0.159001797869002	-0.018851276350024	0.0349849570779585	0.627415014777939	TRUE	0	"approximate_quantitative_trait_correlation_sensitivity"	2120.43253676753	84.7866618469832	27	25	0.800779986107791	1	FALSE	FALSE	"reestimated_cis_only"	"NA"	"primary_analysis_reestimated"	"reestimated_subset"	"cis_only_sensitivity"	"OID20301"	"Q8N423"
"LILRB2"	"MR Egger"	"LILRB2"	"any_AMD"	"any_AMD"	"LILRB2"	5	0.0526545539782096	0.0676877809021315	0.493339703031981	6.0115522170285	3	0.111049535304085	"LILRB2"	"not_reported"	"sensitivity"	-0.0800134965899682	0.185322604546387	1.05406545950005	0.923103887547892	1.2036066664852	6.0115522170285	0.111049535304085	-0.018851276350024	0.0349849570779585	0.627415014777939	TRUE	0	"approximate_quantitative_trait_correlation_sensitivity"	2120.43253676753	84.7866618469832	27	NA	NA	NA	NA	NA	"reestimated_cis_only"	"NA"	"primary_analysis_reestimated"	"reestimated_subset"	"cis_only_sensitivity"	"OID20301"	"Q8N423"
"LILRB2"	"Weighted median"	"LILRB2"	"any_AMD"	"any_AMD"	"LILRB2"	5	0.0254888911173239	0.0188534670159028	0.176392220666355	NA	NA	NA	"LILRB2"	"not_reported"	"sensitivity"	-0.0114639042338456	0.0624416864684933	1.02581651053188	0.988601555934477	1.06443238629655	NA	NA	-0.018851276350024	0.0349849570779585	0.627415014777939	TRUE	0	"approximate_quantitative_trait_correlation_sensitivity"	2120.43253676753	84.7866618469832	27	NA	NA	NA	NA	NA	"reestimated_cis_only"	"NA"	"primary_analysis_reestimated"	"reestimated_subset"	"cis_only_sensitivity"	"OID20301"	"Q8N423"
"LILRB2"	"Inverse variance weighted"	"LILRB2"	"dry_AMD"	"dry_AMD"	"LILRB2"	5	0.0139932357521405	0.0202468800087805	0.489483551854435	3.62286721867654	4	0.459443605512936	"LILRB2"	"not_reported"	"primary"	-0.0256906490650692	0.0536771205693502	1.01409159934836	0.974636547705424	1.05514386289949	3.62286721867654	0.459443605512936	-0.0251005468898346	0.0292380378115264	0.453742625146153	TRUE	0	"approximate_quantitative_trait_correlation_sensitivity"	2120.43253676753	84.7866618469832	27	25	0.719628616908792	1	FALSE	FALSE	"reestimated_cis_only"	"NA"	"primary_analysis_reestimated"	"reestimated_subset"	"cis_only_sensitivity"	"OID20301"	"Q8N423"
"LILRB2"	"MR Egger"	"LILRB2"	"dry_AMD"	"dry_AMD"	"LILRB2"	5	0.0593462949004459	0.0565758744423963	0.371245589005922	2.88586308937854	3	0.409559659515923	"LILRB2"	"not_reported"	"sensitivity"	-0.0515424190066507	0.170235008807543	1.06114264540806	0.949763361089368	1.1855834411343	2.88586308937854	0.409559659515923	-0.0251005468898346	0.0292380378115264	0.453742625146153	TRUE	0	"approximate_quantitative_trait_correlation_sensitivity"	2120.43253676753	84.7866618469832	27	NA	NA	NA	NA	NA	"reestimated_cis_only"	"NA"	"primary_analysis_reestimated"	"reestimated_subset"	"cis_only_sensitivity"	"OID20301"	"Q8N423"
"LILRB2"	"Weighted median"	"LILRB2"	"dry_AMD"	"dry_AMD"	"LILRB2"	5	0.0162595207901513	0.0211621669972182	0.442291351774898	NA	NA	NA	"LILRB2"	"not_reported"	"sensitivity"	-0.0252183265243964	0.0577373681046991	1.01639242614705	0.975096999248129	1.05943671729648	NA	NA	-0.0251005468898346	0.0292380378115264	0.453742625146153	TRUE	0	"approximate_quantitative_trait_correlation_sensitivity"	2120.43253676753	84.7866618469832	27	NA	NA	NA	NA	NA	"reestimated_cis_only"	"NA"	"primary_analysis_reestimated"	"reestimated_subset"	"cis_only_sensitivity"	"OID20301"	"Q8N423"
"LILRB2"	"Inverse variance weighted"	"LILRB2"	"wet_AMD"	"wet_AMD"	"LILRB2"	5	0.014370841667602	0.0327114522584877	0.660428655392152	8.25990352205323	4	0.0825083725615064	"LILRB2"	"not_reported"	"primary"	-0.0497436047590339	0.0784852880942378	1.01447459864194	0.951473346467102	1.08164744194999	8.25990352205323	0.0825083725615064	-0.0421613457678391	0.0488130089021651	0.451265086687626	TRUE	0	"approximate_quantitative_trait_correlation_sensitivity"	2120.43253676753	84.7866618469832	27	25	0.812955424692919	1	FALSE	FALSE	"reestimated_cis_only"	"NA"	"primary_analysis_reestimated"	"reestimated_subset"	"cis_only_sensitivity"	"OID20301"	"Q8N423"
"LILRB2"	"MR Egger"	"LILRB2"	"wet_AMD"	"wet_AMD"	"LILRB2"	5	0.0905506825284179	0.0944540016976102	0.408445432893646	6.61492133061796	3	0.085238818919833	"LILRB2"	"not_reported"	"sensitivity"	-0.0945791607988982	0.275680525855734	1.09477699230161	0.909755714786309	1.31742691295374	6.61492133061796	0.085238818919833	-0.0421613457678391	0.0488130089021651	0.451265086687626	TRUE	0	"approximate_quantitative_trait_correlation_sensitivity"	2120.43253676753	84.7866618469832	27	NA	NA	NA	NA	NA	"reestimated_cis_only"	"NA"	"primary_analysis_reestimated"	"reestimated_subset"	"cis_only_sensitivity"	"OID20301"	"Q8N423"
"LILRB2"	"Weighted median"	"LILRB2"	"wet_AMD"	"wet_AMD"	"LILRB2"	5	0.0216787532653859	0.0237532656579709	0.361419220731989	NA	NA	NA	"LILRB2"	"not_reported"	"sensitivity"	-0.0248776474242371	0.0682351539550089	1.02191544473456	0.975429251008803	1.07061703871089	NA	NA	-0.0421613457678391	0.0488130089021651	0.451265086687626	TRUE	0	"approximate_quantitative_trait_correlation_sensitivity"	2120.43253676753	84.7866618469832	27	NA	NA	NA	NA	NA	"reestimated_cis_only"	"NA"	"primary_analysis_reestimated"	"reestimated_subset"	"cis_only_sensitivity"	"OID20301"	"Q8N423"
"MME"	"Inverse variance weighted"	"MME"	"AD"	"AD"	"MME"	2	0.471770182283487	0.158581358698359	0.00293044925353694	1.08265746444203	1	0.298103822870691	"MME"	"not_reported"	"primary"	0.160950719234703	0.782589645332271	1.60282898289887	1.17462708086602	2.18712882604964	1.08265746444203	0.298103822870691	NA	NA	NA	TRUE	5.93006581404724e-17	"approximate_quantitative_trait_correlation_sensitivity"	47.5309437382581	31.0745580335957	27	25	0.00840608497096308	0.0791221298454973	TRUE	FALSE	"reestimated_cis_only"	"NA"	"primary_analysis_reestimated"	"reestimated_subset"	"cis_only_sensitivity"	"OID21307"	"P08473"
"MME"	"Inverse variance weighted"	"MME"	"any_AMD"	"any_AMD"	"MME"	2	0.00978433932199453	0.253871857568121	0.969256769405091	1.58183112180153	1	0.208497132242901	"MME"	"not_reported"	"primary"	-0.487804501511522	0.507373180155511	1.00983236246711	0.613972892083033	1.66092251536731	1.58183112180153	0.208497132242901	NA	NA	NA	TRUE	4.08160699388345e-19	"approximate_quantitative_trait_correlation_sensitivity"	47.5309437382581	31.0745580335957	27	25	0.969256769405091	1	FALSE	FALSE	"reestimated_cis_only"	"NA"	"primary_analysis_reestimated"	"reestimated_subset"	"cis_only_sensitivity"	"OID21307"	"P08473"
"MME"	"Inverse variance weighted"	"MME"	"dry_AMD"	"dry_AMD"	"MME"	2	0.146714425685037	0.364619449351955	0.687406704185519	2.33128979928289	1	0.126796777644648	"MME"	"not_reported"	"primary"	-0.567939695044795	0.861368546414869	1.15802321411932	0.566691794675098	2.36639700281543	2.33128979928289	0.126796777644648	NA	NA	NA	TRUE	6.28918755343651e-18	"approximate_quantitative_trait_correlation_sensitivity"	47.5309437382581	31.0745580335957	27	25	0.781143982028999	1	FALSE	FALSE	"reestimated_cis_only"	"NA"	"primary_analysis_reestimated"	"reestimated_subset"	"cis_only_sensitivity"	"OID21307"	"P08473"
"MME"	"Inverse variance weighted"	"MME"	"wet_AMD"	"wet_AMD"	"MME"	2	0.0282552067676575	0.268061426275032	0.916053880031516	0.388892330218238	1	0.532882215294993	"MME"	"not_reported"	"primary"	-0.497145188731406	0.553655602266721	1.02865817145273	0.608264664224869	1.73960069675408	0.388892330218238	0.532882215294993	NA	NA	NA	TRUE	1.57301726111711e-18	"approximate_quantitative_trait_correlation_sensitivity"	47.5309437382581	31.0745580335957	27	25	0.969061033371834	1	FALSE	FALSE	"reestimated_cis_only"	"NA"	"primary_analysis_reestimated"	"reestimated_subset"	"cis_only_sensitivity"	"OID21307"	"P08473"
"PILRA"	"Inverse variance weighted"	"PILRA"	"AD"	"AD"	"PILRA"	3	0.089157847855645	0.0351493521189232	0.0111952949429592	6.57035056657737	2	0.037434022959655	"PILRA"	"not_reported"	"primary"	0.0202651177025556	0.158050578008734	1.09325321038226	1.02047184931898	1.17122543145972	6.57035056657737	0.037434022959655	0.0192181089021238	0.0393791852714441	0.710959676006858	TRUE	0	"approximate_quantitative_trait_correlation_sensitivity"	1576.81293051402	65.1995270738017	27	25	0.0233235311311651	0.302272963459899	TRUE	FALSE	"reestimated_cis_only"	"NA"	"primary_analysis_reestimated"	"reestimated_subset"	"cis_only_sensitivity"	"OID21129"	"Q9UKJ1"
"PILRA"	"MR Egger"	"PILRA"	"AD"	"AD"	"PILRA"	3	0.0338358730976891	0.121843254532573	0.827555840322461	5.30649932330792	1	0.0212460059031675	"PILRA"	"not_reported"	"sensitivity"	-0.204976905786153	0.272648651981531	1.03441481749531	0.814666130267994	1.31343868966525	5.30649932330792	0.0212460059031675	0.0192181089021238	0.0393791852714441	0.710959676006858	TRUE	0	"approximate_quantitative_trait_correlation_sensitivity"	1576.81293051402	65.1995270738017	27	NA	NA	NA	NA	NA	"reestimated_cis_only"	"NA"	"primary_analysis_reestimated"	"reestimated_subset"	"cis_only_sensitivity"	"OID21129"	"Q9UKJ1"
"PILRA"	"Weighted median"	"PILRA"	"AD"	"AD"	"PILRA"	3	0.0868897848205856	0.0208480344843702	3.07595868990241e-05	NA	NA	NA	"PILRA"	"not_reported"	"sensitivity"	0.0460276372312199	0.127751932409951	1.09077645297053	1.04710334959443	1.13627109570016	NA	NA	0.0192181089021238	0.0393791852714441	0.710959676006858	TRUE	0	"approximate_quantitative_trait_correlation_sensitivity"	1576.81293051402	65.1995270738017	27	NA	NA	NA	NA	NA	"reestimated_cis_only"	"NA"	"primary_analysis_reestimated"	"reestimated_subset"	"cis_only_sensitivity"	"OID21129"	"Q9UKJ1"
"PILRA"	"Inverse variance weighted"	"PILRA"	"any_AMD"	"any_AMD"	"PILRA"	3	0.0566307651387595	0.0317405577738797	0.0743949493964554	2.79020134394277	2	0.247808087782715	"PILRA"	"not_reported"	"primary"	-0.00558072809804468	0.118842258375564	1.05826498992096	0.99443481523719	1.12619225688039	2.79020134394277	0.247808087782715	-0.0279406758881851	0.0376415317566221	0.59349024945398	TRUE	0	"approximate_quantitative_trait_correlation_sensitivity"	1576.81293051402	65.1995270738017	27	25	0.430431593931066	1	FALSE	FALSE	"reestimated_cis_only"	"NA"	"primary_analysis_reestimated"	"reestimated_subset"	"cis_only_sensitivity"	"OID21129"	"Q9UKJ1"
"PILRA"	"MR Egger"	"PILRA"	"any_AMD"	"any_AMD"	"PILRA"	3	0.135823493937533	0.112612000324394	0.440692362157541	1.79898746202658	1	0.179834953998292	"PILRA"	"not_reported"	"sensitivity"	-0.0848960266982793	0.356543014573346	1.14547969164044	0.918607790121274	1.4283829704813	1.79898746202658	0.179834953998292	-0.0279406758881851	0.0376415317566221	0.59349024945398	TRUE	0	"approximate_quantitative_trait_correlation_sensitivity"	1576.81293051402	65.1995270738017	27	NA	NA	NA	NA	NA	"reestimated_cis_only"	"NA"	"primary_analysis_reestimated"	"reestimated_subset"	"cis_only_sensitivity"	"OID21129"	"Q9UKJ1"
"PILRA"	"Weighted median"	"PILRA"	"any_AMD"	"any_AMD"	"PILRA"	3	0.0578855398586329	0.0275443606915497	0.0355937048326063	NA	NA	NA	"PILRA"	"not_reported"	"sensitivity"	0.00389859290319541	0.11187248681407	1.05959370752353	1.00390620230194	1.11837024459959	NA	NA	-0.0279406758881851	0.0376415317566221	0.59349024945398	TRUE	0	"approximate_quantitative_trait_correlation_sensitivity"	1576.81293051402	65.1995270738017	27	NA	NA	NA	NA	NA	"reestimated_cis_only"	"NA"	"primary_analysis_reestimated"	"reestimated_subset"	"cis_only_sensitivity"	"OID21129"	"Q9UKJ1"
"PILRA"	"Inverse variance weighted"	"PILRA"	"dry_AMD"	"dry_AMD"	"PILRA"	3	0.0863566437974543	0.0497169367907919	0.082393119255458	4.89325242553623	2	0.0865852143682661	"PILRA"	"not_reported"	"primary"	-0.0110885523124979	0.183801839907406	1.09019507028963	0.988972699078233	1.20177765512797	4.89325242553623	0.0865852143682661	-0.0437115894965861	0.0590331961803741	0.594240160372862	TRUE	0	"approximate_quantitative_trait_correlation_sensitivity"	1576.81293051402	65.1995270738017	27	25	0.294261140198064	1	FALSE	FALSE	"reestimated_cis_only"	"NA"	"primary_analysis_reestimated"	"reestimated_subset"	"cis_only_sensitivity"	"OID21129"	"Q9UKJ1"
"PILRA"	"MR Egger"	"PILRA"	"dry_AMD"	"dry_AMD"	"PILRA"	3	0.2102379869848	0.176588416654257	0.444760254607234	3.16044876274799	1	0.0754424421038922	"PILRA"	"not_reported"	"sensitivity"	-0.135875309657544	0.556351283627144	1.23397169421763	0.872951474321096	1.7442964321866	3.16044876274799	0.0754424421038922	-0.0437115894965861	0.0590331961803741	0.594240160372862	TRUE	0	"approximate_quantitative_trait_correlation_sensitivity"	1576.81293051402	65.1995270738017	27	NA	NA	NA	NA	NA	"reestimated_cis_only"	"NA"	"primary_analysis_reestimated"	"reestimated_subset"	"cis_only_sensitivity"	"OID21129"	"Q9UKJ1"
"PILRA"	"Weighted median"	"PILRA"	"dry_AMD"	"dry_AMD"	"PILRA"	3	0.0882615216392579	0.0325695658330345	0.00672956770008363	NA	NA	NA	"PILRA"	"not_reported"	"sensitivity"	0.0244251726065102	0.152097870672006	1.09227373789766	1.0247259106694	1.16427417915251	NA	NA	-0.0437115894965861	0.0590331961803741	0.594240160372862	TRUE	0	"approximate_quantitative_trait_correlation_sensitivity"	1576.81293051402	65.1995270738017	27	NA	NA	NA	NA	NA	"reestimated_cis_only"	"NA"	"primary_analysis_reestimated"	"reestimated_subset"	"cis_only_sensitivity"	"OID21129"	"Q9UKJ1"
"PILRA"	"Inverse variance weighted"	"PILRA"	"wet_AMD"	"wet_AMD"	"PILRA"	3	0.0197315858874647	0.0357423342225564	0.580913516720458	0.514686810067835	2	0.773102680823054	"PILRA"	"not_reported"	"primary"	-0.0503233891887459	0.0897865609636752	1.01992754033696	0.950921856923509	1.09394076912198	0.514686810067835	0.773102680823054	-0.0215965600911798	0.0372744362779398	0.665692035723828	TRUE	0	"approximate_quantitative_trait_correlation_sensitivity"	1576.81293051402	65.1995270738017	27	25	0.795117980523124	1	FALSE	FALSE	"reestimated_cis_only"	"NA"	"primary_analysis_reestimated"	"reestimated_subset"	"cis_only_sensitivity"	"OID21129"	"Q9UKJ1"
"PILRA"	"MR Egger"	"PILRA"	"wet_AMD"	"wet_AMD"	"PILRA"	3	0.0809531539721487	0.111546385315754	0.600336462234222	0.178990168890942	1	0.67224251346933	"PILRA"	"not_reported"	"sensitivity"	-0.137677761246729	0.299584069191027	1.08432009928737	0.871379438733553	1.34929747645571	0.178990168890942	0.67224251346933	-0.0215965600911798	0.0372744362779398	0.665692035723828	TRUE	0	"approximate_quantitative_trait_correlation_sensitivity"	1576.81293051402	65.1995270738017	27	NA	NA	NA	NA	NA	"reestimated_cis_only"	"NA"	"primary_analysis_reestimated"	"reestimated_subset"	"cis_only_sensitivity"	"OID21129"	"Q9UKJ1"
"PILRA"	"Weighted median"	"PILRA"	"wet_AMD"	"wet_AMD"	"PILRA"	3	0.0217624674380131	0.0365664672236825	0.551744406779032	NA	NA	NA	"PILRA"	"not_reported"	"sensitivity"	-0.0499078083204046	0.0934327431964308	1.02200099712143	0.951317123981558	1.09793675714119	NA	NA	-0.0215965600911798	0.0372744362779398	0.665692035723828	TRUE	0	"approximate_quantitative_trait_correlation_sensitivity"	1576.81293051402	65.1995270738017	27	NA	NA	NA	NA	NA	"reestimated_cis_only"	"NA"	"primary_analysis_reestimated"	"reestimated_subset"	"cis_only_sensitivity"	"OID21129"	"Q9UKJ1"
"PILRB"	"Inverse variance weighted"	"PILRB"	"AD"	"AD"	"PILRB"	7	0.0607477733181645	0.0205349405313376	0.00309377135306655	4.03938059791966	6	0.671347003155451	"PILRB"	"not_reported"	"primary"	0.0204992898767428	0.100996256759586	1.06263085652801	1.02071084341243	1.10627250071174	4.03938059791966	0.671347003155451	0.00298611299106239	0.0119694576533165	0.812916177662769	TRUE	0	"approximate_quantitative_trait_correlation_sensitivity"	1009.08527643503	91.3492124606038	27	25	0.00840608497096308	0.083531826532797	TRUE	FALSE	"reestimated_cis_only"	"NA"	"primary_analysis_reestimated"	"reestimated_subset"	"cis_only_sensitivity"	"OID20197"	"Q9UKJ0"
"PILRB"	"MR Egger"	"PILRB"	"AD"	"AD"	"PILRB"	7	0.0529590523581674	0.0373681526788999	0.215605745549933	3.97714146572367	5	0.552711708946668	"PILRB"	"not_reported"	"sensitivity"	-0.0202825268924764	0.126200631608811	1.05438646959588	0.97992177993833	1.13450976396997	3.97714146572367	0.552711708946668	0.00298611299106239	0.0119694576533165	0.812916177662769	TRUE	0	"approximate_quantitative_trait_correlation_sensitivity"	1009.08527643503	91.3492124606038	27	NA	NA	NA	NA	NA	"reestimated_cis_only"	"NA"	"primary_analysis_reestimated"	"reestimated_subset"	"cis_only_sensitivity"	"OID20197"	"Q9UKJ0"
"PILRB"	"Weighted median"	"PILRB"	"AD"	"AD"	"PILRB"	7	0.0601627900400857	0.0250112653479772	0.0161535487507623	NA	NA	NA	"PILRB"	"not_reported"	"sensitivity"	0.0111407099580504	0.109184870122121	1.06200941702975	1.01120299876617	1.11536852959895	NA	NA	0.00298611299106239	0.0119694576533165	0.812916177662769	TRUE	0	"approximate_quantitative_trait_correlation_sensitivity"	1009.08527643503	91.3492124606038	27	NA	NA	NA	NA	NA	"reestimated_cis_only"	"NA"	"primary_analysis_reestimated"	"reestimated_subset"	"cis_only_sensitivity"	"OID20197"	"Q9UKJ0"
"PILRB"	"Inverse variance weighted"	"PILRB"	"any_AMD"	"any_AMD"	"PILRB"	7	0.0756426425087738	0.0290449468058946	0.0092053925750328	8.11270309094098	6	0.229962157823449	"PILRB"	"not_reported"	"primary"	0.0187145467692204	0.132570738248327	1.07857706768457	1.01889076144238	1.14175977931943	8.11270309094098	0.229962157823449	0.014045027836926	0.0185830797241813	0.483835541234753	TRUE	0	"approximate_quantitative_trait_correlation_sensitivity"	1009.08527643503	91.3492124606038	27	25	0.07671160479194	0.248545599525886	FALSE	FALSE	"reestimated_cis_only"	"NA"	"primary_analysis_reestimated"	"reestimated_subset"	"cis_only_sensitivity"	"OID20197"	"Q9UKJ0"
"PILRB"	"MR Egger"	"PILRB"	"any_AMD"	"any_AMD"	"PILRB"	7	0.0401109046317915	0.0558452440860985	0.504754664895762	7.28089250464131	5	0.200574032509568	"PILRB"	"not_reported"	"sensitivity"	-0.0693457737769617	0.149567583040545	1.0409262113292	0.9330040159745	1.16133195450445	7.28089250464131	0.200574032509568	0.014045027836926	0.0185830797241813	0.483835541234753	TRUE	0	"approximate_quantitative_trait_correlation_sensitivity"	1009.08527643503	91.3492124606038	27	NA	NA	NA	NA	NA	"reestimated_cis_only"	"NA"	"primary_analysis_reestimated"	"reestimated_subset"	"cis_only_sensitivity"	"OID20197"	"Q9UKJ0"
"PILRB"	"Weighted median"	"PILRB"	"any_AMD"	"any_AMD"	"PILRB"	7	0.0656023169876302	0.0311203170792646	0.0350290755564528	NA	NA	NA	"PILRB"	"not_reported"	"sensitivity"	0.00460649551227169	0.126598138462989	1.067801986007	1.00461712172299	1.13496082902207	NA	NA	0.014045027836926	0.0185830797241813	0.483835541234753	TRUE	0	"approximate_quantitative_trait_correlation_sensitivity"	1009.08527643503	91.3492124606038	27	NA	NA	NA	NA	NA	"reestimated_cis_only"	"NA"	"primary_analysis_reestimated"	"reestimated_subset"	"cis_only_sensitivity"	"OID20197"	"Q9UKJ0"
"PILRB"	"Inverse variance weighted"	"PILRB"	"dry_AMD"	"dry_AMD"	"PILRB"	7	0.0770133765473015	0.0350180408678341	0.0278602519640178	8.42475317070432	6	0.208606346999417	"PILRB"	"not_reported"	"primary"	0.00837801644634669	0.145648736648256	1.08005652372315	1.00841321024221	1.15678977882167	8.42475317070432	0.208606346999417	0.0253527621630315	0.0207183687075022	0.275586123305382	TRUE	0	"approximate_quantitative_trait_correlation_sensitivity"	1009.08527643503	91.3492124606038	27	25	0.174126574775112	0.752226803028482	FALSE	FALSE	"reestimated_cis_only"	"NA"	"primary_analysis_reestimated"	"reestimated_subset"	"cis_only_sensitivity"	"OID20197"	"Q9UKJ0"
"PILRB"	"MR Egger"	"PILRB"	"dry_AMD"	"dry_AMD"	"PILRB"	7	0.0128640011175628	0.0622942112309071	0.844543031876049	6.48316705566019	5	0.262000058682636	"PILRB"	"not_reported"	"sensitivity"	-0.109232652895015	0.134960655130141	1.01294709831846	0.896521814837504	1.14449175358636	6.48316705566019	0.262000058682636	0.0253527621630315	0.0207183687075022	0.275586123305382	TRUE	0	"approximate_quantitative_trait_correlation_sensitivity"	1009.08527643503	91.3492124606038	27	NA	NA	NA	NA	NA	"reestimated_cis_only"	"NA"	"primary_analysis_reestimated"	"reestimated_subset"	"cis_only_sensitivity"	"OID20197"	"Q9UKJ0"
"PILRB"	"Weighted median"	"PILRB"	"dry_AMD"	"dry_AMD"	"PILRB"	7	0.0740014605534595	0.0352813782088284	0.035952420781823	NA	NA	NA	"PILRB"	"not_reported"	"sensitivity"	0.00484995926415574	0.143152961842763	1.07680837823127	1.00486173935321	1.15390629180031	NA	NA	0.0253527621630315	0.0207183687075022	0.275586123305382	TRUE	0	"approximate_quantitative_trait_correlation_sensitivity"	1009.08527643503	91.3492124606038	27	NA	NA	NA	NA	NA	"reestimated_cis_only"	"NA"	"primary_analysis_reestimated"	"reestimated_subset"	"cis_only_sensitivity"	"OID20197"	"Q9UKJ0"
"PILRB"	"Inverse variance weighted"	"PILRB"	"wet_AMD"	"wet_AMD"	"PILRB"	7	0.0638810919106883	0.0331987786778237	0.054329511672331	5.57119971589879	6	0.472893364503127	"PILRB"	"not_reported"	"primary"	-0.00118851429784614	0.128950698119223	1.06596563928785	0.998812191705546	1.13763403528552	5.57119971589879	0.472893364503127	0.00510579929287813	0.0215539256454731	0.822145392246547	TRUE	0	"approximate_quantitative_trait_correlation_sensitivity"	1009.08527643503	91.3492124606038	27	25	0.271647558361655	1	FALSE	FALSE	"reestimated_cis_only"	"NA"	"primary_analysis_reestimated"	"reestimated_subset"	"cis_only_sensitivity"	"OID20197"	"Q9UKJ0"
"PILRB"	"MR Egger"	"PILRB"	"wet_AMD"	"wet_AMD"	"PILRB"	7	0.0509827176328976	0.0646470323779066	0.466056556840048	5.50936867635917	5	0.35691966512767	"PILRB"	"not_reported"	"sensitivity"	-0.0757254658277993	0.177690901093594	1.05230470680981	0.927070684209239	1.19445605910686	5.50936867635917	0.35691966512767	0.00510579929287813	0.0215539256454731	0.822145392246547	TRUE	0	"approximate_quantitative_trait_correlation_sensitivity"	1009.08527643503	91.3492124606038	27	NA	NA	NA	NA	NA	"reestimated_cis_only"	"NA"	"primary_analysis_reestimated"	"reestimated_subset"	"cis_only_sensitivity"	"OID20197"	"Q9UKJ0"
"PILRB"	"Weighted median"	"PILRB"	"wet_AMD"	"wet_AMD"	"PILRB"	7	0.0454032272248164	0.0438252105901703	0.300198852601203	NA	NA	NA	"PILRB"	"not_reported"	"sensitivity"	-0.0404941855319175	0.13130063998155	1.04644973186916	0.960314748214632	1.14031055272755	NA	NA	0.00510579929287813	0.0215539256454731	0.822145392246547	TRUE	0	"approximate_quantitative_trait_correlation_sensitivity"	1009.08527643503	91.3492124606038	27	NA	NA	NA	NA	NA	"reestimated_cis_only"	"NA"	"primary_analysis_reestimated"	"reestimated_subset"	"cis_only_sensitivity"	"OID20197"	"Q9UKJ0"
"PRSS8"	"Wald ratio"	"PRSS8"	"AD"	"AD"	"PRSS8"	1	-0.320189329342568	0.108759962412557	0.00323999999563913	NA	NA	NA	"PRSS8"	"not_reported"	"primary"	-0.53335885567118	-0.107019803013956	0.726011568767698	0.586631247118087	0.898507879650045	NA	NA	NA	NA	NA	TRUE	1.17543557096167e-34	"approximate_quantitative_trait_correlation_sensitivity"	216.332503281953	216.332503281953	27	25	0.00840608497096308	0.0874799998822566	TRUE	FALSE	"reestimated_cis_only"	"NA"	"primary_analysis_reestimated"	"reestimated_subset"	"cis_only_sensitivity"	"OID20763"	"Q16651"
"PRSS8"	"Wald ratio"	"PRSS8"	"any_AMD"	"any_AMD"	"PRSS8"	1	-0.0488130372742143	0.126564403299342	0.699735559904901	NA	NA	NA	"PRSS8"	"not_reported"	"primary"	-0.296879267740925	0.199253193192496	0.952359168720767	0.743133727159771	1.22049094678152	NA	NA	NA	NA	NA	TRUE	4.16203720805282e-44	"approximate_quantitative_trait_correlation_sensitivity"	216.332503281953	216.332503281953	27	25	0.807049644930599	1	FALSE	FALSE	"reestimated_cis_only"	"NA"	"primary_analysis_reestimated"	"reestimated_subset"	"cis_only_sensitivity"	"OID20763"	"Q16651"
"PRSS8"	"Wald ratio"	"PRSS8"	"dry_AMD"	"dry_AMD"	"PRSS8"	1	-0.105926112831935	0.149904291233077	0.47979957755395	NA	NA	NA	"PRSS8"	"not_reported"	"primary"	-0.399738523648766	0.187886297984895	0.899491106471239	0.670495341792284	1.20669630374778	NA	NA	NA	NA	NA	TRUE	3.30818025404724e-42	"approximate_quantitative_trait_correlation_sensitivity"	216.332503281953	216.332503281953	27	25	0.719628616908792	1	FALSE	FALSE	"reestimated_cis_only"	"NA"	"primary_analysis_reestimated"	"reestimated_subset"	"cis_only_sensitivity"	"OID20763"	"Q16651"
"PRSS8"	"Wald ratio"	"PRSS8"	"wet_AMD"	"wet_AMD"	"PRSS8"	1	-0.00980144781261964	0.168182925555981	0.953526796774215	NA	NA	NA	"PRSS8"	"not_reported"	"primary"	-0.339439981902342	0.319837086277103	0.990246429825919	0.712169038658371	1.37690342959906	NA	NA	NA	NA	NA	TRUE	4.48515696568303e-42	"approximate_quantitative_trait_correlation_sensitivity"	216.332503281953	216.332503281953	27	25	0.969061033371834	1	FALSE	FALSE	"reestimated_cis_only"	"NA"	"primary_analysis_reestimated"	"reestimated_subset"	"cis_only_sensitivity"	"OID20763"	"Q16651"
"SERPINF2"	"Wald ratio"	"SERPINF2"	"AD"	"AD"	"SERPINF2"	1	-0.260499734183945	0.0628292494321202	3.38106694289118e-05	NA	NA	NA	"SERPINF2"	"not_reported"	"primary"	-0.3836450630709	-0.137354405296989	0.770666361231516	0.681373228786245	0.871661250019771	NA	NA	NA	NA	NA	TRUE	1.78788073584037e-89	"approximate_quantitative_trait_correlation_sensitivity"	486.129292389341	486.129292389341	27	25	0.000281755578574265	0.000912888074580619	TRUE	TRUE	"reestimated_cis_only"	"NA"	"primary_analysis_reestimated"	"reestimated_subset"	"cis_only_sensitivity"	"OID30779"	"P08697"
"SERPINF2"	"Wald ratio"	"SERPINF2"	"any_AMD"	"any_AMD"	"SERPINF2"	1	-0.0313748489681504	0.0844357450099077	0.710203687538927	NA	NA	NA	"SERPINF2"	"not_reported"	"primary"	-0.196868909187569	0.134119211251269	0.969112234260656	0.821298290916247	1.14352913305825	NA	NA	NA	NA	NA	TRUE	1.43751529640737e-97	"approximate_quantitative_trait_correlation_sensitivity"	486.129292389341	486.129292389341	27	25	0.807049644930599	1	FALSE	FALSE	"reestimated_cis_only"	"NA"	"primary_analysis_reestimated"	"reestimated_subset"	"cis_only_sensitivity"	"OID30779"	"P08697"
"SERPINF2"	"Wald ratio"	"SERPINF2"	"dry_AMD"	"dry_AMD"	"SERPINF2"	1	-0.185152965057271	0.0998061959305978	0.0635783844955773	NA	NA	NA	"SERPINF2"	"not_reported"	"primary"	-0.380773109081243	0.0104671789667005	0.830977163660469	0.683332914065104	1.01052215151956	NA	NA	NA	NA	NA	TRUE	2.16327986492627e-90	"approximate_quantitative_trait_correlation_sensitivity"	486.129292389341	486.129292389341	27	25	0.294261140198064	1	FALSE	FALSE	"reestimated_cis_only"	"NA"	"primary_analysis_reestimated"	"reestimated_subset"	"cis_only_sensitivity"	"OID30779"	"P08697"
"SERPINF2"	"Wald ratio"	"SERPINF2"	"wet_AMD"	"wet_AMD"	"SERPINF2"	1	-0.00435515924798222	0.112286984679329	0.969061033371834	NA	NA	NA	"SERPINF2"	"not_reported"	"primary"	-0.224437649219467	0.215727330723503	0.995654310705349	0.798965391262681	1.24076401464581	NA	NA	NA	NA	NA	TRUE	1.24665957398427e-92	"approximate_quantitative_trait_correlation_sensitivity"	486.129292389341	486.129292389341	27	25	0.969061033371834	1	FALSE	FALSE	"reestimated_cis_only"	"NA"	"primary_analysis_reestimated"	"reestimated_subset"	"cis_only_sensitivity"	"OID30779"	"P08697"
"SIGLEC9"	"Inverse variance weighted"	"SIGLEC9"	"AD"	"AD"	"SIGLEC9"	5	0.0671344165705088	0.0239398116124718	0.00504259427187196	1.99723100482962	4	0.736268210377999	"SIGLEC9"	"not_reported"	"primary"	0.020212385810064	0.114056447330954	1.06943921886599	1.0204180393259	1.12081539013582	1.99723100482962	0.736268210377999	0.00269769075983729	0.0219713007249662	0.910042976473587	TRUE	2.93070416594235e-249	"approximate_quantitative_trait_correlation_sensitivity"	854.847396307082	38.3679051988145	27	25	0.0114604415269817	0.136150045340543	TRUE	FALSE	"reestimated_cis_only"	"NA"	"primary_analysis_reestimated"	"reestimated_subset"	"cis_only_sensitivity"	"OID21390"	"Q9Y336"
"SIGLEC9"	"MR Egger"	"SIGLEC9"	"AD"	"AD"	"SIGLEC9"	5	0.0597356147486879	0.064840675052023	0.424855143090878	1.98215546779232	3	0.576118652908735	"SIGLEC9"	"not_reported"	"sensitivity"	-0.0673521083532773	0.186823337850653	1.06155584973083	0.934865969260525	1.20541431515485	1.98215546779232	0.576118652908735	0.00269769075983729	0.0219713007249662	0.910042976473587	TRUE	2.93070416594235e-249	"approximate_quantitative_trait_correlation_sensitivity"	854.847396307082	38.3679051988145	27	NA	NA	NA	NA	NA	"reestimated_cis_only"	"NA"	"primary_analysis_reestimated"	"reestimated_subset"	"cis_only_sensitivity"	"OID21390"	"Q9Y336"
"SIGLEC9"	"Weighted median"	"SIGLEC9"	"AD"	"AD"	"SIGLEC9"	5	0.0670196473142865	0.0228498765002816	0.00335658488911222	NA	NA	NA	"SIGLEC9"	"not_reported"	"sensitivity"	0.0222338893737347	0.111805405254838	1.06931648716531	1.02248290439171	1.11829522509602	NA	NA	0.00269769075983729	0.0219713007249662	0.910042976473587	TRUE	2.93070416594235e-249	"approximate_quantitative_trait_correlation_sensitivity"	854.847396307082	38.3679051988145	27	NA	NA	NA	NA	NA	"reestimated_cis_only"	"NA"	"primary_analysis_reestimated"	"reestimated_subset"	"cis_only_sensitivity"	"OID21390"	"Q9Y336"
"SIGLEC9"	"Inverse variance weighted"	"SIGLEC9"	"any_AMD"	"any_AMD"	"SIGLEC9"	4	-0.00195268452876553	0.03249675870917	0.952085074503132	0.657333880997078	3	0.883190533507983	"SIGLEC9"	"not_reported"	"primary"	-0.0656463315987387	0.0617409625412076	0.998049220719351	0.936462002750917	1.06368677431907	0.657333880997078	0.883190533507983	0.0168480852198372	0.0229021012267887	0.538516072979178	TRUE	5.30133422186189e-266	"approximate_quantitative_trait_correlation_sensitivity"	1049.79923017691	38.3679051988145	27	25	0.969256769405091	1	FALSE	FALSE	"reestimated_cis_only"	"NA"	"primary_analysis_reestimated"	"reestimated_subset"	"cis_only_sensitivity"	"OID21390"	"Q9Y336"
"SIGLEC9"	"MR Egger"	"SIGLEC9"	"any_AMD"	"any_AMD"	"SIGLEC9"	4	-0.0514780915200899	0.0747542897127511	0.562207966378067	0.116143035967172	2	0.94358246190859	"SIGLEC9"	"not_reported"	"sensitivity"	-0.197996499357082	0.0950403163169022	0.949824458944329	0.820372724964774	1.0997031902147	0.116143035967172	0.94358246190859	0.0168480852198372	0.0229021012267887	0.538516072979178	TRUE	5.30133422186189e-266	"approximate_quantitative_trait_correlation_sensitivity"	1049.79923017691	38.3679051988145	27	NA	NA	NA	NA	NA	"reestimated_cis_only"	"NA"	"primary_analysis_reestimated"	"reestimated_subset"	"cis_only_sensitivity"	"OID21390"	"Q9Y336"
"SIGLEC9"	"Weighted median"	"SIGLEC9"	"any_AMD"	"any_AMD"	"SIGLEC9"	4	-0.00241900804400813	0.0329312714051231	0.941443049231802	NA	NA	NA	"SIGLEC9"	"not_reported"	"sensitivity"	-0.0669642999980495	0.0621262839100332	0.997583915398199	0.935228588403244	1.06409671453725	NA	NA	0.0168480852198372	0.0229021012267887	0.538516072979178	TRUE	5.30133422186189e-266	"approximate_quantitative_trait_correlation_sensitivity"	1049.79923017691	38.3679051988145	27	NA	NA	NA	NA	NA	"reestimated_cis_only"	"NA"	"primary_analysis_reestimated"	"reestimated_subset"	"cis_only_sensitivity"	"OID21390"	"Q9Y336"
"SIGLEC9"	"Inverse variance weighted"	"SIGLEC9"	"dry_AMD"	"dry_AMD"	"SIGLEC9"	4	0.0673748709850618	0.0384627309261519	0.0798267254365649	0.0290087463972476	3	0.998697325592337	"SIGLEC9"	"not_reported"	"primary"	-0.00801208163019604	0.14276182360032	1.06969640116633	0.992019929546724	1.15345504317744	0.0290087463972476	0.998697325592337	0.00267005695546423	0.0271115194794708	0.930529385030776	TRUE	1.91855257556837e-253	"approximate_quantitative_trait_correlation_sensitivity"	1049.79923017691	38.3679051988145	27	25	0.294261140198064	1	FALSE	FALSE	"reestimated_cis_only"	"NA"	"primary_analysis_reestimated"	"reestimated_subset"	"cis_only_sensitivity"	"OID21390"	"Q9Y336"
"SIGLEC9"	"MR Egger"	"SIGLEC9"	"dry_AMD"	"dry_AMD"	"SIGLEC9"	4	0.0595266477511986	0.0884867376475826	0.570439523972576	0.019309604034404	2	0.99039165594942	"SIGLEC9"	"not_reported"	"sensitivity"	-0.113907358038063	0.232960653540461	1.06133404276822	0.89234062023903	1.26233181006262	0.019309604034404	0.99039165594942	0.00267005695546423	0.0271115194794708	0.930529385030776	TRUE	1.91855257556837e-253	"approximate_quantitative_trait_correlation_sensitivity"	1049.79923017691	38.3679051988145	27	NA	NA	NA	NA	NA	"reestimated_cis_only"	"NA"	"primary_analysis_reestimated"	"reestimated_subset"	"cis_only_sensitivity"	"OID21390"	"Q9Y336"
"SIGLEC9"	"Weighted median"	"SIGLEC9"	"dry_AMD"	"dry_AMD"	"SIGLEC9"	4	0.0669982666986331	0.0395092993826833	0.089931449969516	NA	NA	NA	"SIGLEC9"	"not_reported"	"sensitivity"	-0.0104399600914262	0.144436493488692	1.06929362476489	0.989614347139184	1.15538831795254	NA	NA	0.00267005695546423	0.0271115194794708	0.930529385030776	TRUE	1.91855257556837e-253	"approximate_quantitative_trait_correlation_sensitivity"	1049.79923017691	38.3679051988145	27	NA	NA	NA	NA	NA	"reestimated_cis_only"	"NA"	"primary_analysis_reestimated"	"reestimated_subset"	"cis_only_sensitivity"	"OID21390"	"Q9Y336"
"SIGLEC9"	"Inverse variance weighted"	"SIGLEC9"	"wet_AMD"	"wet_AMD"	"SIGLEC9"	4	-0.0852460806667329	0.043225560688175	0.0485956771937306	1.76677909054078	3	0.622190720623931	"SIGLEC9"	"not_reported"	"primary"	-0.169968179615556	-0.000523981717909933	0.918286284094403	0.843691662762315	0.999476155536536	1.76677909054078	0.622190720623931	0.0105924204546997	0.0304207951233103	0.760927485316606	TRUE	3.86767074250579e-240	"approximate_quantitative_trait_correlation_sensitivity"	1049.79923017691	38.3679051988145	27	25	0.271647558361655	1	FALSE	FALSE	"reestimated_cis_only"	"NA"	"primary_analysis_reestimated"	"reestimated_subset"	"cis_only_sensitivity"	"OID21390"	"Q9Y336"
"SIGLEC9"	"MR Egger"	"SIGLEC9"	"wet_AMD"	"wet_AMD"	"SIGLEC9"	4	-0.116398194854392	0.0993619304800221	0.36208555814065	1.64553814907598	2	0.439213753433423	"SIGLEC9"	"not_reported"	"sensitivity"	-0.311147578595236	0.0783511888864509	0.890120711232716	0.732605750963479	1.0815024036099	1.64553814907598	0.439213753433423	0.0105924204546997	0.0304207951233103	0.760927485316606	TRUE	3.86767074250579e-240	"approximate_quantitative_trait_correlation_sensitivity"	1049.79923017691	38.3679051988145	27	NA	NA	NA	NA	NA	"reestimated_cis_only"	"NA"	"primary_analysis_reestimated"	"reestimated_subset"	"cis_only_sensitivity"	"OID21390"	"Q9Y336"
"SIGLEC9"	"Weighted median"	"SIGLEC9"	"wet_AMD"	"wet_AMD"	"SIGLEC9"	4	-0.0815993322948162	0.0451664603450736	0.070819124936913	NA	NA	NA	"SIGLEC9"	"not_reported"	"sensitivity"	-0.17012559457116	0.00692692998152808	0.921641156575784	0.843558863529245	1.00695097665215	NA	NA	0.0105924204546997	0.0304207951233103	0.760927485316606	TRUE	3.86767074250579e-240	"approximate_quantitative_trait_correlation_sensitivity"	1049.79923017691	38.3679051988145	27	NA	NA	NA	NA	NA	"reestimated_cis_only"	"NA"	"primary_analysis_reestimated"	"reestimated_subset"	"cis_only_sensitivity"	"OID21390"	"Q9Y336"
"SIRPA"	"Inverse variance weighted"	"SIRPA"	"AD"	"AD"	"SIRPA"	10	-0.00698638390518372	0.0319226772110887	0.826764309817753	18.1132854579023	9	0.0338817445387667	"SIRPA"	"not_reported"	"primary"	-0.0695548312389176	0.0555820634285501	0.993037964140258	0.932808984909986	1.05715576733964	18.1132854579023	0.0338817445387667	-0.032285235932503	0.01839694697617	0.117350260391551	TRUE	0	"approximate_quantitative_trait_correlation_sensitivity"	2296.83990353653	56.5536300002049	27	25	0.890398445333655	1	FALSE	FALSE	"reestimated_cis_only"	"NA"	"primary_analysis_reestimated"	"reestimated_subset"	"cis_only_sensitivity"	"OID20304"	"P78324"
"SIRPA"	"MR Egger"	"SIRPA"	"AD"	"AD"	"SIRPA"	10	0.056346806941813	0.0461538526792234	0.256902354290838	13.0784715711027	8	0.109178022863843	"SIRPA"	"not_reported"	"sensitivity"	-0.0341147443094649	0.146808358193091	1.05796452956364	0.966460602420479	1.15813199525317	13.0784715711027	0.109178022863843	-0.032285235932503	0.01839694697617	0.117350260391551	TRUE	0	"approximate_quantitative_trait_correlation_sensitivity"	2296.83990353653	56.5536300002049	27	NA	NA	NA	NA	NA	"reestimated_cis_only"	"NA"	"primary_analysis_reestimated"	"reestimated_subset"	"cis_only_sensitivity"	"OID20304"	"P78324"
"SIRPA"	"Weighted median"	"SIRPA"	"AD"	"AD"	"SIRPA"	10	-0.00980127189712535	0.0299298971755495	0.743309183762665	NA	NA	NA	"SIRPA"	"not_reported"	"sensitivity"	-0.0684638703612023	0.0488613265669516	0.990246604025625	0.933827198333419	1.0500747231761	NA	NA	-0.032285235932503	0.01839694697617	0.117350260391551	TRUE	0	"approximate_quantitative_trait_correlation_sensitivity"	2296.83990353653	56.5536300002049	27	NA	NA	NA	NA	NA	"reestimated_cis_only"	"NA"	"primary_analysis_reestimated"	"reestimated_subset"	"cis_only_sensitivity"	"OID20304"	"P78324"
"SIRPA"	"Inverse variance weighted"	"SIRPA"	"any_AMD"	"any_AMD"	"SIRPA"	10	-0.0113672262010623	0.0107661988275254	0.291047990739108	8.64416592029436	9	0.470747424008405	"SIRPA"	"not_reported"	"primary"	-0.032468975903012	0.00973452350088748	0.988697136608313	0.968052482319539	1.00978205809178	8.64416592029436	0.470747424008405	0.00109084475710635	0.0142850651057692	0.941005807041845	TRUE	0	"approximate_quantitative_trait_correlation_sensitivity"	2296.83990353653	56.5536300002049	27	25	0.661472706225246	1	FALSE	FALSE	"reestimated_cis_only"	"NA"	"primary_analysis_reestimated"	"reestimated_subset"	"cis_only_sensitivity"	"OID20304"	"P78324"
"SIRPA"	"MR Egger"	"SIRPA"	"any_AMD"	"any_AMD"	"SIRPA"	10	-0.0124763526763678	0.0183333940090263	0.515379994980595	8.63786972613712	8	0.373759212469438	"SIRPA"	"not_reported"	"sensitivity"	-0.0484098049340594	0.0234570995813237	0.987601154341869	0.952743268172494	1.02373438117099	8.63786972613712	0.373759212469438	0.00109084475710635	0.0142850651057692	0.941005807041845	TRUE	0	"approximate_quantitative_trait_correlation_sensitivity"	2296.83990353653	56.5536300002049	27	NA	NA	NA	NA	NA	"reestimated_cis_only"	"NA"	"primary_analysis_reestimated"	"reestimated_subset"	"cis_only_sensitivity"	"OID20304"	"P78324"
"SIRPA"	"Weighted median"	"SIRPA"	"any_AMD"	"any_AMD"	"SIRPA"	10	-0.0128978231344063	0.0112569171469339	0.251890876354123	NA	NA	NA	"SIRPA"	"not_reported"	"sensitivity"	-0.0349613807423968	0.00916573447358419	0.987184997336091	0.965642707941964	1.00920786844903	NA	NA	0.00109084475710635	0.0142850651057692	0.941005807041845	TRUE	0	"approximate_quantitative_trait_correlation_sensitivity"	2296.83990353653	56.5536300002049	27	NA	NA	NA	NA	NA	"reestimated_cis_only"	"NA"	"primary_analysis_reestimated"	"reestimated_subset"	"cis_only_sensitivity"	"OID20304"	"P78324"
"SIRPA"	"Inverse variance weighted"	"SIRPA"	"dry_AMD"	"dry_AMD"	"SIRPA"	10	-0.00681034676388908	0.01490397181563	0.647708101165105	12.3342892799764	9	0.195112924093061	"SIRPA"	"not_reported"	"primary"	-0.036022131522524	0.0224014379947458	0.993212791092229	0.964618944760981	1.02265423434499	12.3342892799764	0.195112924093061	-0.00632821578721941	0.0200673523700828	0.760565888697305	TRUE	0	"approximate_quantitative_trait_correlation_sensitivity"	2296.83990353653	56.5536300002049	27	25	0.771081072815601	1	FALSE	FALSE	"reestimated_cis_only"	"NA"	"primary_analysis_reestimated"	"reestimated_subset"	"cis_only_sensitivity"	"OID20304"	"P78324"
"SIRPA"	"MR Egger"	"SIRPA"	"dry_AMD"	"dry_AMD"	"SIRPA"	10	-0.000375888527529757	0.0257518916351091	0.988711515165645	12.1828490424075	8	0.143230174168141	"SIRPA"	"not_reported"	"sensitivity"	-0.0508495961323436	0.0500978190772841	0.999624182109712	0.950421606868646	1.05137393577439	12.1828490424075	0.143230174168141	-0.00632821578721941	0.0200673523700828	0.760565888697305	TRUE	0	"approximate_quantitative_trait_correlation_sensitivity"	2296.83990353653	56.5536300002049	27	NA	NA	NA	NA	NA	"reestimated_cis_only"	"NA"	"primary_analysis_reestimated"	"reestimated_subset"	"cis_only_sensitivity"	"OID20304"	"P78324"
"SIRPA"	"Weighted median"	"SIRPA"	"dry_AMD"	"dry_AMD"	"SIRPA"	10	-0.00689964173870626	0.0127880639648432	0.589515938429565	NA	NA	NA	"SIRPA"	"not_reported"	"sensitivity"	-0.031964247109799	0.0181649636323865	0.993124106140679	0.968541209607699	1.01833095010714	NA	NA	-0.00632821578721941	0.0200673523700828	0.760565888697305	TRUE	0	"approximate_quantitative_trait_correlation_sensitivity"	2296.83990353653	56.5536300002049	27	NA	NA	NA	NA	NA	"reestimated_cis_only"	"NA"	"primary_analysis_reestimated"	"reestimated_subset"	"cis_only_sensitivity"	"OID20304"	"P78324"
"SIRPA"	"Inverse variance weighted"	"SIRPA"	"wet_AMD"	"wet_AMD"	"SIRPA"	10	-0.0129679786355476	0.0143205229685828	0.365173009179448	5.97696720948811	9	0.742221286011184	"SIRPA"	"not_reported"	"primary"	-0.0410362036539699	0.0151002463828746	0.987115743307188	0.959794381255127	1.01521483112943	5.97696720948811	0.742221286011184	0.00674916629618433	0.018280083319591	0.72155305689072	TRUE	0	"approximate_quantitative_trait_correlation_sensitivity"	2296.83990353653	56.5536300002049	27	25	0.795117980523124	1	FALSE	FALSE	"reestimated_cis_only"	"NA"	"primary_analysis_reestimated"	"reestimated_subset"	"cis_only_sensitivity"	"OID20304"	"P78324"
"SIRPA"	"MR Egger"	"SIRPA"	"wet_AMD"	"wet_AMD"	"SIRPA"	10	-0.0198291057516287	0.0234609778472154	0.422558032345412	5.84065212522129	8	0.665075803706621	"SIRPA"	"not_reported"	"sensitivity"	-0.0658126223321709	0.0261544108289135	0.980366197936375	0.936306290744739	1.02649943886605	5.84065212522129	0.665075803706621	0.00674916629618433	0.018280083319591	0.72155305689072	TRUE	0	"approximate_quantitative_trait_correlation_sensitivity"	2296.83990353653	56.5536300002049	27	NA	NA	NA	NA	NA	"reestimated_cis_only"	"NA"	"primary_analysis_reestimated"	"reestimated_subset"	"cis_only_sensitivity"	"OID20304"	"P78324"
"SIRPA"	"Weighted median"	"SIRPA"	"wet_AMD"	"wet_AMD"	"SIRPA"	10	-0.0117142973254018	0.0148239232640654	0.429393913955886	NA	NA	NA	"SIRPA"	"not_reported"	"sensitivity"	-0.04076918692297	0.0173405922721665	0.988354047923011	0.960050696631966	1.0174918131644	NA	NA	0.00674916629618433	0.018280083319591	0.72155305689072	TRUE	0	"approximate_quantitative_trait_correlation_sensitivity"	2296.83990353653	56.5536300002049	27	NA	NA	NA	NA	NA	"reestimated_cis_only"	"NA"	"primary_analysis_reestimated"	"reestimated_subset"	"cis_only_sensitivity"	"OID20304"	"P78324"
"TGFB1"	"Inverse variance weighted"	"TGFB1"	"AD"	"AD"	"TGFB1"	2	-0.044049896149552	0.0449198384551307	0.326773532855876	0.185253978282046	1	0.666896399866021	"TGFB1"	"not_reported"	"primary"	-0.132092779521608	0.0439929872225042	0.956906210346479	0.876259692352757	1.0449750266854	0.185253978282046	0.666896399866021	NA	NA	NA	TRUE	1.74741419259525e-191	"approximate_quantitative_trait_correlation_sensitivity"	494.118334472546	136.370474552368	27	25	0.453852128966495	1	FALSE	FALSE	"reestimated_cis_only"	"NA"	"primary_analysis_reestimated"	"reestimated_subset"	"cis_only_sensitivity"	"OID20621"	"P01137"
"TGFB1"	"Inverse variance weighted"	"TGFB1"	"any_AMD"	"any_AMD"	"TGFB1"	2	-0.254491822751449	0.0550994549256449	3.86017621509384e-06	1.09658236290031	1	0.295017358039092	"TGFB1"	"not_reported"	"primary"	-0.362486754405713	-0.146496891097185	0.775310392970636	0.695943531803261	0.863728417578297	1.09658236290031	0.295017358039092	NA	NA	NA	TRUE	3.40471263445112e-180	"approximate_quantitative_trait_correlation_sensitivity"	494.118334472546	136.370474552368	27	25	9.65044053773461e-05	0.000104224757807534	TRUE	TRUE	"reestimated_cis_only"	"NA"	"primary_analysis_reestimated"	"reestimated_subset"	"cis_only_sensitivity"	"OID20621"	"P01137"
"TGFB1"	"Inverse variance weighted"	"TGFB1"	"dry_AMD"	"dry_AMD"	"TGFB1"	2	-0.195001609751222	0.0770743124755349	0.0114047346667832	1.53903846727265	1	0.214760984131625	"TGFB1"	"not_reported"	"primary"	-0.346067262203271	-0.0439359572991739	0.822833333497988	0.707464899858207	0.957015245351549	1.53903846727265	0.214760984131625	NA	NA	NA	TRUE	3.1550448433118e-179	"approximate_quantitative_trait_correlation_sensitivity"	494.118334472546	136.370474552368	27	25	0.174126574775112	0.307927836003147	FALSE	FALSE	"reestimated_cis_only"	"NA"	"primary_analysis_reestimated"	"reestimated_subset"	"cis_only_sensitivity"	"OID20621"	"P01137"
"TGFB1"	"Inverse variance weighted"	"TGFB1"	"wet_AMD"	"wet_AMD"	"TGFB1"	2	-0.32926374086532	0.0702146345171566	2.74021911797025e-06	0.304897732996679	1	0.580828149274959	"TGFB1"	"not_reported"	"primary"	-0.466884424518947	-0.191643057211694	0.719453242501829	0.626952546567386	0.825601508408199	0.304897732996679	0.580828149274959	NA	NA	NA	TRUE	6.08193737913974e-165	"approximate_quantitative_trait_correlation_sensitivity"	494.118334472546	136.370474552368	27	25	3.42527389746281e-05	7.39859161851968e-05	TRUE	TRUE	"reestimated_cis_only"	"NA"	"primary_analysis_reestimated"	"reestimated_subset"	"cis_only_sensitivity"	"OID20621"	"P01137"
"TNFRSF10A"	"Inverse variance weighted"	"TNFRSF10A"	"AD"	"AD"	"TNFRSF10A"	4	0.0401055455177235	0.0317545340521089	0.206594057457642	0.212804069843249	3	0.975496286348326	"TNFRSF10A"	"not_reported"	"primary"	-0.0221333412244099	0.102344432259857	1.04092063290185	0.978109803996613	1.1077649560136	0.212804069843249	0.975496286348326	0.0037877627441503	0.0175007881135068	0.848719541878447	TRUE	4.8875286625791e-251	"approximate_quantitative_trait_correlation_sensitivity"	575.595476461577	58.8991670067129	27	25	0.322803214777565	1	FALSE	FALSE	"reestimated_cis_only"	"NA"	"primary_analysis_reestimated"	"reestimated_subset"	"cis_only_sensitivity"	"OID20967"	"O00220"
"TNFRSF10A"	"MR Egger"	"TNFRSF10A"	"AD"	"AD"	"TNFRSF10A"	4	0.0263215141336015	0.0711645277380543	0.746974036575105	0.165960463495113	2	0.92036934113377	"TNFRSF10A"	"not_reported"	"sensitivity"	-0.113160960232985	0.165803988500188	1.02667098464707	0.893006909947013	1.1803417184966	0.165960463495113	0.92036934113377	0.0037877627441503	0.0175007881135068	0.848719541878447	TRUE	4.8875286625791e-251	"approximate_quantitative_trait_correlation_sensitivity"	575.595476461577	58.8991670067129	27	NA	NA	NA	NA	NA	"reestimated_cis_only"	"NA"	"primary_analysis_reestimated"	"reestimated_subset"	"cis_only_sensitivity"	"OID20967"	"O00220"
"TNFRSF10A"	"Weighted median"	"TNFRSF10A"	"AD"	"AD"	"TNFRSF10A"	4	0.0380932208111788	0.0330879567965377	0.249620568642559	NA	NA	NA	"TNFRSF10A"	"not_reported"	"sensitivity"	-0.026759174510035	0.102945616132393	1.03882806876011	0.973595679950481	1.10843112666518	NA	NA	0.0037877627441503	0.0175007881135068	0.848719541878447	TRUE	4.8875286625791e-251	"approximate_quantitative_trait_correlation_sensitivity"	575.595476461577	58.8991670067129	27	NA	NA	NA	NA	NA	"reestimated_cis_only"	"NA"	"primary_analysis_reestimated"	"reestimated_subset"	"cis_only_sensitivity"	"OID20967"	"O00220"
"TNFRSF10A"	"Inverse variance weighted"	"TNFRSF10A"	"any_AMD"	"any_AMD"	"TNFRSF10A"	4	-0.0694021861681208	0.0443572325123635	0.117672179151808	3.58176920148284	3	0.310310752871442	"TNFRSF10A"	"not_reported"	"primary"	-0.156342361892353	0.0175379895561116	0.932951384471546	0.85526632964262	1.01769268310969	3.58176920148284	0.310310752871442	-0.0385316312694589	0.0258729815073114	0.274858415705501	TRUE	2.10858472186301e-247	"approximate_quantitative_trait_correlation_sensitivity"	575.595476461577	58.8991670067129	27	25	0.490300746465865	1	FALSE	FALSE	"reestimated_cis_only"	"NA"	"primary_analysis_reestimated"	"reestimated_subset"	"cis_only_sensitivity"	"OID20967"	"O00220"
"TNFRSF10A"	"MR Egger"	"TNFRSF10A"	"any_AMD"	"any_AMD"	"TNFRSF10A"	4	0.0644404818405427	0.098615065773627	0.580549858255147	1.36386984423511	2	0.505637675698212	"TNFRSF10A"	"not_reported"	"sensitivity"	-0.128845047075766	0.257726010756852	1.06656209654258	0.879110175684677	1.29398423228958	1.36386984423511	0.505637675698212	-0.0385316312694589	0.0258729815073114	0.274858415705501	TRUE	2.10858472186301e-247	"approximate_quantitative_trait_correlation_sensitivity"	575.595476461577	58.8991670067129	27	NA	NA	NA	NA	NA	"reestimated_cis_only"	"NA"	"primary_analysis_reestimated"	"reestimated_subset"	"cis_only_sensitivity"	"OID20967"	"O00220"
"TNFRSF10A"	"Weighted median"	"TNFRSF10A"	"any_AMD"	"any_AMD"	"TNFRSF10A"	4	-0.0633685967747956	0.0421926705306663	0.133126457328758	NA	NA	NA	"TNFRSF10A"	"not_reported"	"sensitivity"	-0.146066231014901	0.0193290374653103	0.938597445929292	0.864100471038218	1.019517052741	NA	NA	-0.0385316312694589	0.0258729815073114	0.274858415705501	TRUE	2.10858472186301e-247	"approximate_quantitative_trait_correlation_sensitivity"	575.595476461577	58.8991670067129	27	NA	NA	NA	NA	NA	"reestimated_cis_only"	"NA"	"primary_analysis_reestimated"	"reestimated_subset"	"cis_only_sensitivity"	"OID20967"	"O00220"
"TNFRSF10A"	"Inverse variance weighted"	"TNFRSF10A"	"dry_AMD"	"dry_AMD"	"TNFRSF10A"	4	-0.0802778975968193	0.0480260251139187	0.0946131105730398	2.6410069490618	3	0.450345809366467	"TNFRSF10A"	"not_reported"	"primary"	-0.1744089068201	0.0138531116264614	0.922859850213876	0.839953364767328	1.01394951060491	2.6410069490618	0.450345809366467	-0.0396505987063206	0.0306654268025269	0.32522758121726	TRUE	3.2330386480138e-240	"approximate_quantitative_trait_correlation_sensitivity"	575.595476461577	58.8991670067129	27	25	0.295665970540749	1	FALSE	FALSE	"reestimated_cis_only"	"NA"	"primary_analysis_reestimated"	"reestimated_subset"	"cis_only_sensitivity"	"OID20967"	"O00220"
"TNFRSF10A"	"MR Egger"	"TNFRSF10A"	"dry_AMD"	"dry_AMD"	"TNFRSF10A"	4	0.0573912308086584	0.116802429513523	0.671805512039427	0.969140927054525	2	0.615961717973144	"TNFRSF10A"	"not_reported"	"sensitivity"	-0.171541531037846	0.286323992655163	1.05907007019461	0.842365282989099	1.3315237893019	0.969140927054525	0.615961717973144	-0.0396505987063206	0.0306654268025269	0.32522758121726	TRUE	3.2330386480138e-240	"approximate_quantitative_trait_correlation_sensitivity"	575.595476461577	58.8991670067129	27	NA	NA	NA	NA	NA	"reestimated_cis_only"	"NA"	"primary_analysis_reestimated"	"reestimated_subset"	"cis_only_sensitivity"	"OID20967"	"O00220"
"TNFRSF10A"	"Weighted median"	"TNFRSF10A"	"dry_AMD"	"dry_AMD"	"TNFRSF10A"	4	-0.0655731571126458	0.048996487086226	0.180790957722662	NA	NA	NA	"TNFRSF10A"	"not_reported"	"sensitivity"	-0.161606271801649	0.0304599575763572	0.936530530383921	0.850776113150656	1.0309286083422	NA	NA	-0.0396505987063206	0.0306654268025269	0.32522758121726	TRUE	3.2330386480138e-240	"approximate_quantitative_trait_correlation_sensitivity"	575.595476461577	58.8991670067129	27	NA	NA	NA	NA	NA	"reestimated_cis_only"	"NA"	"primary_analysis_reestimated"	"reestimated_subset"	"cis_only_sensitivity"	"OID20967"	"O00220"
"TNFRSF10A"	"Inverse variance weighted"	"TNFRSF10A"	"wet_AMD"	"wet_AMD"	"TNFRSF10A"	4	-0.0371753473266574	0.0665151406203235	0.576229607886359	4.55718995470859	3	0.207245449716208	"TNFRSF10A"	"not_reported"	"primary"	-0.167545022942491	0.0931943282891766	0.963507172129014	0.845738538794053	1.09767502385287	4.55718995470859	0.207245449716208	-0.0497791111775177	0.0383268215636061	0.32358410005231	TRUE	5.36681886528567e-231	"approximate_quantitative_trait_correlation_sensitivity"	575.595476461577	58.8991670067129	27	25	0.795117980523124	1	FALSE	FALSE	"reestimated_cis_only"	"NA"	"primary_analysis_reestimated"	"reestimated_subset"	"cis_only_sensitivity"	"OID20967"	"O00220"
"TNFRSF10A"	"MR Egger"	"TNFRSF10A"	"wet_AMD"	"wet_AMD"	"TNFRSF10A"	4	0.135656216203354	0.145970879529434	0.450823274680035	2.4721002366897	2	0.290529511751257	"TNFRSF10A"	"not_reported"	"sensitivity"	-0.150446707674337	0.421759140081045	1.1452880944185	0.860323577430009	1.52464125548561	2.4721002366897	0.290529511751257	-0.0497791111775177	0.0383268215636061	0.32358410005231	TRUE	5.36681886528567e-231	"approximate_quantitative_trait_correlation_sensitivity"	575.595476461577	58.8991670067129	27	NA	NA	NA	NA	NA	"reestimated_cis_only"	"NA"	"primary_analysis_reestimated"	"reestimated_subset"	"cis_only_sensitivity"	"OID20967"	"O00220"
"TNFRSF10A"	"Weighted median"	"TNFRSF10A"	"wet_AMD"	"wet_AMD"	"TNFRSF10A"	4	-0.0358798922157206	0.0546994473044212	0.511858768828809	NA	NA	NA	"TNFRSF10A"	"not_reported"	"sensitivity"	-0.143090808932386	0.071331024500945	0.964756161249571	0.866675363457484	1.07393666638439	NA	NA	-0.0497791111775177	0.0383268215636061	0.32358410005231	TRUE	5.36681886528567e-231	"approximate_quantitative_trait_correlation_sensitivity"	575.595476461577	58.8991670067129	27	NA	NA	NA	NA	NA	"reestimated_cis_only"	"NA"	"primary_analysis_reestimated"	"reestimated_subset"	"cis_only_sensitivity"	"OID20967"	"O00220"
"TREM2"	"Inverse variance weighted"	"TREM2"	"AD"	"AD"	"TREM2"	3	0.0545458522247511	0.298032571292953	0.854782507520308	57.6409158167647	2	3.04392652037311e-13	"TREM2"	"not_reported"	"primary"	-0.529597987509437	0.638689691958939	1.05606089804524	0.588841643797962	1.89399753248904	57.6409158167647	3.04392652037311e-13	0.112262604838879	0.180203272256489	0.645311308177922	TRUE	1.57518852797144e-184	"approximate_quantitative_trait_correlation_sensitivity"	698.914117575788	48.9716024734884	27	25	0.890398445333655	1	FALSE	FALSE	"reestimated_cis_only"	"NA"	"primary_analysis_reestimated"	"reestimated_subset"	"cis_only_sensitivity"	"OID20731"	"Q9NZC2"
"TREM2"	"MR Egger"	"TREM2"	"AD"	"AD"	"TREM2"	3	-0.143630806452755	0.478720746447291	0.81443505084807	41.5250124293245	1	1.16372439845002e-10	"TREM2"	"not_reported"	"sensitivity"	-1.08192346948945	0.794661856583936	0.866207487247618	0.338942951816729	2.21369232474714	41.5250124293245	1.16372439845002e-10	0.112262604838879	0.180203272256489	0.645311308177922	TRUE	1.57518852797144e-184	"approximate_quantitative_trait_correlation_sensitivity"	698.914117575788	48.9716024734884	27	NA	NA	NA	NA	NA	"reestimated_cis_only"	"NA"	"primary_analysis_reestimated"	"reestimated_subset"	"cis_only_sensitivity"	"OID20731"	"Q9NZC2"
"TREM2"	"Weighted median"	"TREM2"	"AD"	"AD"	"TREM2"	3	-0.0487572359819799	0.0587351768762869	0.406471027433449	NA	NA	NA	"TREM2"	"not_reported"	"sensitivity"	-0.163878182659502	0.0663637106955424	0.952412313075801	0.848845419673775	1.06861531331229	NA	NA	0.112262604838879	0.180203272256489	0.645311308177922	TRUE	1.57518852797144e-184	"approximate_quantitative_trait_correlation_sensitivity"	698.914117575788	48.9716024734884	27	NA	NA	NA	NA	NA	"reestimated_cis_only"	"NA"	"primary_analysis_reestimated"	"reestimated_subset"	"cis_only_sensitivity"	"OID20731"	"Q9NZC2"
"TREM2"	"Inverse variance weighted"	"TREM2"	"any_AMD"	"any_AMD"	"TREM2"	3	0.0363495507674938	0.0516326719360882	0.481430967740031	2.13840230185175	2	0.343282638931544	"TREM2"	"not_reported"	"primary"	-0.0648504862272389	0.137549587762227	1.03701827367735	0.937207578343482	1.14745860446577	2.13840230185175	0.343282638931544	0.0138603506217062	0.0668270523706122	0.869806966590175	TRUE	1.98427406570813e-215	"approximate_quantitative_trait_correlation_sensitivity"	698.914117575788	48.9716024734884	27	25	0.800779986107791	1	FALSE	FALSE	"reestimated_cis_only"	"NA"	"primary_analysis_reestimated"	"reestimated_subset"	"cis_only_sensitivity"	"OID20731"	"Q9NZC2"
"TREM2"	"MR Egger"	"TREM2"	"any_AMD"	"any_AMD"	"TREM2"	3	0.0229316604009793	0.0964222162511499	0.851356996089164	2.05020776259471	1	0.152185420810799	"TREM2"	"not_reported"	"sensitivity"	-0.166055883451275	0.211919204253233	1.02319661231164	0.846998899645065	1.23604801362166	2.05020776259471	0.152185420810799	0.0138603506217062	0.0668270523706122	0.869806966590175	TRUE	1.98427406570813e-215	"approximate_quantitative_trait_correlation_sensitivity"	698.914117575788	48.9716024734884	27	NA	NA	NA	NA	NA	"reestimated_cis_only"	"NA"	"primary_analysis_reestimated"	"reestimated_subset"	"cis_only_sensitivity"	"OID20731"	"Q9NZC2"
"TREM2"	"Weighted median"	"TREM2"	"any_AMD"	"any_AMD"	"TREM2"	3	0.0389848427160173	0.0509800671047264	0.44444570351857	NA	NA	NA	"TREM2"	"not_reported"	"sensitivity"	-0.0609360888092465	0.138905774241281	1.0397547236731	0.940883370831056	1.14901582801451	NA	NA	0.0138603506217062	0.0668270523706122	0.869806966590175	TRUE	1.98427406570813e-215	"approximate_quantitative_trait_correlation_sensitivity"	698.914117575788	48.9716024734884	27	NA	NA	NA	NA	NA	"reestimated_cis_only"	"NA"	"primary_analysis_reestimated"	"reestimated_subset"	"cis_only_sensitivity"	"OID20731"	"Q9NZC2"
"TREM2"	"Inverse variance weighted"	"TREM2"	"dry_AMD"	"dry_AMD"	"TREM2"	3	-0.0179635331609035	0.0592150293024802	0.761614729411945	0.924936839237326	2	0.629727294225683	"TREM2"	"not_reported"	"primary"	-0.134024990593765	0.0980979242719576	0.982196849319696	0.87456820835142	1.10307079722465	0.924936839237326	0.629727294225683	-0.0170323810390664	0.0551396300528943	0.809270212468264	TRUE	1.7160448278945e-211	"approximate_quantitative_trait_correlation_sensitivity"	698.914117575788	48.9716024734884	27	25	0.827842097186897	1	FALSE	FALSE	"reestimated_cis_only"	"NA"	"primary_analysis_reestimated"	"reestimated_subset"	"cis_only_sensitivity"	"OID20731"	"Q9NZC2"
"TREM2"	"MR Egger"	"TREM2"	"dry_AMD"	"dry_AMD"	"TREM2"	3	-0.00142507767616901	0.0798311854110399	0.988636818151442	0.829520437954103	1	0.362411236021283	"TREM2"	"not_reported"	"sensitivity"	-0.157894201081807	0.155044045729469	0.998575937264842	0.853940123130628	1.16770939258445	0.829520437954103	0.362411236021283	-0.0170323810390664	0.0551396300528943	0.809270212468264	TRUE	1.7160448278945e-211	"approximate_quantitative_trait_correlation_sensitivity"	698.914117575788	48.9716024734884	27	NA	NA	NA	NA	NA	"reestimated_cis_only"	"NA"	"primary_analysis_reestimated"	"reestimated_subset"	"cis_only_sensitivity"	"OID20731"	"Q9NZC2"
"TREM2"	"Weighted median"	"TREM2"	"dry_AMD"	"dry_AMD"	"TREM2"	3	-0.012914997208981	0.0584089838917835	0.825004294214651	NA	NA	NA	"TREM2"	"not_reported"	"sensitivity"	-0.127396605636877	0.101566611218915	0.987168043492911	0.880384437916817	1.10690364813752	NA	NA	-0.0170323810390664	0.0551396300528943	0.809270212468264	TRUE	1.7160448278945e-211	"approximate_quantitative_trait_correlation_sensitivity"	698.914117575788	48.9716024734884	27	NA	NA	NA	NA	NA	"reestimated_cis_only"	"NA"	"primary_analysis_reestimated"	"reestimated_subset"	"cis_only_sensitivity"	"OID20731"	"Q9NZC2"
"TREM2"	"Inverse variance weighted"	"TREM2"	"wet_AMD"	"wet_AMD"	"TREM2"	3	0.122946127756739	0.0937556500543847	0.189740781907217	4.02422487825172	2	0.133705930495083	"TREM2"	"not_reported"	"primary"	-0.0608149463498552	0.306707201863333	1.13082349930787	0.940997358660842	1.35894301383241	4.02422487825172	0.133705930495083	0.0548167802236352	0.111819295603892	0.709829808330261	TRUE	4.51908797934899e-195	"approximate_quantitative_trait_correlation_sensitivity"	698.914117575788	48.9716024734884	27	25	0.643782625462037	1	FALSE	FALSE	"reestimated_cis_only"	"NA"	"primary_analysis_reestimated"	"reestimated_subset"	"cis_only_sensitivity"	"OID20731"	"Q9NZC2"
"TREM2"	"MR Egger"	"TREM2"	"wet_AMD"	"wet_AMD"	"TREM2"	3	0.0700375255249762	0.160692691411548	0.738334837245146	3.24450010343437	1	0.0716635485704988	"TREM2"	"not_reported"	"sensitivity"	-0.244920149641658	0.38499520069161	1.0725484284419	0.782767039975082	1.46960726832573	3.24450010343437	0.0716635485704988	0.0548167802236352	0.111819295603892	0.709829808330261	TRUE	4.51908797934899e-195	"approximate_quantitative_trait_correlation_sensitivity"	698.914117575788	48.9716024734884	27	NA	NA	NA	NA	NA	"reestimated_cis_only"	"NA"	"primary_analysis_reestimated"	"reestimated_subset"	"cis_only_sensitivity"	"OID20731"	"Q9NZC2"
"TREM2"	"Weighted median"	"TREM2"	"wet_AMD"	"wet_AMD"	"TREM2"	3	0.123270425596525	0.0661878813714654	0.0625422277897422	NA	NA	NA	"TREM2"	"not_reported"	"sensitivity"	-0.00645782189154741	0.252998673084597	1.13119028239614	0.993562985027026	1.28788156792361	NA	NA	0.0548167802236352	0.111819295603892	0.709829808330261	TRUE	4.51908797934899e-195	"approximate_quantitative_trait_correlation_sensitivity"	698.914117575788	48.9716024734884	27	NA	NA	NA	NA	NA	"reestimated_cis_only"	"NA"	"primary_analysis_reestimated"	"reestimated_subset"	"cis_only_sensitivity"	"OID20731"	"Q9NZC2"
"ZBTB16"	"Inverse variance weighted"	"ZBTB16"	"AD"	"AD"	"ZBTB16"	3	0.00737104608190066	0.0396782680756691	0.852624850430821	1.72145274205467	2	0.422854821247567	"ZBTB16"	"not_reported"	"primary"	-0.0703983593464107	0.085140451510212	1.00739827911293	0.932022466084297	1.08886998939347	1.72145274205467	0.422854821247567	-0.00383019172206503	0.0172411014336129	0.860831988961152	TRUE	1.09324043154633e-237	"approximate_quantitative_trait_correlation_sensitivity"	723.765308055597	87.2697159863256	27	25	0.890398445333655	1	FALSE	FALSE	"reestimated_cis_only"	"NA"	"primary_analysis_reestimated"	"reestimated_subset"	"cis_only_sensitivity"	"OID21205"	"Q05516"
"ZBTB16"	"MR Egger"	"ZBTB16"	"AD"	"AD"	"ZBTB16"	3	0.0179188195719994	0.069548718555008	0.839469891579819	1.64049010806378	1	0.20025823662156	"ZBTB16"	"not_reported"	"sensitivity"	-0.118396668795816	0.154234307939815	1.01808032483849	0.88834360452878	1.16676423687773	1.64049010806378	0.20025823662156	-0.00383019172206503	0.0172411014336129	0.860831988961152	TRUE	1.09324043154633e-237	"approximate_quantitative_trait_correlation_sensitivity"	723.765308055597	87.2697159863256	27	NA	NA	NA	NA	NA	"reestimated_cis_only"	"NA"	"primary_analysis_reestimated"	"reestimated_subset"	"cis_only_sensitivity"	"OID21205"	"Q05516"
"ZBTB16"	"Weighted median"	"ZBTB16"	"AD"	"AD"	"ZBTB16"	3	0.010951257117264	0.0411805050641302	0.790290774703013	NA	NA	NA	"ZBTB16"	"not_reported"	"sensitivity"	-0.0697625328084311	0.0916650470429591	1.01101144163154	0.932615259139033	1.09599765293729	NA	NA	-0.00383019172206503	0.0172411014336129	0.860831988961152	TRUE	1.09324043154633e-237	"approximate_quantitative_trait_correlation_sensitivity"	723.765308055597	87.2697159863256	27	NA	NA	NA	NA	NA	"reestimated_cis_only"	"NA"	"primary_analysis_reestimated"	"reestimated_subset"	"cis_only_sensitivity"	"OID21205"	"Q05516"
"ZBTB16"	"Inverse variance weighted"	"ZBTB16"	"any_AMD"	"any_AMD"	"ZBTB16"	3	-0.0601115486578555	0.0450477328518434	0.182073862090095	1.88481359036305	2	0.389688804647197	"ZBTB16"	"not_reported"	"primary"	-0.148405105047469	0.0281820077317575	0.94165948687353	0.862081810501562	1.02858287742207	1.88481359036305	0.389688804647197	0.00976635309987932	0.0268210147612594	0.777687614013916	TRUE	1.6473067370945e-237	"approximate_quantitative_trait_correlation_sensitivity"	723.765308055597	87.2697159863256	27	25	0.555332694421792	1	FALSE	FALSE	"reestimated_cis_only"	"NA"	"primary_analysis_reestimated"	"reestimated_subset"	"cis_only_sensitivity"	"OID21205"	"Q05516"
"ZBTB16"	"MR Egger"	"ZBTB16"	"any_AMD"	"any_AMD"	"ZBTB16"	3	-0.0786566001342621	0.0772716582014871	0.494345744359211	1.66416066647313	1	0.197042494083729	"ZBTB16"	"not_reported"	"sensitivity"	-0.230109050209177	0.0727958499406527	0.924357294120311	0.794446963171887	1.07551094887697	1.66416066647313	0.197042494083729	0.00976635309987932	0.0268210147612594	0.777687614013916	TRUE	1.6473067370945e-237	"approximate_quantitative_trait_correlation_sensitivity"	723.765308055597	87.2697159863256	27	NA	NA	NA	NA	NA	"reestimated_cis_only"	"NA"	"primary_analysis_reestimated"	"reestimated_subset"	"cis_only_sensitivity"	"OID21205"	"Q05516"
"ZBTB16"	"Weighted median"	"ZBTB16"	"any_AMD"	"any_AMD"	"ZBTB16"	3	-0.0650948023686109	0.0455643922384074	0.153109693679651	NA	NA	NA	"ZBTB16"	"not_reported"	"sensitivity"	-0.15440101115589	0.0242114064186677	0.936978631373136	0.856928314287121	1.02450688232915	NA	NA	0.00976635309987932	0.0268210147612594	0.777687614013916	TRUE	1.6473067370945e-237	"approximate_quantitative_trait_correlation_sensitivity"	723.765308055597	87.2697159863256	27	NA	NA	NA	NA	NA	"reestimated_cis_only"	"NA"	"primary_analysis_reestimated"	"reestimated_subset"	"cis_only_sensitivity"	"OID21205"	"Q05516"
"ZBTB16"	"Inverse variance weighted"	"ZBTB16"	"dry_AMD"	"dry_AMD"	"ZBTB16"	3	-0.046454231037056	0.0532225803600483	0.382756091108776	0.267492949727515	2	0.87481182327813	"ZBTB16"	"not_reported"	"primary"	-0.150770488542751	0.0578620264686386	0.954608250999796	0.860045066205727	1.05956879317636	0.267492949727515	0.87481182327813	0.011111876165567	0.0246252605527266	0.730147228912658	TRUE	2.62553226123859e-234	"approximate_quantitative_trait_correlation_sensitivity"	723.765308055597	87.2697159863256	27	25	0.6834930198371	1	FALSE	FALSE	"reestimated_cis_only"	"NA"	"primary_analysis_reestimated"	"reestimated_subset"	"cis_only_sensitivity"	"OID21205"	"Q05516"
"ZBTB16"	"MR Egger"	"ZBTB16"	"dry_AMD"	"dry_AMD"	"ZBTB16"	3	-0.0675041722890062	0.0707728211715963	0.515045880035464	0.0638763798768686	1	0.800470859704899	"ZBTB16"	"not_reported"	"sensitivity"	-0.206218901785335	0.0712105572073226	0.934723820669971	0.813654946266758	1.07380729993304	0.0638763798768686	0.800470859704899	0.011111876165567	0.0246252605527266	0.730147228912658	TRUE	2.62553226123859e-234	"approximate_quantitative_trait_correlation_sensitivity"	723.765308055597	87.2697159863256	27	NA	NA	NA	NA	NA	"reestimated_cis_only"	"NA"	"primary_analysis_reestimated"	"reestimated_subset"	"cis_only_sensitivity"	"OID21205"	"Q05516"
"ZBTB16"	"Weighted median"	"ZBTB16"	"dry_AMD"	"dry_AMD"	"ZBTB16"	3	-0.0480141570986712	0.0571258937809298	0.400629638199991	NA	NA	NA	"ZBTB16"	"not_reported"	"sensitivity"	-0.159980908909294	0.0639525947119512	0.953120293563949	0.852160057475873	1.06604186154213	NA	NA	0.011111876165567	0.0246252605527266	0.730147228912658	TRUE	2.62553226123859e-234	"approximate_quantitative_trait_correlation_sensitivity"	723.765308055597	87.2697159863256	27	NA	NA	NA	NA	NA	"reestimated_cis_only"	"NA"	"primary_analysis_reestimated"	"reestimated_subset"	"cis_only_sensitivity"	"OID21205"	"Q05516"
"ZBTB16"	"Inverse variance weighted"	"ZBTB16"	"wet_AMD"	"wet_AMD"	"ZBTB16"	3	-0.0617257180603946	0.0600912180017918	0.304326149819425	1.6727721237731	2	0.433273521131027	"ZBTB16"	"not_reported"	"primary"	-0.179504505343907	0.0560530692231174	0.940140715049481	0.835684185890022	1.05765381111336	1.6727721237731	0.433273521131027	0.0186725293510547	0.0304467668169473	0.649776189287803	TRUE	1.70987308590041e-222	"approximate_quantitative_trait_correlation_sensitivity"	723.765308055597	87.2697159863256	27	25	0.760815374548561	1	FALSE	FALSE	"reestimated_cis_only"	"NA"	"primary_analysis_reestimated"	"reestimated_subset"	"cis_only_sensitivity"	"OID21205"	"Q05516"
"ZBTB16"	"MR Egger"	"ZBTB16"	"wet_AMD"	"wet_AMD"	"ZBTB16"	3	-0.0973224536297115	0.0880814632245634	0.468295530641777	1.21557330981299	1	0.270231144428508	"ZBTB16"	"not_reported"	"sensitivity"	-0.269962121549856	0.0753172142904327	0.907263408582035	0.763408410516617	1.07822612537745	1.21557330981299	0.270231144428508	0.0186725293510547	0.0304467668169473	0.649776189287803	TRUE	1.70987308590041e-222	"approximate_quantitative_trait_correlation_sensitivity"	723.765308055597	87.2697159863256	27	NA	NA	NA	NA	NA	"reestimated_cis_only"	"NA"	"primary_analysis_reestimated"	"reestimated_subset"	"cis_only_sensitivity"	"OID21205"	"Q05516"
"ZBTB16"	"Weighted median"	"ZBTB16"	"wet_AMD"	"wet_AMD"	"ZBTB16"	3	-0.0714768579824586	0.0624479438728069	0.252381917536951	NA	NA	NA	"ZBTB16"	"not_reported"	"sensitivity"	-0.19387482797316	0.0509211120082429	0.93101782297635	0.823761009650697	1.05223988091786	NA	NA	0.0186725293510547	0.0304467668169473	0.649776189287803	TRUE	1.70987308590041e-222	"approximate_quantitative_trait_correlation_sensitivity"	723.765308055597	87.2697159863256	27	NA	NA	NA	NA	NA	"reestimated_cis_only"	"NA"	"primary_analysis_reestimated"	"reestimated_subset"	"cis_only_sensitivity"	"OID21205"	"Q05516"
