"record_id"	"protein_name"	"gene_symbol"	"UniProt_ID"	"assay_target_name"	"assay_target_ID"	"proteomic_platform"	"protein_form_or_isoform"	"disease"	"disease_subtype"	"outcome_definition"	"source_study_first_author"	"publication_year"	"journal"	"PMID"	"DOI"	"publication_status"	"pQTL_source"	"pQTL_sample_size"	"ancestry"	"cis_trans_status"	"instrument_definition"	"instrument_SNPs"	"MR_method"	"beta_or_logOR"	"SE"	"OR"	"CI_lower"	"CI_upper"	"P_value"	"multiple_testing_method"	"corrected_significance"	"colocalization_method"	"PP_H4"	"SMR_P"	"HEIDI_P"	"replication_dataset"	"replication_status"	"effect_direction"	"outcome_GWAS"	"overlap_with_primary_outcome_GWAS"	"same_outcome_reanalysis"	"evidence_tier"	"high_complexity_locus"	"assay_cross_reactivity_risk"	"inclusion_status"	"exclusion_reason"	"APOE_rs429358_alpha_available"	"APOE_rs7412_alpha_available"	"alpha_source"	"eligible_for_two_step_MR"	"manual_verification_status"	"notes"	"source_table_file"	"source_sheet"	"source_row"	"beta_source_type"	"mapping_confidence"	"evidence_independence"	"duplicate_group"	"allele_harmonization_status"	"derived_field_notes"
"EVID_41630303_A4GALT_39495cb0333f"	"A4GALT"	"A4GALT"	"not_reported"	"A4GALT"	"8759_29_A4GALT_a1_4_Galactosyltransferase"	"deCODE SomaScan"	"assay_specific_target"	"AD"	"AD"	"FinnGen AD"	"Zhao YH"	"2026"	"Medicine"	"41630303"	"10.1097/md.0000000000045715"	"peer_reviewed"	"deCODE"	"35559"	"European"	"mixed_or_not_explicitly_cis_only"	"P<5e-8; LD clumped instruments"	"14 SNPs; IDs in Table S2"	"IVW"	"-0.138429177"	"0.04857932"	"0.870724916"	"0.791643081"	"0.957706697"	"0.004378119"	"study-reported FDR<0.05"	"true"	"not_reported"	"not_reported"	"not_reported"	"not_reported"	"not_reported"	"not_reported"	"higher_protein_lower_risk"	"FinnGen AD"	"different_outcome_GWAS_from_primary_analysis"	"false"	"Tier2"	"false"	"SomaScan assay review required"	"literature_source_universe_tier2"	"not_cis_only;mapping_not_high_confidence;no_strong_colocalization_or_independent_replication"	"not_assessed"	"not_assessed"	"not_assessed"	"false_pending_alpha_and_reestimated_beta"	"full_text_and_source_table_verified"	"Paper states these 39 rows passed FDR; row-level adjusted P is absent, so retained in Tier2 only."	"data_raw\literature_fulltext\PMID41630303_PMC12863894\supplements\medi-105-e45715-s001.xlsx"	"Table S3"	"32"	"published_beta"	"moderate"	"partially_overlapping"	"AD_deCODE_FinnGen_2026"	"not_applicable_to_published_beta"	"none"
"EVID_40050982_ACAA1_6bcc856a08dc"	"ACAA1"	"ACAA1"	"P09110"	"ACAA1"	"P09110"	"UKB-PPP Olink"	"UniProt-mapped protein"	"AD"	"AD"	"Bellenguez et al. 2022 AD discovery; FinnGen R11 replication"	"Zhan H"	"2025"	"Journal of translational medicine"	"40050982"	"10.1186/s12967-025-06317-5"	"peer_reviewed"	"UKB-PPP cis-pQTL"	"34557 European participants"	"European"	"cis_pQTL"	"cis-pQTL; discovery MR with Bellenguez AD; FinnGen R11 outcome replication"	"rs156265;rs76649293"	"Inverse variance weighted"	"0.26236426446749106"	"not_reported_directly"	"1.3"	"1.14"	"1.5"	"0.0001679949614003"	"Benjamini-Hochberg FDR in discovery; P<0.00208 replication threshold"	"true"	"coloc.abf in discovery and replication"	"NA"	"not_reported"	"not_reported"	"FinnGen R11 AD"	"replication_not_corrected_or_direction_inconsistent"	"higher_protein_higher_risk"	"Bellenguez 2022 discovery; FinnGen R11 replication"	"Bellenguez_partially_overlaps_Wightman_components; FinnGen_independent_of_primary_AD_outcome_GWAS"	"partially_overlapping_discovery_with_independent_outcome_replication"	"Tier2"	"false"	"Olink assay review required"	"literature_source_universe_tier2"	"no_strong_colocalization_or_independent_replication"	"not_assessed"	"not_assessed"	"not_assessed"	"false_pending_alpha_and_reestimated_beta"	"full_text_and_source_table_verified"	"Replication P=0.920186130950414; replication PP.H4=NA."	"data_raw\literature_fulltext\PMID40050982_PMC11884171\supplements\12967_2025_6317_MOESM1_ESM.xlsx"	"Table S2"	"49"	"published_beta"	"high"	"partially_overlapping"	"AD_UKB_PPP_Bellenguez_FinnGen"	"not_applicable_to_published_beta"	"logOR derived from rounded reported OR; not eligible for mediation beta"
"EVID_41350740_ACADVL_3f5c6b8efc5a"	"ACADV"	"ACADVL"	"not_reported"	"ACADV"	"deCODE protein label requires cross-platform mapping"	"deCODE SomaScan"	"not_reported"	"AD"	"AD"	"European AD meta-analysis; AD GWAS 1"	"Liu X"	"2025"	"Alzheimer's research & therapy"	"41350740"	"10.1186/s13195-025-01901-9"	"peer_reviewed"	"deCODE"	"35559"	"European"	"cis_pQTL"	"cis-pQTL within +/-1 Mb; P<5e-8; MHC excluded; r2<0.001"	"reported in Table S3"	"Wald ratio"	"0.902"	"0.2"	"2.46452724"	"1.665291195"	"3.647346803"	"6.48e-06"	"Benjamini-Hochberg FDR"	"true"	"Bayesian coloc within +/-1 Mb"	"0.502"	"reported in Table S24"	"0.2678378"	"IGAP; FinnGen; ARIC; INTERVAL as available"	"single_external_replication_reported"	"higher_protein_higher_risk"	"AD GWAS 1 (398058 participants)"	"partially_overlaps_or_reuses_components_of_Wightman_2021"	"possible"	"Tier2"	"false"	"SomaScan assay mapping review required"	"literature_source_universe_tier2"	"mapping_not_high_confidence;no_strong_colocalization_or_independent_replication"	"not_assessed"	"not_assessed"	"not_assessed"	"false_pending_alpha_and_reestimated_beta"	"full_text_and_source_table_verified"	"Source-paper tier was not copied automatically; raw FDR, colocalization and replication fields drive study-specific evidence tiering."	"data_raw\literature_fulltext\PMID41350740_PMC12681122\supplements\13195_2025_1901_MOESM1_ESM.xlsx"	"Table S6"	"10"	"published_beta"	"moderate"	"partially_overlapping"	"AD_deCODE_multiomics_2025"	"not_applicable_to_published_beta"	"none"
"PMID34381170_Table_S14_ACE"	"ACE"	"ACE"	"not_reported"	"ACE"	"not_reported"	"AGES blood proteome"	"assay_specific_target"	"AD"	"AD"	"AD_GWAS_1"	"Ou YN"	"2021"	"Molecular Psychiatry"	"34381170"	"10.1038/s41380-021-01251-6"	"peer_reviewed"	"AGES blood proteome"	"not_reported"	"European"	"single_instrument_as_reported"	"reported Wald-ratio instrument"	"not_reported"	"Wald ratio"	"0.077420371"	"0.016257526"	"not_reported"	"not_reported"	"not_reported"	"1.92e-06"	"study-wide threshold"	"TRUE"	"not_reported"	"not_reported"	"not_reported"	"not_reported"	"not_reported"	"not_reported"	"higher_protein_higher_risk"	"AD_GWAS_1"	"possible"	"false"	"Tier2"	"FALSE"	"cross_platform_mapping_required"	"literature_source_universe_tier2"	"single_instrument_published_beta;same_assay_APOE_alpha_unavailable"	"false"	"false"	"not_reported"	"false"	"full_text_and_source_table_verified"	"Circulating blood-protein row retained separately from brain-protein evidence."	"PMID34381170_supplement.xlsx"	"Table S14"	"517"	"published_beta"	"moderate"	"partially_overlapping"	"AD_AGES_blood_2021"	"not_applicable_to_published_beta"	"not_reported"
"PMID34381170_Table_S15_ACE"	"ACE"	"ACE"	"not_reported"	"ACE"	"not_reported"	"AGES blood proteome"	"assay_specific_target"	"AD"	"AD"	"AD_GWAS_2"	"Ou YN"	"2021"	"Molecular Psychiatry"	"34381170"	"10.1038/s41380-021-01251-6"	"peer_reviewed"	"AGES blood proteome"	"not_reported"	"European"	"single_instrument_as_reported"	"reported Wald-ratio instrument"	"not_reported"	"Wald ratio"	"0.01713024"	"0.003720527"	"not_reported"	"not_reported"	"not_reported"	"4.14e-06"	"study-wide threshold"	"TRUE"	"not_reported"	"not_reported"	"not_reported"	"not_reported"	"not_reported"	"not_reported"	"higher_protein_higher_risk"	"AD_GWAS_2"	"possible"	"false"	"Tier2"	"FALSE"	"cross_platform_mapping_required"	"literature_source_universe_tier2"	"single_instrument_published_beta;same_assay_APOE_alpha_unavailable"	"false"	"false"	"not_reported"	"false"	"full_text_and_source_table_verified"	"Circulating blood-protein row retained separately from brain-protein evidence."	"PMID34381170_supplement.xlsx"	"Table S15"	"325"	"published_beta"	"moderate"	"partially_overlapping"	"AD_AGES_blood_2021"	"not_applicable_to_published_beta"	"not_reported"
"EVID_40037332_ACE_b365f67c8233"	"ACE"	"ACE"	"P12821"	"ACE"	"10714_7"	"SomaScan"	"assay_specific_target"	"AD"	"AD"	"clinically diagnosed Alzheimer disease GWAS"	"Belbasis L"	"2025"	"Brain : a journal of neurology"	"40037332"	"10.1093/brain/awaf018"	"peer_reviewed"	"SomaScan"	"UKB-PPP 54219 or deCODE 35559 according to platform"	"European"	"cis_lead_pQTL"	"lead cis-pQTL per assay"	"rs4353"	"Wald ratio using lead cis-pQTL"	"-0.0882400387159219"	"0.013227939990321"	"0.9155410850386977"	"0.8921091386883845"	"0.9395884898412931"	"2.5453116395246e-11"	"Benjamini-Hochberg FDR"	"true"	"coloc.abf single-causal-variant"	"0.00353700699289929"	"not_reported"	"not_reported"	"cross-platform comparison reported"	"partially_overlapping_cross_platform"	"higher_protein_lower_risk"	"AD GWAS reported in Table S1"	"likely_overlap_with_Wightman_2021_components"	"possible"	"Tier2"	"false"	"assay_specific_review_required"	"literature_source_universe_tier2"	"no_strong_colocalization_or_independent_replication"	"not_assessed"	"not_assessed"	"not_assessed"	"false_pending_alpha_and_reestimated_beta"	"full_text_and_source_table_verified"	"FDR-significant AD row; colocalization joined by assay ID."	"data_processed\literature_supplements_extracted\PMID40037332\awaf018_supplementary_data\brain-2024-00441-File011.xlsx"	"Table S2"	"1901"	"published_beta"	"high"	"partially_overlapping"	"AD_UKB_deCODE_cross_platform"	"not_applicable_to_published_beta"	"OR and CI derived from reported beta and SE"
"EVID_40037332_ACE_7ba67f826bbd"	"ACE"	"ACE"	"P12821"	"ACE"	"OID30696"	"Olink"	"assay_specific_target"	"AD"	"AD"	"clinically diagnosed Alzheimer disease GWAS"	"Belbasis L"	"2025"	"Brain : a journal of neurology"	"40037332"	"10.1093/brain/awaf018"	"peer_reviewed"	"Olink"	"UKB-PPP 54219 or deCODE 35559 according to platform"	"European"	"cis_lead_pQTL"	"lead cis-pQTL per assay"	"rs4362"	"Wald ratio using lead cis-pQTL"	"-0.119156798296994"	"0.0182974858808119"	"0.887668604923853"	"0.8563981601492333"	"0.920080855883848"	"7.40604267950184e-11"	"Benjamini-Hochberg FDR"	"true"	"coloc.abf single-causal-variant"	"0.00124959979916101"	"not_reported"	"not_reported"	"cross-platform comparison reported"	"partially_overlapping_cross_platform"	"higher_protein_lower_risk"	"AD GWAS reported in Table S1"	"likely_overlap_with_Wightman_2021_components"	"possible"	"Tier2"	"false"	"assay_specific_review_required"	"literature_source_universe_tier2"	"no_strong_colocalization_or_independent_replication"	"not_assessed"	"not_assessed"	"not_assessed"	"false_pending_alpha_and_reestimated_beta"	"full_text_and_source_table_verified"	"FDR-significant AD row; colocalization joined by assay ID."	"data_processed\literature_supplements_extracted\PMID40037332\awaf018_supplementary_data\brain-2024-00441-File011.xlsx"	"Table S2"	"16"	"published_beta"	"high"	"partially_overlapping"	"AD_UKB_deCODE_cross_platform"	"not_applicable_to_published_beta"	"OR and CI derived from reported beta and SE"
"EVID_40050982_ACE_db05f9e8d8a1"	"ACE"	"ACE"	"P12821"	"ACE"	"P12821"	"UKB-PPP Olink"	"UniProt-mapped protein"	"AD"	"AD"	"Bellenguez et al. 2022 AD discovery; FinnGen R11 replication"	"Zhan H"	"2025"	"Journal of translational medicine"	"40050982"	"10.1186/s12967-025-06317-5"	"peer_reviewed"	"UKB-PPP cis-pQTL"	"34557 European participants"	"European"	"cis_pQTL"	"cis-pQTL; discovery MR with Bellenguez AD; FinnGen R11 outcome replication"	"rs145898451;rs6504163;rs67817520;rs75168245;rs9890187"	"Inverse variance weighted"	"-0.16251892949777494"	"not_reported_directly"	"0.85"	"0.79"	"0.92"	"4.09276140278645e-05"	"Benjamini-Hochberg FDR in discovery; P<0.00208 replication threshold"	"true"	"coloc.abf in discovery and replication"	"NA"	"not_reported"	"not_reported"	"FinnGen R11 AD"	"replication_not_corrected_or_direction_inconsistent"	"higher_protein_lower_risk"	"Bellenguez 2022 discovery; FinnGen R11 replication"	"Bellenguez_partially_overlaps_Wightman_components; FinnGen_independent_of_primary_AD_outcome_GWAS"	"partially_overlapping_discovery_with_independent_outcome_replication"	"Tier2"	"false"	"Olink assay review required"	"literature_source_universe_tier2"	"no_strong_colocalization_or_independent_replication"	"not_assessed"	"not_assessed"	"not_assessed"	"false_pending_alpha_and_reestimated_beta"	"full_text_and_source_table_verified"	"Replication P=NA; replication PP.H4=NA."	"data_raw\literature_fulltext\PMID40050982_PMC11884171\supplements\12967_2025_6317_MOESM1_ESM.xlsx"	"Table S2"	"40"	"published_beta"	"high"	"partially_overlapping"	"AD_UKB_PPP_Bellenguez_FinnGen"	"not_applicable_to_published_beta"	"logOR derived from rounded reported OR; not eligible for mediation beta"
"PMID40452368_UKB-PPP_ACE"	"ACE"	"ACE"	"not_reported"	"ACE"	"not_reported"	"UKB-PPP Olink"	"assay_specific_target"	"AD"	"AD"	"AD GWAS"	"Yu K"	"2025"	"Journal of Alzheimer's Disease"	"40452368"	"10.1177/13872877251344572"	"peer_reviewed"	"UKB-PPP"	"not_reported"	"European"	"mixed_or_not_explicitly_cis_only"	"not_reported"	"not_reported"	"study-reported MR"	"-0.183069836685536"	"not_reported"	"0.83271"	"0.8"	"0.87"	"8.98e-15"	"study Bonferroni threshold"	"TRUE"	"not_reported"	"not_reported"	"not_reported"	"not_reported"	"not_reported"	"not_reported"	"higher_protein_lower_risk"	"published AD GWAS"	"partially_overlapping_or_related"	"false"	"Tier2"	"FALSE"	"platform_mapping_required"	"literature_source_universe_tier2"	"published_cross_platform_beta_not_same_assay_primary_analysis_beta;highest_tier_requires_colocalization_or_replication_review"	"false"	"false"	"not_reported"	"false"	"full_text_and_source_table_verified"	"Study-Bonferroni-significant protein-outcome association; same dataset reports GRN/CR1 colocalization support."	"PMID40452368_supp5.xlsx"	"Supplemental Table 3"	"13"	"published_beta"	"moderate"	"partially_overlapping"	"AD_UKB-PPP_2025"	"not_applicable_to_published_beta"	"not_reported"
"EVID_41350740_ACE_d7064f8aec41"	"ACE"	"ACE"	"not_reported"	"ACE"	"deCODE protein label requires cross-platform mapping"	"deCODE SomaScan"	"not_reported"	"AD"	"AD"	"European AD meta-analysis; AD GWAS 1"	"Liu X"	"2025"	"Alzheimer's research & therapy"	"41350740"	"10.1186/s13195-025-01901-9"	"peer_reviewed"	"deCODE"	"35559"	"European"	"cis_pQTL"	"cis-pQTL within +/-1 Mb; P<5e-8; MHC excluded; r2<0.001"	"reported in Table S3"	"Wald ratio"	"-0.073064516"	"0.016290323"	"0.929540858"	"0.900330331"	"0.959699097"	"7.29e-06"	"Benjamini-Hochberg FDR"	"true"	"Bayesian coloc within +/-1 Mb"	"0.977"	"reported in Table S24"	"0.6736026"	"IGAP; FinnGen; ARIC; INTERVAL as available"	"independent_external_replication_reported"	"higher_protein_lower_risk"	"AD GWAS 1 (398058 participants)"	"partially_overlaps_or_reuses_components_of_Wightman_2021"	"possible"	"Tier1"	"false"	"SomaScan assay mapping review required"	"primary_high_confidence_panel"	"NA"	"true"	"true"	"<external_resource_root>\UKB-PPP\syn51365303_European_discovery\ACE_P12821_OID30696_v1_Inflammation_II.tar"	"true"	"full_text_and_source_table_verified"	"Source-paper tier was not copied automatically; raw FDR, colocalization and replication fields drive study-specific evidence tiering."	"data_raw\literature_fulltext\PMID41350740_PMC12681122\supplements\13195_2025_1901_MOESM1_ESM.xlsx"	"Table S6"	"11"	"published_beta"	"high"	"partially_overlapping"	"AD_deCODE_multiomics_2025"	"not_applicable_to_published_beta"	"none"
"PMID42384774_SeqId_10714_7"	"ACE"	"ACE"	"mapping_unresolved"	"ACE"	"SeqId_10714_7"	"SomaScan cis-PWAS"	"aptamer_specific_target"	"AD"	"AD"	"AD dementia GWAS"	"Walker KA"	"2026"	"Science Translational Medicine"	"42384774"	"10.1126/scitranslmed.adx4852"	"peer_reviewed"	"published plasma cis-pQTL prediction models"	"not_reported"	"European American"	"cis_prediction_model"	"not_reported"	"not_reported"	"proteome-wide association study"	"not_reported"	"not_reported"	"not_reported"	"not_reported"	"not_reported"	"6.5e-16"	"study Bonferroni threshold"	"TRUE"	"not_reported"	"not_reported"	"not_reported"	"not_reported"	"not_reported"	"not_reported"	"negative_PWAS_Z"	"published AD GWAS"	"likely_overlap"	"false"	"Tier2"	"FALSE"	"SomaScan_cross_platform_review_required"	"literature_source_universe_tier2"	"PWAS_Z_not_standardized_beta;same_assay_alpha_beta_not_available"	"false"	"false"	"not_available_for_same_SomaScan_assay"	"false"	"full_text_and_source_table_verified"	"Bonferroni-significant PWAS candidate; retained as external evidence and not interpreted as a de novo discovery in the present analysis."	"adx4852_tables_s1_to_s30.xlsx"	"ST 1. AD PWAS Results"	"13"	"published_PWAS_Z_not_beta"	"moderate"	"partially_overlapping"	"AD_plasma_cis_PWAS_2026"	"not_applicable_to_PWAS_Z"	"PWAS.Z=-8.0795; no beta/SE conversion performed."
"EVID_40037332_ACHE_3de4adf475ad"	"ACHE"	"ACHE"	"P22303"	"ACHE"	"OID30585"	"Olink"	"assay_specific_target"	"AD"	"AD"	"clinically diagnosed Alzheimer disease GWAS"	"Belbasis L"	"2025"	"Brain : a journal of neurology"	"40037332"	"10.1093/brain/awaf018"	"peer_reviewed"	"Olink"	"UKB-PPP 54219 or deCODE 35559 according to platform"	"European"	"cis_lead_pQTL"	"lead cis-pQTL per assay"	"rs6976053"	"Wald ratio using lead cis-pQTL"	"-0.0941983401933141"	"0.025864629002232"	"0.9101022344852804"	"0.8651148441690026"	"0.9574290428581436"	"0.000270554028583009"	"Benjamini-Hochberg FDR"	"true"	"coloc.abf single-causal-variant"	"1.47316715525231e-11"	"not_reported"	"not_reported"	"cross-platform comparison reported"	"partially_overlapping_cross_platform"	"higher_protein_lower_risk"	"AD GWAS reported in Table S1"	"likely_overlap_with_Wightman_2021_components"	"possible"	"Tier2"	"false"	"assay_specific_review_required"	"literature_source_universe_tier2"	"no_strong_colocalization_or_independent_replication"	"not_assessed"	"not_assessed"	"not_assessed"	"false_pending_alpha_and_reestimated_beta"	"full_text_and_source_table_verified"	"FDR-significant AD row; colocalization joined by assay ID."	"data_processed\literature_supplements_extracted\PMID40037332\awaf018_supplementary_data\brain-2024-00441-File011.xlsx"	"Table S2"	"43"	"published_beta"	"high"	"partially_overlapping"	"AD_UKB_deCODE_cross_platform"	"not_applicable_to_published_beta"	"OR and CI derived from reported beta and SE"
"EVID_40050982_ACHE_87128fc83273"	"ACHE"	"ACHE"	"P22303"	"ACHE"	"P22303"	"UKB-PPP Olink"	"UniProt-mapped protein"	"AD"	"AD"	"Bellenguez et al. 2022 AD discovery; FinnGen R11 replication"	"Zhan H"	"2025"	"Journal of translational medicine"	"40050982"	"10.1186/s12967-025-06317-5"	"peer_reviewed"	"UKB-PPP cis-pQTL"	"34557 European participants"	"European"	"cis_pQTL"	"cis-pQTL; discovery MR with Bellenguez AD; FinnGen R11 outcome replication"	"rs314368;rs79570624"	"Inverse variance weighted"	"-0.10536051565782628"	"not_reported_directly"	"0.9"	"0.86"	"0.95"	"5.6756909740191e-05"	"Benjamini-Hochberg FDR in discovery; P<0.00208 replication threshold"	"true"	"coloc.abf in discovery and replication"	"NA"	"not_reported"	"not_reported"	"FinnGen R11 AD"	"replication_not_corrected_or_direction_inconsistent"	"higher_protein_lower_risk"	"Bellenguez 2022 discovery; FinnGen R11 replication"	"Bellenguez_partially_overlaps_Wightman_components; FinnGen_independent_of_primary_AD_outcome_GWAS"	"partially_overlapping_discovery_with_independent_outcome_replication"	"Tier2"	"false"	"Olink assay review required"	"literature_source_universe_tier2"	"no_strong_colocalization_or_independent_replication"	"not_assessed"	"not_assessed"	"not_assessed"	"false_pending_alpha_and_reestimated_beta"	"full_text_and_source_table_verified"	"Replication P=0.00597608290751001; replication PP.H4=NA."	"data_raw\literature_fulltext\PMID40050982_PMC11884171\supplements\12967_2025_6317_MOESM1_ESM.xlsx"	"Table S2"	"45"	"published_beta"	"high"	"partially_overlapping"	"AD_UKB_PPP_Bellenguez_FinnGen"	"not_applicable_to_published_beta"	"logOR derived from rounded reported OR; not eligible for mediation beta"
"EVID_40037332_ADGRE1_531cb23e03df"	"ADGRE1"	"ADGRE1"	"Q14246"	"ADGRE1"	"OID31483"	"Olink"	"assay_specific_target"	"AD"	"AD"	"clinically diagnosed Alzheimer disease GWAS"	"Belbasis L"	"2025"	"Brain : a journal of neurology"	"40037332"	"10.1093/brain/awaf018"	"peer_reviewed"	"Olink"	"UKB-PPP 54219 or deCODE 35559 according to platform"	"European"	"cis_lead_pQTL"	"lead cis-pQTL per assay"	"rs59055395"	"Wald ratio using lead cis-pQTL"	"0.120776212494028"	"0.0337993131979558"	"1.1283723684721656"	"1.0560436911529332"	"1.2056548536750835"	"0.000352465615543843"	"Benjamini-Hochberg FDR"	"true"	"coloc.abf single-causal-variant"	"0.602897884960128"	"not_reported"	"not_reported"	"cross-platform comparison reported"	"partially_overlapping_cross_platform"	"higher_protein_higher_risk"	"AD GWAS reported in Table S1"	"likely_overlap_with_Wightman_2021_components"	"possible"	"Tier2"	"false"	"assay_specific_review_required"	"literature_source_universe_tier2"	"no_strong_colocalization_or_independent_replication"	"not_assessed"	"not_assessed"	"not_assessed"	"false_pending_alpha_and_reestimated_beta"	"full_text_and_source_table_verified"	"FDR-significant AD row; colocalization joined by assay ID."	"data_processed\literature_supplements_extracted\PMID40037332\awaf018_supplementary_data\brain-2024-00441-File011.xlsx"	"Table S2"	"45"	"published_beta"	"high"	"partially_overlapping"	"AD_UKB_deCODE_cross_platform"	"not_applicable_to_published_beta"	"OR and CI derived from reported beta and SE"
"PMID40397384_SuppTable6_ALDH1A3"	"ALDH1A3"	"ALDH1A3"	"not_reported"	"ALDH1A3"	"not_reported"	"deCODE SomaScan"	"assay_specific_target"	"AD"	"AD"	"AD-EADB"	"Li Y"	"2025"	"Journal of Alzheimer's Disease"	"40397384"	"10.1177/13872877251345151"	"peer_reviewed"	"deCODE SomaScan"	"not_reported"	"European"	"mixed_or_not_explicitly_cis_only"	"study-selected genome-wide instruments"	"not_reported"	"IVW"	"-0.18664961101745864"	"0.0442147083756178"	"0.829734415254634"	"0.76085655108544"	"0.904847568015012"	"2.42749679078191e-05"	"Benjamini-Hochberg FDR"	"TRUE"	"not_reported"	"not_reported"	"not_reported"	"not_reported"	"not_reported"	"not_reported"	"higher_protein_lower_risk"	"AD-EADB"	"partially_overlapping_or_related"	"false"	"Tier2"	"FALSE"	"platform_mapping_required"	"literature_source_universe_tier2"	"no_colocalization_or_independent_replication;published_beta_not_same_assay_primary_analysis_beta"	"false"	"false"	"not_reported"	"false"	"full_text_and_source_table_verified"	"P adjusted significance"	"PMID40397384_supp2.xlsx"	"SuppTable6"	"7"	"published_beta"	"moderate"	"partially_overlapping"	"AD_deCODE SomaScan_2025"	"not_applicable_to_published_beta"	"not_reported"
"EVID_41630303_ALDH1A3_27d8cc82fb14"	"ALDH1A3"	"ALDH1A3"	"not_reported"	"ALDH1A3"	"9835_16_ALDH1A3_AL1A3"	"deCODE SomaScan"	"assay_specific_target"	"AD"	"AD"	"FinnGen AD"	"Zhao YH"	"2026"	"Medicine"	"41630303"	"10.1097/md.0000000000045715"	"peer_reviewed"	"deCODE"	"35559"	"European"	"mixed_or_not_explicitly_cis_only"	"P<5e-8; LD clumped instruments"	"6 SNPs; IDs in Table S2"	"IVW"	"-0.221570739"	"0.08541952"	"0.801259239"	"0.677739016"	"0.947291441"	"0.00948907"	"study-reported FDR<0.05"	"true"	"not_reported"	"not_reported"	"not_reported"	"not_reported"	"not_reported"	"not_reported"	"higher_protein_lower_risk"	"FinnGen AD"	"different_outcome_GWAS_from_primary_analysis"	"false"	"Tier2"	"false"	"SomaScan assay review required"	"literature_source_universe_tier2"	"not_cis_only;mapping_not_high_confidence;no_strong_colocalization_or_independent_replication"	"not_assessed"	"not_assessed"	"not_assessed"	"false_pending_alpha_and_reestimated_beta"	"full_text_and_source_table_verified"	"Paper states these 39 rows passed FDR; row-level adjusted P is absent, so retained in Tier2 only."	"data_raw\literature_fulltext\PMID41630303_PMC12863894\supplements\medi-105-e45715-s001.xlsx"	"Table S3"	"40"	"published_beta"	"moderate"	"partially_overlapping"	"AD_deCODE_FinnGen_2026"	"not_applicable_to_published_beta"	"none"
"EVID_40037332_APOC1_5bffb577e2c8"	"APOC1"	"APOC1"	"P02654"	"APOC1"	"15364_101"	"SomaScan"	"assay_specific_target"	"AD"	"AD"	"clinically diagnosed Alzheimer disease GWAS"	"Belbasis L"	"2025"	"Brain : a journal of neurology"	"40037332"	"10.1093/brain/awaf018"	"peer_reviewed"	"SomaScan"	"UKB-PPP 54219 or deCODE 35559 according to platform"	"European"	"cis_lead_pQTL"	"lead cis-pQTL per assay"	"rs8106813"	"Wald ratio using lead cis-pQTL"	"-0.592257597684515"	"0.0347322720694645"	"0.5530772483106215"	"0.5166793286665678"	"0.5920392507056419"	"3.37293835216141e-65"	"Benjamini-Hochberg FDR"	"true"	"coloc.abf single-causal-variant"	"6.47088278658519e-293"	"not_reported"	"not_reported"	"cross-platform comparison reported"	"partially_overlapping_cross_platform"	"higher_protein_lower_risk"	"AD GWAS reported in Table S1"	"likely_overlap_with_Wightman_2021_components"	"possible"	"Tier2"	"true"	"assay_specific_review_required"	"literature_source_universe_tier2"	"no_strong_colocalization_or_independent_replication;high_complexity_locus_requires_downgrade"	"not_assessed"	"not_assessed"	"not_assessed"	"false_pending_alpha_and_reestimated_beta"	"full_text_and_source_table_verified"	"FDR-significant AD row; colocalization joined by assay ID."	"data_processed\literature_supplements_extracted\PMID40037332\awaf018_supplementary_data\brain-2024-00441-File011.xlsx"	"Table S2"	"1894"	"published_beta"	"high"	"partially_overlapping"	"AD_UKB_deCODE_cross_platform"	"not_applicable_to_published_beta"	"OR and CI derived from reported beta and SE"
"EVID_40037332_APOC1_e0c98d821c10"	"APOC1"	"APOC1"	"P02654"	"APOC1"	"OID30749"	"Olink"	"assay_specific_target"	"AD"	"AD"	"clinically diagnosed Alzheimer disease GWAS"	"Belbasis L"	"2025"	"Brain : a journal of neurology"	"40037332"	"10.1093/brain/awaf018"	"peer_reviewed"	"Olink"	"UKB-PPP 54219 or deCODE 35559 according to platform"	"European"	"cis_lead_pQTL"	"lead cis-pQTL per assay"	"rs8106813"	"Wald ratio using lead cis-pQTL"	"-0.523437999616294"	"0.0306964251454882"	"0.592480096100584"	"0.5578846865409414"	"0.6292208277876724"	"3.3729383521612e-65"	"Benjamini-Hochberg FDR"	"true"	"coloc.abf single-causal-variant"	"0.0"	"not_reported"	"not_reported"	"cross-platform comparison reported"	"partially_overlapping_cross_platform"	"higher_protein_lower_risk"	"AD GWAS reported in Table S1"	"likely_overlap_with_Wightman_2021_components"	"possible"	"Tier2"	"true"	"assay_specific_review_required"	"literature_source_universe_tier2"	"no_strong_colocalization_or_independent_replication;high_complexity_locus_requires_downgrade"	"not_assessed"	"not_assessed"	"not_assessed"	"false_pending_alpha_and_reestimated_beta"	"full_text_and_source_table_verified"	"FDR-significant AD row; colocalization joined by assay ID."	"data_processed\literature_supplements_extracted\PMID40037332\awaf018_supplementary_data\brain-2024-00441-File011.xlsx"	"Table S2"	"5"	"published_beta"	"high"	"partially_overlapping"	"AD_UKB_deCODE_cross_platform"	"not_applicable_to_published_beta"	"OR and CI derived from reported beta and SE"
"PMID42384774_SeqId_15364_101"	"APOC1"	"APOC1"	"mapping_unresolved"	"APOC1"	"SeqId_15364_101"	"SomaScan cis-PWAS"	"aptamer_specific_target"	"AD"	"AD"	"AD dementia GWAS"	"Walker KA"	"2026"	"Science Translational Medicine"	"42384774"	"10.1126/scitranslmed.adx4852"	"peer_reviewed"	"published plasma cis-pQTL prediction models"	"not_reported"	"European American"	"cis_prediction_model"	"not_reported"	"not_reported"	"proteome-wide association study"	"not_reported"	"not_reported"	"not_reported"	"not_reported"	"not_reported"	"1.27e-09"	"study Bonferroni threshold"	"TRUE"	"not_reported"	"not_reported"	"not_reported"	"not_reported"	"not_reported"	"not_reported"	"negative_PWAS_Z"	"published AD GWAS"	"likely_overlap"	"false"	"Tier2"	"TRUE"	"SomaScan_cross_platform_review_required"	"literature_source_universe_tier2"	"PWAS_Z_not_standardized_beta;same_assay_alpha_beta_not_available"	"false"	"false"	"not_available_for_same_SomaScan_assay"	"false"	"full_text_and_source_table_verified"	"Bonferroni-significant PWAS candidate; retained as external evidence and not interpreted as a de novo discovery in the present analysis."	"adx4852_tables_s1_to_s30.xlsx"	"ST 1. AD PWAS Results"	"16"	"published_PWAS_Z_not_beta"	"moderate"	"partially_overlapping"	"AD_plasma_cis_PWAS_2026"	"not_applicable_to_PWAS_Z"	"PWAS.Z=-6.07058; no beta/SE conversion performed."
"EVID_40037332_APOE_fad342dbbdcb"	"APOE"	"APOE"	"P02649"	"APOE"	"2418_55"	"SomaScan"	"assay_specific_target"	"AD"	"AD"	"clinically diagnosed Alzheimer disease GWAS"	"Belbasis L"	"2025"	"Brain : a journal of neurology"	"40037332"	"10.1093/brain/awaf018"	"peer_reviewed"	"SomaScan"	"UKB-PPP 54219 or deCODE 35559 according to platform"	"European"	"cis_lead_pQTL"	"lead cis-pQTL per assay"	"rs7260330"	"Wald ratio using lead cis-pQTL"	"-0.532685512367491"	"0.0437279151943462"	"0.5870263843566462"	"0.5388100262439884"	"0.6395574676533438"	"3.88522696267314e-34"	"Benjamini-Hochberg FDR"	"true"	"coloc.abf single-causal-variant"	"3.99621865197126e-76"	"not_reported"	"not_reported"	"cross-platform comparison reported"	"partially_overlapping_cross_platform"	"higher_protein_lower_risk"	"AD GWAS reported in Table S1"	"likely_overlap_with_Wightman_2021_components"	"possible"	"Tier2"	"true"	"assay_specific_review_required"	"protein_outcome_evidence_excluded_from_APOE_mediation"	"APOE_protein_default_exclusion_due_to_cis_circularity"	"false"	"false"	"not_available_or_target_mapping_unresolved"	"false_pending_alpha_and_reestimated_beta"	"full_text_and_source_table_verified"	"FDR-significant AD row; colocalization joined by assay ID."	"data_processed\literature_supplements_extracted\PMID40037332\awaf018_supplementary_data\brain-2024-00441-File011.xlsx"	"Table S2"	"1895"	"published_beta"	"high"	"partially_overlapping"	"AD_UKB_deCODE_cross_platform"	"not_applicable_to_published_beta"	"OR and CI derived from reported beta and SE"
"EVID_40037332_APOE_93ab94d9e9f4"	"APOE"	"APOE"	"P02649"	"APOE"	"OID30727"	"Olink"	"assay_specific_target"	"AD"	"AD"	"clinically diagnosed Alzheimer disease GWAS"	"Belbasis L"	"2025"	"Brain : a journal of neurology"	"40037332"	"10.1093/brain/awaf018"	"peer_reviewed"	"Olink"	"UKB-PPP 54219 or deCODE 35559 according to platform"	"European"	"cis_lead_pQTL"	"lead cis-pQTL per assay"	"rs8106813"	"Wald ratio using lead cis-pQTL"	"-0.501847054675884"	"0.0294302487775716"	"0.6054113984081642"	"0.5714773996034757"	"0.6413603785151327"	"3.3729383521612e-65"	"Benjamini-Hochberg FDR"	"true"	"coloc.abf single-causal-variant"	"1.0"	"not_reported"	"not_reported"	"cross-platform comparison reported"	"partially_overlapping_cross_platform"	"higher_protein_lower_risk"	"AD GWAS reported in Table S1"	"likely_overlap_with_Wightman_2021_components"	"possible"	"Tier2"	"true"	"assay_specific_review_required"	"protein_outcome_evidence_excluded_from_APOE_mediation"	"APOE_protein_default_exclusion_due_to_cis_circularity"	"false"	"false"	"not_available_or_target_mapping_unresolved"	"false_pending_alpha_and_reestimated_beta"	"full_text_and_source_table_verified"	"FDR-significant AD row; colocalization joined by assay ID."	"data_processed\literature_supplements_extracted\PMID40037332\awaf018_supplementary_data\brain-2024-00441-File011.xlsx"	"Table S2"	"4"	"published_beta"	"high"	"partially_overlapping"	"AD_UKB_deCODE_cross_platform"	"not_applicable_to_published_beta"	"OR and CI derived from reported beta and SE"
"EVID_40050982_APOE_55d2c01720b0"	"APOE"	"APOE"	"P02649"	"APOE"	"P02649"	"UKB-PPP Olink"	"UniProt-mapped protein"	"AD"	"AD"	"Bellenguez et al. 2022 AD discovery; FinnGen R11 replication"	"Zhan H"	"2025"	"Journal of translational medicine"	"40050982"	"10.1186/s12967-025-06317-5"	"peer_reviewed"	"UKB-PPP cis-pQTL"	"34557 European participants"	"European"	"cis_pQTL"	"cis-pQTL; discovery MR with Bellenguez AD; FinnGen R11 outcome replication"	"rs139326841;rs139995984;rs56170641;rs62117206;rs8106813"	"Inverse variance weighted"	"-0.5621189181535413"	"not_reported_directly"	"0.57"	"0.53"	"0.62"	"7.10196210251834e-39"	"Benjamini-Hochberg FDR in discovery; P<0.00208 replication threshold"	"true"	"coloc.abf in discovery and replication"	"NA"	"not_reported"	"not_reported"	"FinnGen R11 AD"	"replication_not_corrected_or_direction_inconsistent"	"higher_protein_lower_risk"	"Bellenguez 2022 discovery; FinnGen R11 replication"	"Bellenguez_partially_overlaps_Wightman_components; FinnGen_independent_of_primary_AD_outcome_GWAS"	"partially_overlapping_discovery_with_independent_outcome_replication"	"Tier2"	"true"	"Olink assay review required"	"protein_outcome_evidence_excluded_from_APOE_mediation"	"APOE_protein_default_exclusion_due_to_cis_circularity"	"false"	"false"	"not_available_or_target_mapping_unresolved"	"false_pending_alpha_and_reestimated_beta"	"full_text_and_source_table_verified"	"Replication P=NA; replication PP.H4=NA."	"data_raw\literature_fulltext\PMID40050982_PMC11884171\supplements\12967_2025_6317_MOESM1_ESM.xlsx"	"Table S2"	"5"	"published_beta"	"high"	"partially_overlapping"	"AD_UKB_PPP_Bellenguez_FinnGen"	"not_applicable_to_published_beta"	"logOR derived from rounded reported OR; not eligible for mediation beta"
"PMID40452368_UKB-PPP_APOE"	"APOE"	"APOE"	"not_reported"	"APOE"	"not_reported"	"UKB-PPP Olink"	"assay_specific_target"	"AD"	"AD"	"AD GWAS"	"Yu K"	"2025"	"Journal of Alzheimer's Disease"	"40452368"	"10.1177/13872877251344572"	"peer_reviewed"	"UKB-PPP"	"not_reported"	"European"	"mixed_or_not_explicitly_cis_only"	"not_reported"	"not_reported"	"study-reported MR"	"-0.7239404644605227"	"not_reported"	"0.484838"	"0.44"	"0.53"	"2.78e-60"	"study Bonferroni threshold"	"TRUE"	"not_reported"	"not_reported"	"not_reported"	"not_reported"	"not_reported"	"not_reported"	"higher_protein_lower_risk"	"published AD GWAS"	"partially_overlapping_or_related"	"false"	"Tier2"	"FALSE"	"platform_mapping_required"	"literature_source_universe_tier2"	"published_cross_platform_beta_not_same_assay_primary_analysis_beta;highest_tier_requires_colocalization_or_replication_review"	"false"	"false"	"not_reported"	"false"	"full_text_and_source_table_verified"	"Study-Bonferroni-significant protein-outcome association; same dataset reports GRN/CR1 colocalization support."	"PMID40452368_supp5.xlsx"	"Supplemental Table 3"	"14"	"published_beta"	"moderate"	"partially_overlapping"	"AD_UKB-PPP_2025"	"not_applicable_to_published_beta"	"not_reported"
"EVID_41630303_APOE_3e63e7745a22"	"APOE"	"APOE"	"not_reported"	"APOE"	"2418_55_APOE_Apo_E"	"deCODE SomaScan"	"assay_specific_target"	"AD"	"AD"	"FinnGen AD"	"Zhao YH"	"2026"	"Medicine"	"41630303"	"10.1097/md.0000000000045715"	"peer_reviewed"	"deCODE"	"35559"	"European"	"mixed_or_not_explicitly_cis_only"	"P<5e-8; LD clumped instruments"	"11 SNPs; IDs in Table S2"	"IVW"	"-0.659362104"	"0.219451653"	"0.517181137"	"0.336388901"	"0.795140171"	"0.002659396"	"study-reported FDR<0.05"	"true"	"not_reported"	"not_reported"	"not_reported"	"not_reported"	"not_reported"	"not_reported"	"higher_protein_lower_risk"	"FinnGen AD"	"different_outcome_GWAS_from_primary_analysis"	"false"	"Tier2"	"true"	"SomaScan assay review required"	"protein_outcome_evidence_excluded_from_APOE_mediation"	"APOE_protein_default_exclusion_due_to_cis_circularity"	"false"	"false"	"not_available_or_target_mapping_unresolved"	"false_pending_alpha_and_reestimated_beta"	"full_text_and_source_table_verified"	"Paper states these 39 rows passed FDR; row-level adjusted P is absent, so retained in Tier2 only."	"data_raw\literature_fulltext\PMID41630303_PMC12863894\supplements\medi-105-e45715-s001.xlsx"	"Table S3"	"24"	"published_beta"	"moderate"	"partially_overlapping"	"AD_deCODE_FinnGen_2026"	"not_applicable_to_published_beta"	"none"
"PMID42384774_SeqId_2938_55"	"APOE"	"APOE"	"mapping_unresolved"	"APOE"	"SeqId_2938_55"	"SomaScan cis-PWAS"	"aptamer_specific_target"	"AD"	"AD"	"AD dementia GWAS"	"Walker KA"	"2026"	"Science Translational Medicine"	"42384774"	"10.1126/scitranslmed.adx4852"	"peer_reviewed"	"published plasma cis-pQTL prediction models"	"not_reported"	"European American"	"cis_prediction_model"	"not_reported"	"not_reported"	"proteome-wide association study"	"not_reported"	"not_reported"	"not_reported"	"not_reported"	"not_reported"	"1.2e-20"	"study Bonferroni threshold"	"TRUE"	"not_reported"	"not_reported"	"not_reported"	"not_reported"	"not_reported"	"not_reported"	"positive_PWAS_Z"	"published AD GWAS"	"likely_overlap"	"false"	"Tier2"	"TRUE"	"SomaScan_cross_platform_review_required"	"literature_source_universe_tier2"	"PWAS_Z_not_standardized_beta;same_assay_alpha_beta_not_available"	"false"	"false"	"not_available_for_same_SomaScan_assay"	"false"	"full_text_and_source_table_verified"	"Bonferroni-significant PWAS candidate; retained as external evidence and not interpreted as a de novo discovery in the present analysis."	"adx4852_tables_s1_to_s30.xlsx"	"ST 1. AD PWAS Results"	"10"	"published_PWAS_Z_not_beta"	"moderate"	"partially_overlapping"	"AD_plasma_cis_PWAS_2026"	"not_applicable_to_PWAS_Z"	"PWAS.Z=9.31706; no beta/SE conversion performed."
"EVID_40037332_APP_6ffe361cd91b"	"APP"	"APP"	"P05067"	"APP"	"3171_57"	"SomaScan"	"assay_specific_target"	"AD"	"AD"	"clinically diagnosed Alzheimer disease GWAS"	"Belbasis L"	"2025"	"Brain : a journal of neurology"	"40037332"	"10.1093/brain/awaf018"	"peer_reviewed"	"SomaScan"	"UKB-PPP 54219 or deCODE 35559 according to platform"	"European"	"cis_lead_pQTL"	"lead cis-pQTL per assay"	"rs439826"	"Wald ratio using lead cis-pQTL"	"-0.413350449293966"	"0.110397946084724"	"0.6614304443741714"	"0.5327353945304585"	"0.8212148793503917"	"0.000180979517528867"	"Benjamini-Hochberg FDR"	"true"	"coloc.abf single-causal-variant"	"0.00367926822456761"	"not_reported"	"not_reported"	"cross-platform comparison reported"	"partially_overlapping_cross_platform"	"higher_protein_lower_risk"	"AD GWAS reported in Table S1"	"likely_overlap_with_Wightman_2021_components"	"possible"	"Tier2"	"false"	"assay_specific_review_required"	"literature_source_universe_tier2"	"no_strong_colocalization_or_independent_replication"	"not_assessed"	"not_assessed"	"not_assessed"	"false_pending_alpha_and_reestimated_beta"	"full_text_and_source_table_verified"	"FDR-significant AD row; colocalization joined by assay ID."	"data_processed\literature_supplements_extracted\PMID40037332\awaf018_supplementary_data\brain-2024-00441-File011.xlsx"	"Table S2"	"1917"	"published_beta"	"high"	"partially_overlapping"	"AD_UKB_deCODE_cross_platform"	"not_applicable_to_published_beta"	"OR and CI derived from reported beta and SE"
"EVID_40037332_APP_c768c761a26c"	"APP"	"APP"	"P05067"	"APP"	"OID21070"	"Olink"	"assay_specific_target"	"AD"	"AD"	"clinically diagnosed Alzheimer disease GWAS"	"Belbasis L"	"2025"	"Brain : a journal of neurology"	"40037332"	"10.1093/brain/awaf018"	"peer_reviewed"	"Olink"	"UKB-PPP 54219 or deCODE 35559 according to platform"	"European"	"cis_lead_pQTL"	"lead cis-pQTL per assay"	"rs8131895"	"Wald ratio using lead cis-pQTL"	"-0.438515699961784"	"0.118220533532017"	"0.6449930741720385"	"0.5115919493174784"	"0.8131794612579603"	"0.000207831145463305"	"Benjamini-Hochberg FDR"	"true"	"coloc.abf single-causal-variant"	"0.00949179261033441"	"not_reported"	"not_reported"	"cross-platform comparison reported"	"partially_overlapping_cross_platform"	"higher_protein_lower_risk"	"AD GWAS reported in Table S1"	"likely_overlap_with_Wightman_2021_components"	"possible"	"Tier2"	"false"	"assay_specific_review_required"	"literature_source_universe_tier2"	"no_strong_colocalization_or_independent_replication"	"not_assessed"	"not_assessed"	"not_assessed"	"false_pending_alpha_and_reestimated_beta"	"full_text_and_source_table_verified"	"FDR-significant AD row; colocalization joined by assay ID."	"data_processed\literature_supplements_extracted\PMID40037332\awaf018_supplementary_data\brain-2024-00441-File011.xlsx"	"Table S2"	"40"	"published_beta"	"high"	"partially_overlapping"	"AD_UKB_deCODE_cross_platform"	"not_applicable_to_published_beta"	"OR and CI derived from reported beta and SE"
"EVID_40050982_APP_335039a2ed04"	"APP"	"APP"	"P05067"	"APP"	"P05067"	"UKB-PPP Olink"	"UniProt-mapped protein"	"AD"	"AD"	"Bellenguez et al. 2022 AD discovery; FinnGen R11 replication"	"Zhan H"	"2025"	"Journal of translational medicine"	"40050982"	"10.1186/s12967-025-06317-5"	"peer_reviewed"	"UKB-PPP cis-pQTL"	"34557 European participants"	"European"	"cis_pQTL"	"cis-pQTL; discovery MR with Bellenguez AD; FinnGen R11 outcome replication"	"rs8131895"	"Wald ratio"	"-0.4462871026284195"	"not_reported_directly"	"0.64"	"0.51"	"0.81"	"0.0002078311454633"	"Benjamini-Hochberg FDR in discovery; P<0.00208 replication threshold"	"true"	"coloc.abf in discovery and replication"	"NA"	"not_reported"	"not_reported"	"FinnGen R11 AD"	"replication_not_corrected_or_direction_inconsistent"	"higher_protein_lower_risk"	"Bellenguez 2022 discovery; FinnGen R11 replication"	"Bellenguez_partially_overlaps_Wightman_components; FinnGen_independent_of_primary_AD_outcome_GWAS"	"partially_overlapping_discovery_with_independent_outcome_replication"	"Tier2"	"false"	"Olink assay review required"	"literature_source_universe_tier2"	"no_strong_colocalization_or_independent_replication"	"not_assessed"	"not_assessed"	"not_assessed"	"false_pending_alpha_and_reestimated_beta"	"full_text_and_source_table_verified"	"Replication P=0.0301196900619096; replication PP.H4=NA."	"data_raw\literature_fulltext\PMID40050982_PMC11884171\supplements\12967_2025_6317_MOESM1_ESM.xlsx"	"Table S2"	"52"	"published_beta"	"high"	"partially_overlapping"	"AD_UKB_PPP_Bellenguez_FinnGen"	"not_applicable_to_published_beta"	"logOR derived from rounded reported OR; not eligible for mediation beta"
"EVID_40037332_ARHGAP45_4608c22bd830"	"ARHGAP45"	"ARHGAP45"	"Q92619"	"ARHGAP45"	"OID30653"	"Olink"	"assay_specific_target"	"AD"	"AD"	"clinically diagnosed Alzheimer disease GWAS"	"Belbasis L"	"2025"	"Brain : a journal of neurology"	"40037332"	"10.1093/brain/awaf018"	"peer_reviewed"	"Olink"	"UKB-PPP 54219 or deCODE 35559 according to platform"	"European"	"cis_lead_pQTL"	"lead cis-pQTL per assay"	"rs34593562"	"Wald ratio using lead cis-pQTL"	"-0.544847400600455"	"0.123573637249587"	"0.5799302735994236"	"0.4551848268711683"	"0.7388627704242244"	"1.03805446555372e-05"	"Benjamini-Hochberg FDR"	"true"	"coloc.abf single-causal-variant"	"1.85783369599859e-16"	"not_reported"	"not_reported"	"cross-platform comparison reported"	"partially_overlapping_cross_platform"	"higher_protein_lower_risk"	"AD GWAS reported in Table S1"	"likely_overlap_with_Wightman_2021_components"	"possible"	"Tier2"	"false"	"assay_specific_review_required"	"literature_source_universe_tier2"	"no_strong_colocalization_or_independent_replication"	"not_assessed"	"not_assessed"	"not_assessed"	"false_pending_alpha_and_reestimated_beta"	"full_text_and_source_table_verified"	"FDR-significant AD row; colocalization joined by assay ID."	"data_processed\literature_supplements_extracted\PMID40037332\awaf018_supplementary_data\brain-2024-00441-File011.xlsx"	"Table S2"	"30"	"published_beta"	"high"	"partially_overlapping"	"AD_UKB_deCODE_cross_platform"	"not_applicable_to_published_beta"	"OR and CI derived from reported beta and SE"
"EVID_40050982_ARHGAP45_9cc786616c98"	"ARHGAP45"	"ARHGAP45"	"Q92619"	"ARHGAP45"	"Q92619"	"UKB-PPP Olink"	"UniProt-mapped protein"	"AD"	"AD"	"Bellenguez et al. 2022 AD discovery; FinnGen R11 replication"	"Zhan H"	"2025"	"Journal of translational medicine"	"40050982"	"10.1186/s12967-025-06317-5"	"peer_reviewed"	"UKB-PPP cis-pQTL"	"34557 European participants"	"European"	"cis_pQTL"	"cis-pQTL; discovery MR with Bellenguez AD; FinnGen R11 outcome replication"	"rs34593562"	"Wald ratio"	"-0.5447271754416722"	"not_reported_directly"	"0.58"	"0.46"	"0.74"	"1.03805446555373e-05"	"Benjamini-Hochberg FDR in discovery; P<0.00208 replication threshold"	"true"	"coloc.abf in discovery and replication"	"NA"	"not_reported"	"not_reported"	"FinnGen R11 AD"	"replication_not_corrected_or_direction_inconsistent"	"higher_protein_lower_risk"	"Bellenguez 2022 discovery; FinnGen R11 replication"	"Bellenguez_partially_overlaps_Wightman_components; FinnGen_independent_of_primary_AD_outcome_GWAS"	"partially_overlapping_discovery_with_independent_outcome_replication"	"Tier2"	"false"	"Olink assay review required"	"literature_source_universe_tier2"	"no_strong_colocalization_or_independent_replication"	"not_assessed"	"not_assessed"	"not_assessed"	"false_pending_alpha_and_reestimated_beta"	"full_text_and_source_table_verified"	"Replication P=0.269113269829993; replication PP.H4=NA."	"data_raw\literature_fulltext\PMID40050982_PMC11884171\supplements\12967_2025_6317_MOESM1_ESM.xlsx"	"Table S2"	"33"	"published_beta"	"high"	"partially_overlapping"	"AD_UKB_PPP_Bellenguez_FinnGen"	"not_applicable_to_published_beta"	"logOR derived from rounded reported OR; not eligible for mediation beta"
"PMID40452368_UKB-PPP_ARHGAP45"	"ARHGAP45"	"ARHGAP45"	"not_reported"	"ARHGAP45"	"not_reported"	"UKB-PPP Olink"	"assay_specific_target"	"AD"	"AD"	"AD GWAS"	"Yu K"	"2025"	"Journal of Alzheimer's Disease"	"40452368"	"10.1177/13872877251344572"	"peer_reviewed"	"UKB-PPP"	"not_reported"	"European"	"mixed_or_not_explicitly_cis_only"	"not_reported"	"not_reported"	"study-reported MR"	"-0.544847872380427"	"not_reported"	"0.57993"	"0.46"	"0.74"	"1.04e-05"	"study Bonferroni threshold"	"TRUE"	"not_reported"	"not_reported"	"not_reported"	"not_reported"	"not_reported"	"not_reported"	"higher_protein_lower_risk"	"published AD GWAS"	"partially_overlapping_or_related"	"false"	"Tier2"	"FALSE"	"platform_mapping_required"	"literature_source_universe_tier2"	"published_cross_platform_beta_not_same_assay_primary_analysis_beta;highest_tier_requires_colocalization_or_replication_review"	"false"	"false"	"not_reported"	"false"	"full_text_and_source_table_verified"	"Study-Bonferroni-significant protein-outcome association; same dataset reports GRN/CR1 colocalization support."	"PMID40452368_supp5.xlsx"	"Supplemental Table 3"	"15"	"published_beta"	"moderate"	"partially_overlapping"	"AD_UKB-PPP_2025"	"not_applicable_to_published_beta"	"not_reported"
"EVID_40037332_AZGP1_dd5776916283"	"AZGP1"	"AZGP1"	"P25311"	"AZGP1"	"9312_8"	"SomaScan"	"assay_specific_target"	"AD"	"AD"	"clinically diagnosed Alzheimer disease GWAS"	"Belbasis L"	"2025"	"Brain : a journal of neurology"	"40037332"	"10.1093/brain/awaf018"	"peer_reviewed"	"SomaScan"	"UKB-PPP 54219 or deCODE 35559 according to platform"	"European"	"cis_lead_pQTL"	"lead cis-pQTL per assay"	"rs2040787"	"Wald ratio using lead cis-pQTL"	"0.18713204373423"	"0.0378469301934398"	"1.205786491089581"	"1.1195782597017578"	"1.2986328106098017"	"7.63613133991869e-07"	"Benjamini-Hochberg FDR"	"true"	"coloc.abf single-causal-variant"	"4.1258673205725e-09"	"not_reported"	"not_reported"	"cross-platform comparison reported"	"partially_overlapping_cross_platform"	"higher_protein_higher_risk"	"AD GWAS reported in Table S1"	"likely_overlap_with_Wightman_2021_components"	"possible"	"Tier2"	"false"	"assay_specific_review_required"	"literature_source_universe_tier2"	"no_strong_colocalization_or_independent_replication"	"not_assessed"	"not_assessed"	"not_assessed"	"false_pending_alpha_and_reestimated_beta"	"full_text_and_source_table_verified"	"FDR-significant AD row; colocalization joined by assay ID."	"data_processed\literature_supplements_extracted\PMID40037332\awaf018_supplementary_data\brain-2024-00441-File011.xlsx"	"Table S2"	"1904"	"published_beta"	"high"	"partially_overlapping"	"AD_UKB_deCODE_cross_platform"	"not_applicable_to_published_beta"	"OR and CI derived from reported beta and SE"
"PMID40452368_deCODE_AZGP1"	"AZGP1"	"AZGP1"	"not_reported"	"AZGP1"	"not_reported"	"deCODE SomaScan"	"assay_specific_target"	"AD"	"AD"	"AD GWAS"	"Yu K"	"2025"	"Journal of Alzheimer's Disease"	"40452368"	"10.1177/13872877251344572"	"peer_reviewed"	"deCODE"	"not_reported"	"European"	"mixed_or_not_explicitly_cis_only"	"not_reported"	"not_reported"	"study-reported MR"	"-0.1867115788553008"	"not_reported"	"0.829683"	"0.77"	"0.89"	"8.08e-07"	"study Bonferroni threshold"	"TRUE"	"not_reported"	"not_reported"	"not_reported"	"not_reported"	"not_reported"	"not_reported"	"higher_protein_lower_risk"	"published AD GWAS"	"partially_overlapping_or_related"	"false"	"Tier2"	"FALSE"	"platform_mapping_required"	"literature_source_universe_tier2"	"published_cross_platform_beta_not_same_assay_primary_analysis_beta;highest_tier_requires_colocalization_or_replication_review"	"false"	"false"	"not_reported"	"false"	"full_text_and_source_table_verified"	"Study-Bonferroni-significant protein-outcome association; same dataset reports GRN/CR1 colocalization support."	"PMID40452368_supp5.xlsx"	"Supplemental Table 3"	"4"	"published_beta"	"moderate"	"partially_overlapping"	"AD_deCODE_2025"	"not_applicable_to_published_beta"	"not_reported"
"PMID42384774_SeqId_9312_8"	"AZGP1"	"AZGP1"	"mapping_unresolved"	"AZGP1"	"SeqId_9312_8"	"SomaScan cis-PWAS"	"aptamer_specific_target"	"AD"	"AD"	"AD dementia GWAS"	"Walker KA"	"2026"	"Science Translational Medicine"	"42384774"	"10.1126/scitranslmed.adx4852"	"peer_reviewed"	"published plasma cis-pQTL prediction models"	"not_reported"	"European American"	"cis_prediction_model"	"not_reported"	"not_reported"	"proteome-wide association study"	"not_reported"	"not_reported"	"not_reported"	"not_reported"	"not_reported"	"2.71e-06"	"study Bonferroni threshold"	"TRUE"	"not_reported"	"not_reported"	"not_reported"	"not_reported"	"not_reported"	"not_reported"	"positive_PWAS_Z"	"published AD GWAS"	"likely_overlap"	"false"	"Tier2"	"FALSE"	"SomaScan_cross_platform_review_required"	"literature_source_universe_tier2"	"PWAS_Z_not_standardized_beta;same_assay_alpha_beta_not_available"	"false"	"false"	"not_available_for_same_SomaScan_assay"	"false"	"full_text_and_source_table_verified"	"Bonferroni-significant PWAS candidate; retained as external evidence and not interpreted as a de novo discovery in the present analysis."	"adx4852_tables_s1_to_s30.xlsx"	"ST 1. AD PWAS Results"	"22"	"published_PWAS_Z_not_beta"	"moderate"	"partially_overlapping"	"AD_plasma_cis_PWAS_2026"	"not_applicable_to_PWAS_Z"	"PWAS.Z=4.6915; no beta/SE conversion performed."
"EVID_40037332_BCAM_70d3e2c3e1d1"	"BCAM"	"BCAM"	"P50895"	"BCAM"	"2816_50"	"SomaScan"	"assay_specific_target"	"AD"	"AD"	"clinically diagnosed Alzheimer disease GWAS"	"Belbasis L"	"2025"	"Brain : a journal of neurology"	"40037332"	"10.1093/brain/awaf018"	"peer_reviewed"	"SomaScan"	"UKB-PPP 54219 or deCODE 35559 according to platform"	"European"	"cis_lead_pQTL"	"lead cis-pQTL per assay"	"rs28399656"	"Wald ratio using lead cis-pQTL"	"-0.146705374021063"	"0.0297056440723737"	"0.8635483637220931"	"0.8147056175898284"	"0.915319301090842"	"7.86707565546784e-07"	"Benjamini-Hochberg FDR"	"true"	"coloc.abf single-causal-variant"	"0.0"	"not_reported"	"not_reported"	"cross-platform comparison reported"	"partially_overlapping_cross_platform"	"higher_protein_lower_risk"	"AD GWAS reported in Table S1"	"likely_overlap_with_Wightman_2021_components"	"possible"	"Tier2"	"false"	"assay_specific_review_required"	"literature_source_universe_tier2"	"no_strong_colocalization_or_independent_replication"	"not_assessed"	"not_assessed"	"not_assessed"	"false_pending_alpha_and_reestimated_beta"	"full_text_and_source_table_verified"	"FDR-significant AD row; colocalization joined by assay ID."	"data_processed\literature_supplements_extracted\PMID40037332\awaf018_supplementary_data\brain-2024-00441-File011.xlsx"	"Table S2"	"1905"	"published_beta"	"high"	"partially_overlapping"	"AD_UKB_deCODE_cross_platform"	"not_applicable_to_published_beta"	"OR and CI derived from reported beta and SE"
"EVID_40037332_BCAM_fa4151ee19a3"	"BCAM"	"BCAM"	"P50895"	"BCAM"	"OID21076"	"Olink"	"assay_specific_target"	"AD"	"AD"	"clinically diagnosed Alzheimer disease GWAS"	"Belbasis L"	"2025"	"Brain : a journal of neurology"	"40037332"	"10.1093/brain/awaf018"	"peer_reviewed"	"Olink"	"UKB-PPP 54219 or deCODE 35559 according to platform"	"European"	"cis_lead_pQTL"	"lead cis-pQTL per assay"	"rs28399654"	"Wald ratio using lead cis-pQTL"	"0.500335441751571"	"0.0412616277559328"	"1.6492744134194188"	"1.5211439513202392"	"1.7881976839858709"	"7.69851305986836e-34"	"Benjamini-Hochberg FDR"	"true"	"coloc.abf single-causal-variant"	"4.66719379751096e-76"	"not_reported"	"not_reported"	"cross-platform comparison reported"	"partially_overlapping_cross_platform"	"higher_protein_higher_risk"	"AD GWAS reported in Table S1"	"likely_overlap_with_Wightman_2021_components"	"possible"	"Tier2"	"false"	"assay_specific_review_required"	"literature_source_universe_tier2"	"no_strong_colocalization_or_independent_replication"	"not_assessed"	"not_assessed"	"not_assessed"	"false_pending_alpha_and_reestimated_beta"	"full_text_and_source_table_verified"	"FDR-significant AD row; colocalization joined by assay ID."	"data_processed\literature_supplements_extracted\PMID40037332\awaf018_supplementary_data\brain-2024-00441-File011.xlsx"	"Table S2"	"7"	"published_beta"	"high"	"partially_overlapping"	"AD_UKB_deCODE_cross_platform"	"not_applicable_to_published_beta"	"OR and CI derived from reported beta and SE"
"PMID40452368_deCODE_BCAM"	"BCAM"	"BCAM"	"not_reported"	"BCAM"	"not_reported"	"deCODE SomaScan"	"assay_specific_target"	"AD"	"AD"	"AD GWAS"	"Yu K"	"2025"	"Journal of Alzheimer's Disease"	"40452368"	"10.1177/13872877251344572"	"peer_reviewed"	"deCODE"	"not_reported"	"European"	"mixed_or_not_explicitly_cis_only"	"not_reported"	"not_reported"	"study-reported MR"	"-0.14670579521596655"	"not_reported"	"0.863548"	"0.81"	"0.92"	"7.87e-07"	"study Bonferroni threshold"	"TRUE"	"not_reported"	"not_reported"	"not_reported"	"not_reported"	"not_reported"	"not_reported"	"higher_protein_lower_risk"	"published AD GWAS"	"partially_overlapping_or_related"	"false"	"Tier2"	"FALSE"	"platform_mapping_required"	"literature_source_universe_tier2"	"published_cross_platform_beta_not_same_assay_primary_analysis_beta;highest_tier_requires_colocalization_or_replication_review"	"false"	"false"	"not_reported"	"false"	"full_text_and_source_table_verified"	"Study-Bonferroni-significant protein-outcome association; same dataset reports GRN/CR1 colocalization support."	"PMID40452368_supp5.xlsx"	"Supplemental Table 3"	"5"	"published_beta"	"moderate"	"partially_overlapping"	"AD_deCODE_2025"	"not_applicable_to_published_beta"	"not_reported"
"PMID40452368_UKB-PPP_BCAM"	"BCAM"	"BCAM"	"not_reported"	"BCAM"	"not_reported"	"UKB-PPP Olink"	"assay_specific_target"	"AD"	"AD"	"AD GWAS"	"Yu K"	"2025"	"Journal of Alzheimer's Disease"	"40452368"	"10.1177/13872877251344572"	"peer_reviewed"	"UKB-PPP"	"not_reported"	"European"	"mixed_or_not_explicitly_cis_only"	"not_reported"	"not_reported"	"study-reported MR"	"0.4876347829516779"	"not_reported"	"1.62846"	"1.5"	"1.77"	"1.4e-29"	"study Bonferroni threshold"	"TRUE"	"not_reported"	"not_reported"	"not_reported"	"not_reported"	"not_reported"	"not_reported"	"higher_protein_higher_risk"	"published AD GWAS"	"partially_overlapping_or_related"	"false"	"Tier2"	"FALSE"	"platform_mapping_required"	"literature_source_universe_tier2"	"published_cross_platform_beta_not_same_assay_primary_analysis_beta;highest_tier_requires_colocalization_or_replication_review"	"false"	"false"	"not_reported"	"false"	"full_text_and_source_table_verified"	"Study-Bonferroni-significant protein-outcome association; same dataset reports GRN/CR1 colocalization support."	"PMID40452368_supp5.xlsx"	"Supplemental Table 3"	"16"	"published_beta"	"moderate"	"partially_overlapping"	"AD_UKB-PPP_2025"	"not_applicable_to_published_beta"	"not_reported"
"PMID42384774_SeqId_2816_50"	"BCAM"	"BCAM"	"mapping_unresolved"	"BCAM"	"SeqId_2816_50"	"SomaScan cis-PWAS"	"aptamer_specific_target"	"AD"	"AD"	"AD dementia GWAS"	"Walker KA"	"2026"	"Science Translational Medicine"	"42384774"	"10.1126/scitranslmed.adx4852"	"peer_reviewed"	"published plasma cis-pQTL prediction models"	"not_reported"	"European American"	"cis_prediction_model"	"not_reported"	"not_reported"	"proteome-wide association study"	"not_reported"	"not_reported"	"not_reported"	"not_reported"	"not_reported"	"2.23e-09"	"study Bonferroni threshold"	"TRUE"	"not_reported"	"not_reported"	"not_reported"	"not_reported"	"not_reported"	"not_reported"	"negative_PWAS_Z"	"published AD GWAS"	"likely_overlap"	"false"	"Tier2"	"FALSE"	"SomaScan_cross_platform_review_required"	"literature_source_universe_tier2"	"PWAS_Z_not_standardized_beta;same_assay_alpha_beta_not_available"	"false"	"false"	"not_available_for_same_SomaScan_assay"	"false"	"full_text_and_source_table_verified"	"Bonferroni-significant PWAS candidate; retained as external evidence and not interpreted as a de novo discovery in the present analysis."	"adx4852_tables_s1_to_s30.xlsx"	"ST 1. AD PWAS Results"	"17"	"published_PWAS_Z_not_beta"	"moderate"	"partially_overlapping"	"AD_plasma_cis_PWAS_2026"	"not_applicable_to_PWAS_Z"	"PWAS.Z=-5.97974; no beta/SE conversion performed."
"EVID_40037332_BIN1_16bd70fc90a5"	"BIN1"	"BIN1"	"O00499"	"BIN1"	"9574_11"	"SomaScan"	"assay_specific_target"	"AD"	"AD"	"clinically diagnosed Alzheimer disease GWAS"	"Belbasis L"	"2025"	"Brain : a journal of neurology"	"40037332"	"10.1093/brain/awaf018"	"peer_reviewed"	"SomaScan"	"UKB-PPP 54219 or deCODE 35559 according to platform"	"European"	"cis_lead_pQTL"	"lead cis-pQTL per assay"	"rs35103166"	"Wald ratio using lead cis-pQTL"	"0.76646248085758"	"0.0643185298621745"	"2.15213953710055"	"1.8972361368939101"	"2.44129051575743"	"9.69087259243587e-33"	"Benjamini-Hochberg FDR"	"true"	"coloc.abf single-causal-variant"	"1.58143118365804e-24"	"not_reported"	"not_reported"	"cross-platform comparison reported"	"partially_overlapping_cross_platform"	"higher_protein_higher_risk"	"AD GWAS reported in Table S1"	"likely_overlap_with_Wightman_2021_components"	"possible"	"Tier2"	"false"	"assay_specific_review_required"	"literature_source_universe_tier2"	"no_strong_colocalization_or_independent_replication"	"not_assessed"	"not_assessed"	"not_assessed"	"false_pending_alpha_and_reestimated_beta"	"full_text_and_source_table_verified"	"FDR-significant AD row; colocalization joined by assay ID."	"data_processed\literature_supplements_extracted\PMID40037332\awaf018_supplementary_data\brain-2024-00441-File011.xlsx"	"Table S2"	"1897"	"published_beta"	"high"	"partially_overlapping"	"AD_UKB_deCODE_cross_platform"	"not_applicable_to_published_beta"	"OR and CI derived from reported beta and SE"
"PMID40452368_deCODE_BIN1"	"BIN1"	"BIN1"	"not_reported"	"BIN1"	"not_reported"	"deCODE SomaScan"	"assay_specific_target"	"AD"	"AD"	"AD GWAS"	"Yu K"	"2025"	"Journal of Alzheimer's Disease"	"40452368"	"10.1177/13872877251344572"	"peer_reviewed"	"deCODE"	"not_reported"	"European"	"mixed_or_not_explicitly_cis_only"	"not_reported"	"not_reported"	"study-reported MR"	"0.7664626959455856"	"not_reported"	"2.15214"	"1.9"	"2.44"	"9.69e-33"	"study Bonferroni threshold"	"TRUE"	"not_reported"	"not_reported"	"not_reported"	"not_reported"	"not_reported"	"not_reported"	"higher_protein_higher_risk"	"published AD GWAS"	"partially_overlapping_or_related"	"false"	"Tier2"	"TRUE"	"platform_mapping_required"	"literature_source_universe_tier2"	"published_cross_platform_beta_not_same_assay_primary_analysis_beta;highest_tier_requires_colocalization_or_replication_review"	"false"	"false"	"not_reported"	"false"	"full_text_and_source_table_verified"	"Study-Bonferroni-significant protein-outcome association; same dataset reports GRN/CR1 colocalization support."	"PMID40452368_supp5.xlsx"	"Supplemental Table 3"	"6"	"published_beta"	"moderate"	"partially_overlapping"	"AD_deCODE_2025"	"not_applicable_to_published_beta"	"not_reported"
"EVID_41350740_BIN1_a07b2680554d"	"BIN1"	"BIN1"	"not_reported"	"BIN1"	"deCODE protein label requires cross-platform mapping"	"deCODE SomaScan"	"not_reported"	"AD"	"AD"	"European AD meta-analysis; AD GWAS 1"	"Liu X"	"2025"	"Alzheimer's research & therapy"	"41350740"	"10.1186/s13195-025-01901-9"	"peer_reviewed"	"deCODE"	"35559"	"European"	"cis_pQTL"	"cis-pQTL within +/-1 Mb; P<5e-8; MHC excluded; r2<0.001"	"reported in Table S3"	"Wald ratio"	"0.626153846"	"0.08"	"1.87040287"	"1.598960685"	"2.187925525"	"5e-15"	"Benjamini-Hochberg FDR"	"true"	"Bayesian coloc within +/-1 Mb"	"1.48e-24"	"reported in Table S24"	"5.0444e-07"	"IGAP; FinnGen; ARIC; INTERVAL as available"	"single_external_replication_reported"	"higher_protein_higher_risk"	"AD GWAS 1 (398058 participants)"	"partially_overlaps_or_reuses_components_of_Wightman_2021"	"possible"	"Tier2"	"false"	"SomaScan assay mapping review required"	"literature_source_universe_tier2"	"no_strong_colocalization_or_independent_replication"	"not_assessed"	"not_assessed"	"not_assessed"	"false_pending_alpha_and_reestimated_beta"	"full_text_and_source_table_verified"	"Source-paper tier was not copied automatically; raw FDR, colocalization and replication fields drive study-specific evidence tiering."	"data_raw\literature_fulltext\PMID41350740_PMC12681122\supplements\13195_2025_1901_MOESM1_ESM.xlsx"	"Table S6"	"4"	"published_beta"	"high"	"partially_overlapping"	"AD_deCODE_multiomics_2025"	"not_applicable_to_published_beta"	"none"
"EVID_41630303_BIRC2_d8547e127386"	"BIRC2"	"BIRC2"	"not_reported"	"BIRC2"	"10046_55_BIRC2_cIAP_1"	"deCODE SomaScan"	"assay_specific_target"	"AD"	"AD"	"FinnGen AD"	"Zhao YH"	"2026"	"Medicine"	"41630303"	"10.1097/md.0000000000045715"	"peer_reviewed"	"deCODE"	"35559"	"European"	"mixed_or_not_explicitly_cis_only"	"P<5e-8; LD clumped instruments"	"8 SNPs; IDs in Table S2"	"IVW"	"-0.408533844"	"0.054634982"	"0.664623978"	"0.597131209"	"0.739745346"	"7.57e-14"	"study-reported FDR<0.05"	"true"	"not_reported"	"not_reported"	"not_reported"	"not_reported"	"not_reported"	"not_reported"	"higher_protein_lower_risk"	"FinnGen AD"	"different_outcome_GWAS_from_primary_analysis"	"false"	"Tier2"	"false"	"SomaScan assay review required"	"literature_source_universe_tier2"	"not_cis_only;mapping_not_high_confidence;no_strong_colocalization_or_independent_replication"	"not_assessed"	"not_assessed"	"not_assessed"	"false_pending_alpha_and_reestimated_beta"	"full_text_and_source_table_verified"	"Paper states these 39 rows passed FDR; row-level adjusted P is absent, so retained in Tier2 only."	"data_raw\literature_fulltext\PMID41630303_PMC12863894\supplements\medi-105-e45715-s001.xlsx"	"Table S3"	"4"	"published_beta"	"moderate"	"partially_overlapping"	"AD_deCODE_FinnGen_2026"	"not_applicable_to_published_beta"	"none"
"EVID_40037332_BLNK_ad9b7e650f2f"	"BLNK"	"BLNK"	"Q8WV28"	"BLNK"	"OID30541"	"Olink"	"assay_specific_target"	"AD"	"AD"	"clinically diagnosed Alzheimer disease GWAS"	"Belbasis L"	"2025"	"Brain : a journal of neurology"	"40037332"	"10.1093/brain/awaf018"	"peer_reviewed"	"Olink"	"UKB-PPP 54219 or deCODE 35559 according to platform"	"European"	"cis_lead_pQTL"	"lead cis-pQTL per assay"	"rs55769428"	"Wald ratio using lead cis-pQTL"	"0.721726788248841"	"0.14662167590584"	"2.0579838464859073"	"1.543956539900194"	"2.7431455503732716"	"8.55004259965009e-07"	"Benjamini-Hochberg FDR"	"true"	"coloc.abf single-causal-variant"	"0.959240006635356"	"not_reported"	"not_reported"	"cross-platform comparison reported"	"partially_overlapping_cross_platform"	"higher_protein_higher_risk"	"AD GWAS reported in Table S1"	"likely_overlap_with_Wightman_2021_components"	"possible"	"Tier1"	"false"	"assay_specific_review_required"	"primary_high_confidence_panel"	"NA"	"true"	"true"	"<external_resource_root>\UKB-PPP\syn51365303_European_discovery\BLNK_Q8WV28_OID30541_v1_Inflammation_II.tar"	"true"	"full_text_and_source_table_verified"	"FDR-significant AD row; colocalization joined by assay ID."	"data_processed\literature_supplements_extracted\PMID40037332\awaf018_supplementary_data\brain-2024-00441-File011.xlsx"	"Table S2"	"21"	"published_beta"	"high"	"partially_overlapping"	"AD_UKB_deCODE_cross_platform"	"not_applicable_to_published_beta"	"OR and CI derived from reported beta and SE"
"EVID_40050982_BLNK_346c18ef792c"	"BLNK"	"BLNK"	"Q8WV28"	"BLNK"	"Q8WV28"	"UKB-PPP Olink"	"UniProt-mapped protein"	"AD"	"AD"	"Bellenguez et al. 2022 AD discovery; FinnGen R11 replication"	"Zhan H"	"2025"	"Journal of translational medicine"	"40050982"	"10.1186/s12967-025-06317-5"	"peer_reviewed"	"UKB-PPP cis-pQTL"	"34557 European participants"	"European"	"cis_pQTL"	"cis-pQTL; discovery MR with Bellenguez AD; FinnGen R11 outcome replication"	"rs55769428"	"Wald ratio"	"0.7227059828014898"	"not_reported_directly"	"2.06"	"1.54"	"2.74"	"8.55004259965009e-07"	"Benjamini-Hochberg FDR in discovery; P<0.00208 replication threshold"	"true"	"coloc.abf in discovery and replication"	"0.8791"	"not_reported"	"not_reported"	"FinnGen R11 AD"	"independent_outcome_replication_corrected_same_direction"	"higher_protein_higher_risk"	"Bellenguez 2022 discovery; FinnGen R11 replication"	"Bellenguez_partially_overlaps_Wightman_components; FinnGen_independent_of_primary_AD_outcome_GWAS"	"partially_overlapping_discovery_with_independent_outcome_replication"	"Tier1"	"false"	"Olink assay review required"	"primary_high_confidence_panel"	"NA"	"true"	"true"	"<external_resource_root>\UKB-PPP\syn51365303_European_discovery\BLNK_Q8WV28_OID30541_v1_Inflammation_II.tar"	"true"	"full_text_and_source_table_verified"	"Replication P=0.000143482549375952; replication PP.H4=0.8791."	"data_raw\literature_fulltext\PMID40050982_PMC11884171\supplements\12967_2025_6317_MOESM1_ESM.xlsx"	"Table S2"	"31"	"published_beta"	"high"	"independent_outcome_replication"	"AD_UKB_PPP_Bellenguez_FinnGen"	"not_applicable_to_published_beta"	"logOR derived from rounded reported OR; not eligible for mediation beta"
"PMID40452368_UKB-PPP_BLNK"	"BLNK"	"BLNK"	"not_reported"	"BLNK"	"not_reported"	"UKB-PPP Olink"	"assay_specific_target"	"AD"	"AD"	"AD GWAS"	"Yu K"	"2025"	"Journal of Alzheimer's Disease"	"40452368"	"10.1177/13872877251344572"	"peer_reviewed"	"UKB-PPP"	"not_reported"	"European"	"mixed_or_not_explicitly_cis_only"	"not_reported"	"not_reported"	"study-reported MR"	"0.7217268628432492"	"not_reported"	"2.057984"	"1.54"	"2.74"	"8.55e-07"	"study Bonferroni threshold"	"TRUE"	"not_reported"	"not_reported"	"not_reported"	"not_reported"	"not_reported"	"not_reported"	"higher_protein_higher_risk"	"published AD GWAS"	"partially_overlapping_or_related"	"false"	"Tier2"	"FALSE"	"platform_mapping_required"	"literature_source_universe_tier2"	"published_cross_platform_beta_not_same_assay_primary_analysis_beta;highest_tier_requires_colocalization_or_replication_review"	"false"	"false"	"not_reported"	"false"	"full_text_and_source_table_verified"	"Study-Bonferroni-significant protein-outcome association; same dataset reports GRN/CR1 colocalization support."	"PMID40452368_supp5.xlsx"	"Supplemental Table 3"	"17"	"published_beta"	"moderate"	"partially_overlapping"	"AD_UKB-PPP_2025"	"not_applicable_to_published_beta"	"not_reported"
"EVID_40037332_C1R_1b56832ee743"	"C1R"	"C1R"	"P00736"	"C1R"	"3285_23"	"SomaScan"	"assay_specific_target"	"AD"	"AD"	"clinically diagnosed Alzheimer disease GWAS"	"Belbasis L"	"2025"	"Brain : a journal of neurology"	"40037332"	"10.1093/brain/awaf018"	"peer_reviewed"	"SomaScan"	"UKB-PPP 54219 or deCODE 35559 according to platform"	"European"	"cis_lead_pQTL"	"lead cis-pQTL per assay"	"rs12146727"	"Wald ratio using lead cis-pQTL"	"0.107290233837689"	"0.0237767734328944"	"1.113257312538021"	"1.0625670842162753"	"1.1663657404120387"	"6.40991574958501e-06"	"Benjamini-Hochberg FDR"	"true"	"coloc.abf single-causal-variant"	"0.960556073016989"	"not_reported"	"not_reported"	"cross-platform comparison reported"	"partially_overlapping_cross_platform"	"higher_protein_higher_risk"	"AD GWAS reported in Table S1"	"likely_overlap_with_Wightman_2021_components"	"possible"	"Tier1"	"false"	"assay_specific_review_required"	"primary_high_confidence_panel"	"NA"	"true"	"true"	"<external_resource_root>\UKB-PPP\syn51365303_European_discovery\C1R_P00736_OID30753_v1_Inflammation_II.tar"	"true"	"full_text_and_source_table_verified"	"FDR-significant AD row; colocalization joined by assay ID."	"data_processed\literature_supplements_extracted\PMID40037332\awaf018_supplementary_data\brain-2024-00441-File011.xlsx"	"Table S2"	"1908"	"published_beta"	"high"	"partially_overlapping"	"AD_UKB_deCODE_cross_platform"	"not_applicable_to_published_beta"	"OR and CI derived from reported beta and SE"
"EVID_40037332_C1R_e2986a70a05b"	"C1R"	"C1R"	"P00736"	"C1R"	"OID30753"	"Olink"	"assay_specific_target"	"AD"	"AD"	"clinically diagnosed Alzheimer disease GWAS"	"Belbasis L"	"2025"	"Brain : a journal of neurology"	"40037332"	"10.1093/brain/awaf018"	"peer_reviewed"	"Olink"	"UKB-PPP 54219 or deCODE 35559 according to platform"	"European"	"cis_lead_pQTL"	"lead cis-pQTL per assay"	"rs10849546"	"Wald ratio using lead cis-pQTL"	"0.118218493029898"	"0.0265610610490748"	"1.1254899962236953"	"1.0683963793267885"	"1.1856346166184093"	"8.55431520500041e-06"	"Benjamini-Hochberg FDR"	"true"	"coloc.abf single-causal-variant"	"0.935853865777545"	"not_reported"	"not_reported"	"cross-platform comparison reported"	"partially_overlapping_cross_platform"	"higher_protein_higher_risk"	"AD GWAS reported in Table S1"	"likely_overlap_with_Wightman_2021_components"	"possible"	"Tier1"	"false"	"assay_specific_review_required"	"primary_high_confidence_panel"	"NA"	"true"	"true"	"<external_resource_root>\UKB-PPP\syn51365303_European_discovery\C1R_P00736_OID30753_v1_Inflammation_II.tar"	"true"	"full_text_and_source_table_verified"	"FDR-significant AD row; colocalization joined by assay ID."	"data_processed\literature_supplements_extracted\PMID40037332\awaf018_supplementary_data\brain-2024-00441-File011.xlsx"	"Table S2"	"28"	"published_beta"	"high"	"partially_overlapping"	"AD_UKB_deCODE_cross_platform"	"not_applicable_to_published_beta"	"OR and CI derived from reported beta and SE"
"EVID_40037332_C1S_4a675d69fc6f"	"C1S"	"C1S"	"P09871"	"C1S"	"8840_61"	"SomaScan"	"assay_specific_target"	"AD"	"AD"	"clinically diagnosed Alzheimer disease GWAS"	"Belbasis L"	"2025"	"Brain : a journal of neurology"	"40037332"	"10.1093/brain/awaf018"	"peer_reviewed"	"SomaScan"	"UKB-PPP 54219 or deCODE 35559 according to platform"	"European"	"cis_lead_pQTL"	"lead cis-pQTL per assay"	"rs12146727"	"Wald ratio using lead cis-pQTL"	"0.0678008195703464"	"0.0150254563516701"	"1.0701521338875533"	"1.0390958137287059"	"1.1021366600973401"	"6.40991574958501e-06"	"Benjamini-Hochberg FDR"	"true"	"coloc.abf single-causal-variant"	"0.960879366961523"	"not_reported"	"not_reported"	"cross-platform comparison reported"	"partially_overlapping_cross_platform"	"higher_protein_higher_risk"	"AD GWAS reported in Table S1"	"likely_overlap_with_Wightman_2021_components"	"possible"	"Tier1"	"false"	"assay_specific_review_required"	"primary_high_confidence_panel"	"NA"	"true"	"true"	"<external_resource_root>\UKB-PPP\syn51365303_European_discovery\C1S_P09871_OID30731_v1_Inflammation_II.tar"	"true"	"full_text_and_source_table_verified"	"FDR-significant AD row; colocalization joined by assay ID."	"data_processed\literature_supplements_extracted\PMID40037332\awaf018_supplementary_data\brain-2024-00441-File011.xlsx"	"Table S2"	"1909"	"published_beta"	"high"	"partially_overlapping"	"AD_UKB_deCODE_cross_platform"	"not_applicable_to_published_beta"	"OR and CI derived from reported beta and SE"
"EVID_40037332_C1S_1d5b814282bb"	"C1S"	"C1S"	"P09871"	"C1S"	"OID30731"	"Olink"	"assay_specific_target"	"AD"	"AD"	"clinically diagnosed Alzheimer disease GWAS"	"Belbasis L"	"2025"	"Brain : a journal of neurology"	"40037332"	"10.1093/brain/awaf018"	"peer_reviewed"	"Olink"	"UKB-PPP 54219 or deCODE 35559 according to platform"	"European"	"cis_lead_pQTL"	"lead cis-pQTL per assay"	"rs12146727"	"Wald ratio using lead cis-pQTL"	"0.0817299200364042"	"0.0181123082864558"	"1.0851626895486846"	"1.0473150519016554"	"1.1243780566796546"	"6.40991574958501e-06"	"Benjamini-Hochberg FDR"	"true"	"coloc.abf single-causal-variant"	"0.958921721543018"	"not_reported"	"not_reported"	"cross-platform comparison reported"	"partially_overlapping_cross_platform"	"higher_protein_higher_risk"	"AD GWAS reported in Table S1"	"likely_overlap_with_Wightman_2021_components"	"possible"	"Tier1"	"false"	"assay_specific_review_required"	"primary_high_confidence_panel"	"NA"	"true"	"true"	"<external_resource_root>\UKB-PPP\syn51365303_European_discovery\C1S_P09871_OID30731_v1_Inflammation_II.tar"	"true"	"full_text_and_source_table_verified"	"FDR-significant AD row; colocalization joined by assay ID."	"data_processed\literature_supplements_extracted\PMID40037332\awaf018_supplementary_data\brain-2024-00441-File011.xlsx"	"Table S2"	"26"	"published_beta"	"high"	"partially_overlapping"	"AD_UKB_deCODE_cross_platform"	"not_applicable_to_published_beta"	"OR and CI derived from reported beta and SE"
"PMID40397384_SuppTable6_CAST"	"CAST"	"CAST"	"not_reported"	"CAST"	"not_reported"	"deCODE SomaScan"	"assay_specific_target"	"AD"	"AD"	"AD-EADB"	"Li Y"	"2025"	"Journal of Alzheimer's Disease"	"40397384"	"10.1177/13872877251345151"	"peer_reviewed"	"deCODE SomaScan"	"not_reported"	"European"	"mixed_or_not_explicitly_cis_only"	"study-selected genome-wide instruments"	"not_reported"	"IVW"	"-0.23636436437615058"	"0.0378375581851188"	"0.789492958410076"	"0.73306128039132"	"0.850268794781204"	"4.18896925827595e-10"	"Benjamini-Hochberg FDR"	"TRUE"	"not_reported"	"not_reported"	"not_reported"	"not_reported"	"not_reported"	"not_reported"	"higher_protein_lower_risk"	"AD-EADB"	"partially_overlapping_or_related"	"false"	"Tier2"	"FALSE"	"platform_mapping_required"	"literature_source_universe_tier2"	"no_colocalization_or_independent_replication;published_beta_not_same_assay_primary_analysis_beta"	"false"	"false"	"not_reported"	"false"	"full_text_and_source_table_verified"	"Pleiotropy"	"PMID40397384_supp2.xlsx"	"SuppTable6"	"3"	"published_beta"	"moderate"	"partially_overlapping"	"AD_deCODE SomaScan_2025"	"not_applicable_to_published_beta"	"not_reported"
"EVID_40050982_CBLIF_fa89e95de103"	"CBLIF"	"CBLIF"	"P27352"	"CBLIF"	"P27352"	"UKB-PPP Olink"	"UniProt-mapped protein"	"AD"	"AD"	"Bellenguez et al. 2022 AD discovery; FinnGen R11 replication"	"Zhan H"	"2025"	"Journal of translational medicine"	"40050982"	"10.1186/s12967-025-06317-5"	"peer_reviewed"	"UKB-PPP cis-pQTL"	"34557 European participants"	"European"	"cis_pQTL"	"cis-pQTL; discovery MR with Bellenguez AD; FinnGen R11 outcome replication"	"rs113185777"	"Wald ratio"	"-0.5108256237659907"	"not_reported_directly"	"0.6"	"0.47"	"0.76"	"3.30790368445354e-05"	"Benjamini-Hochberg FDR in discovery; P<0.00208 replication threshold"	"true"	"coloc.abf in discovery and replication"	"NA"	"not_reported"	"not_reported"	"FinnGen R11 AD"	"replication_not_corrected_or_direction_inconsistent"	"higher_protein_lower_risk"	"Bellenguez 2022 discovery; FinnGen R11 replication"	"Bellenguez_partially_overlaps_Wightman_components; FinnGen_independent_of_primary_AD_outcome_GWAS"	"partially_overlapping_discovery_with_independent_outcome_replication"	"Tier2"	"false"	"Olink assay review required"	"literature_source_universe_tier2"	"no_strong_colocalization_or_independent_replication"	"not_assessed"	"not_assessed"	"not_assessed"	"false_pending_alpha_and_reestimated_beta"	"full_text_and_source_table_verified"	"Replication P=0.160227124541369; replication PP.H4=NA."	"data_raw\literature_fulltext\PMID40050982_PMC11884171\supplements\12967_2025_6317_MOESM1_ESM.xlsx"	"Table S2"	"39"	"published_beta"	"high"	"partially_overlapping"	"AD_UKB_PPP_Bellenguez_FinnGen"	"not_applicable_to_published_beta"	"logOR derived from rounded reported OR; not eligible for mediation beta"
"EVID_41630303_CCDC134_5f2711649c06"	"CCDC134"	"CCDC134"	"not_reported"	"CCDC134"	"15300_66_CCDC134_CC134"	"deCODE SomaScan"	"assay_specific_target"	"AD"	"AD"	"FinnGen AD"	"Zhao YH"	"2026"	"Medicine"	"41630303"	"10.1097/md.0000000000045715"	"peer_reviewed"	"deCODE"	"35559"	"European"	"mixed_or_not_explicitly_cis_only"	"P<5e-8; LD clumped instruments"	"4 SNPs; IDs in Table S2"	"IVW"	"-0.323572418"	"0.106146383"	"0.723559557"	"0.587652597"	"0.890897847"	"0.002300939"	"study-reported FDR<0.05"	"true"	"not_reported"	"not_reported"	"not_reported"	"not_reported"	"not_reported"	"not_reported"	"higher_protein_lower_risk"	"FinnGen AD"	"different_outcome_GWAS_from_primary_analysis"	"false"	"Tier2"	"false"	"SomaScan assay review required"	"literature_source_universe_tier2"	"not_cis_only;mapping_not_high_confidence;no_strong_colocalization_or_independent_replication"	"not_assessed"	"not_assessed"	"not_assessed"	"false_pending_alpha_and_reestimated_beta"	"full_text_and_source_table_verified"	"Paper states these 39 rows passed FDR; row-level adjusted P is absent, so retained in Tier2 only."	"data_raw\literature_fulltext\PMID41630303_PMC12863894\supplements\medi-105-e45715-s001.xlsx"	"Table S3"	"22"	"published_beta"	"moderate"	"partially_overlapping"	"AD_deCODE_FinnGen_2026"	"not_applicable_to_published_beta"	"none"
"EVID_41630303_CCL21_d4793784e81b"	"CCL21"	"CCL21"	"not_reported"	"CCL21"	"2516_57_CCL21_6Ckine"	"deCODE SomaScan"	"assay_specific_target"	"AD"	"AD"	"FinnGen AD"	"Zhao YH"	"2026"	"Medicine"	"41630303"	"10.1097/md.0000000000045715"	"peer_reviewed"	"deCODE"	"35559"	"European"	"mixed_or_not_explicitly_cis_only"	"P<5e-8; LD clumped instruments"	"23 SNPs; IDs in Table S2"	"IVW"	"-0.085248615"	"0.032801404"	"0.918283957"	"0.861104539"	"0.979260226"	"0.009351432"	"study-reported FDR<0.05"	"true"	"not_reported"	"not_reported"	"not_reported"	"not_reported"	"not_reported"	"not_reported"	"higher_protein_lower_risk"	"FinnGen AD"	"different_outcome_GWAS_from_primary_analysis"	"false"	"Tier2"	"false"	"SomaScan assay review required"	"literature_source_universe_tier2"	"not_cis_only;mapping_not_high_confidence;no_strong_colocalization_or_independent_replication"	"not_assessed"	"not_assessed"	"not_assessed"	"false_pending_alpha_and_reestimated_beta"	"full_text_and_source_table_verified"	"Paper states these 39 rows passed FDR; row-level adjusted P is absent, so retained in Tier2 only."	"data_raw\literature_fulltext\PMID41630303_PMC12863894\supplements\medi-105-e45715-s001.xlsx"	"Table S3"	"38"	"published_beta"	"moderate"	"partially_overlapping"	"AD_deCODE_FinnGen_2026"	"not_applicable_to_published_beta"	"none"
"EVID_40037332_CD2AP_a908aec1e823"	"CD2AP"	"CD2AP"	"Q9Y5K6"	"CD2AP"	"OID20177"	"Olink"	"assay_specific_target"	"AD"	"AD"	"clinically diagnosed Alzheimer disease GWAS"	"Belbasis L"	"2025"	"Brain : a journal of neurology"	"40037332"	"10.1093/brain/awaf018"	"peer_reviewed"	"Olink"	"UKB-PPP 54219 or deCODE 35559 according to platform"	"European"	"cis_lead_pQTL"	"lead cis-pQTL per assay"	"rs1385742"	"Wald ratio using lead cis-pQTL"	"0.218524121701126"	"0.0301171065165013"	"1.2442390294271821"	"1.1729179201528568"	"1.3198969303394572"	"3.99253552642913e-13"	"Benjamini-Hochberg FDR"	"true"	"coloc.abf single-causal-variant"	"0.99337604372922"	"not_reported"	"not_reported"	"cross-platform comparison reported"	"partially_overlapping_cross_platform"	"higher_protein_higher_risk"	"AD GWAS reported in Table S1"	"likely_overlap_with_Wightman_2021_components"	"possible"	"Tier1"	"false"	"assay_specific_review_required"	"primary_high_confidence_panel"	"NA"	"true"	"true"	"<external_resource_root>\UKB-PPP\syn51365303_European_discovery\CD2AP_Q9Y5K6_OID20177_v1_Cardiometabolic.tar"	"true"	"full_text_and_source_table_verified"	"FDR-significant AD row; colocalization joined by assay ID."	"data_processed\literature_supplements_extracted\PMID40037332\awaf018_supplementary_data\brain-2024-00441-File011.xlsx"	"Table S2"	"12"	"published_beta"	"high"	"partially_overlapping"	"AD_UKB_deCODE_cross_platform"	"not_applicable_to_published_beta"	"OR and CI derived from reported beta and SE"
"EVID_40050982_CD2AP_e9ea779380b7"	"CD2AP"	"CD2AP"	"Q9Y5K6"	"CD2AP"	"Q9Y5K6"	"UKB-PPP Olink"	"UniProt-mapped protein"	"AD"	"AD"	"Bellenguez et al. 2022 AD discovery; FinnGen R11 replication"	"Zhan H"	"2025"	"Journal of translational medicine"	"40050982"	"10.1186/s12967-025-06317-5"	"peer_reviewed"	"UKB-PPP cis-pQTL"	"34557 European participants"	"European"	"cis_pQTL"	"cis-pQTL; discovery MR with Bellenguez AD; FinnGen R11 outcome replication"	"rs13212790;rs55716297"	"Inverse variance weighted"	"0.20701416938432612"	"not_reported_directly"	"1.23"	"1.17"	"1.31"	"1.04409835662168e-12"	"Benjamini-Hochberg FDR in discovery; P<0.00208 replication threshold"	"true"	"coloc.abf in discovery and replication"	"0.6452"	"not_reported"	"not_reported"	"FinnGen R11 AD"	"independent_outcome_replication_corrected_same_direction"	"higher_protein_higher_risk"	"Bellenguez 2022 discovery; FinnGen R11 replication"	"Bellenguez_partially_overlaps_Wightman_components; FinnGen_independent_of_primary_AD_outcome_GWAS"	"partially_overlapping_discovery_with_independent_outcome_replication"	"Tier1"	"false"	"Olink assay review required"	"primary_high_confidence_panel"	"NA"	"true"	"true"	"<external_resource_root>\UKB-PPP\syn51365303_European_discovery\CD2AP_Q9Y5K6_OID20177_v1_Cardiometabolic.tar"	"true"	"full_text_and_source_table_verified"	"Replication P=1.00517562090284e-05; replication PP.H4=0.6452."	"data_raw\literature_fulltext\PMID40050982_PMC11884171\supplements\12967_2025_6317_MOESM1_ESM.xlsx"	"Table S2"	"10"	"published_beta"	"high"	"independent_outcome_replication"	"AD_UKB_PPP_Bellenguez_FinnGen"	"not_applicable_to_published_beta"	"logOR derived from rounded reported OR; not eligible for mediation beta"
"PMID40452368_UKB-PPP_CD2AP"	"CD2AP"	"CD2AP"	"not_reported"	"CD2AP"	"not_reported"	"UKB-PPP Olink"	"assay_specific_target"	"AD"	"AD"	"AD GWAS"	"Yu K"	"2025"	"Journal of Alzheimer's Disease"	"40452368"	"10.1177/13872877251344572"	"peer_reviewed"	"UKB-PPP"	"not_reported"	"European"	"mixed_or_not_explicitly_cis_only"	"not_reported"	"not_reported"	"study-reported MR"	"0.19722987352707302"	"not_reported"	"1.218024"	"1.15"	"1.29"	"6.22e-11"	"study Bonferroni threshold"	"TRUE"	"not_reported"	"not_reported"	"not_reported"	"not_reported"	"not_reported"	"not_reported"	"higher_protein_higher_risk"	"published AD GWAS"	"partially_overlapping_or_related"	"false"	"Tier2"	"FALSE"	"platform_mapping_required"	"literature_source_universe_tier2"	"published_cross_platform_beta_not_same_assay_primary_analysis_beta;highest_tier_requires_colocalization_or_replication_review"	"false"	"false"	"not_reported"	"false"	"full_text_and_source_table_verified"	"Study-Bonferroni-significant protein-outcome association; same dataset reports GRN/CR1 colocalization support."	"PMID40452368_supp5.xlsx"	"Supplemental Table 3"	"18"	"published_beta"	"moderate"	"partially_overlapping"	"AD_UKB-PPP_2025"	"not_applicable_to_published_beta"	"not_reported"
"EVID_40037332_CD33_bcc58a03a30b"	"CD33"	"CD33"	"P20138"	"CD33"	"3166_92"	"SomaScan"	"assay_specific_target"	"AD"	"AD"	"clinically diagnosed Alzheimer disease GWAS"	"Belbasis L"	"2025"	"Brain : a journal of neurology"	"40037332"	"10.1093/brain/awaf018"	"peer_reviewed"	"SomaScan"	"UKB-PPP 54219 or deCODE 35559 according to platform"	"European"	"cis_lead_pQTL"	"lead cis-pQTL per assay"	"rs3865444"	"Wald ratio using lead cis-pQTL"	"0.0312644957788292"	"0.00862788755914277"	"1.0317583635317458"	"1.0144573471360825"	"1.0493544393196723"	"0.00029046797200167"	"Benjamini-Hochberg FDR"	"true"	"coloc.abf single-causal-variant"	"0.632092477379795"	"not_reported"	"not_reported"	"cross-platform comparison reported"	"partially_overlapping_cross_platform"	"higher_protein_higher_risk"	"AD GWAS reported in Table S1"	"likely_overlap_with_Wightman_2021_components"	"possible"	"Tier2"	"false"	"assay_specific_review_required"	"literature_source_universe_tier2"	"no_strong_colocalization_or_independent_replication"	"not_assessed"	"not_assessed"	"<external_resource_root>\UKB-PPP\syn51365303_European_discovery\CD33_P20138_OID21472_v1_Oncology.tar"	"false_pending_alpha_and_reestimated_beta"	"full_text_and_source_table_verified"	"FDR-significant AD row; colocalization joined by assay ID."	"data_processed\literature_supplements_extracted\PMID40037332\awaf018_supplementary_data\brain-2024-00441-File011.xlsx"	"Table S2"	"1920"	"published_beta"	"high"	"partially_overlapping"	"AD_UKB_deCODE_cross_platform"	"not_applicable_to_published_beta"	"OR and CI derived from reported beta and SE"
"EVID_40037332_CD33_3f1efc25d352"	"CD33"	"CD33"	"P20138"	"CD33"	"OID21472"	"Olink"	"assay_specific_target"	"AD"	"AD"	"clinically diagnosed Alzheimer disease GWAS"	"Belbasis L"	"2025"	"Brain : a journal of neurology"	"40037332"	"10.1093/brain/awaf018"	"peer_reviewed"	"Olink"	"UKB-PPP 54219 or deCODE 35559 according to platform"	"European"	"cis_lead_pQTL"	"lead cis-pQTL per assay"	"rs2455069"	"Wald ratio using lead cis-pQTL"	"0.0320259605664432"	"0.00747555578208754"	"1.0325443103923548"	"1.0175256747985935"	"1.0477846204073957"	"1.83487881800176e-05"	"Benjamini-Hochberg FDR"	"true"	"coloc.abf single-causal-variant"	"0.949921279513309"	"not_reported"	"not_reported"	"cross-platform comparison reported"	"partially_overlapping_cross_platform"	"higher_protein_higher_risk"	"AD GWAS reported in Table S1"	"likely_overlap_with_Wightman_2021_components"	"possible"	"Tier1"	"false"	"assay_specific_review_required"	"primary_high_confidence_panel"	"NA"	"true"	"true"	"<external_resource_root>\UKB-PPP\syn51365303_European_discovery\CD33_P20138_OID21472_v1_Oncology.tar"	"true"	"full_text_and_source_table_verified"	"FDR-significant AD row; colocalization joined by assay ID."	"data_processed\literature_supplements_extracted\PMID40037332\awaf018_supplementary_data\brain-2024-00441-File011.xlsx"	"Table S2"	"32"	"published_beta"	"high"	"partially_overlapping"	"AD_UKB_deCODE_cross_platform"	"not_applicable_to_published_beta"	"OR and CI derived from reported beta and SE"
"PMID42384774_SeqId_3166_92"	"CD33"	"CD33"	"mapping_unresolved"	"CD33"	"SeqId_3166_92"	"SomaScan cis-PWAS"	"aptamer_specific_target"	"AD"	"AD"	"AD dementia GWAS"	"Walker KA"	"2026"	"Science Translational Medicine"	"42384774"	"10.1126/scitranslmed.adx4852"	"peer_reviewed"	"published plasma cis-pQTL prediction models"	"not_reported"	"European American"	"cis_prediction_model"	"not_reported"	"not_reported"	"proteome-wide association study"	"not_reported"	"not_reported"	"not_reported"	"not_reported"	"not_reported"	"1.4e-07"	"study Bonferroni threshold"	"TRUE"	"not_reported"	"not_reported"	"not_reported"	"not_reported"	"not_reported"	"not_reported"	"positive_PWAS_Z"	"published AD GWAS"	"likely_overlap"	"false"	"Tier2"	"FALSE"	"SomaScan_cross_platform_review_required"	"literature_source_universe_tier2"	"PWAS_Z_not_standardized_beta;same_assay_alpha_beta_not_available"	"false"	"false"	"not_available_for_same_SomaScan_assay"	"false"	"full_text_and_source_table_verified"	"Bonferroni-significant PWAS candidate; retained as external evidence and not interpreted as a de novo discovery in the present analysis."	"adx4852_tables_s1_to_s30.xlsx"	"ST 1. AD PWAS Results"	"19"	"published_PWAS_Z_not_beta"	"moderate"	"partially_overlapping"	"AD_plasma_cis_PWAS_2026"	"not_applicable_to_PWAS_Z"	"PWAS.Z=5.2651; no beta/SE conversion performed."
"EVID_40037332_CD55_ac2e741bd4c1"	"CD55"	"CD55"	"P08174"	"CD55"	"5069_9"	"SomaScan"	"assay_specific_target"	"AD"	"AD"	"clinically diagnosed Alzheimer disease GWAS"	"Belbasis L"	"2025"	"Brain : a journal of neurology"	"40037332"	"10.1093/brain/awaf018"	"peer_reviewed"	"SomaScan"	"UKB-PPP 54219 or deCODE 35559 according to platform"	"European"	"cis_lead_pQTL"	"lead cis-pQTL per assay"	"rs76025171"	"Wald ratio using lead cis-pQTL"	"-0.135880077369439"	"0.0234526112185686"	"0.8729473123498899"	"0.8337287283027495"	"0.9140107378693804"	"6.88054813830818e-09"	"Benjamini-Hochberg FDR"	"true"	"coloc.abf single-causal-variant"	"1.04629196157501e-21"	"not_reported"	"not_reported"	"cross-platform comparison reported"	"partially_overlapping_cross_platform"	"higher_protein_lower_risk"	"AD GWAS reported in Table S1"	"likely_overlap_with_Wightman_2021_components"	"possible"	"Tier2"	"false"	"assay_specific_review_required"	"literature_source_universe_tier2"	"no_strong_colocalization_or_independent_replication"	"not_assessed"	"not_assessed"	"not_assessed"	"false_pending_alpha_and_reestimated_beta"	"full_text_and_source_table_verified"	"FDR-significant AD row; colocalization joined by assay ID."	"data_processed\literature_supplements_extracted\PMID40037332\awaf018_supplementary_data\brain-2024-00441-File011.xlsx"	"Table S2"	"1902"	"published_beta"	"high"	"partially_overlapping"	"AD_UKB_deCODE_cross_platform"	"not_applicable_to_published_beta"	"OR and CI derived from reported beta and SE"
"EVID_40037332_CD55_e88bf8734cfc"	"CD55"	"CD55"	"P08174"	"CD55"	"OID20377"	"Olink"	"assay_specific_target"	"AD"	"AD"	"clinically diagnosed Alzheimer disease GWAS"	"Belbasis L"	"2025"	"Brain : a journal of neurology"	"40037332"	"10.1093/brain/awaf018"	"peer_reviewed"	"Olink"	"UKB-PPP 54219 or deCODE 35559 according to platform"	"European"	"cis_lead_pQTL"	"lead cis-pQTL per assay"	"rs1583090"	"Wald ratio using lead cis-pQTL"	"-0.116017380019548"	"0.0195073470829329"	"0.8904597469551746"	"0.857056203973408"	"0.9251651843501218"	"2.72487643776355e-09"	"Benjamini-Hochberg FDR"	"true"	"coloc.abf single-causal-variant"	"7.98327622941789e-22"	"not_reported"	"not_reported"	"cross-platform comparison reported"	"partially_overlapping_cross_platform"	"higher_protein_lower_risk"	"AD GWAS reported in Table S1"	"likely_overlap_with_Wightman_2021_components"	"possible"	"Tier2"	"false"	"assay_specific_review_required"	"literature_source_universe_tier2"	"no_strong_colocalization_or_independent_replication"	"not_assessed"	"not_assessed"	"not_assessed"	"false_pending_alpha_and_reestimated_beta"	"full_text_and_source_table_verified"	"FDR-significant AD row; colocalization joined by assay ID."	"data_processed\literature_supplements_extracted\PMID40037332\awaf018_supplementary_data\brain-2024-00441-File011.xlsx"	"Table S2"	"18"	"published_beta"	"high"	"partially_overlapping"	"AD_UKB_deCODE_cross_platform"	"not_applicable_to_published_beta"	"OR and CI derived from reported beta and SE"
"PMID40452368_deCODE_CD55"	"CD55"	"CD55"	"not_reported"	"CD55"	"not_reported"	"deCODE SomaScan"	"assay_specific_target"	"AD"	"AD"	"AD GWAS"	"Yu K"	"2025"	"Journal of Alzheimer's Disease"	"40452368"	"10.1177/13872877251344572"	"peer_reviewed"	"deCODE"	"not_reported"	"European"	"mixed_or_not_explicitly_cis_only"	"not_reported"	"not_reported"	"study-reported MR"	"-0.17836738484627138"	"not_reported"	"0.836635"	"0.79"	"0.89"	"7.16e-09"	"study Bonferroni threshold"	"TRUE"	"not_reported"	"not_reported"	"not_reported"	"not_reported"	"not_reported"	"not_reported"	"higher_protein_lower_risk"	"published AD GWAS"	"partially_overlapping_or_related"	"false"	"Tier2"	"FALSE"	"platform_mapping_required"	"literature_source_universe_tier2"	"published_cross_platform_beta_not_same_assay_primary_analysis_beta;highest_tier_requires_colocalization_or_replication_review"	"false"	"false"	"not_reported"	"false"	"full_text_and_source_table_verified"	"Study-Bonferroni-significant protein-outcome association; same dataset reports GRN/CR1 colocalization support."	"PMID40452368_supp5.xlsx"	"Supplemental Table 3"	"7"	"published_beta"	"moderate"	"partially_overlapping"	"AD_deCODE_2025"	"not_applicable_to_published_beta"	"not_reported"
"PMID40452368_UKB-PPP_CD55"	"CD55"	"CD55"	"not_reported"	"CD55"	"not_reported"	"UKB-PPP Olink"	"assay_specific_target"	"AD"	"AD"	"AD GWAS"	"Yu K"	"2025"	"Journal of Alzheimer's Disease"	"40452368"	"10.1177/13872877251344572"	"peer_reviewed"	"UKB-PPP"	"not_reported"	"European"	"mixed_or_not_explicitly_cis_only"	"not_reported"	"not_reported"	"study-reported MR"	"-0.14401241283981234"	"not_reported"	"0.865877"	"0.82"	"0.91"	"7.16e-09"	"study Bonferroni threshold"	"TRUE"	"not_reported"	"not_reported"	"not_reported"	"not_reported"	"not_reported"	"not_reported"	"higher_protein_lower_risk"	"published AD GWAS"	"partially_overlapping_or_related"	"false"	"Tier2"	"FALSE"	"platform_mapping_required"	"literature_source_universe_tier2"	"published_cross_platform_beta_not_same_assay_primary_analysis_beta;highest_tier_requires_colocalization_or_replication_review"	"false"	"false"	"not_reported"	"false"	"full_text_and_source_table_verified"	"Study-Bonferroni-significant protein-outcome association; same dataset reports GRN/CR1 colocalization support."	"PMID40452368_supp5.xlsx"	"Supplemental Table 3"	"19"	"published_beta"	"moderate"	"partially_overlapping"	"AD_UKB-PPP_2025"	"not_applicable_to_published_beta"	"not_reported"
"EVID_41630303_CD55_6d6f72aeddd5"	"CD55"	"CD55"	"not_reported"	"CD55"	"5069_9_CD55_DAF"	"deCODE SomaScan"	"assay_specific_target"	"AD"	"AD"	"FinnGen AD"	"Zhao YH"	"2026"	"Medicine"	"41630303"	"10.1097/md.0000000000045715"	"peer_reviewed"	"deCODE"	"35559"	"European"	"mixed_or_not_explicitly_cis_only"	"P<5e-8; LD clumped instruments"	"10 SNPs; IDs in Table S2"	"IVW"	"-0.164397345"	"0.046421662"	"0.848404845"	"0.774619139"	"0.929218947"	"0.00039802"	"study-reported FDR<0.05"	"true"	"not_reported"	"not_reported"	"not_reported"	"not_reported"	"not_reported"	"not_reported"	"higher_protein_lower_risk"	"FinnGen AD"	"different_outcome_GWAS_from_primary_analysis"	"false"	"Tier2"	"false"	"SomaScan assay review required"	"literature_source_universe_tier2"	"not_cis_only;mapping_not_high_confidence;no_strong_colocalization_or_independent_replication"	"not_assessed"	"not_assessed"	"not_assessed"	"false_pending_alpha_and_reestimated_beta"	"full_text_and_source_table_verified"	"Paper states these 39 rows passed FDR; row-level adjusted P is absent, so retained in Tier2 only."	"data_raw\literature_fulltext\PMID41630303_PMC12863894\supplements\medi-105-e45715-s001.xlsx"	"Table S3"	"13"	"published_beta"	"moderate"	"partially_overlapping"	"AD_deCODE_FinnGen_2026"	"not_applicable_to_published_beta"	"none"
"PMID42384774_SeqId_5069_9"	"CD55"	"CD55"	"mapping_unresolved"	"CD55"	"SeqId_5069_9"	"SomaScan cis-PWAS"	"aptamer_specific_target"	"AD"	"AD"	"AD dementia GWAS"	"Walker KA"	"2026"	"Science Translational Medicine"	"42384774"	"10.1126/scitranslmed.adx4852"	"peer_reviewed"	"published plasma cis-pQTL prediction models"	"not_reported"	"European American"	"cis_prediction_model"	"not_reported"	"not_reported"	"proteome-wide association study"	"not_reported"	"not_reported"	"not_reported"	"not_reported"	"not_reported"	"1.26e-09"	"study Bonferroni threshold"	"TRUE"	"not_reported"	"not_reported"	"not_reported"	"not_reported"	"not_reported"	"not_reported"	"negative_PWAS_Z"	"published AD GWAS"	"likely_overlap"	"false"	"Tier2"	"FALSE"	"SomaScan_cross_platform_review_required"	"literature_source_universe_tier2"	"PWAS_Z_not_standardized_beta;same_assay_alpha_beta_not_available"	"false"	"false"	"not_available_for_same_SomaScan_assay"	"false"	"full_text_and_source_table_verified"	"Bonferroni-significant PWAS candidate; retained as external evidence and not interpreted as a de novo discovery in the present analysis."	"adx4852_tables_s1_to_s30.xlsx"	"ST 1. AD PWAS Results"	"15"	"published_PWAS_Z_not_beta"	"moderate"	"partially_overlapping"	"AD_plasma_cis_PWAS_2026"	"not_applicable_to_PWAS_Z"	"PWAS.Z=-6.07189; no beta/SE conversion performed."
"PMID40397384_SuppTable4_CD5L"	"CD5L"	"CD5L"	"not_reported"	"CD5L"	"not_reported"	"UKB-PPP"	"assay_specific_target"	"AD"	"AD"	"AD-IGAP"	"Li Y"	"2025"	"Journal of Alzheimer's Disease"	"40397384"	"10.1177/13872877251345151"	"peer_reviewed"	"UKB-PPP"	"not_reported"	"European"	"mixed_or_not_explicitly_cis_only"	"study-selected genome-wide instruments"	"not_reported"	"IVW"	"-0.1945939822730597"	"0.0422264358051714"	"0.823168811345019"	"0.757783316418267"	"0.894196107633964"	"4.05886877905096e-06"	"Benjamini-Hochberg FDR"	"TRUE"	"not_reported"	"not_reported"	"not_reported"	"not_reported"	"not_reported"	"not_reported"	"higher_protein_lower_risk"	"AD-IGAP"	"partially_overlapping_or_related"	"false"	"Tier2"	"FALSE"	"platform_mapping_required"	"literature_source_universe_tier2"	"no_colocalization_or_independent_replication;published_beta_not_same_assay_primary_analysis_beta"	"false"	"false"	"not_reported"	"false"	"full_text_and_source_table_verified"	"Pleiotropy"	"PMID40397384_supp2.xlsx"	"SuppTable4"	"4"	"published_beta"	"moderate"	"partially_overlapping"	"AD_UKB-PPP_2025"	"not_applicable_to_published_beta"	"not_reported"
"PMID40397384_SuppTable6_CD79A"	"CD79A"	"CD79A"	"not_reported"	"CD79A"	"not_reported"	"deCODE SomaScan"	"assay_specific_target"	"AD"	"AD"	"AD-EADB"	"Li Y"	"2025"	"Journal of Alzheimer's Disease"	"40397384"	"10.1177/13872877251345151"	"peer_reviewed"	"deCODE SomaScan"	"not_reported"	"European"	"mixed_or_not_explicitly_cis_only"	"study-selected genome-wide instruments"	"not_reported"	"IVW"	"-0.37720043367742795"	"0.0935420783872498"	"0.685778606991881"	"0.570899034435069"	"0.823774904914842"	"5.52067019722928e-05"	"Benjamini-Hochberg FDR"	"TRUE"	"not_reported"	"not_reported"	"not_reported"	"not_reported"	"not_reported"	"not_reported"	"higher_protein_lower_risk"	"AD-EADB"	"partially_overlapping_or_related"	"false"	"Tier2"	"FALSE"	"platform_mapping_required"	"literature_source_universe_tier2"	"no_colocalization_or_independent_replication;published_beta_not_same_assay_primary_analysis_beta"	"false"	"false"	"not_reported"	"false"	"full_text_and_source_table_verified"	"Failed to pass the leave-one-out test"	"PMID40397384_supp2.xlsx"	"SuppTable6"	"8"	"published_beta"	"moderate"	"partially_overlapping"	"AD_deCODE SomaScan_2025"	"not_applicable_to_published_beta"	"not_reported"
"EVID_40050982_CDSN_e0f9889dcf1d"	"CDSN"	"CDSN"	"Q15517"	"CDSN"	"Q15517"	"UKB-PPP Olink"	"UniProt-mapped protein"	"AD"	"AD"	"Bellenguez et al. 2022 AD discovery; FinnGen R11 replication"	"Zhan H"	"2025"	"Journal of translational medicine"	"40050982"	"10.1186/s12967-025-06317-5"	"peer_reviewed"	"UKB-PPP cis-pQTL"	"34557 European participants"	"European"	"cis_pQTL"	"cis-pQTL; discovery MR with Bellenguez AD; FinnGen R11 outcome replication"	"rs1264457;rs4711253"	"Inverse variance weighted"	"0.09531017980432493"	"not_reported_directly"	"1.1"	"1.06"	"1.14"	"3.52694616897587e-07"	"Benjamini-Hochberg FDR in discovery; P<0.00208 replication threshold"	"true"	"coloc.abf in discovery and replication"	"NA"	"not_reported"	"not_reported"	"FinnGen R11 AD"	"replication_not_corrected_or_direction_inconsistent"	"higher_protein_higher_risk"	"Bellenguez 2022 discovery; FinnGen R11 replication"	"Bellenguez_partially_overlaps_Wightman_components; FinnGen_independent_of_primary_AD_outcome_GWAS"	"partially_overlapping_discovery_with_independent_outcome_replication"	"Tier2"	"false"	"Olink assay review required"	"literature_source_universe_tier2"	"no_strong_colocalization_or_independent_replication"	"not_assessed"	"not_assessed"	"not_assessed"	"false_pending_alpha_and_reestimated_beta"	"full_text_and_source_table_verified"	"Replication P=NA; replication PP.H4=NA."	"data_raw\literature_fulltext\PMID40050982_PMC11884171\supplements\12967_2025_6317_MOESM1_ESM.xlsx"	"Table S2"	"21"	"published_beta"	"high"	"partially_overlapping"	"AD_UKB_PPP_Bellenguez_FinnGen"	"not_applicable_to_published_beta"	"logOR derived from rounded reported OR; not eligible for mediation beta"
"PMID40452368_UKB-PPP_CEACAM16"	"CEACAM16"	"CEACAM16"	"not_reported"	"CEACAM16"	"not_reported"	"UKB-PPP Olink"	"assay_specific_target"	"AD"	"AD"	"AD GWAS"	"Yu K"	"2025"	"Journal of Alzheimer's Disease"	"40452368"	"10.1177/13872877251344572"	"peer_reviewed"	"UKB-PPP"	"not_reported"	"European"	"mixed_or_not_explicitly_cis_only"	"not_reported"	"not_reported"	"study-reported MR"	"0.22666055938443247"	"not_reported"	"1.254404"	"1.16"	"1.35"	"6.75e-09"	"study Bonferroni threshold"	"TRUE"	"not_reported"	"not_reported"	"not_reported"	"not_reported"	"not_reported"	"not_reported"	"higher_protein_higher_risk"	"published AD GWAS"	"partially_overlapping_or_related"	"false"	"Tier2"	"FALSE"	"platform_mapping_required"	"literature_source_universe_tier2"	"published_cross_platform_beta_not_same_assay_primary_analysis_beta;highest_tier_requires_colocalization_or_replication_review"	"false"	"false"	"not_reported"	"false"	"full_text_and_source_table_verified"	"Study-Bonferroni-significant protein-outcome association; same dataset reports GRN/CR1 colocalization support."	"PMID40452368_supp5.xlsx"	"Supplemental Table 3"	"20"	"published_beta"	"moderate"	"partially_overlapping"	"AD_UKB-PPP_2025"	"not_applicable_to_published_beta"	"not_reported"
"EVID_40037332_CEACAM19_72ee3d5fe82e"	"CEACAM19"	"CEACAM19"	"Q7Z692"	"CEACAM19"	"OID31443"	"Olink"	"assay_specific_target"	"AD"	"AD"	"clinically diagnosed Alzheimer disease GWAS"	"Belbasis L"	"2025"	"Brain : a journal of neurology"	"40037332"	"10.1093/brain/awaf018"	"peer_reviewed"	"Olink"	"UKB-PPP 54219 or deCODE 35559 according to platform"	"European"	"cis_lead_pQTL"	"lead cis-pQTL per assay"	"rs62119322"	"Wald ratio using lead cis-pQTL"	"-0.221156207219193"	"0.0489496685064252"	"0.8015914561376994"	"0.728259704469859"	"0.8823073123628399"	"6.24168209316546e-06"	"Benjamini-Hochberg FDR"	"true"	"coloc.abf single-causal-variant"	"4.49956349765593e-103"	"not_reported"	"not_reported"	"cross-platform comparison reported"	"partially_overlapping_cross_platform"	"higher_protein_lower_risk"	"AD GWAS reported in Table S1"	"likely_overlap_with_Wightman_2021_components"	"possible"	"Tier2"	"false"	"assay_specific_review_required"	"literature_source_universe_tier2"	"no_strong_colocalization_or_independent_replication"	"not_assessed"	"not_assessed"	"not_assessed"	"false_pending_alpha_and_reestimated_beta"	"full_text_and_source_table_verified"	"FDR-significant AD row; colocalization joined by assay ID."	"data_processed\literature_supplements_extracted\PMID40037332\awaf018_supplementary_data\brain-2024-00441-File011.xlsx"	"Table S2"	"25"	"published_beta"	"high"	"partially_overlapping"	"AD_UKB_deCODE_cross_platform"	"not_applicable_to_published_beta"	"OR and CI derived from reported beta and SE"
"EVID_40050982_CEACAM19_50c2fffeef73"	"CEACAM19"	"CEACAM19"	"Q7Z692"	"CEACAM19"	"Q7Z692"	"UKB-PPP Olink"	"UniProt-mapped protein"	"AD"	"AD"	"Bellenguez et al. 2022 AD discovery; FinnGen R11 replication"	"Zhan H"	"2025"	"Journal of translational medicine"	"40050982"	"10.1186/s12967-025-06317-5"	"peer_reviewed"	"UKB-PPP cis-pQTL"	"34557 European participants"	"European"	"cis_pQTL"	"cis-pQTL; discovery MR with Bellenguez AD; FinnGen R11 outcome replication"	"rs62119322"	"Wald ratio"	"-0.2231435513142097"	"not_reported_directly"	"0.8"	"0.73"	"0.88"	"6.24168209316546e-06"	"Benjamini-Hochberg FDR in discovery; P<0.00208 replication threshold"	"true"	"coloc.abf in discovery and replication"	"NA"	"not_reported"	"not_reported"	"FinnGen R11 AD"	"replication_not_corrected_or_direction_inconsistent"	"higher_protein_lower_risk"	"Bellenguez 2022 discovery; FinnGen R11 replication"	"Bellenguez_partially_overlaps_Wightman_components; FinnGen_independent_of_primary_AD_outcome_GWAS"	"partially_overlapping_discovery_with_independent_outcome_replication"	"Tier2"	"false"	"Olink assay review required"	"literature_source_universe_tier2"	"no_strong_colocalization_or_independent_replication"	"not_assessed"	"not_assessed"	"not_assessed"	"false_pending_alpha_and_reestimated_beta"	"full_text_and_source_table_verified"	"Replication P=0.0191932735610762; replication PP.H4=NA."	"data_raw\literature_fulltext\PMID40050982_PMC11884171\supplements\12967_2025_6317_MOESM1_ESM.xlsx"	"Table S2"	"32"	"published_beta"	"high"	"partially_overlapping"	"AD_UKB_PPP_Bellenguez_FinnGen"	"not_applicable_to_published_beta"	"logOR derived from rounded reported OR; not eligible for mediation beta"
"PMID40452368_UKB-PPP_CEACAM19"	"CEACAM19"	"CEACAM19"	"not_reported"	"CEACAM19"	"not_reported"	"UKB-PPP Olink"	"assay_specific_target"	"AD"	"AD"	"AD GWAS"	"Yu K"	"2025"	"Journal of Alzheimer's Disease"	"40452368"	"10.1177/13872877251344572"	"peer_reviewed"	"UKB-PPP"	"not_reported"	"European"	"mixed_or_not_explicitly_cis_only"	"not_reported"	"not_reported"	"study-reported MR"	"-0.22115677625947616"	"not_reported"	"0.801591"	"0.73"	"0.88"	"6.24e-06"	"study Bonferroni threshold"	"TRUE"	"not_reported"	"not_reported"	"not_reported"	"not_reported"	"not_reported"	"not_reported"	"higher_protein_lower_risk"	"published AD GWAS"	"partially_overlapping_or_related"	"false"	"Tier2"	"FALSE"	"platform_mapping_required"	"literature_source_universe_tier2"	"published_cross_platform_beta_not_same_assay_primary_analysis_beta;highest_tier_requires_colocalization_or_replication_review"	"false"	"false"	"not_reported"	"false"	"full_text_and_source_table_verified"	"Study-Bonferroni-significant protein-outcome association; same dataset reports GRN/CR1 colocalization support."	"PMID40452368_supp5.xlsx"	"Supplemental Table 3"	"21"	"published_beta"	"moderate"	"partially_overlapping"	"AD_UKB-PPP_2025"	"not_applicable_to_published_beta"	"not_reported"
"EVID_40037332_CLN5_4b1f4e08782f"	"CLN5"	"CLN5"	"O75503"	"CLN5"	"8874_53"	"SomaScan"	"assay_specific_target"	"AD"	"AD"	"clinically diagnosed Alzheimer disease GWAS"	"Belbasis L"	"2025"	"Brain : a journal of neurology"	"40037332"	"10.1093/brain/awaf018"	"peer_reviewed"	"SomaScan"	"UKB-PPP 54219 or deCODE 35559 according to platform"	"European"	"cis_lead_pQTL"	"lead cis-pQTL per assay"	"rs700363"	"Wald ratio using lead cis-pQTL"	"-0.352906976744186"	"0.0883720930232558"	"0.7026425524351392"	"0.5908953919202097"	"0.8355227731395711"	"6.51267693765225e-05"	"Benjamini-Hochberg FDR"	"true"	"coloc.abf single-causal-variant"	"0.940559538859275"	"not_reported"	"not_reported"	"cross-platform comparison reported"	"partially_overlapping_cross_platform"	"higher_protein_lower_risk"	"AD GWAS reported in Table S1"	"likely_overlap_with_Wightman_2021_components"	"possible"	"Tier1"	"false"	"assay_specific_review_required"	"primary_high_confidence_panel"	"NA"	"false"	"false"	"not_available_or_target_mapping_unresolved"	"false"	"full_text_and_source_table_verified"	"FDR-significant AD row; colocalization joined by assay ID."	"data_processed\literature_supplements_extracted\PMID40037332\awaf018_supplementary_data\brain-2024-00441-File011.xlsx"	"Table S2"	"1914"	"published_beta"	"high"	"partially_overlapping"	"AD_UKB_deCODE_cross_platform"	"not_applicable_to_published_beta"	"OR and CI derived from reported beta and SE"
"EVID_40037332_CR1_b32f05af28b6"	"CR1"	"CR1"	"P17927"	"CR1"	"19556_12"	"SomaScan"	"assay_specific_target"	"AD"	"AD"	"clinically diagnosed Alzheimer disease GWAS"	"Belbasis L"	"2025"	"Brain : a journal of neurology"	"40037332"	"10.1093/brain/awaf018"	"peer_reviewed"	"SomaScan"	"UKB-PPP 54219 or deCODE 35559 according to platform"	"European"	"cis_lead_pQTL"	"lead cis-pQTL per assay"	"rs679515"	"Wald ratio using lead cis-pQTL"	"0.243253813062182"	"0.020336331638639"	"1.275392294264557"	"1.2255559809720153"	"1.3272551637986363"	"5.65052291470996e-33"	"Benjamini-Hochberg FDR"	"true"	"coloc.abf single-causal-variant"	"0.994909556088914"	"not_reported"	"not_reported"	"cross-platform comparison reported"	"partially_overlapping_cross_platform"	"higher_protein_higher_risk"	"AD GWAS reported in Table S1"	"likely_overlap_with_Wightman_2021_components"	"possible"	"Tier1"	"false"	"assay_specific_review_required"	"primary_high_confidence_panel"	"NA"	"true"	"true"	"<external_resource_root>\UKB-PPP\syn51365303_European_discovery\CR1_P17927_OID30697_v1_Inflammation_II.tar"	"true"	"full_text_and_source_table_verified"	"FDR-significant AD row; colocalization joined by assay ID."	"data_processed\literature_supplements_extracted\PMID40037332\awaf018_supplementary_data\brain-2024-00441-File011.xlsx"	"Table S2"	"1896"	"published_beta"	"high"	"partially_overlapping"	"AD_UKB_deCODE_cross_platform"	"not_applicable_to_published_beta"	"OR and CI derived from reported beta and SE"
"EVID_40037332_CR1_d01ed466aaef"	"CR1"	"CR1"	"P17927"	"CR1"	"OID30697"	"Olink"	"assay_specific_target"	"AD"	"AD"	"clinically diagnosed Alzheimer disease GWAS"	"Belbasis L"	"2025"	"Brain : a journal of neurology"	"40037332"	"10.1093/brain/awaf018"	"peer_reviewed"	"Olink"	"UKB-PPP 54219 or deCODE 35559 according to platform"	"European"	"cis_lead_pQTL"	"lead cis-pQTL per assay"	"rs679515"	"Wald ratio using lead cis-pQTL"	"0.230535587541441"	"0.0192730716272587"	"1.2592742809639184"	"1.212592181782485"	"1.307753537026886"	"5.65052291470984e-33"	"Benjamini-Hochberg FDR"	"true"	"coloc.abf single-causal-variant"	"0.995566896954291"	"not_reported"	"not_reported"	"cross-platform comparison reported"	"partially_overlapping_cross_platform"	"higher_protein_higher_risk"	"AD GWAS reported in Table S1"	"likely_overlap_with_Wightman_2021_components"	"possible"	"Tier1"	"false"	"assay_specific_review_required"	"primary_high_confidence_panel"	"NA"	"true"	"true"	"<external_resource_root>\UKB-PPP\syn51365303_European_discovery\CR1_P17927_OID30697_v1_Inflammation_II.tar"	"true"	"full_text_and_source_table_verified"	"FDR-significant AD row; colocalization joined by assay ID."	"data_processed\literature_supplements_extracted\PMID40037332\awaf018_supplementary_data\brain-2024-00441-File011.xlsx"	"Table S2"	"8"	"published_beta"	"high"	"partially_overlapping"	"AD_UKB_deCODE_cross_platform"	"not_applicable_to_published_beta"	"OR and CI derived from reported beta and SE"
"PMID40452368_deCODE_CR1"	"CR1"	"CR1"	"not_reported"	"CR1"	"not_reported"	"deCODE SomaScan"	"assay_specific_target"	"AD"	"AD"	"AD GWAS"	"Yu K"	"2025"	"Journal of Alzheimer's Disease"	"40452368"	"10.1177/13872877251344572"	"peer_reviewed"	"deCODE"	"not_reported"	"European"	"mixed_or_not_explicitly_cis_only"	"not_reported"	"not_reported"	"study-reported MR"	"0.15378661356317774"	"not_reported"	"1.166242"	"1.1"	"1.24"	"1.21e-06"	"study Bonferroni threshold"	"TRUE"	"not_reported"	"not_reported"	"not_reported"	"not_reported"	"not_reported"	"not_reported"	"higher_protein_higher_risk"	"published AD GWAS"	"partially_overlapping_or_related"	"false"	"Tier2"	"TRUE"	"platform_mapping_required"	"literature_source_universe_tier2"	"published_cross_platform_beta_not_same_assay_primary_analysis_beta;highest_tier_requires_colocalization_or_replication_review"	"false"	"false"	"not_reported"	"false"	"full_text_and_source_table_verified"	"Study-Bonferroni-significant protein-outcome association; same dataset reports GRN/CR1 colocalization support."	"PMID40452368_supp5.xlsx"	"Supplemental Table 3"	"8"	"published_beta"	"moderate"	"partially_overlapping"	"AD_deCODE_2025"	"not_applicable_to_published_beta"	"not_reported"
"PMID40452368_UKB-PPP_CR1"	"CR1"	"CR1"	"not_reported"	"CR1"	"not_reported"	"UKB-PPP Olink"	"assay_specific_target"	"AD"	"AD"	"AD GWAS"	"Yu K"	"2025"	"Journal of Alzheimer's Disease"	"40452368"	"10.1177/13872877251344572"	"peer_reviewed"	"UKB-PPP"	"not_reported"	"European"	"mixed_or_not_explicitly_cis_only"	"not_reported"	"not_reported"	"study-reported MR"	"0.16736865056673958"	"not_reported"	"1.18219"	"1.1"	"1.26"	"1.21e-06"	"study Bonferroni threshold"	"TRUE"	"not_reported"	"not_reported"	"not_reported"	"not_reported"	"not_reported"	"not_reported"	"higher_protein_higher_risk"	"published AD GWAS"	"partially_overlapping_or_related"	"false"	"Tier2"	"TRUE"	"platform_mapping_required"	"literature_source_universe_tier2"	"published_cross_platform_beta_not_same_assay_primary_analysis_beta;highest_tier_requires_colocalization_or_replication_review"	"false"	"false"	"not_reported"	"false"	"full_text_and_source_table_verified"	"Study-Bonferroni-significant protein-outcome association; same dataset reports GRN/CR1 colocalization support."	"PMID40452368_supp5.xlsx"	"Supplemental Table 3"	"22"	"published_beta"	"moderate"	"partially_overlapping"	"AD_UKB-PPP_2025"	"not_applicable_to_published_beta"	"not_reported"
"PMID42384774_SeqId_19556_12"	"CR1"	"CR1"	"mapping_unresolved"	"CR1"	"SeqId_19556_12"	"SomaScan cis-PWAS"	"aptamer_specific_target"	"AD"	"AD"	"AD dementia GWAS"	"Walker KA"	"2026"	"Science Translational Medicine"	"42384774"	"10.1126/scitranslmed.adx4852"	"peer_reviewed"	"published plasma cis-pQTL prediction models"	"not_reported"	"European American"	"cis_prediction_model"	"not_reported"	"not_reported"	"proteome-wide association study"	"not_reported"	"not_reported"	"not_reported"	"not_reported"	"not_reported"	"6.41e-28"	"study Bonferroni threshold"	"TRUE"	"not_reported"	"not_reported"	"not_reported"	"not_reported"	"not_reported"	"not_reported"	"positive_PWAS_Z"	"published AD GWAS"	"likely_overlap"	"false"	"Tier2"	"FALSE"	"SomaScan_cross_platform_review_required"	"literature_source_universe_tier2"	"PWAS_Z_not_standardized_beta;same_assay_alpha_beta_not_available"	"false"	"false"	"not_available_for_same_SomaScan_assay"	"false"	"full_text_and_source_table_verified"	"Bonferroni-significant PWAS candidate; retained as external evidence and not interpreted as a de novo discovery in the present analysis."	"adx4852_tables_s1_to_s30.xlsx"	"ST 1. AD PWAS Results"	"8"	"published_PWAS_Z_not_beta"	"moderate"	"partially_overlapping"	"AD_plasma_cis_PWAS_2026"	"not_applicable_to_PWAS_Z"	"PWAS.Z=10.95329; no beta/SE conversion performed."
"EVID_41630303_CSF3_5189d9e2c265"	"CSF3"	"CSF3"	"not_reported"	"CSF3"	"4840_73_CSF3_G_CSF"	"deCODE SomaScan"	"assay_specific_target"	"AD"	"AD"	"FinnGen AD"	"Zhao YH"	"2026"	"Medicine"	"41630303"	"10.1097/md.0000000000045715"	"peer_reviewed"	"deCODE"	"35559"	"European"	"mixed_or_not_explicitly_cis_only"	"P<5e-8; LD clumped instruments"	"8 SNPs; IDs in Table S2"	"IVW"	"0.381650349"	"0.060522431"	"1.464699861"	"1.300861041"	"1.649173597"	"2.86e-10"	"study-reported FDR<0.05"	"true"	"not_reported"	"not_reported"	"not_reported"	"not_reported"	"not_reported"	"not_reported"	"higher_protein_higher_risk"	"FinnGen AD"	"different_outcome_GWAS_from_primary_analysis"	"false"	"Tier2"	"false"	"SomaScan assay review required"	"literature_source_universe_tier2"	"not_cis_only;mapping_not_high_confidence;no_strong_colocalization_or_independent_replication"	"not_assessed"	"not_assessed"	"not_assessed"	"false_pending_alpha_and_reestimated_beta"	"full_text_and_source_table_verified"	"Paper states these 39 rows passed FDR; row-level adjusted P is absent, so retained in Tier2 only."	"data_raw\literature_fulltext\PMID41630303_PMC12863894\supplements\medi-105-e45715-s001.xlsx"	"Table S3"	"5"	"published_beta"	"moderate"	"partially_overlapping"	"AD_deCODE_FinnGen_2026"	"not_applicable_to_published_beta"	"none"
"EVID_40037332_CTF1_519600d65306"	"CTF1"	"CTF1"	"Q16619"	"CTF1"	"OID20061"	"Olink"	"assay_specific_target"	"AD"	"AD"	"clinically diagnosed Alzheimer disease GWAS"	"Belbasis L"	"2025"	"Brain : a journal of neurology"	"40037332"	"10.1093/brain/awaf018"	"peer_reviewed"	"Olink"	"UKB-PPP 54219 or deCODE 35559 according to platform"	"European"	"cis_lead_pQTL"	"lead cis-pQTL per assay"	"rs11150601"	"Wald ratio using lead cis-pQTL"	"0.598522153710184"	"0.15848717465846"	"1.819427977682662"	"1.3336069866488882"	"2.4822291717986933"	"0.00015906633293165"	"Benjamini-Hochberg FDR"	"true"	"coloc.abf single-causal-variant"	"1.26349050415729e-05"	"not_reported"	"not_reported"	"cross-platform comparison reported"	"partially_overlapping_cross_platform"	"higher_protein_higher_risk"	"AD GWAS reported in Table S1"	"likely_overlap_with_Wightman_2021_components"	"possible"	"Tier2"	"false"	"assay_specific_review_required"	"literature_source_universe_tier2"	"no_strong_colocalization_or_independent_replication"	"not_assessed"	"not_assessed"	"not_assessed"	"false_pending_alpha_and_reestimated_beta"	"full_text_and_source_table_verified"	"FDR-significant AD row; colocalization joined by assay ID."	"data_processed\literature_supplements_extracted\PMID40037332\awaf018_supplementary_data\brain-2024-00441-File011.xlsx"	"Table S2"	"38"	"published_beta"	"high"	"partially_overlapping"	"AD_UKB_deCODE_cross_platform"	"not_applicable_to_published_beta"	"OR and CI derived from reported beta and SE"
"EVID_40050982_CTF1_ae07c0e88a70"	"CTF1"	"CTF1"	"Q16619"	"CTF1"	"Q16619"	"UKB-PPP Olink"	"UniProt-mapped protein"	"AD"	"AD"	"Bellenguez et al. 2022 AD discovery; FinnGen R11 replication"	"Zhan H"	"2025"	"Journal of translational medicine"	"40050982"	"10.1186/s12967-025-06317-5"	"peer_reviewed"	"UKB-PPP cis-pQTL"	"34557 European participants"	"European"	"cis_pQTL"	"cis-pQTL; discovery MR with Bellenguez AD; FinnGen R11 outcome replication"	"rs11150601"	"Wald ratio"	"0.598836501088704"	"not_reported_directly"	"1.82"	"1.33"	"2.48"	"0.0001590663329316"	"Benjamini-Hochberg FDR in discovery; P<0.00208 replication threshold"	"true"	"coloc.abf in discovery and replication"	"NA"	"not_reported"	"not_reported"	"FinnGen R11 AD"	"replication_not_corrected_or_direction_inconsistent"	"higher_protein_higher_risk"	"Bellenguez 2022 discovery; FinnGen R11 replication"	"Bellenguez_partially_overlaps_Wightman_components; FinnGen_independent_of_primary_AD_outcome_GWAS"	"partially_overlapping_discovery_with_independent_outcome_replication"	"Tier2"	"false"	"Olink assay review required"	"literature_source_universe_tier2"	"no_strong_colocalization_or_independent_replication"	"not_assessed"	"not_assessed"	"not_assessed"	"false_pending_alpha_and_reestimated_beta"	"full_text_and_source_table_verified"	"Replication P=0.0145040950173927; replication PP.H4=NA."	"data_raw\literature_fulltext\PMID40050982_PMC11884171\supplements\12967_2025_6317_MOESM1_ESM.xlsx"	"Table S2"	"48"	"published_beta"	"high"	"partially_overlapping"	"AD_UKB_PPP_Bellenguez_FinnGen"	"not_applicable_to_published_beta"	"logOR derived from rounded reported OR; not eligible for mediation beta"
"EVID_40037332_CTSH_ccd7ba55458a"	"CTSH"	"CTSH"	"P09668"	"CTSH"	"8465_52"	"SomaScan"	"assay_specific_target"	"AD"	"AD"	"clinically diagnosed Alzheimer disease GWAS"	"Belbasis L"	"2025"	"Brain : a journal of neurology"	"40037332"	"10.1093/brain/awaf018"	"peer_reviewed"	"SomaScan"	"UKB-PPP 54219 or deCODE 35559 according to platform"	"European"	"cis_lead_pQTL"	"lead cis-pQTL per assay"	"rs2289702"	"Wald ratio using lead cis-pQTL"	"0.0438271604938271"	"0.00939643347050754"	"1.0448017562620038"	"1.0257357406882872"	"1.0642221642346956"	"3.09769372453199e-06"	"Benjamini-Hochberg FDR"	"true"	"coloc.abf single-causal-variant"	"0.989698492537516"	"not_reported"	"not_reported"	"cross-platform comparison reported"	"partially_overlapping_cross_platform"	"higher_protein_higher_risk"	"AD GWAS reported in Table S1"	"likely_overlap_with_Wightman_2021_components"	"possible"	"Tier1"	"false"	"assay_specific_review_required"	"primary_high_confidence_panel"	"NA"	"true"	"true"	"<external_resource_root>\UKB-PPP\syn51365303_European_discovery\CTSH_P09668_OID20113_v1_Cardiometabolic.tar"	"true"	"full_text_and_source_table_verified"	"FDR-significant AD row; colocalization joined by assay ID."	"data_processed\literature_supplements_extracted\PMID40037332\awaf018_supplementary_data\brain-2024-00441-File011.xlsx"	"Table S2"	"1907"	"published_beta"	"high"	"partially_overlapping"	"AD_UKB_deCODE_cross_platform"	"not_applicable_to_published_beta"	"OR and CI derived from reported beta and SE"
"PMID42384774_SeqId_8465_52"	"CTSH"	"CTSH"	"mapping_unresolved"	"CTSH"	"SeqId_8465_52"	"SomaScan cis-PWAS"	"aptamer_specific_target"	"AD"	"AD"	"AD dementia GWAS"	"Walker KA"	"2026"	"Science Translational Medicine"	"42384774"	"10.1126/scitranslmed.adx4852"	"peer_reviewed"	"published plasma cis-pQTL prediction models"	"not_reported"	"European American"	"cis_prediction_model"	"not_reported"	"not_reported"	"proteome-wide association study"	"not_reported"	"not_reported"	"not_reported"	"not_reported"	"not_reported"	"1.69e-06"	"study Bonferroni threshold"	"TRUE"	"not_reported"	"not_reported"	"not_reported"	"not_reported"	"not_reported"	"not_reported"	"positive_PWAS_Z"	"published AD GWAS"	"likely_overlap"	"false"	"Tier2"	"FALSE"	"SomaScan_cross_platform_review_required"	"literature_source_universe_tier2"	"PWAS_Z_not_standardized_beta;same_assay_alpha_beta_not_available"	"false"	"false"	"not_available_for_same_SomaScan_assay"	"false"	"full_text_and_source_table_verified"	"Bonferroni-significant PWAS candidate; retained as external evidence and not interpreted as a de novo discovery in the present analysis."	"adx4852_tables_s1_to_s30.xlsx"	"ST 1. AD PWAS Results"	"20"	"published_PWAS_Z_not_beta"	"moderate"	"partially_overlapping"	"AD_plasma_cis_PWAS_2026"	"not_applicable_to_PWAS_Z"	"PWAS.Z=4.7871; no beta/SE conversion performed."
"EVID_40037332_DHRS4L2_cc819a45bd9d"	"DHRS4L2"	"DHRS4L2"	"Q6PKH6"	"DHRS4L2"	"OID31072"	"Olink"	"assay_specific_target"	"AD"	"AD"	"clinically diagnosed Alzheimer disease GWAS"	"Belbasis L"	"2025"	"Brain : a journal of neurology"	"40037332"	"10.1093/brain/awaf018"	"peer_reviewed"	"Olink"	"UKB-PPP 54219 or deCODE 35559 according to platform"	"European"	"cis_lead_pQTL"	"lead cis-pQTL per assay"	"rs146691898"	"Wald ratio using lead cis-pQTL"	"-0.105145853415935"	"0.0287040504945692"	"0.9001932167551311"	"0.8509466933476094"	"0.952289766006442"	"0.000249179641752732"	"Benjamini-Hochberg FDR"	"true"	"coloc.abf single-causal-variant"	"0.791484651979612"	"not_reported"	"not_reported"	"cross-platform comparison reported"	"partially_overlapping_cross_platform"	"higher_protein_lower_risk"	"AD GWAS reported in Table S1"	"likely_overlap_with_Wightman_2021_components"	"possible"	"Tier2"	"false"	"assay_specific_review_required"	"literature_source_universe_tier2"	"no_strong_colocalization_or_independent_replication"	"not_assessed"	"not_assessed"	"not_assessed"	"false_pending_alpha_and_reestimated_beta"	"full_text_and_source_table_verified"	"FDR-significant AD row; colocalization joined by assay ID."	"data_processed\literature_supplements_extracted\PMID40037332\awaf018_supplementary_data\brain-2024-00441-File011.xlsx"	"Table S2"	"42"	"published_beta"	"high"	"partially_overlapping"	"AD_UKB_deCODE_cross_platform"	"not_applicable_to_published_beta"	"OR and CI derived from reported beta and SE"
"EVID_40050982_DHRS4L2_a8fb97506c40"	"DHRS4L2"	"DHRS4L2"	"Q6PKH6"	"DHRS4L2"	"Q6PKH6"	"UKB-PPP Olink"	"UniProt-mapped protein"	"AD"	"AD"	"Bellenguez et al. 2022 AD discovery; FinnGen R11 replication"	"Zhan H"	"2025"	"Journal of translational medicine"	"40050982"	"10.1186/s12967-025-06317-5"	"peer_reviewed"	"UKB-PPP cis-pQTL"	"34557 European participants"	"European"	"cis_pQTL"	"cis-pQTL; discovery MR with Bellenguez AD; FinnGen R11 outcome replication"	"rs146691898"	"Wald ratio"	"-0.10536051565782628"	"not_reported_directly"	"0.9"	"0.85"	"0.95"	"0.0002491796417527"	"Benjamini-Hochberg FDR in discovery; P<0.00208 replication threshold"	"true"	"coloc.abf in discovery and replication"	"NA"	"not_reported"	"not_reported"	"FinnGen R11 AD"	"replication_not_corrected_or_direction_inconsistent"	"higher_protein_lower_risk"	"Bellenguez 2022 discovery; FinnGen R11 replication"	"Bellenguez_partially_overlaps_Wightman_components; FinnGen_independent_of_primary_AD_outcome_GWAS"	"partially_overlapping_discovery_with_independent_outcome_replication"	"Tier2"	"false"	"Olink assay review required"	"literature_source_universe_tier2"	"no_strong_colocalization_or_independent_replication"	"not_assessed"	"not_assessed"	"not_assessed"	"false_pending_alpha_and_reestimated_beta"	"full_text_and_source_table_verified"	"Replication P=0.824422132189859; replication PP.H4=NA."	"data_raw\literature_fulltext\PMID40050982_PMC11884171\supplements\12967_2025_6317_MOESM1_ESM.xlsx"	"Table S2"	"55"	"published_beta"	"high"	"partially_overlapping"	"AD_UKB_PPP_Bellenguez_FinnGen"	"not_applicable_to_published_beta"	"logOR derived from rounded reported OR; not eligible for mediation beta"
"PMID40397384_SuppTable6_DHRS9"	"DHRS9"	"DHRS9"	"not_reported"	"DHRS9"	"not_reported"	"deCODE SomaScan"	"assay_specific_target"	"AD"	"AD"	"AD-EADB"	"Li Y"	"2025"	"Journal of Alzheimer's Disease"	"40397384"	"10.1177/13872877251345151"	"peer_reviewed"	"deCODE SomaScan"	"not_reported"	"European"	"mixed_or_not_explicitly_cis_only"	"study-selected genome-wide instruments"	"not_reported"	"IVW"	"-0.24110797516765642"	"0.0607002642615757"	"0.785756779587741"	"0.697620170186666"	"0.885028476890071"	"7.12395546569418e-05"	"Benjamini-Hochberg FDR"	"TRUE"	"not_reported"	"not_reported"	"not_reported"	"not_reported"	"not_reported"	"not_reported"	"higher_protein_lower_risk"	"AD-EADB"	"partially_overlapping_or_related"	"false"	"Tier2"	"FALSE"	"platform_mapping_required"	"literature_source_universe_tier2"	"no_colocalization_or_independent_replication;published_beta_not_same_assay_primary_analysis_beta"	"false"	"false"	"not_reported"	"false"	"full_text_and_source_table_verified"	"Failed to pass the leave-one-out test"	"PMID40397384_supp2.xlsx"	"SuppTable6"	"9"	"published_beta"	"moderate"	"partially_overlapping"	"AD_deCODE SomaScan_2025"	"not_applicable_to_published_beta"	"not_reported"
"EVID_41630303_DHRS9_34523a5d606c"	"DHRS9"	"DHRS9"	"not_reported"	"DHRS9"	"17467_1_DHRS9_DHRS9"	"deCODE SomaScan"	"assay_specific_target"	"AD"	"AD"	"FinnGen AD"	"Zhao YH"	"2026"	"Medicine"	"41630303"	"10.1097/md.0000000000045715"	"peer_reviewed"	"deCODE"	"35559"	"European"	"mixed_or_not_explicitly_cis_only"	"P<5e-8; LD clumped instruments"	"4 SNPs; IDs in Table S2"	"IVW"	"-0.734313828"	"0.218486575"	"0.479834595"	"0.312688586"	"0.736327607"	"0.00077686"	"study-reported FDR<0.05"	"true"	"not_reported"	"not_reported"	"not_reported"	"not_reported"	"not_reported"	"not_reported"	"higher_protein_lower_risk"	"FinnGen AD"	"different_outcome_GWAS_from_primary_analysis"	"false"	"Tier2"	"false"	"SomaScan assay review required"	"literature_source_universe_tier2"	"not_cis_only;mapping_not_high_confidence;no_strong_colocalization_or_independent_replication"	"not_assessed"	"not_assessed"	"not_assessed"	"false_pending_alpha_and_reestimated_beta"	"full_text_and_source_table_verified"	"Paper states these 39 rows passed FDR; row-level adjusted P is absent, so retained in Tier2 only."	"data_raw\literature_fulltext\PMID41630303_PMC12863894\supplements\medi-105-e45715-s001.xlsx"	"Table S3"	"14"	"published_beta"	"moderate"	"partially_overlapping"	"AD_deCODE_FinnGen_2026"	"not_applicable_to_published_beta"	"none"
"EVID_40050982_DMP1_04c966df50ff"	"DMP1"	"DMP1"	"Q13316"	"DMP1"	"Q13316"	"UKB-PPP Olink"	"UniProt-mapped protein"	"AD"	"AD"	"Bellenguez et al. 2022 AD discovery; FinnGen R11 replication"	"Zhan H"	"2025"	"Journal of translational medicine"	"40050982"	"10.1186/s12967-025-06317-5"	"peer_reviewed"	"UKB-PPP cis-pQTL"	"34557 European participants"	"European"	"cis_pQTL"	"cis-pQTL; discovery MR with Bellenguez AD; FinnGen R11 outcome replication"	"rs10021236"	"Wald ratio"	"0.5538851132264376"	"not_reported_directly"	"1.74"	"1.27"	"2.37"	"0.0005284419251777"	"Benjamini-Hochberg FDR in discovery; P<0.00208 replication threshold"	"true"	"coloc.abf in discovery and replication"	"NA"	"not_reported"	"not_reported"	"FinnGen R11 AD"	"replication_not_corrected_or_direction_inconsistent"	"higher_protein_higher_risk"	"Bellenguez 2022 discovery; FinnGen R11 replication"	"Bellenguez_partially_overlaps_Wightman_components; FinnGen_independent_of_primary_AD_outcome_GWAS"	"partially_overlapping_discovery_with_independent_outcome_replication"	"Tier2"	"false"	"Olink assay review required"	"literature_source_universe_tier2"	"no_strong_colocalization_or_independent_replication"	"not_assessed"	"not_assessed"	"not_assessed"	"false_pending_alpha_and_reestimated_beta"	"full_text_and_source_table_verified"	"Replication P=0.413188899133149; replication PP.H4=NA."	"data_raw\literature_fulltext\PMID40050982_PMC11884171\supplements\12967_2025_6317_MOESM1_ESM.xlsx"	"Table S2"	"58"	"published_beta"	"high"	"partially_overlapping"	"AD_UKB_PPP_Bellenguez_FinnGen"	"not_applicable_to_published_beta"	"logOR derived from rounded reported OR; not eligible for mediation beta"
"EVID_41630303_DNAJB4_0f0700b66ccd"	"DNAJB4"	"DNAJB4"	"not_reported"	"DNAJB4"	"18884_22_DNAJB4_DNJB4"	"deCODE SomaScan"	"assay_specific_target"	"AD"	"AD"	"FinnGen AD"	"Zhao YH"	"2026"	"Medicine"	"41630303"	"10.1097/md.0000000000045715"	"peer_reviewed"	"deCODE"	"35559"	"European"	"mixed_or_not_explicitly_cis_only"	"P<5e-8; LD clumped instruments"	"11 SNPs; IDs in Table S2"	"IVW"	"-0.187392622"	"0.063505479"	"0.829118143"	"0.732081553"	"0.939016824"	"0.003169415"	"study-reported FDR<0.05"	"true"	"not_reported"	"not_reported"	"not_reported"	"not_reported"	"not_reported"	"not_reported"	"higher_protein_lower_risk"	"FinnGen AD"	"different_outcome_GWAS_from_primary_analysis"	"false"	"Tier2"	"false"	"SomaScan assay review required"	"literature_source_universe_tier2"	"not_cis_only;mapping_not_high_confidence;no_strong_colocalization_or_independent_replication"	"not_assessed"	"not_assessed"	"not_assessed"	"false_pending_alpha_and_reestimated_beta"	"full_text_and_source_table_verified"	"Paper states these 39 rows passed FDR; row-level adjusted P is absent, so retained in Tier2 only."	"data_raw\literature_fulltext\PMID41630303_PMC12863894\supplements\medi-105-e45715-s001.xlsx"	"Table S3"	"28"	"published_beta"	"moderate"	"partially_overlapping"	"AD_deCODE_FinnGen_2026"	"not_applicable_to_published_beta"	"none"
"EVID_41630303_DNASE1L2_4df489b0fb61"	"DNASE1L2"	"DNASE1L2"	"not_reported"	"DNASE1L2"	"6324_11_DNASE1L2_DNSL2"	"deCODE SomaScan"	"assay_specific_target"	"AD"	"AD"	"FinnGen AD"	"Zhao YH"	"2026"	"Medicine"	"41630303"	"10.1097/md.0000000000045715"	"peer_reviewed"	"deCODE"	"35559"	"European"	"mixed_or_not_explicitly_cis_only"	"P<5e-8; LD clumped instruments"	"3 SNPs; IDs in Table S2"	"IVW"	"0.535719943"	"0.205420866"	"1.70867795"	"1.14235857"	"2.555747742"	"0.009109585"	"study-reported FDR<0.05"	"true"	"not_reported"	"not_reported"	"not_reported"	"not_reported"	"not_reported"	"not_reported"	"higher_protein_higher_risk"	"FinnGen AD"	"different_outcome_GWAS_from_primary_analysis"	"false"	"Tier2"	"false"	"SomaScan assay review required"	"literature_source_universe_tier2"	"not_cis_only;mapping_not_high_confidence;no_strong_colocalization_or_independent_replication"	"not_assessed"	"not_assessed"	"not_assessed"	"false_pending_alpha_and_reestimated_beta"	"full_text_and_source_table_verified"	"Paper states these 39 rows passed FDR; row-level adjusted P is absent, so retained in Tier2 only."	"data_raw\literature_fulltext\PMID41630303_PMC12863894\supplements\medi-105-e45715-s001.xlsx"	"Table S3"	"37"	"published_beta"	"moderate"	"partially_overlapping"	"AD_deCODE_FinnGen_2026"	"not_applicable_to_published_beta"	"none"
"EVID_40037332_EIF4G3_194ecd0e09cb"	"EIF4G3"	"EIF4G3"	"O43432"	"EIF4G3"	"OID31022"	"Olink"	"assay_specific_target"	"AD"	"AD"	"clinically diagnosed Alzheimer disease GWAS"	"Belbasis L"	"2025"	"Brain : a journal of neurology"	"40037332"	"10.1093/brain/awaf018"	"peer_reviewed"	"Olink"	"UKB-PPP 54219 or deCODE 35559 according to platform"	"European"	"cis_lead_pQTL"	"lead cis-pQTL per assay"	"rs146656065"	"Wald ratio using lead cis-pQTL"	"0.470362947123946"	"0.115846067095808"	"1.6005750119049789"	"1.2754571401145747"	"2.008566409769357"	"4.90220971988332e-05"	"Benjamini-Hochberg FDR"	"true"	"coloc.abf single-causal-variant"	"0.713305845841298"	"not_reported"	"not_reported"	"cross-platform comparison reported"	"partially_overlapping_cross_platform"	"higher_protein_higher_risk"	"AD GWAS reported in Table S1"	"likely_overlap_with_Wightman_2021_components"	"possible"	"Tier2"	"false"	"assay_specific_review_required"	"literature_source_universe_tier2"	"no_strong_colocalization_or_independent_replication"	"not_assessed"	"not_assessed"	"not_assessed"	"false_pending_alpha_and_reestimated_beta"	"full_text_and_source_table_verified"	"FDR-significant AD row; colocalization joined by assay ID."	"data_processed\literature_supplements_extracted\PMID40037332\awaf018_supplementary_data\brain-2024-00441-File011.xlsx"	"Table S2"	"34"	"published_beta"	"high"	"partially_overlapping"	"AD_UKB_deCODE_cross_platform"	"not_applicable_to_published_beta"	"OR and CI derived from reported beta and SE"
"EVID_40037332_EPHA1_23732d57d5f3"	"EPHA1"	"EPHA1"	"P21709"	"EPHA1"	"OID20677"	"Olink"	"assay_specific_target"	"AD"	"AD"	"clinically diagnosed Alzheimer disease GWAS"	"Belbasis L"	"2025"	"Brain : a journal of neurology"	"40037332"	"10.1093/brain/awaf018"	"peer_reviewed"	"Olink"	"UKB-PPP 54219 or deCODE 35559 according to platform"	"European"	"cis_lead_pQTL"	"lead cis-pQTL per assay"	"rs75045569"	"Wald ratio using lead cis-pQTL"	"-0.285434580045528"	"0.0428545030646867"	"0.7516875149328539"	"0.6911285719310271"	"0.817552830332586"	"2.72803884775319e-11"	"Benjamini-Hochberg FDR"	"true"	"coloc.abf single-causal-variant"	"0.0163689536092392"	"not_reported"	"not_reported"	"cross-platform comparison reported"	"partially_overlapping_cross_platform"	"higher_protein_lower_risk"	"AD GWAS reported in Table S1"	"likely_overlap_with_Wightman_2021_components"	"possible"	"Tier2"	"false"	"assay_specific_review_required"	"literature_source_universe_tier2"	"no_strong_colocalization_or_independent_replication"	"not_assessed"	"not_assessed"	"not_assessed"	"false_pending_alpha_and_reestimated_beta"	"full_text_and_source_table_verified"	"FDR-significant AD row; colocalization joined by assay ID."	"data_processed\literature_supplements_extracted\PMID40037332\awaf018_supplementary_data\brain-2024-00441-File011.xlsx"	"Table S2"	"14"	"published_beta"	"high"	"partially_overlapping"	"AD_UKB_deCODE_cross_platform"	"not_applicable_to_published_beta"	"OR and CI derived from reported beta and SE"
"PMID40452368_UKB-PPP_EPHA1"	"EPHA1"	"EPHA1"	"not_reported"	"EPHA1"	"not_reported"	"UKB-PPP Olink"	"assay_specific_target"	"AD"	"AD"	"AD GWAS"	"Yu K"	"2025"	"Journal of Alzheimer's Disease"	"40452368"	"10.1177/13872877251344572"	"peer_reviewed"	"UKB-PPP"	"not_reported"	"European"	"mixed_or_not_explicitly_cis_only"	"not_reported"	"not_reported"	"study-reported MR"	"-0.28543393474148876"	"not_reported"	"0.751688"	"0.69"	"0.82"	"2.73e-11"	"study Bonferroni threshold"	"TRUE"	"not_reported"	"not_reported"	"not_reported"	"not_reported"	"not_reported"	"not_reported"	"higher_protein_lower_risk"	"published AD GWAS"	"partially_overlapping_or_related"	"false"	"Tier2"	"FALSE"	"platform_mapping_required"	"literature_source_universe_tier2"	"published_cross_platform_beta_not_same_assay_primary_analysis_beta;highest_tier_requires_colocalization_or_replication_review"	"false"	"false"	"not_reported"	"false"	"full_text_and_source_table_verified"	"Study-Bonferroni-significant protein-outcome association; same dataset reports GRN/CR1 colocalization support."	"PMID40452368_supp5.xlsx"	"Supplemental Table 3"	"23"	"published_beta"	"moderate"	"partially_overlapping"	"AD_UKB-PPP_2025"	"not_applicable_to_published_beta"	"not_reported"
"EVID_40037332_EPHX2_208c03066b8f"	"EPHX2"	"EPHX2"	"P34913"	"EPHX2"	"OID20119"	"Olink"	"assay_specific_target"	"AD"	"AD"	"clinically diagnosed Alzheimer disease GWAS"	"Belbasis L"	"2025"	"Brain : a journal of neurology"	"40037332"	"10.1093/brain/awaf018"	"peer_reviewed"	"Olink"	"UKB-PPP 54219 or deCODE 35559 according to platform"	"European"	"cis_lead_pQTL"	"lead cis-pQTL per assay"	"rs4149252"	"Wald ratio using lead cis-pQTL"	"0.451841771280906"	"0.0833346075628067"	"1.571203319419363"	"1.3344322766379868"	"1.8499851316352298"	"5.89298315639582e-08"	"Benjamini-Hochberg FDR"	"true"	"coloc.abf single-causal-variant"	"9.14206890804788e-24"	"not_reported"	"not_reported"	"cross-platform comparison reported"	"partially_overlapping_cross_platform"	"higher_protein_higher_risk"	"AD GWAS reported in Table S1"	"likely_overlap_with_Wightman_2021_components"	"possible"	"Tier2"	"false"	"assay_specific_review_required"	"literature_source_universe_tier2"	"no_strong_colocalization_or_independent_replication"	"not_assessed"	"not_assessed"	"not_assessed"	"false_pending_alpha_and_reestimated_beta"	"full_text_and_source_table_verified"	"FDR-significant AD row; colocalization joined by assay ID."	"data_processed\literature_supplements_extracted\PMID40037332\awaf018_supplementary_data\brain-2024-00441-File011.xlsx"	"Table S2"	"19"	"published_beta"	"high"	"partially_overlapping"	"AD_UKB_deCODE_cross_platform"	"not_applicable_to_published_beta"	"OR and CI derived from reported beta and SE"
"EVID_40050982_EPHX2_b9f4b828f780"	"EPHX2"	"EPHX2"	"P34913"	"EPHX2"	"P34913"	"UKB-PPP Olink"	"UniProt-mapped protein"	"AD"	"AD"	"Bellenguez et al. 2022 AD discovery; FinnGen R11 replication"	"Zhan H"	"2025"	"Journal of translational medicine"	"40050982"	"10.1186/s12967-025-06317-5"	"peer_reviewed"	"UKB-PPP cis-pQTL"	"34557 European participants"	"European"	"cis_pQTL"	"cis-pQTL; discovery MR with Bellenguez AD; FinnGen R11 outcome replication"	"rs4149252"	"Wald ratio"	"0.45107561936021673"	"not_reported_directly"	"1.57"	"1.33"	"1.85"	"5.89298315639583e-08"	"Benjamini-Hochberg FDR in discovery; P<0.00208 replication threshold"	"true"	"coloc.abf in discovery and replication"	"NA"	"not_reported"	"not_reported"	"FinnGen R11 AD"	"replication_not_corrected_or_direction_inconsistent"	"higher_protein_higher_risk"	"Bellenguez 2022 discovery; FinnGen R11 replication"	"Bellenguez_partially_overlaps_Wightman_components; FinnGen_independent_of_primary_AD_outcome_GWAS"	"partially_overlapping_discovery_with_independent_outcome_replication"	"Tier2"	"false"	"Olink assay review required"	"literature_source_universe_tier2"	"no_strong_colocalization_or_independent_replication"	"not_assessed"	"not_assessed"	"not_assessed"	"false_pending_alpha_and_reestimated_beta"	"full_text_and_source_table_verified"	"Replication P=0.0237485637349583; replication PP.H4=NA."	"data_raw\literature_fulltext\PMID40050982_PMC11884171\supplements\12967_2025_6317_MOESM1_ESM.xlsx"	"Table S2"	"20"	"published_beta"	"high"	"partially_overlapping"	"AD_UKB_PPP_Bellenguez_FinnGen"	"not_applicable_to_published_beta"	"logOR derived from rounded reported OR; not eligible for mediation beta"
"PMID40452368_UKB-PPP_EPHX2"	"EPHX2"	"EPHX2"	"not_reported"	"EPHX2"	"not_reported"	"UKB-PPP Olink"	"assay_specific_target"	"AD"	"AD"	"AD GWAS"	"Yu K"	"2025"	"Journal of Alzheimer's Disease"	"40452368"	"10.1177/13872877251344572"	"peer_reviewed"	"UKB-PPP"	"not_reported"	"European"	"mixed_or_not_explicitly_cis_only"	"not_reported"	"not_reported"	"study-reported MR"	"0.4518415679848769"	"not_reported"	"1.571203"	"1.33"	"1.85"	"5.89e-08"	"study Bonferroni threshold"	"TRUE"	"not_reported"	"not_reported"	"not_reported"	"not_reported"	"not_reported"	"not_reported"	"higher_protein_higher_risk"	"published AD GWAS"	"partially_overlapping_or_related"	"false"	"Tier2"	"FALSE"	"platform_mapping_required"	"literature_source_universe_tier2"	"published_cross_platform_beta_not_same_assay_primary_analysis_beta;highest_tier_requires_colocalization_or_replication_review"	"false"	"false"	"not_reported"	"false"	"full_text_and_source_table_verified"	"Study-Bonferroni-significant protein-outcome association; same dataset reports GRN/CR1 colocalization support."	"PMID40452368_supp5.xlsx"	"Supplemental Table 3"	"24"	"published_beta"	"moderate"	"partially_overlapping"	"AD_UKB-PPP_2025"	"not_applicable_to_published_beta"	"not_reported"
"EVID_41630303_ERP44_50c4d4b6055d"	"ERP44"	"ERP44"	"not_reported"	"ERP44"	"6064_4_ERP44_TXNDC4"	"deCODE SomaScan"	"assay_specific_target"	"AD"	"AD"	"FinnGen AD"	"Zhao YH"	"2026"	"Medicine"	"41630303"	"10.1097/md.0000000000045715"	"peer_reviewed"	"deCODE"	"35559"	"European"	"mixed_or_not_explicitly_cis_only"	"P<5e-8; LD clumped instruments"	"6 SNPs; IDs in Table S2"	"IVW"	"-0.318451202"	"0.101005408"	"0.727274567"	"0.596651671"	"0.886494283"	"0.001617052"	"study-reported FDR<0.05"	"true"	"not_reported"	"not_reported"	"not_reported"	"not_reported"	"not_reported"	"not_reported"	"higher_protein_lower_risk"	"FinnGen AD"	"different_outcome_GWAS_from_primary_analysis"	"false"	"Tier2"	"false"	"SomaScan assay review required"	"literature_source_universe_tier2"	"not_cis_only;mapping_not_high_confidence;no_strong_colocalization_or_independent_replication"	"not_assessed"	"not_assessed"	"not_assessed"	"false_pending_alpha_and_reestimated_beta"	"full_text_and_source_table_verified"	"Paper states these 39 rows passed FDR; row-level adjusted P is absent, so retained in Tier2 only."	"data_raw\literature_fulltext\PMID41630303_PMC12863894\supplements\medi-105-e45715-s001.xlsx"	"Table S3"	"17"	"published_beta"	"moderate"	"partially_overlapping"	"AD_deCODE_FinnGen_2026"	"not_applicable_to_published_beta"	"none"
"PMID40397384_SuppTable6_FAIM3"	"FAIM3"	"FAIM3"	"not_reported"	"FAIM3"	"not_reported"	"deCODE SomaScan"	"assay_specific_target"	"AD"	"AD"	"AD-EADB"	"Li Y"	"2025"	"Journal of Alzheimer's Disease"	"40397384"	"10.1177/13872877251345151"	"peer_reviewed"	"deCODE SomaScan"	"not_reported"	"European"	"mixed_or_not_explicitly_cis_only"	"study-selected genome-wide instruments"	"not_reported"	"IVW"	"-0.20635903088486726"	"0.053291210519726"	"0.813540937519966"	"0.732853248735132"	"0.903112400965926"	"0.00010781748259181"	"Benjamini-Hochberg FDR"	"TRUE"	"not_reported"	"not_reported"	"not_reported"	"not_reported"	"not_reported"	"not_reported"	"higher_protein_lower_risk"	"AD-EADB"	"partially_overlapping_or_related"	"false"	"Tier2"	"FALSE"	"platform_mapping_required"	"literature_source_universe_tier2"	"no_colocalization_or_independent_replication;published_beta_not_same_assay_primary_analysis_beta"	"false"	"false"	"not_reported"	"false"	"full_text_and_source_table_verified"	"P adjusted significance"	"PMID40397384_supp2.xlsx"	"SuppTable6"	"12"	"published_beta"	"moderate"	"partially_overlapping"	"AD_deCODE SomaScan_2025"	"not_applicable_to_published_beta"	"not_reported"
"EVID_41630303_FTMT_a9178c0a0ab0"	"FTMT"	"FTMT"	"not_reported"	"FTMT"	"8048_9_FTMT_FTMT"	"deCODE SomaScan"	"assay_specific_target"	"AD"	"AD"	"FinnGen AD"	"Zhao YH"	"2026"	"Medicine"	"41630303"	"10.1097/md.0000000000045715"	"peer_reviewed"	"deCODE"	"35559"	"European"	"mixed_or_not_explicitly_cis_only"	"P<5e-8; LD clumped instruments"	"11 SNPs; IDs in Table S2"	"IVW"	"0.107322455"	"0.033595203"	"1.113293183"	"1.042347996"	"1.189067103"	"0.00140036"	"study-reported FDR<0.05"	"true"	"not_reported"	"not_reported"	"not_reported"	"not_reported"	"not_reported"	"not_reported"	"higher_protein_higher_risk"	"FinnGen AD"	"different_outcome_GWAS_from_primary_analysis"	"false"	"Tier2"	"false"	"SomaScan assay review required"	"literature_source_universe_tier2"	"not_cis_only;mapping_not_high_confidence;no_strong_colocalization_or_independent_replication"	"not_assessed"	"not_assessed"	"not_assessed"	"false_pending_alpha_and_reestimated_beta"	"full_text_and_source_table_verified"	"Paper states these 39 rows passed FDR; row-level adjusted P is absent, so retained in Tier2 only."	"data_raw\literature_fulltext\PMID41630303_PMC12863894\supplements\medi-105-e45715-s001.xlsx"	"Table S3"	"16"	"published_beta"	"moderate"	"partially_overlapping"	"AD_deCODE_FinnGen_2026"	"not_applicable_to_published_beta"	"none"
"EVID_40037332_GC_31d8f493bd31"	"GC"	"GC"	"P02774"	"GC"	"OID30780"	"Olink"	"assay_specific_target"	"AD"	"AD"	"clinically diagnosed Alzheimer disease GWAS"	"Belbasis L"	"2025"	"Brain : a journal of neurology"	"40037332"	"10.1093/brain/awaf018"	"peer_reviewed"	"Olink"	"UKB-PPP 54219 or deCODE 35559 according to platform"	"European"	"cis_lead_pQTL"	"lead cis-pQTL per assay"	"rs1352846"	"Wald ratio using lead cis-pQTL"	"0.0275346887166006"	"0.00748677336705154"	"1.0279172716197338"	"1.0129436662565319"	"1.0431122208395014"	"0.000235274795641794"	"Benjamini-Hochberg FDR"	"true"	"coloc.abf single-causal-variant"	"0.72688917924812"	"not_reported"	"not_reported"	"cross-platform comparison reported"	"partially_overlapping_cross_platform"	"higher_protein_higher_risk"	"AD GWAS reported in Table S1"	"likely_overlap_with_Wightman_2021_components"	"possible"	"Tier2"	"false"	"assay_specific_review_required"	"literature_source_universe_tier2"	"no_strong_colocalization_or_independent_replication"	"not_assessed"	"not_assessed"	"not_assessed"	"false_pending_alpha_and_reestimated_beta"	"full_text_and_source_table_verified"	"FDR-significant AD row; colocalization joined by assay ID."	"data_processed\literature_supplements_extracted\PMID40037332\awaf018_supplementary_data\brain-2024-00441-File011.xlsx"	"Table S2"	"41"	"published_beta"	"high"	"partially_overlapping"	"AD_UKB_deCODE_cross_platform"	"not_applicable_to_published_beta"	"OR and CI derived from reported beta and SE"
"PMID40397384_SuppTable6_GFAP"	"GFAP"	"GFAP"	"not_reported"	"GFAP"	"not_reported"	"deCODE SomaScan"	"assay_specific_target"	"AD"	"AD"	"AD-EADB"	"Li Y"	"2025"	"Journal of Alzheimer's Disease"	"40397384"	"10.1177/13872877251345151"	"peer_reviewed"	"deCODE SomaScan"	"not_reported"	"European"	"mixed_or_not_explicitly_cis_only"	"study-selected genome-wide instruments"	"not_reported"	"IVW"	"-0.43319151864341593"	"0.109171843450441"	"0.648436292273055"	"0.523526132131178"	"0.803149259092707"	"7.24848963901417e-05"	"Benjamini-Hochberg FDR"	"TRUE"	"not_reported"	"not_reported"	"not_reported"	"not_reported"	"not_reported"	"not_reported"	"higher_protein_lower_risk"	"AD-EADB"	"partially_overlapping_or_related"	"false"	"Tier2"	"FALSE"	"platform_mapping_required"	"literature_source_universe_tier2"	"no_colocalization_or_independent_replication;published_beta_not_same_assay_primary_analysis_beta"	"false"	"false"	"not_reported"	"false"	"full_text_and_source_table_verified"	"P adjusted significance"	"PMID40397384_supp2.xlsx"	"SuppTable6"	"10"	"published_beta"	"moderate"	"partially_overlapping"	"AD_deCODE SomaScan_2025"	"not_applicable_to_published_beta"	"not_reported"
"EVID_40037332_GNAS_84b63b59b1db"	"GNAS"	"GNAS"	"O95467"	"GNAS"	"OID31008"	"Olink"	"assay_specific_target"	"AD"	"AD"	"clinically diagnosed Alzheimer disease GWAS"	"Belbasis L"	"2025"	"Brain : a journal of neurology"	"40037332"	"10.1093/brain/awaf018"	"peer_reviewed"	"Olink"	"UKB-PPP 54219 or deCODE 35559 according to platform"	"European"	"cis_lead_pQTL"	"lead cis-pQTL per assay"	"rs6026450"	"Wald ratio using lead cis-pQTL"	"-0.395281034203747"	"0.112747945997713"	"0.6734907387166652"	"0.5399563325405526"	"0.8400489961899894"	"0.000455096327759508"	"Benjamini-Hochberg FDR"	"true"	"coloc.abf single-causal-variant"	"0.557258608535282"	"not_reported"	"not_reported"	"cross-platform comparison reported"	"partially_overlapping_cross_platform"	"higher_protein_lower_risk"	"AD GWAS reported in Table S1"	"likely_overlap_with_Wightman_2021_components"	"possible"	"Tier2"	"false"	"assay_specific_review_required"	"literature_source_universe_tier2"	"no_strong_colocalization_or_independent_replication"	"not_assessed"	"not_assessed"	"not_assessed"	"false_pending_alpha_and_reestimated_beta"	"full_text_and_source_table_verified"	"FDR-significant AD row; colocalization joined by assay ID."	"data_processed\literature_supplements_extracted\PMID40037332\awaf018_supplementary_data\brain-2024-00441-File011.xlsx"	"Table S2"	"47"	"published_beta"	"high"	"partially_overlapping"	"AD_UKB_deCODE_cross_platform"	"not_applicable_to_published_beta"	"OR and CI derived from reported beta and SE"
"EVID_40050982_GNAS_b8cbe5a3caae"	"GNAS"	"GNAS"	"O95467"	"GNAS"	"O95467"	"UKB-PPP Olink"	"UniProt-mapped protein"	"AD"	"AD"	"Bellenguez et al. 2022 AD discovery; FinnGen R11 replication"	"Zhan H"	"2025"	"Journal of translational medicine"	"40050982"	"10.1186/s12967-025-06317-5"	"peer_reviewed"	"UKB-PPP cis-pQTL"	"34557 European participants"	"European"	"cis_pQTL"	"cis-pQTL; discovery MR with Bellenguez AD; FinnGen R11 outcome replication"	"rs6026450"	"Wald ratio"	"-0.40047756659712525"	"not_reported_directly"	"0.67"	"0.54"	"0.84"	"0.0004550963277595"	"Benjamini-Hochberg FDR in discovery; P<0.00208 replication threshold"	"true"	"coloc.abf in discovery and replication"	"NA"	"not_reported"	"not_reported"	"FinnGen R11 AD"	"replication_not_corrected_or_direction_inconsistent"	"higher_protein_lower_risk"	"Bellenguez 2022 discovery; FinnGen R11 replication"	"Bellenguez_partially_overlaps_Wightman_components; FinnGen_independent_of_primary_AD_outcome_GWAS"	"partially_overlapping_discovery_with_independent_outcome_replication"	"Tier2"	"false"	"Olink assay review required"	"literature_source_universe_tier2"	"no_strong_colocalization_or_independent_replication"	"not_assessed"	"not_assessed"	"not_assessed"	"false_pending_alpha_and_reestimated_beta"	"full_text_and_source_table_verified"	"Replication P=0.0295500379100126; replication PP.H4=NA."	"data_raw\literature_fulltext\PMID40050982_PMC11884171\supplements\12967_2025_6317_MOESM1_ESM.xlsx"	"Table S2"	"56"	"published_beta"	"high"	"partially_overlapping"	"AD_UKB_PPP_Bellenguez_FinnGen"	"not_applicable_to_published_beta"	"logOR derived from rounded reported OR; not eligible for mediation beta"
"EVID_40037332_GNPNAT1_dcd35a6c7de5"	"GNPNAT1"	"GNPNAT1"	"Q96EK6"	"GNPNAT1"	"13954_9"	"SomaScan"	"assay_specific_target"	"AD"	"AD"	"clinically diagnosed Alzheimer disease GWAS"	"Belbasis L"	"2025"	"Brain : a journal of neurology"	"40037332"	"10.1093/brain/awaf018"	"peer_reviewed"	"SomaScan"	"UKB-PPP 54219 or deCODE 35559 according to platform"	"European"	"cis_lead_pQTL"	"lead cis-pQTL per assay"	"rs78459273"	"Wald ratio using lead cis-pQTL"	"0.506172839506172"	"0.137701804368471"	"1.6589300386213628"	"1.2665254727176212"	"2.1729123750942994"	"0.00023704757957985"	"Benjamini-Hochberg FDR"	"true"	"coloc.abf single-causal-variant"	"0.00655187347670294"	"not_reported"	"not_reported"	"cross-platform comparison reported"	"partially_overlapping_cross_platform"	"higher_protein_higher_risk"	"AD GWAS reported in Table S1"	"likely_overlap_with_Wightman_2021_components"	"possible"	"Tier2"	"false"	"assay_specific_review_required"	"literature_source_universe_tier2"	"no_strong_colocalization_or_independent_replication"	"not_assessed"	"not_assessed"	"not_assessed"	"false_pending_alpha_and_reestimated_beta"	"full_text_and_source_table_verified"	"FDR-significant AD row; colocalization joined by assay ID."	"data_processed\literature_supplements_extracted\PMID40037332\awaf018_supplementary_data\brain-2024-00441-File011.xlsx"	"Table S2"	"1919"	"published_beta"	"high"	"partially_overlapping"	"AD_UKB_deCODE_cross_platform"	"not_applicable_to_published_beta"	"OR and CI derived from reported beta and SE"
"EVID_40037332_GRN_caf5af7a4496"	"GRN"	"GRN"	"P28799"	"GRN"	"4992_49"	"SomaScan"	"assay_specific_target"	"AD"	"AD"	"clinically diagnosed Alzheimer disease GWAS"	"Belbasis L"	"2025"	"Brain : a journal of neurology"	"40037332"	"10.1093/brain/awaf018"	"peer_reviewed"	"SomaScan"	"UKB-PPP 54219 or deCODE 35559 according to platform"	"European"	"cis_lead_pQTL"	"lead cis-pQTL per assay"	"rs5848"	"Wald ratio using lead cis-pQTL"	"-0.296738631143775"	"0.0422599908130454"	"0.7432382463078221"	"0.6841567553434321"	"0.8074218173836962"	"2.19123382346902e-12"	"Benjamini-Hochberg FDR"	"true"	"coloc.abf single-causal-variant"	"0.999999952829342"	"not_reported"	"not_reported"	"cross-platform comparison reported"	"partially_overlapping_cross_platform"	"higher_protein_lower_risk"	"AD GWAS reported in Table S1"	"likely_overlap_with_Wightman_2021_components"	"possible"	"Tier1"	"false"	"assay_specific_review_required"	"primary_high_confidence_panel"	"NA"	"true"	"true"	"<external_resource_root>\UKB-PPP\syn51365303_European_discovery\GRN_P28799_OID21159_v1_Neurology.tar"	"true"	"full_text_and_source_table_verified"	"FDR-significant AD row; colocalization joined by assay ID."	"data_processed\literature_supplements_extracted\PMID40037332\awaf018_supplementary_data\brain-2024-00441-File011.xlsx"	"Table S2"	"1900"	"published_beta"	"high"	"partially_overlapping"	"AD_UKB_deCODE_cross_platform"	"not_applicable_to_published_beta"	"OR and CI derived from reported beta and SE"
"EVID_40037332_GRN_00ec049bf100"	"GRN"	"GRN"	"P28799"	"GRN"	"OID21159"	"Olink"	"assay_specific_target"	"AD"	"AD"	"clinically diagnosed Alzheimer disease GWAS"	"Belbasis L"	"2025"	"Brain : a journal of neurology"	"40037332"	"10.1093/brain/awaf018"	"peer_reviewed"	"Olink"	"UKB-PPP 54219 or deCODE 35559 according to platform"	"European"	"cis_lead_pQTL"	"lead cis-pQTL per assay"	"rs5848"	"Wald ratio using lead cis-pQTL"	"-0.258075856723954"	"0.0367538371805012"	"0.7725366277864719"	"0.7188422282065946"	"0.8302417663478867"	"2.19123382346901e-12"	"Benjamini-Hochberg FDR"	"true"	"coloc.abf single-causal-variant"	"0.999999938414477"	"not_reported"	"not_reported"	"cross-platform comparison reported"	"partially_overlapping_cross_platform"	"higher_protein_lower_risk"	"AD GWAS reported in Table S1"	"likely_overlap_with_Wightman_2021_components"	"possible"	"Tier1"	"false"	"assay_specific_review_required"	"primary_high_confidence_panel"	"NA"	"true"	"true"	"<external_resource_root>\UKB-PPP\syn51365303_European_discovery\GRN_P28799_OID21159_v1_Neurology.tar"	"true"	"full_text_and_source_table_verified"	"FDR-significant AD row; colocalization joined by assay ID."	"data_processed\literature_supplements_extracted\PMID40037332\awaf018_supplementary_data\brain-2024-00441-File011.xlsx"	"Table S2"	"13"	"published_beta"	"high"	"partially_overlapping"	"AD_UKB_deCODE_cross_platform"	"not_applicable_to_published_beta"	"OR and CI derived from reported beta and SE"
"EVID_40050982_GRN_b5b12903cb78"	"GRN"	"GRN"	"P28799"	"GRN"	"P28799"	"UKB-PPP Olink"	"UniProt-mapped protein"	"AD"	"AD"	"Bellenguez et al. 2022 AD discovery; FinnGen R11 replication"	"Zhan H"	"2025"	"Journal of translational medicine"	"40050982"	"10.1186/s12967-025-06317-5"	"peer_reviewed"	"UKB-PPP cis-pQTL"	"34557 European participants"	"European"	"cis_pQTL"	"cis-pQTL; discovery MR with Bellenguez AD; FinnGen R11 outcome replication"	"rs5848"	"Wald ratio"	"-0.2613647641344075"	"not_reported_directly"	"0.77"	"0.72"	"0.83"	"2.191233823469e-12"	"Benjamini-Hochberg FDR in discovery; P<0.00208 replication threshold"	"true"	"coloc.abf in discovery and replication"	"1.0"	"not_reported"	"not_reported"	"FinnGen R11 AD"	"independent_outcome_replication_corrected_same_direction"	"higher_protein_lower_risk"	"Bellenguez 2022 discovery; FinnGen R11 replication"	"Bellenguez_partially_overlaps_Wightman_components; FinnGen_independent_of_primary_AD_outcome_GWAS"	"partially_overlapping_discovery_with_independent_outcome_replication"	"Tier1"	"false"	"Olink assay review required"	"primary_high_confidence_panel"	"NA"	"true"	"true"	"<external_resource_root>\UKB-PPP\syn51365303_European_discovery\GRN_P28799_OID21159_v1_Neurology.tar"	"true"	"full_text_and_source_table_verified"	"Replication P=2.43169500324937e-15; replication PP.H4=1.0."	"data_raw\literature_fulltext\PMID40050982_PMC11884171\supplements\12967_2025_6317_MOESM1_ESM.xlsx"	"Table S2"	"12"	"published_beta"	"high"	"independent_outcome_replication"	"AD_UKB_PPP_Bellenguez_FinnGen"	"not_applicable_to_published_beta"	"logOR derived from rounded reported OR; not eligible for mediation beta"
"PMID40452368_deCODE_GRN"	"GRN"	"GRN"	"not_reported"	"GRN"	"not_reported"	"deCODE SomaScan"	"assay_specific_target"	"AD"	"AD"	"AD GWAS"	"Yu K"	"2025"	"Journal of Alzheimer's Disease"	"40452368"	"10.1177/13872877251344572"	"peer_reviewed"	"deCODE"	"not_reported"	"European"	"mixed_or_not_explicitly_cis_only"	"not_reported"	"not_reported"	"study-reported MR"	"-0.29673896254203685"	"not_reported"	"0.743238"	"0.68"	"0.81"	"2.19e-12"	"study Bonferroni threshold"	"TRUE"	"not_reported"	"not_reported"	"not_reported"	"not_reported"	"not_reported"	"not_reported"	"higher_protein_lower_risk"	"published AD GWAS"	"partially_overlapping_or_related"	"false"	"Tier2"	"FALSE"	"platform_mapping_required"	"literature_source_universe_tier2"	"published_cross_platform_beta_not_same_assay_primary_analysis_beta;highest_tier_requires_colocalization_or_replication_review"	"false"	"false"	"not_reported"	"false"	"full_text_and_source_table_verified"	"Study-Bonferroni-significant protein-outcome association; same dataset reports GRN/CR1 colocalization support."	"PMID40452368_supp5.xlsx"	"Supplemental Table 3"	"9"	"published_beta"	"moderate"	"partially_overlapping"	"AD_deCODE_2025"	"not_applicable_to_published_beta"	"not_reported"
"PMID40452368_UKB-PPP_GRN"	"GRN"	"GRN"	"not_reported"	"GRN"	"not_reported"	"UKB-PPP Olink"	"assay_specific_target"	"AD"	"AD"	"AD GWAS"	"Yu K"	"2025"	"Journal of Alzheimer's Disease"	"40452368"	"10.1177/13872877251344572"	"peer_reviewed"	"UKB-PPP"	"not_reported"	"European"	"mixed_or_not_explicitly_cis_only"	"not_reported"	"not_reported"	"study-reported MR"	"-0.2580753749171049"	"not_reported"	"0.772537"	"0.72"	"0.83"	"2.19e-12"	"study Bonferroni threshold"	"TRUE"	"not_reported"	"not_reported"	"not_reported"	"not_reported"	"not_reported"	"not_reported"	"higher_protein_lower_risk"	"published AD GWAS"	"partially_overlapping_or_related"	"false"	"Tier2"	"FALSE"	"platform_mapping_required"	"literature_source_universe_tier2"	"published_cross_platform_beta_not_same_assay_primary_analysis_beta;highest_tier_requires_colocalization_or_replication_review"	"false"	"false"	"not_reported"	"false"	"full_text_and_source_table_verified"	"Study-Bonferroni-significant protein-outcome association; same dataset reports GRN/CR1 colocalization support."	"PMID40452368_supp5.xlsx"	"Supplemental Table 3"	"25"	"published_beta"	"moderate"	"partially_overlapping"	"AD_UKB-PPP_2025"	"not_applicable_to_published_beta"	"not_reported"
"EVID_41350740_GRN_64c0932e49b1"	"GRN"	"GRN"	"not_reported"	"GRN"	"deCODE protein label requires cross-platform mapping"	"deCODE SomaScan"	"not_reported"	"AD"	"AD"	"European AD meta-analysis; AD GWAS 1"	"Liu X"	"2025"	"Alzheimer's research & therapy"	"41350740"	"10.1186/s13195-025-01901-9"	"peer_reviewed"	"deCODE"	"35559"	"European"	"cis_pQTL"	"cis-pQTL within +/-1 Mb; P<5e-8; MHC excluded; r2<0.001"	"reported in Table S3"	"Wald ratio"	"-0.233636364"	"0.051363636"	"0.791649636"	"0.715832491"	"0.875496928"	"5.4e-06"	"Benjamini-Hochberg FDR"	"true"	"Bayesian coloc within +/-1 Mb"	"0.24"	"reported in Table S24"	"0.007226559"	"IGAP; FinnGen; ARIC; INTERVAL as available"	"independent_external_replication_reported"	"higher_protein_lower_risk"	"AD GWAS 1 (398058 participants)"	"partially_overlaps_or_reuses_components_of_Wightman_2021"	"possible"	"Tier1"	"false"	"SomaScan assay mapping review required"	"primary_high_confidence_panel"	"NA"	"true"	"true"	"<external_resource_root>\UKB-PPP\syn51365303_European_discovery\GRN_P28799_OID21159_v1_Neurology.tar"	"true"	"full_text_and_source_table_verified"	"Source-paper tier was not copied automatically; raw FDR, colocalization and replication fields drive study-specific evidence tiering."	"data_raw\literature_fulltext\PMID41350740_PMC12681122\supplements\13195_2025_1901_MOESM1_ESM.xlsx"	"Table S6"	"9"	"published_beta"	"high"	"partially_overlapping"	"AD_deCODE_multiomics_2025"	"not_applicable_to_published_beta"	"none"
"PMID42384774_SeqId_4992_49"	"GRN"	"GRN"	"mapping_unresolved"	"GRN"	"SeqId_4992_49"	"SomaScan cis-PWAS"	"aptamer_specific_target"	"AD"	"AD"	"AD dementia GWAS"	"Walker KA"	"2026"	"Science Translational Medicine"	"42384774"	"10.1126/scitranslmed.adx4852"	"peer_reviewed"	"published plasma cis-pQTL prediction models"	"not_reported"	"European American"	"cis_prediction_model"	"not_reported"	"not_reported"	"proteome-wide association study"	"not_reported"	"not_reported"	"not_reported"	"not_reported"	"not_reported"	"2.57e-08"	"study Bonferroni threshold"	"TRUE"	"not_reported"	"not_reported"	"not_reported"	"not_reported"	"not_reported"	"not_reported"	"negative_PWAS_Z"	"published AD GWAS"	"likely_overlap"	"false"	"Tier2"	"FALSE"	"SomaScan_cross_platform_review_required"	"literature_source_universe_tier2"	"PWAS_Z_not_standardized_beta;same_assay_alpha_beta_not_available"	"false"	"false"	"not_available_for_same_SomaScan_assay"	"false"	"full_text_and_source_table_verified"	"Bonferroni-significant PWAS candidate; retained as external evidence and not interpreted as a de novo discovery in the present analysis."	"adx4852_tables_s1_to_s30.xlsx"	"ST 1. AD PWAS Results"	"18"	"published_PWAS_Z_not_beta"	"moderate"	"partially_overlapping"	"AD_plasma_cis_PWAS_2026"	"not_applicable_to_PWAS_Z"	"PWAS.Z=-5.5685; no beta/SE conversion performed."
"EVID_41350740_HAVCR2_ac7084bb1c86"	"TIMD3"	"HAVCR2"	"not_reported"	"TIMD3"	"deCODE protein label requires cross-platform mapping"	"deCODE SomaScan"	"not_reported"	"AD"	"AD"	"European AD meta-analysis; AD GWAS 1"	"Liu X"	"2025"	"Alzheimer's research & therapy"	"41350740"	"10.1186/s13195-025-01901-9"	"peer_reviewed"	"deCODE"	"35559"	"European"	"cis_pQTL"	"cis-pQTL within +/-1 Mb; P<5e-8; MHC excluded; r2<0.001"	"reported in Table S3"	"Wald ratio"	"-0.094923077"	"0.020153846"	"0.909442889"	"0.874218779"	"0.946086252"	"2.48e-06"	"Benjamini-Hochberg FDR"	"true"	"Bayesian coloc within +/-1 Mb"	"0.874"	"reported in Table S24"	"0.7056435"	"IGAP; FinnGen; ARIC; INTERVAL as available"	"independent_external_replication_reported"	"higher_protein_lower_risk"	"AD GWAS 1 (398058 participants)"	"partially_overlaps_or_reuses_components_of_Wightman_2021"	"possible"	"Tier2"	"false"	"SomaScan assay mapping review required"	"literature_source_universe_tier2"	"mapping_not_high_confidence"	"not_assessed"	"not_assessed"	"not_assessed"	"false_pending_alpha_and_reestimated_beta"	"full_text_and_source_table_verified"	"Source-paper tier was not copied automatically; raw FDR, colocalization and replication fields drive study-specific evidence tiering."	"data_raw\literature_fulltext\PMID41350740_PMC12681122\supplements\13195_2025_1901_MOESM1_ESM.xlsx"	"Table S6"	"8"	"published_beta"	"moderate"	"partially_overlapping"	"AD_deCODE_multiomics_2025"	"not_applicable_to_published_beta"	"none"
"EVID_40037332_HDGF_9484d7967896"	"HDGF"	"HDGF"	"P51858"	"HDGF"	"8953_47"	"SomaScan"	"assay_specific_target"	"AD"	"AD"	"clinically diagnosed Alzheimer disease GWAS"	"Belbasis L"	"2025"	"Brain : a journal of neurology"	"40037332"	"10.1093/brain/awaf018"	"peer_reviewed"	"SomaScan"	"UKB-PPP 54219 or deCODE 35559 according to platform"	"European"	"cis_lead_pQTL"	"lead cis-pQTL per assay"	"rs11264535"	"Wald ratio using lead cis-pQTL"	"-0.393574297188755"	"0.115127175368139"	"0.6746411917708252"	"0.5383622808780433"	"0.8454172103061277"	"0.000629431079236244"	"Benjamini-Hochberg FDR"	"true"	"coloc.abf single-causal-variant"	"0.529273028910268"	"not_reported"	"not_reported"	"cross-platform comparison reported"	"partially_overlapping_cross_platform"	"higher_protein_lower_risk"	"AD GWAS reported in Table S1"	"likely_overlap_with_Wightman_2021_components"	"possible"	"Tier2"	"false"	"assay_specific_review_required"	"literature_source_universe_tier2"	"no_strong_colocalization_or_independent_replication"	"not_assessed"	"not_assessed"	"not_assessed"	"false_pending_alpha_and_reestimated_beta"	"full_text_and_source_table_verified"	"FDR-significant AD row; colocalization joined by assay ID."	"data_processed\literature_supplements_extracted\PMID40037332\awaf018_supplementary_data\brain-2024-00441-File011.xlsx"	"Table S2"	"1927"	"published_beta"	"high"	"partially_overlapping"	"AD_UKB_deCODE_cross_platform"	"not_applicable_to_published_beta"	"OR and CI derived from reported beta and SE"
"EVID_40037332_HDGF_1f80d7ed38b2"	"HDGF"	"HDGF"	"P51858"	"HDGF"	"OID21455"	"Olink"	"assay_specific_target"	"AD"	"AD"	"clinically diagnosed Alzheimer disease GWAS"	"Belbasis L"	"2025"	"Brain : a journal of neurology"	"40037332"	"10.1093/brain/awaf018"	"peer_reviewed"	"Olink"	"UKB-PPP 54219 or deCODE 35559 according to platform"	"European"	"cis_lead_pQTL"	"lead cis-pQTL per assay"	"rs3806417"	"Wald ratio using lead cis-pQTL"	"0.0268683537899208"	"0.00750220268160128"	"1.0272325625880219"	"1.0122383193136402"	"1.0424489149518161"	"0.000341764032815096"	"Benjamini-Hochberg FDR"	"true"	"coloc.abf single-causal-variant"	"0.485867096120641"	"not_reported"	"not_reported"	"cross-platform comparison reported"	"partially_overlapping_cross_platform"	"higher_protein_higher_risk"	"AD GWAS reported in Table S1"	"likely_overlap_with_Wightman_2021_components"	"possible"	"Tier2"	"false"	"assay_specific_review_required"	"literature_source_universe_tier2"	"no_strong_colocalization_or_independent_replication"	"not_assessed"	"not_assessed"	"not_assessed"	"false_pending_alpha_and_reestimated_beta"	"full_text_and_source_table_verified"	"FDR-significant AD row; colocalization joined by assay ID."	"data_processed\literature_supplements_extracted\PMID40037332\awaf018_supplementary_data\brain-2024-00441-File011.xlsx"	"Table S2"	"44"	"published_beta"	"high"	"partially_overlapping"	"AD_UKB_deCODE_cross_platform"	"not_applicable_to_published_beta"	"OR and CI derived from reported beta and SE"
"EVID_40037332_IBSP_1bfded8c9ba4"	"IBSP"	"IBSP"	"P21815"	"IBSP"	"3415_61"	"SomaScan"	"assay_specific_target"	"AD"	"AD"	"clinically diagnosed Alzheimer disease GWAS"	"Belbasis L"	"2025"	"Brain : a journal of neurology"	"40037332"	"10.1093/brain/awaf018"	"peer_reviewed"	"SomaScan"	"UKB-PPP 54219 or deCODE 35559 according to platform"	"European"	"cis_lead_pQTL"	"lead cis-pQTL per assay"	"rs2616262"	"Wald ratio using lead cis-pQTL"	"0.300847457627118"	"0.0858050847457627"	"1.3510032405787615"	"1.1418725374068135"	"1.5984356364322032"	"0.000454599915603847"	"Benjamini-Hochberg FDR"	"true"	"coloc.abf single-causal-variant"	"0.411376192700203"	"not_reported"	"not_reported"	"cross-platform comparison reported"	"partially_overlapping_cross_platform"	"higher_protein_higher_risk"	"AD GWAS reported in Table S1"	"likely_overlap_with_Wightman_2021_components"	"possible"	"Tier2"	"false"	"assay_specific_review_required"	"literature_source_universe_tier2"	"no_strong_colocalization_or_independent_replication"	"not_assessed"	"not_assessed"	"not_assessed"	"false_pending_alpha_and_reestimated_beta"	"full_text_and_source_table_verified"	"FDR-significant AD row; colocalization joined by assay ID."	"data_processed\literature_supplements_extracted\PMID40037332\awaf018_supplementary_data\brain-2024-00441-File011.xlsx"	"Table S2"	"1922"	"published_beta"	"high"	"partially_overlapping"	"AD_UKB_deCODE_cross_platform"	"not_applicable_to_published_beta"	"OR and CI derived from reported beta and SE"
"EVID_40037332_IDUA_712bff1a9627"	"IDUA"	"IDUA"	"P35475"	"IDUA"	"OID21468"	"Olink"	"assay_specific_target"	"AD"	"AD"	"clinically diagnosed Alzheimer disease GWAS"	"Belbasis L"	"2025"	"Brain : a journal of neurology"	"40037332"	"10.1093/brain/awaf018"	"peer_reviewed"	"Olink"	"UKB-PPP 54219 or deCODE 35559 according to platform"	"European"	"cis_lead_pQTL"	"lead cis-pQTL per assay"	"rs3796622"	"Wald ratio using lead cis-pQTL"	"0.0749042991755006"	"0.0156434040047114"	"1.0777810014185003"	"1.0452365540654587"	"1.1113387515013358"	"1.6825430720434e-06"	"Benjamini-Hochberg FDR"	"true"	"coloc.abf single-causal-variant"	"0.268515330790228"	"not_reported"	"not_reported"	"cross-platform comparison reported"	"partially_overlapping_cross_platform"	"higher_protein_higher_risk"	"AD GWAS reported in Table S1"	"likely_overlap_with_Wightman_2021_components"	"possible"	"Tier2"	"false"	"assay_specific_review_required"	"literature_source_universe_tier2"	"no_strong_colocalization_or_independent_replication"	"not_assessed"	"not_assessed"	"not_assessed"	"false_pending_alpha_and_reestimated_beta"	"full_text_and_source_table_verified"	"FDR-significant AD row; colocalization joined by assay ID."	"data_processed\literature_supplements_extracted\PMID40037332\awaf018_supplementary_data\brain-2024-00441-File011.xlsx"	"Table S2"	"23"	"published_beta"	"high"	"partially_overlapping"	"AD_UKB_deCODE_cross_platform"	"not_applicable_to_published_beta"	"OR and CI derived from reported beta and SE"
"EVID_41630303_IFNLR1_79d2d8f0f6af"	"IFNLR1"	"IFNLR1"	"not_reported"	"IFNLR1"	"7192_37_IFNLR1_CRF2_12"	"deCODE SomaScan"	"assay_specific_target"	"AD"	"AD"	"FinnGen AD"	"Zhao YH"	"2026"	"Medicine"	"41630303"	"10.1097/md.0000000000045715"	"peer_reviewed"	"deCODE"	"35559"	"European"	"mixed_or_not_explicitly_cis_only"	"P<5e-8; LD clumped instruments"	"5 SNPs; IDs in Table S2"	"IVW"	"-0.233944704"	"0.075862011"	"0.791405576"	"0.682062321"	"0.918277945"	"0.00204362"	"study-reported FDR<0.05"	"true"	"not_reported"	"not_reported"	"not_reported"	"not_reported"	"not_reported"	"not_reported"	"higher_protein_lower_risk"	"FinnGen AD"	"different_outcome_GWAS_from_primary_analysis"	"false"	"Tier2"	"false"	"SomaScan assay review required"	"literature_source_universe_tier2"	"not_cis_only;mapping_not_high_confidence;no_strong_colocalization_or_independent_replication"	"not_assessed"	"not_assessed"	"not_assessed"	"false_pending_alpha_and_reestimated_beta"	"full_text_and_source_table_verified"	"Paper states these 39 rows passed FDR; row-level adjusted P is absent, so retained in Tier2 only."	"data_raw\literature_fulltext\PMID41630303_PMC12863894\supplements\medi-105-e45715-s001.xlsx"	"Table S3"	"18"	"published_beta"	"moderate"	"partially_overlapping"	"AD_deCODE_FinnGen_2026"	"not_applicable_to_published_beta"	"none"
"PMID42384774_SeqId_2744_57"	"IGHG1|IGHG2|IGHG3|IGHG4|IGK@|IGL@"	"IGHG1|IGHG2|IGHG3|IGHG4|IGK@|IGL@"	"mapping_unresolved"	"IGHG1|IGHG2|IGHG3|IGHG4|IGK@|IGL@"	"SeqId_2744_57"	"SomaScan cis-PWAS"	"aptamer_specific_target"	"AD"	"AD"	"AD dementia GWAS"	"Walker KA"	"2026"	"Science Translational Medicine"	"42384774"	"10.1126/scitranslmed.adx4852"	"peer_reviewed"	"published plasma cis-pQTL prediction models"	"not_reported"	"European American"	"cis_prediction_model"	"not_reported"	"not_reported"	"proteome-wide association study"	"not_reported"	"not_reported"	"not_reported"	"not_reported"	"not_reported"	"2.55e-06"	"study Bonferroni threshold"	"TRUE"	"not_reported"	"not_reported"	"not_reported"	"not_reported"	"not_reported"	"not_reported"	"negative_PWAS_Z"	"published AD GWAS"	"likely_overlap"	"false"	"Tier2"	"TRUE"	"multi_gene_or_complex_mapping"	"literature_source_universe_tier2"	"PWAS_Z_not_standardized_beta;same_assay_alpha_beta_not_available"	"false"	"false"	"not_available_for_same_SomaScan_assay"	"false"	"full_text_and_source_table_verified"	"Bonferroni-significant PWAS candidate; retained as external evidence and not interpreted as a de novo discovery in the present analysis."	"adx4852_tables_s1_to_s30.xlsx"	"ST 1. AD PWAS Results"	"21"	"published_PWAS_Z_not_beta"	"moderate"	"partially_overlapping"	"AD_plasma_cis_PWAS_2026"	"not_applicable_to_PWAS_Z"	"PWAS.Z=-4.704; no beta/SE conversion performed."
"EVID_40037332_IL34_35590ce46af8"	"IL34"	"IL34"	"Q6ZMJ4"	"IL34"	"OID20809"	"Olink"	"assay_specific_target"	"AD"	"AD"	"clinically diagnosed Alzheimer disease GWAS"	"Belbasis L"	"2025"	"Brain : a journal of neurology"	"40037332"	"10.1093/brain/awaf018"	"peer_reviewed"	"Olink"	"UKB-PPP 54219 or deCODE 35559 according to platform"	"European"	"cis_lead_pQTL"	"lead cis-pQTL per assay"	"rs4985556"	"Wald ratio using lead cis-pQTL"	"-0.0542752249012116"	"0.0119573645221257"	"0.9471713854739869"	"0.9252311698286477"	"0.9696318744069773"	"5.65048875003451e-06"	"Benjamini-Hochberg FDR"	"true"	"coloc.abf single-causal-variant"	"0.965354149564873"	"not_reported"	"not_reported"	"cross-platform comparison reported"	"partially_overlapping_cross_platform"	"higher_protein_lower_risk"	"AD GWAS reported in Table S1"	"likely_overlap_with_Wightman_2021_components"	"possible"	"Tier1"	"false"	"assay_specific_review_required"	"primary_high_confidence_panel"	"NA"	"true"	"true"	"<external_resource_root>\UKB-PPP\syn51365303_European_discovery\IL34_Q6ZMJ4_OID20809_v1_Neurology.tar"	"true"	"full_text_and_source_table_verified"	"FDR-significant AD row; colocalization joined by assay ID."	"data_processed\literature_supplements_extracted\PMID40037332\awaf018_supplementary_data\brain-2024-00441-File011.xlsx"	"Table S2"	"24"	"published_beta"	"high"	"partially_overlapping"	"AD_UKB_deCODE_cross_platform"	"not_applicable_to_published_beta"	"OR and CI derived from reported beta and SE"
"EVID_41630303_ING4_5d48420d594e"	"ING4"	"ING4"	"not_reported"	"ING4"	"17671_58_ING4_ING4"	"deCODE SomaScan"	"assay_specific_target"	"AD"	"AD"	"FinnGen AD"	"Zhao YH"	"2026"	"Medicine"	"41630303"	"10.1097/md.0000000000045715"	"peer_reviewed"	"deCODE"	"35559"	"European"	"mixed_or_not_explicitly_cis_only"	"P<5e-8; LD clumped instruments"	"11 SNPs; IDs in Table S2"	"IVW"	"-0.370148508"	"0.045596426"	"0.690631759"	"0.631588312"	"0.755194827"	"4.74e-16"	"study-reported FDR<0.05"	"true"	"not_reported"	"not_reported"	"not_reported"	"not_reported"	"not_reported"	"not_reported"	"higher_protein_lower_risk"	"FinnGen AD"	"different_outcome_GWAS_from_primary_analysis"	"false"	"Tier2"	"false"	"SomaScan assay review required"	"literature_source_universe_tier2"	"not_cis_only;mapping_not_high_confidence;no_strong_colocalization_or_independent_replication"	"not_assessed"	"not_assessed"	"not_assessed"	"false_pending_alpha_and_reestimated_beta"	"full_text_and_source_table_verified"	"Paper states these 39 rows passed FDR; row-level adjusted P is absent, so retained in Tier2 only."	"data_raw\literature_fulltext\PMID41630303_PMC12863894\supplements\medi-105-e45715-s001.xlsx"	"Table S3"	"3"	"published_beta"	"moderate"	"partially_overlapping"	"AD_deCODE_FinnGen_2026"	"not_applicable_to_published_beta"	"none"
"PMID40397384_SuppTable4_JCHAIN"	"JCHAIN"	"JCHAIN"	"not_reported"	"JCHAIN"	"not_reported"	"UKB-PPP"	"assay_specific_target"	"AD"	"AD"	"AD-IGAP"	"Li Y"	"2025"	"Journal of Alzheimer's Disease"	"40397384"	"10.1177/13872877251345151"	"peer_reviewed"	"UKB-PPP"	"not_reported"	"European"	"mixed_or_not_explicitly_cis_only"	"study-selected genome-wide instruments"	"not_reported"	"IVW"	"-0.2979502860104251"	"0.0632400578504144"	"0.742338243426147"	"0.655799091831969"	"0.840297088722126"	"2.4600024062971e-06"	"Benjamini-Hochberg FDR"	"TRUE"	"not_reported"	"not_reported"	"not_reported"	"not_reported"	"not_reported"	"not_reported"	"higher_protein_lower_risk"	"AD-IGAP"	"partially_overlapping_or_related"	"false"	"Tier2"	"FALSE"	"platform_mapping_required"	"literature_source_universe_tier2"	"no_colocalization_or_independent_replication;published_beta_not_same_assay_primary_analysis_beta"	"false"	"false"	"not_reported"	"false"	"full_text_and_source_table_verified"	"P adjusted significance"	"PMID40397384_supp2.xlsx"	"SuppTable4"	"3"	"published_beta"	"moderate"	"partially_overlapping"	"AD_UKB-PPP_2025"	"not_applicable_to_published_beta"	"not_reported"
"EVID_41630303_KLK10_73c7cfe59c8a"	"KLK10"	"KLK10"	"not_reported"	"KLK10"	"6227_1_KLK10_kallikrein_10"	"deCODE SomaScan"	"assay_specific_target"	"AD"	"AD"	"FinnGen AD"	"Zhao YH"	"2026"	"Medicine"	"41630303"	"10.1097/md.0000000000045715"	"peer_reviewed"	"deCODE"	"35559"	"European"	"mixed_or_not_explicitly_cis_only"	"P<5e-8; LD clumped instruments"	"9 SNPs; IDs in Table S2"	"IVW"	"-0.106680316"	"0.041180928"	"0.898812963"	"0.829116225"	"0.974368512"	"0.009582903"	"study-reported FDR<0.05"	"true"	"not_reported"	"not_reported"	"not_reported"	"not_reported"	"not_reported"	"not_reported"	"higher_protein_lower_risk"	"FinnGen AD"	"different_outcome_GWAS_from_primary_analysis"	"false"	"Tier2"	"false"	"SomaScan assay review required"	"literature_source_universe_tier2"	"not_cis_only;mapping_not_high_confidence;no_strong_colocalization_or_independent_replication"	"not_assessed"	"not_assessed"	"not_assessed"	"false_pending_alpha_and_reestimated_beta"	"full_text_and_source_table_verified"	"Paper states these 39 rows passed FDR; row-level adjusted P is absent, so retained in Tier2 only."	"data_raw\literature_fulltext\PMID41630303_PMC12863894\supplements\medi-105-e45715-s001.xlsx"	"Table S3"	"41"	"published_beta"	"moderate"	"partially_overlapping"	"AD_deCODE_FinnGen_2026"	"not_applicable_to_published_beta"	"none"
"EVID_41630303_KPNA2_86303bb5120a"	"KPNA2"	"KPNA2"	"not_reported"	"KPNA2"	"2860_19_KPNA2_Karyopherin_a2"	"deCODE SomaScan"	"assay_specific_target"	"AD"	"AD"	"FinnGen AD"	"Zhao YH"	"2026"	"Medicine"	"41630303"	"10.1097/md.0000000000045715"	"peer_reviewed"	"deCODE"	"35559"	"European"	"mixed_or_not_explicitly_cis_only"	"P<5e-8; LD clumped instruments"	"34 SNPs; IDs in Table S2"	"IVW"	"-0.099683976"	"0.032525069"	"0.905123413"	"0.8492233"	"0.96470315"	"0.0021779"	"study-reported FDR<0.05"	"true"	"not_reported"	"not_reported"	"not_reported"	"not_reported"	"not_reported"	"not_reported"	"higher_protein_lower_risk"	"FinnGen AD"	"different_outcome_GWAS_from_primary_analysis"	"false"	"Tier2"	"false"	"SomaScan assay review required"	"literature_source_universe_tier2"	"not_cis_only;mapping_not_high_confidence;no_strong_colocalization_or_independent_replication"	"not_assessed"	"not_assessed"	"not_assessed"	"false_pending_alpha_and_reestimated_beta"	"full_text_and_source_table_verified"	"Paper states these 39 rows passed FDR; row-level adjusted P is absent, so retained in Tier2 only."	"data_raw\literature_fulltext\PMID41630303_PMC12863894\supplements\medi-105-e45715-s001.xlsx"	"Table S3"	"20"	"published_beta"	"moderate"	"partially_overlapping"	"AD_deCODE_FinnGen_2026"	"not_applicable_to_published_beta"	"none"
"EVID_41630303_LEAP2_5845aa3cf72b"	"LEAP2"	"LEAP2"	"not_reported"	"LEAP2"	"5708_1_LEAP2_LEAP2"	"deCODE SomaScan"	"assay_specific_target"	"AD"	"AD"	"FinnGen AD"	"Zhao YH"	"2026"	"Medicine"	"41630303"	"10.1097/md.0000000000045715"	"peer_reviewed"	"deCODE"	"35559"	"European"	"mixed_or_not_explicitly_cis_only"	"P<5e-8; LD clumped instruments"	"11 SNPs; IDs in Table S2"	"IVW"	"0.136626984"	"0.047541836"	"1.146400443"	"1.044402535"	"1.258359619"	"0.004055318"	"study-reported FDR<0.05"	"true"	"not_reported"	"not_reported"	"not_reported"	"not_reported"	"not_reported"	"not_reported"	"higher_protein_higher_risk"	"FinnGen AD"	"different_outcome_GWAS_from_primary_analysis"	"false"	"Tier2"	"false"	"SomaScan assay review required"	"literature_source_universe_tier2"	"not_cis_only;mapping_not_high_confidence;no_strong_colocalization_or_independent_replication"	"not_assessed"	"not_assessed"	"not_assessed"	"false_pending_alpha_and_reestimated_beta"	"full_text_and_source_table_verified"	"Paper states these 39 rows passed FDR; row-level adjusted P is absent, so retained in Tier2 only."	"data_raw\literature_fulltext\PMID41630303_PMC12863894\supplements\medi-105-e45715-s001.xlsx"	"Table S3"	"29"	"published_beta"	"moderate"	"partially_overlapping"	"AD_deCODE_FinnGen_2026"	"not_applicable_to_published_beta"	"none"
"EVID_40037332_LGALS3_17785b42310a"	"LGALS3"	"LGALS3"	"P17931"	"LGALS3"	"3066_12"	"SomaScan"	"assay_specific_target"	"AD"	"AD"	"clinically diagnosed Alzheimer disease GWAS"	"Belbasis L"	"2025"	"Brain : a journal of neurology"	"40037332"	"10.1093/brain/awaf018"	"peer_reviewed"	"SomaScan"	"UKB-PPP 54219 or deCODE 35559 according to platform"	"European"	"cis_lead_pQTL"	"lead cis-pQTL per assay"	"rs118083722"	"Wald ratio using lead cis-pQTL"	"-0.0883745397159389"	"0.0257759074171488"	"0.9154179521281387"	"0.8703191302163422"	"0.9628537371919762"	"0.000606766845636064"	"Benjamini-Hochberg FDR"	"true"	"coloc.abf single-causal-variant"	"0.555894546260209"	"not_reported"	"not_reported"	"cross-platform comparison reported"	"partially_overlapping_cross_platform"	"higher_protein_lower_risk"	"AD GWAS reported in Table S1"	"likely_overlap_with_Wightman_2021_components"	"possible"	"Tier2"	"false"	"assay_specific_review_required"	"literature_source_universe_tier2"	"no_strong_colocalization_or_independent_replication"	"not_assessed"	"not_assessed"	"not_assessed"	"false_pending_alpha_and_reestimated_beta"	"full_text_and_source_table_verified"	"FDR-significant AD row; colocalization joined by assay ID."	"data_processed\literature_supplements_extracted\PMID40037332\awaf018_supplementary_data\brain-2024-00441-File011.xlsx"	"Table S2"	"1924"	"published_beta"	"high"	"partially_overlapping"	"AD_UKB_deCODE_cross_platform"	"not_applicable_to_published_beta"	"OR and CI derived from reported beta and SE"
"EVID_41630303_LGMN_6f09f9008847"	"LGMN"	"LGMN"	"not_reported"	"LGMN"	"3622_33_LGMN_LGMN"	"deCODE SomaScan"	"assay_specific_target"	"AD"	"AD"	"FinnGen AD"	"Zhao YH"	"2026"	"Medicine"	"41630303"	"10.1097/md.0000000000045715"	"peer_reviewed"	"deCODE"	"35559"	"European"	"mixed_or_not_explicitly_cis_only"	"P<5e-8; LD clumped instruments"	"12 SNPs; IDs in Table S2"	"IVW"	"-0.141315169"	"0.053297651"	"0.868215634"	"0.782095388"	"0.963818989"	"0.008015093"	"study-reported FDR<0.05"	"true"	"not_reported"	"not_reported"	"not_reported"	"not_reported"	"not_reported"	"not_reported"	"higher_protein_lower_risk"	"FinnGen AD"	"different_outcome_GWAS_from_primary_analysis"	"false"	"Tier2"	"false"	"SomaScan assay review required"	"literature_source_universe_tier2"	"not_cis_only;mapping_not_high_confidence;no_strong_colocalization_or_independent_replication"	"not_assessed"	"not_assessed"	"not_assessed"	"false_pending_alpha_and_reestimated_beta"	"full_text_and_source_table_verified"	"Paper states these 39 rows passed FDR; row-level adjusted P is absent, so retained in Tier2 only."	"data_raw\literature_fulltext\PMID41630303_PMC12863894\supplements\medi-105-e45715-s001.xlsx"	"Table S3"	"36"	"published_beta"	"moderate"	"partially_overlapping"	"AD_deCODE_FinnGen_2026"	"not_applicable_to_published_beta"	"none"
"EVID_40037332_LILRA4_00fbbf9aa7d1"	"LILRA4"	"LILRA4"	"P59901"	"LILRA4"	"8299_66"	"SomaScan"	"assay_specific_target"	"AD"	"AD"	"clinically diagnosed Alzheimer disease GWAS"	"Belbasis L"	"2025"	"Brain : a journal of neurology"	"40037332"	"10.1093/brain/awaf018"	"peer_reviewed"	"SomaScan"	"UKB-PPP 54219 or deCODE 35559 according to platform"	"European"	"cis_lead_pQTL"	"lead cis-pQTL per assay"	"rs36068997"	"Wald ratio using lead cis-pQTL"	"-0.106465005931198"	"0.0305456702253855"	"0.8990065075063601"	"0.8467629280332358"	"0.9544734113667532"	"0.00049133410231863"	"Benjamini-Hochberg FDR"	"true"	"coloc.abf single-causal-variant"	"0.00406663273972024"	"not_reported"	"not_reported"	"cross-platform comparison reported"	"partially_overlapping_cross_platform"	"higher_protein_lower_risk"	"AD GWAS reported in Table S1"	"likely_overlap_with_Wightman_2021_components"	"possible"	"Tier2"	"false"	"assay_specific_review_required"	"literature_source_universe_tier2"	"no_strong_colocalization_or_independent_replication"	"not_assessed"	"not_assessed"	"not_assessed"	"false_pending_alpha_and_reestimated_beta"	"full_text_and_source_table_verified"	"FDR-significant AD row; colocalization joined by assay ID."	"data_processed\literature_supplements_extracted\PMID40037332\awaf018_supplementary_data\brain-2024-00441-File011.xlsx"	"Table S2"	"1923"	"published_beta"	"high"	"partially_overlapping"	"AD_UKB_deCODE_cross_platform"	"not_applicable_to_published_beta"	"OR and CI derived from reported beta and SE"
"EVID_41630303_LILRA5_5cd0a6691159"	"LILRA5"	"LILRA5"	"not_reported"	"LILRA5"	"7787_25_LILRA5_LIRA5"	"deCODE SomaScan"	"assay_specific_target"	"AD"	"AD"	"FinnGen AD"	"Zhao YH"	"2026"	"Medicine"	"41630303"	"10.1097/md.0000000000045715"	"peer_reviewed"	"deCODE"	"35559"	"European"	"mixed_or_not_explicitly_cis_only"	"P<5e-8; LD clumped instruments"	"15 SNPs; IDs in Table S2"	"IVW"	"-0.119657666"	"0.033653882"	"0.887224111"	"0.830589761"	"0.947720115"	"0.000377206"	"study-reported FDR<0.05"	"true"	"not_reported"	"not_reported"	"not_reported"	"not_reported"	"not_reported"	"not_reported"	"higher_protein_lower_risk"	"FinnGen AD"	"different_outcome_GWAS_from_primary_analysis"	"false"	"Tier2"	"false"	"SomaScan assay review required"	"literature_source_universe_tier2"	"not_cis_only;mapping_not_high_confidence;no_strong_colocalization_or_independent_replication"	"not_assessed"	"not_assessed"	"not_assessed"	"false_pending_alpha_and_reestimated_beta"	"full_text_and_source_table_verified"	"Paper states these 39 rows passed FDR; row-level adjusted P is absent, so retained in Tier2 only."	"data_raw\literature_fulltext\PMID41630303_PMC12863894\supplements\medi-105-e45715-s001.xlsx"	"Table S3"	"12"	"published_beta"	"moderate"	"partially_overlapping"	"AD_deCODE_FinnGen_2026"	"not_applicable_to_published_beta"	"none"
"EVID_40037332_LILRB1_b3c1b3b620dd"	"LILRB1"	"LILRB1"	"Q8NHL6"	"LILRB1"	"5090_49"	"SomaScan"	"assay_specific_target"	"AD"	"AD"	"clinically diagnosed Alzheimer disease GWAS"	"Belbasis L"	"2025"	"Brain : a journal of neurology"	"40037332"	"10.1093/brain/awaf018"	"peer_reviewed"	"SomaScan"	"UKB-PPP 54219 or deCODE 35559 according to platform"	"European"	"cis_lead_pQTL"	"lead cis-pQTL per assay"	"rs138131257"	"Wald ratio using lead cis-pQTL"	"-0.0509296685529506"	"0.012250481935203"	"0.9503455073567634"	"0.9277985837315873"	"0.9734403556865827"	"3.21945876121169e-05"	"Benjamini-Hochberg FDR"	"true"	"coloc.abf single-causal-variant"	"0.081012354374712"	"not_reported"	"not_reported"	"cross-platform comparison reported"	"partially_overlapping_cross_platform"	"higher_protein_lower_risk"	"AD GWAS reported in Table S1"	"likely_overlap_with_Wightman_2021_components"	"possible"	"Tier2"	"false"	"assay_specific_review_required"	"literature_source_universe_tier2"	"no_strong_colocalization_or_independent_replication"	"not_assessed"	"not_assessed"	"not_assessed"	"false_pending_alpha_and_reestimated_beta"	"full_text_and_source_table_verified"	"FDR-significant AD row; colocalization joined by assay ID."	"data_processed\literature_supplements_extracted\PMID40037332\awaf018_supplementary_data\brain-2024-00441-File011.xlsx"	"Table S2"	"1911"	"published_beta"	"high"	"partially_overlapping"	"AD_UKB_deCODE_cross_platform"	"not_applicable_to_published_beta"	"OR and CI derived from reported beta and SE"
"PMID42384774_SeqId_5090_49"	"LILRB1"	"LILRB1"	"mapping_unresolved"	"LILRB1"	"SeqId_5090_49"	"SomaScan cis-PWAS"	"aptamer_specific_target"	"AD"	"AD"	"AD dementia GWAS"	"Walker KA"	"2026"	"Science Translational Medicine"	"42384774"	"10.1126/scitranslmed.adx4852"	"peer_reviewed"	"published plasma cis-pQTL prediction models"	"not_reported"	"European American"	"cis_prediction_model"	"not_reported"	"not_reported"	"proteome-wide association study"	"not_reported"	"not_reported"	"not_reported"	"not_reported"	"not_reported"	"1.02e-05"	"study Bonferroni threshold"	"TRUE"	"not_reported"	"not_reported"	"not_reported"	"not_reported"	"not_reported"	"not_reported"	"negative_PWAS_Z"	"published AD GWAS"	"likely_overlap"	"false"	"Tier2"	"FALSE"	"SomaScan_cross_platform_review_required"	"literature_source_universe_tier2"	"PWAS_Z_not_standardized_beta;same_assay_alpha_beta_not_available"	"false"	"false"	"not_available_for_same_SomaScan_assay"	"false"	"full_text_and_source_table_verified"	"Bonferroni-significant PWAS candidate; retained as external evidence and not interpreted as a de novo discovery in the present analysis."	"adx4852_tables_s1_to_s30.xlsx"	"ST 1. AD PWAS Results"	"25"	"published_PWAS_Z_not_beta"	"moderate"	"partially_overlapping"	"AD_plasma_cis_PWAS_2026"	"not_applicable_to_PWAS_Z"	"PWAS.Z=-4.4139; no beta/SE conversion performed."
"EVID_40050982_LILRB2_fa5c5e842521"	"LILRB2"	"LILRB2"	"Q8N423"	"LILRB2"	"Q8N423"	"UKB-PPP Olink"	"UniProt-mapped protein"	"AD"	"AD"	"Bellenguez et al. 2022 AD discovery; FinnGen R11 replication"	"Zhan H"	"2025"	"Journal of translational medicine"	"40050982"	"10.1186/s12967-025-06317-5"	"peer_reviewed"	"UKB-PPP cis-pQTL"	"34557 European participants"	"European"	"cis_pQTL"	"cis-pQTL; discovery MR with Bellenguez AD; FinnGen R11 outcome replication"	"rs117421142;rs1761463;rs36618;rs3855678;rs71365450"	"Inverse variance weighted"	"-0.05129329438755058"	"not_reported_directly"	"0.95"	"0.93"	"0.97"	"1.13699462034519e-05"	"Benjamini-Hochberg FDR in discovery; P<0.00208 replication threshold"	"true"	"coloc.abf in discovery and replication"	"0.0"	"not_reported"	"not_reported"	"FinnGen R11 AD"	"independent_outcome_replication_corrected_same_direction"	"higher_protein_lower_risk"	"Bellenguez 2022 discovery; FinnGen R11 replication"	"Bellenguez_partially_overlaps_Wightman_components; FinnGen_independent_of_primary_AD_outcome_GWAS"	"partially_overlapping_discovery_with_independent_outcome_replication"	"Tier1"	"false"	"Olink assay review required"	"primary_high_confidence_panel"	"NA"	"true"	"true"	"<external_resource_root>\UKB-PPP\syn51365303_European_discovery\LILRB2_Q8N423_OID20301_v1_Cardiometabolic.tar"	"true"	"full_text_and_source_table_verified"	"Replication P=0.00045291056982084; replication PP.H4=0.0123."	"data_raw\literature_fulltext\PMID40050982_PMC11884171\supplements\12967_2025_6317_MOESM1_ESM.xlsx"	"Table S2"	"34"	"published_beta"	"high"	"independent_outcome_replication"	"AD_UKB_PPP_Bellenguez_FinnGen"	"not_applicable_to_published_beta"	"logOR derived from rounded reported OR; not eligible for mediation beta"
"EVID_40037332_LILRB5_1339ee63b47f"	"LILRB5"	"LILRB5"	"O75023"	"LILRB5"	"7015_8"	"SomaScan"	"assay_specific_target"	"AD"	"AD"	"clinically diagnosed Alzheimer disease GWAS"	"Belbasis L"	"2025"	"Brain : a journal of neurology"	"40037332"	"10.1093/brain/awaf018"	"peer_reviewed"	"SomaScan"	"UKB-PPP 54219 or deCODE 35559 according to platform"	"European"	"cis_lead_pQTL"	"lead cis-pQTL per assay"	"rs12975366"	"Wald ratio using lead cis-pQTL"	"-0.0307531015201817"	"0.00795037567709243"	"0.969714964672734"	"0.9547212768062264"	"0.9849441251125461"	"0.000109672353682268"	"Benjamini-Hochberg FDR"	"true"	"coloc.abf single-causal-variant"	"0.0147700375157872"	"not_reported"	"not_reported"	"cross-platform comparison reported"	"partially_overlapping_cross_platform"	"higher_protein_lower_risk"	"AD GWAS reported in Table S1"	"likely_overlap_with_Wightman_2021_components"	"possible"	"Tier2"	"false"	"assay_specific_review_required"	"literature_source_universe_tier2"	"no_strong_colocalization_or_independent_replication"	"not_assessed"	"not_assessed"	"not_assessed"	"false_pending_alpha_and_reestimated_beta"	"full_text_and_source_table_verified"	"FDR-significant AD row; colocalization joined by assay ID."	"data_processed\literature_supplements_extracted\PMID40037332\awaf018_supplementary_data\brain-2024-00441-File011.xlsx"	"Table S2"	"1915"	"published_beta"	"high"	"partially_overlapping"	"AD_UKB_deCODE_cross_platform"	"not_applicable_to_published_beta"	"OR and CI derived from reported beta and SE"
"EVID_40037332_LILRB5_ae09d28615b2"	"LILRB5"	"LILRB5"	"O75023"	"LILRB5"	"OID20324"	"Olink"	"assay_specific_target"	"AD"	"AD"	"clinically diagnosed Alzheimer disease GWAS"	"Belbasis L"	"2025"	"Brain : a journal of neurology"	"40037332"	"10.1093/brain/awaf018"	"peer_reviewed"	"Olink"	"UKB-PPP 54219 or deCODE 35559 according to platform"	"European"	"cis_lead_pQTL"	"lead cis-pQTL per assay"	"rs12975366"	"Wald ratio using lead cis-pQTL"	"-0.0296953693783375"	"0.00767692787905886"	"0.9707412060078386"	"0.956244019459171"	"0.9854581778974341"	"0.000109672353682268"	"Benjamini-Hochberg FDR"	"true"	"coloc.abf single-causal-variant"	"0.0109254046028256"	"not_reported"	"not_reported"	"cross-platform comparison reported"	"partially_overlapping_cross_platform"	"higher_protein_lower_risk"	"AD GWAS reported in Table S1"	"likely_overlap_with_Wightman_2021_components"	"possible"	"Tier2"	"false"	"assay_specific_review_required"	"literature_source_universe_tier2"	"no_strong_colocalization_or_independent_replication"	"not_assessed"	"not_assessed"	"not_assessed"	"false_pending_alpha_and_reestimated_beta"	"full_text_and_source_table_verified"	"FDR-significant AD row; colocalization joined by assay ID."	"data_processed\literature_supplements_extracted\PMID40037332\awaf018_supplementary_data\brain-2024-00441-File011.xlsx"	"Table S2"	"35"	"published_beta"	"high"	"partially_overlapping"	"AD_UKB_deCODE_cross_platform"	"not_applicable_to_published_beta"	"OR and CI derived from reported beta and SE"
"PMID40452368_deCODE_LILRB5"	"LILRB5"	"LILRB5"	"not_reported"	"LILRB5"	"not_reported"	"deCODE SomaScan"	"assay_specific_target"	"AD"	"AD"	"AD GWAS"	"Yu K"	"2025"	"Journal of Alzheimer's Disease"	"40452368"	"10.1177/13872877251344572"	"peer_reviewed"	"deCODE"	"not_reported"	"European"	"mixed_or_not_explicitly_cis_only"	"not_reported"	"not_reported"	"study-reported MR"	"-0.08352183616173285"	"not_reported"	"0.919871"	"0.89"	"0.95"	"8.14e-06"	"study Bonferroni threshold"	"TRUE"	"not_reported"	"not_reported"	"not_reported"	"not_reported"	"not_reported"	"not_reported"	"higher_protein_lower_risk"	"published AD GWAS"	"partially_overlapping_or_related"	"false"	"Tier2"	"FALSE"	"platform_mapping_required"	"literature_source_universe_tier2"	"published_cross_platform_beta_not_same_assay_primary_analysis_beta;highest_tier_requires_colocalization_or_replication_review"	"false"	"false"	"not_reported"	"false"	"full_text_and_source_table_verified"	"Study-Bonferroni-significant protein-outcome association; same dataset reports GRN/CR1 colocalization support."	"PMID40452368_supp5.xlsx"	"Supplemental Table 3"	"10"	"published_beta"	"moderate"	"partially_overlapping"	"AD_deCODE_2025"	"not_applicable_to_published_beta"	"not_reported"
"PMID42384774_SeqId_7015_8"	"LILRB5"	"LILRB5"	"mapping_unresolved"	"LILRB5"	"SeqId_7015_8"	"SomaScan cis-PWAS"	"aptamer_specific_target"	"AD"	"AD"	"AD dementia GWAS"	"Walker KA"	"2026"	"Science Translational Medicine"	"42384774"	"10.1126/scitranslmed.adx4852"	"peer_reviewed"	"published plasma cis-pQTL prediction models"	"not_reported"	"European American"	"cis_prediction_model"	"not_reported"	"not_reported"	"proteome-wide association study"	"not_reported"	"not_reported"	"not_reported"	"not_reported"	"not_reported"	"6.57e-06"	"study Bonferroni threshold"	"TRUE"	"not_reported"	"not_reported"	"not_reported"	"not_reported"	"not_reported"	"not_reported"	"negative_PWAS_Z"	"published AD GWAS"	"likely_overlap"	"false"	"Tier2"	"FALSE"	"SomaScan_cross_platform_review_required"	"literature_source_universe_tier2"	"PWAS_Z_not_standardized_beta;same_assay_alpha_beta_not_available"	"false"	"false"	"not_available_for_same_SomaScan_assay"	"false"	"full_text_and_source_table_verified"	"Bonferroni-significant PWAS candidate; retained as external evidence and not interpreted as a de novo discovery in the present analysis."	"adx4852_tables_s1_to_s30.xlsx"	"ST 1. AD PWAS Results"	"23"	"published_PWAS_Z_not_beta"	"moderate"	"partially_overlapping"	"AD_plasma_cis_PWAS_2026"	"not_applicable_to_PWAS_Z"	"PWAS.Z=-4.50723; no beta/SE conversion performed."
"EVID_41630303_LRP12_ca91d893623a"	"LRP12"	"LRP12"	"not_reported"	"LRP12"	"15506_34_LRP12_LRP12"	"deCODE SomaScan"	"assay_specific_target"	"AD"	"AD"	"FinnGen AD"	"Zhao YH"	"2026"	"Medicine"	"41630303"	"10.1097/md.0000000000045715"	"peer_reviewed"	"deCODE"	"35559"	"European"	"mixed_or_not_explicitly_cis_only"	"P<5e-8; LD clumped instruments"	"3 SNPs; IDs in Table S2"	"IVW"	"-0.622937523"	"0.205921253"	"0.536366532"	"0.358243205"	"0.803055166"	"0.002485304"	"study-reported FDR<0.05"	"true"	"not_reported"	"not_reported"	"not_reported"	"not_reported"	"not_reported"	"not_reported"	"higher_protein_lower_risk"	"FinnGen AD"	"different_outcome_GWAS_from_primary_analysis"	"false"	"Tier2"	"false"	"SomaScan assay review required"	"literature_source_universe_tier2"	"not_cis_only;mapping_not_high_confidence;no_strong_colocalization_or_independent_replication"	"not_assessed"	"not_assessed"	"not_assessed"	"false_pending_alpha_and_reestimated_beta"	"full_text_and_source_table_verified"	"Paper states these 39 rows passed FDR; row-level adjusted P is absent, so retained in Tier2 only."	"data_raw\literature_fulltext\PMID41630303_PMC12863894\supplements\medi-105-e45715-s001.xlsx"	"Table S3"	"23"	"published_beta"	"moderate"	"partially_overlapping"	"AD_deCODE_FinnGen_2026"	"not_applicable_to_published_beta"	"none"
"EVID_40037332_LRRC37A2_202290c77643"	"LRRC37A2"	"LRRC37A2"	"A6NM11"	"LRRC37A2"	"OID31440"	"Olink"	"assay_specific_target"	"AD"	"AD"	"clinically diagnosed Alzheimer disease GWAS"	"Belbasis L"	"2025"	"Brain : a journal of neurology"	"40037332"	"10.1093/brain/awaf018"	"peer_reviewed"	"Olink"	"UKB-PPP 54219 or deCODE 35559 according to platform"	"European"	"cis_lead_pQTL"	"lead cis-pQTL per assay"	"rs62057151"	"Wald ratio using lead cis-pQTL"	"-0.0438494234114672"	"0.00869814738427877"	"0.9570980631845468"	"0.9409194040841754"	"0.9735549065897056"	"4.6253193153506e-07"	"Benjamini-Hochberg FDR"	"true"	"coloc.abf single-causal-variant"	"0.0299383023711795"	"not_reported"	"not_reported"	"cross-platform comparison reported"	"partially_overlapping_cross_platform"	"higher_protein_lower_risk"	"AD GWAS reported in Table S1"	"likely_overlap_with_Wightman_2021_components"	"possible"	"Tier2"	"false"	"assay_specific_review_required"	"literature_source_universe_tier2"	"no_strong_colocalization_or_independent_replication"	"not_assessed"	"not_assessed"	"not_assessed"	"false_pending_alpha_and_reestimated_beta"	"full_text_and_source_table_verified"	"FDR-significant AD row; colocalization joined by assay ID."	"data_processed\literature_supplements_extracted\PMID40037332\awaf018_supplementary_data\brain-2024-00441-File011.xlsx"	"Table S2"	"20"	"published_beta"	"high"	"partially_overlapping"	"AD_UKB_deCODE_cross_platform"	"not_applicable_to_published_beta"	"OR and CI derived from reported beta and SE"
"EVID_40050982_LRRC37A2_6c59405d42c4"	"LRRC37A2"	"LRRC37A2"	"A6NM11"	"LRRC37A2"	"A6NM11"	"UKB-PPP Olink"	"UniProt-mapped protein"	"AD"	"AD"	"Bellenguez et al. 2022 AD discovery; FinnGen R11 replication"	"Zhan H"	"2025"	"Journal of translational medicine"	"40050982"	"10.1186/s12967-025-06317-5"	"peer_reviewed"	"UKB-PPP cis-pQTL"	"34557 European participants"	"European"	"cis_pQTL"	"cis-pQTL; discovery MR with Bellenguez AD; FinnGen R11 outcome replication"	"rs142309757;rs147691494;rs1635301;rs185129555;rs188075497;rs241043;rs534603189;rs55938136"	"Inverse variance weighted"	"-0.040821994520255166"	"not_reported_directly"	"0.96"	"0.94"	"0.97"	"7.23583394469886e-07"	"Benjamini-Hochberg FDR in discovery; P<0.00208 replication threshold"	"true"	"coloc.abf in discovery and replication"	"NA"	"not_reported"	"not_reported"	"FinnGen R11 AD"	"replication_not_corrected_or_direction_inconsistent"	"higher_protein_lower_risk"	"Bellenguez 2022 discovery; FinnGen R11 replication"	"Bellenguez_partially_overlaps_Wightman_components; FinnGen_independent_of_primary_AD_outcome_GWAS"	"partially_overlapping_discovery_with_independent_outcome_replication"	"Tier2"	"false"	"Olink assay review required"	"literature_source_universe_tier2"	"no_strong_colocalization_or_independent_replication"	"not_assessed"	"not_assessed"	"not_assessed"	"false_pending_alpha_and_reestimated_beta"	"full_text_and_source_table_verified"	"Replication P=0.814461531756257; replication PP.H4=NA."	"data_raw\literature_fulltext\PMID40050982_PMC11884171\supplements\12967_2025_6317_MOESM1_ESM.xlsx"	"Table S2"	"23"	"published_beta"	"high"	"partially_overlapping"	"AD_UKB_PPP_Bellenguez_FinnGen"	"not_applicable_to_published_beta"	"logOR derived from rounded reported OR; not eligible for mediation beta"
"EVID_41630303_LRRTM4_a90cf26a91db"	"LRRTM4"	"LRRTM4"	"not_reported"	"LRRTM4"	"6572_10_LRRTM4_LRRT4"	"deCODE SomaScan"	"assay_specific_target"	"AD"	"AD"	"FinnGen AD"	"Zhao YH"	"2026"	"Medicine"	"41630303"	"10.1097/md.0000000000045715"	"peer_reviewed"	"deCODE"	"35559"	"European"	"mixed_or_not_explicitly_cis_only"	"P<5e-8; LD clumped instruments"	"6 SNPs; IDs in Table S2"	"IVW"	"0.598619431"	"0.10548239"	"1.819604976"	"1.479751172"	"2.237512854"	"1.39e-08"	"study-reported FDR<0.05"	"true"	"not_reported"	"not_reported"	"not_reported"	"not_reported"	"not_reported"	"not_reported"	"higher_protein_higher_risk"	"FinnGen AD"	"different_outcome_GWAS_from_primary_analysis"	"false"	"Tier2"	"false"	"SomaScan assay review required"	"literature_source_universe_tier2"	"not_cis_only;mapping_not_high_confidence;no_strong_colocalization_or_independent_replication"	"not_assessed"	"not_assessed"	"not_assessed"	"false_pending_alpha_and_reestimated_beta"	"full_text_and_source_table_verified"	"Paper states these 39 rows passed FDR; row-level adjusted P is absent, so retained in Tier2 only."	"data_raw\literature_fulltext\PMID41630303_PMC12863894\supplements\medi-105-e45715-s001.xlsx"	"Table S3"	"6"	"published_beta"	"moderate"	"partially_overlapping"	"AD_deCODE_FinnGen_2026"	"not_applicable_to_published_beta"	"none"
"PMID40397384_SuppTable4_LY96"	"LY96"	"LY96"	"not_reported"	"LY96"	"not_reported"	"UKB-PPP"	"assay_specific_target"	"AD"	"AD"	"AD-IGAP"	"Li Y"	"2025"	"Journal of Alzheimer's Disease"	"40397384"	"10.1177/13872877251345151"	"peer_reviewed"	"UKB-PPP"	"not_reported"	"European"	"mixed_or_not_explicitly_cis_only"	"study-selected genome-wide instruments"	"not_reported"	"IVW"	"-0.28891466102825913"	"0.0723338751871162"	"0.749076128061608"	"0.650061011666564"	"0.863172895407521"	"6.4917989437556e-05"	"Benjamini-Hochberg FDR"	"TRUE"	"not_reported"	"not_reported"	"not_reported"	"not_reported"	"not_reported"	"not_reported"	"higher_protein_lower_risk"	"AD-IGAP"	"partially_overlapping_or_related"	"false"	"Tier2"	"FALSE"	"platform_mapping_required"	"literature_source_universe_tier2"	"no_colocalization_or_independent_replication;published_beta_not_same_assay_primary_analysis_beta"	"false"	"false"	"not_reported"	"false"	"full_text_and_source_table_verified"	"P adjusted significance"	"PMID40397384_supp2.xlsx"	"SuppTable4"	"6"	"published_beta"	"moderate"	"partially_overlapping"	"AD_UKB-PPP_2025"	"not_applicable_to_published_beta"	"not_reported"
"EVID_41630303_MAGEA3_7d5f98b7129a"	"MAGEA3"	"MAGEA3"	"not_reported"	"MAGEA3"	"12576_21_MAGEA3_MAGE_3"	"deCODE SomaScan"	"assay_specific_target"	"AD"	"AD"	"FinnGen AD"	"Zhao YH"	"2026"	"Medicine"	"41630303"	"10.1097/md.0000000000045715"	"peer_reviewed"	"deCODE"	"35559"	"European"	"mixed_or_not_explicitly_cis_only"	"P<5e-8; LD clumped instruments"	"7 SNPs; IDs in Table S2"	"IVW"	"0.833871457"	"0.22717916"	"2.302214434"	"1.474914915"	"3.593557329"	"0.000242033"	"study-reported FDR<0.05"	"true"	"not_reported"	"not_reported"	"not_reported"	"not_reported"	"not_reported"	"not_reported"	"higher_protein_higher_risk"	"FinnGen AD"	"different_outcome_GWAS_from_primary_analysis"	"false"	"Tier2"	"false"	"SomaScan assay review required"	"literature_source_universe_tier2"	"not_cis_only;mapping_not_high_confidence;no_strong_colocalization_or_independent_replication"	"not_assessed"	"not_assessed"	"not_assessed"	"false_pending_alpha_and_reestimated_beta"	"full_text_and_source_table_verified"	"Paper states these 39 rows passed FDR; row-level adjusted P is absent, so retained in Tier2 only."	"data_raw\literature_fulltext\PMID41630303_PMC12863894\supplements\medi-105-e45715-s001.xlsx"	"Table S3"	"11"	"published_beta"	"moderate"	"partially_overlapping"	"AD_deCODE_FinnGen_2026"	"not_applicable_to_published_beta"	"none"
"EVID_41630303_MICB_7397db989993"	"MICB"	"MICB"	"not_reported"	"MICB"	"5102_55_MICB_MICB"	"deCODE SomaScan"	"assay_specific_target"	"AD"	"AD"	"FinnGen AD"	"Zhao YH"	"2026"	"Medicine"	"41630303"	"10.1097/md.0000000000045715"	"peer_reviewed"	"deCODE"	"35559"	"European"	"mixed_or_not_explicitly_cis_only"	"P<5e-8; LD clumped instruments"	"14 SNPs; IDs in Table S2"	"IVW"	"0.090850952"	"0.031728767"	"1.09510577"	"1.029077294"	"1.165370818"	"0.004191711"	"study-reported FDR<0.05"	"true"	"not_reported"	"not_reported"	"not_reported"	"not_reported"	"not_reported"	"not_reported"	"higher_protein_higher_risk"	"FinnGen AD"	"different_outcome_GWAS_from_primary_analysis"	"false"	"Tier2"	"false"	"SomaScan assay review required"	"literature_source_universe_tier2"	"not_cis_only;mapping_not_high_confidence;no_strong_colocalization_or_independent_replication"	"not_assessed"	"not_assessed"	"not_assessed"	"false_pending_alpha_and_reestimated_beta"	"full_text_and_source_table_verified"	"Paper states these 39 rows passed FDR; row-level adjusted P is absent, so retained in Tier2 only."	"data_raw\literature_fulltext\PMID41630303_PMC12863894\supplements\medi-105-e45715-s001.xlsx"	"Table S3"	"31"	"published_beta"	"moderate"	"partially_overlapping"	"AD_deCODE_FinnGen_2026"	"not_applicable_to_published_beta"	"none"
"EVID_40037332_MME_b5d1a273b986"	"MME"	"MME"	"P08473"	"MME"	"OID21307"	"Olink"	"assay_specific_target"	"AD"	"AD"	"clinically diagnosed Alzheimer disease GWAS"	"Belbasis L"	"2025"	"Brain : a journal of neurology"	"40037332"	"10.1093/brain/awaf018"	"peer_reviewed"	"Olink"	"UKB-PPP 54219 or deCODE 35559 according to platform"	"European"	"cis_lead_pQTL"	"lead cis-pQTL per assay"	"rs79837905"	"Wald ratio using lead cis-pQTL"	"0.517433009237206"	"0.14757114703877"	"1.6777154373319243"	"1.2563284781474793"	"2.240440408397262"	"0.000454333067517152"	"Benjamini-Hochberg FDR"	"true"	"coloc.abf single-causal-variant"	"0.91669972933991"	"not_reported"	"not_reported"	"cross-platform comparison reported"	"partially_overlapping_cross_platform"	"higher_protein_higher_risk"	"AD GWAS reported in Table S1"	"likely_overlap_with_Wightman_2021_components"	"possible"	"Tier1"	"false"	"assay_specific_review_required"	"primary_high_confidence_panel"	"NA"	"true"	"true"	"<external_resource_root>\UKB-PPP\syn51365303_European_discovery\MME_P08473_OID21307_v1_Oncology.tar"	"true"	"full_text_and_source_table_verified"	"FDR-significant AD row; colocalization joined by assay ID."	"data_processed\literature_supplements_extracted\PMID40037332\awaf018_supplementary_data\brain-2024-00441-File011.xlsx"	"Table S2"	"46"	"published_beta"	"high"	"partially_overlapping"	"AD_UKB_deCODE_cross_platform"	"not_applicable_to_published_beta"	"OR and CI derived from reported beta and SE"
"EVID_40050982_MME_755ddce40598"	"MME"	"MME"	"P08473"	"MME"	"P08473"	"UKB-PPP Olink"	"UniProt-mapped protein"	"AD"	"AD"	"Bellenguez et al. 2022 AD discovery; FinnGen R11 replication"	"Zhan H"	"2025"	"Journal of translational medicine"	"40050982"	"10.1186/s12967-025-06317-5"	"peer_reviewed"	"UKB-PPP cis-pQTL"	"34557 European participants"	"European"	"cis_pQTL"	"cis-pQTL; discovery MR with Bellenguez AD; FinnGen R11 outcome replication"	"rs79837905"	"Wald ratio"	"0.5187937934151675"	"not_reported_directly"	"1.68"	"1.26"	"2.24"	"0.0004543330675171"	"Benjamini-Hochberg FDR in discovery; P<0.00208 replication threshold"	"true"	"coloc.abf in discovery and replication"	"NA"	"not_reported"	"not_reported"	"FinnGen R11 AD"	"replication_not_corrected_or_direction_inconsistent"	"higher_protein_higher_risk"	"Bellenguez 2022 discovery; FinnGen R11 replication"	"Bellenguez_partially_overlaps_Wightman_components; FinnGen_independent_of_primary_AD_outcome_GWAS"	"partially_overlapping_discovery_with_independent_outcome_replication"	"Tier2"	"false"	"Olink assay review required"	"literature_source_universe_tier2"	"no_strong_colocalization_or_independent_replication"	"not_assessed"	"not_assessed"	"not_assessed"	"false_pending_alpha_and_reestimated_beta"	"full_text_and_source_table_verified"	"Replication P=0.437543856654616; replication PP.H4=NA."	"data_raw\literature_fulltext\PMID40050982_PMC11884171\supplements\12967_2025_6317_MOESM1_ESM.xlsx"	"Table S2"	"57"	"published_beta"	"high"	"partially_overlapping"	"AD_UKB_PPP_Bellenguez_FinnGen"	"not_applicable_to_published_beta"	"logOR derived from rounded reported OR; not eligible for mediation beta"
"PMID40397384_SuppTable4_MZB1"	"MZB1"	"MZB1"	"not_reported"	"MZB1"	"not_reported"	"UKB-PPP"	"assay_specific_target"	"AD"	"AD"	"AD-IGAP"	"Li Y"	"2025"	"Journal of Alzheimer's Disease"	"40397384"	"10.1177/13872877251345151"	"peer_reviewed"	"UKB-PPP"	"not_reported"	"European"	"mixed_or_not_explicitly_cis_only"	"study-selected genome-wide instruments"	"not_reported"	"IVW"	"-0.22152794613268548"	"0.0542276586280144"	"0.801293528779757"	"0.720496906539146"	"0.89115069535615"	"4.40489584514045e-05"	"Benjamini-Hochberg FDR"	"TRUE"	"not_reported"	"not_reported"	"not_reported"	"not_reported"	"not_reported"	"not_reported"	"higher_protein_lower_risk"	"AD-IGAP"	"partially_overlapping_or_related"	"false"	"Tier2"	"FALSE"	"platform_mapping_required"	"literature_source_universe_tier2"	"no_colocalization_or_independent_replication;published_beta_not_same_assay_primary_analysis_beta"	"false"	"false"	"not_reported"	"false"	"full_text_and_source_table_verified"	"P adjusted significance"	"PMID40397384_supp2.xlsx"	"SuppTable4"	"5"	"published_beta"	"moderate"	"partially_overlapping"	"AD_UKB-PPP_2025"	"not_applicable_to_published_beta"	"not_reported"
"EVID_40037332_NECTIN2_c701b9439e15"	"NECTIN2"	"NECTIN2"	"Q92692"	"NECTIN2"	"OID20222"	"Olink"	"assay_specific_target"	"AD"	"AD"	"clinically diagnosed Alzheimer disease GWAS"	"Belbasis L"	"2025"	"Brain : a journal of neurology"	"40037332"	"10.1093/brain/awaf018"	"peer_reviewed"	"Olink"	"UKB-PPP 54219 or deCODE 35559 according to platform"	"European"	"cis_lead_pQTL"	"lead cis-pQTL per assay"	"rs440277"	"Wald ratio using lead cis-pQTL"	"0.72014326428548"	"0.0513218095851669"	"2.0547275586341507"	"1.8580963901648313"	"2.2721670213438894"	"9.94300948170135e-45"	"Benjamini-Hochberg FDR"	"true"	"coloc.abf single-causal-variant"	"4.88834008446578e-107"	"not_reported"	"not_reported"	"cross-platform comparison reported"	"partially_overlapping_cross_platform"	"higher_protein_higher_risk"	"AD GWAS reported in Table S1"	"likely_overlap_with_Wightman_2021_components"	"possible"	"Tier2"	"true"	"assay_specific_review_required"	"literature_source_universe_tier2"	"no_strong_colocalization_or_independent_replication;high_complexity_locus_requires_downgrade"	"not_assessed"	"not_assessed"	"not_assessed"	"false_pending_alpha_and_reestimated_beta"	"full_text_and_source_table_verified"	"FDR-significant AD row; colocalization joined by assay ID."	"data_processed\literature_supplements_extracted\PMID40037332\awaf018_supplementary_data\brain-2024-00441-File011.xlsx"	"Table S2"	"6"	"published_beta"	"high"	"partially_overlapping"	"AD_UKB_deCODE_cross_platform"	"not_applicable_to_published_beta"	"OR and CI derived from reported beta and SE"
"PMID40452368_UKB-PPP_NECTIN2"	"NECTIN2"	"NECTIN2"	"not_reported"	"NECTIN2"	"not_reported"	"UKB-PPP Olink"	"assay_specific_target"	"AD"	"AD"	"AD GWAS"	"Yu K"	"2025"	"Journal of Alzheimer's Disease"	"40452368"	"10.1177/13872877251344572"	"peer_reviewed"	"UKB-PPP"	"not_reported"	"European"	"mixed_or_not_explicitly_cis_only"	"not_reported"	"not_reported"	"study-reported MR"	"0.7201434790905036"	"not_reported"	"2.054728"	"1.86"	"2.27"	"9.94e-45"	"study Bonferroni threshold"	"TRUE"	"not_reported"	"not_reported"	"not_reported"	"not_reported"	"not_reported"	"not_reported"	"higher_protein_higher_risk"	"published AD GWAS"	"partially_overlapping_or_related"	"false"	"Tier2"	"FALSE"	"platform_mapping_required"	"literature_source_universe_tier2"	"published_cross_platform_beta_not_same_assay_primary_analysis_beta;highest_tier_requires_colocalization_or_replication_review"	"false"	"false"	"not_reported"	"false"	"full_text_and_source_table_verified"	"Study-Bonferroni-significant protein-outcome association; same dataset reports GRN/CR1 colocalization support."	"PMID40452368_supp5.xlsx"	"Supplemental Table 3"	"26"	"published_beta"	"moderate"	"partially_overlapping"	"AD_UKB-PPP_2025"	"not_applicable_to_published_beta"	"not_reported"
"EVID_40037332_NSF_aa8dd57b6793"	"NSF"	"NSF"	"P46459"	"NSF"	"13992_12"	"SomaScan"	"assay_specific_target"	"AD"	"AD"	"clinically diagnosed Alzheimer disease GWAS"	"Belbasis L"	"2025"	"Brain : a journal of neurology"	"40037332"	"10.1093/brain/awaf018"	"peer_reviewed"	"SomaScan"	"UKB-PPP 54219 or deCODE 35559 according to platform"	"European"	"cis_lead_pQTL"	"lead cis-pQTL per assay"	"rs11651642"	"Wald ratio using lead cis-pQTL"	"-0.370058873002523"	"0.0756938603868797"	"0.690693666230394"	"0.5954613240228682"	"0.8011565509374071"	"1.01406708444534e-06"	"Benjamini-Hochberg FDR"	"true"	"coloc.abf single-causal-variant"	"0.0138807510177761"	"not_reported"	"not_reported"	"cross-platform comparison reported"	"partially_overlapping_cross_platform"	"higher_protein_lower_risk"	"AD GWAS reported in Table S1"	"likely_overlap_with_Wightman_2021_components"	"possible"	"Tier2"	"false"	"assay_specific_review_required"	"literature_source_universe_tier2"	"no_strong_colocalization_or_independent_replication"	"not_assessed"	"not_assessed"	"not_assessed"	"false_pending_alpha_and_reestimated_beta"	"full_text_and_source_table_verified"	"FDR-significant AD row; colocalization joined by assay ID."	"data_processed\literature_supplements_extracted\PMID40037332\awaf018_supplementary_data\brain-2024-00441-File011.xlsx"	"Table S2"	"1906"	"published_beta"	"high"	"partially_overlapping"	"AD_UKB_deCODE_cross_platform"	"not_applicable_to_published_beta"	"OR and CI derived from reported beta and SE"
"EVID_41350740_OMGP_21aaa03b8988"	"OMGP"	"OMGP"	"not_reported"	"OMGP"	"deCODE protein label requires cross-platform mapping"	"deCODE SomaScan"	"not_reported"	"AD"	"AD"	"European AD meta-analysis; AD GWAS 1"	"Liu X"	"2025"	"Alzheimer's research & therapy"	"41350740"	"10.1186/s13195-025-01901-9"	"peer_reviewed"	"deCODE"	"35559"	"European"	"cis_pQTL"	"cis-pQTL within +/-1 Mb; P<5e-8; MHC excluded; r2<0.001"	"reported in Table S3"	"Wald ratio"	"-0.485833333"	"0.125"	"0.615184329"	"0.481507567"	"0.785972611"	"0.00010163"	"Benjamini-Hochberg FDR"	"true"	"Bayesian coloc within +/-1 Mb"	"0.241"	"reported in Table S24"	"0.482179"	"IGAP; FinnGen; ARIC; INTERVAL as available"	"single_external_replication_reported"	"higher_protein_lower_risk"	"AD GWAS 1 (398058 participants)"	"partially_overlaps_or_reuses_components_of_Wightman_2021"	"possible"	"Tier2"	"false"	"SomaScan assay mapping review required"	"literature_source_universe_tier2"	"no_strong_colocalization_or_independent_replication"	"not_assessed"	"not_assessed"	"not_assessed"	"false_pending_alpha_and_reestimated_beta"	"full_text_and_source_table_verified"	"Source-paper tier was not copied automatically; raw FDR, colocalization and replication fields drive study-specific evidence tiering."	"data_raw\literature_fulltext\PMID41350740_PMC12681122\supplements\13195_2025_1901_MOESM1_ESM.xlsx"	"Table S6"	"13"	"published_beta"	"high"	"partially_overlapping"	"AD_deCODE_multiomics_2025"	"not_applicable_to_published_beta"	"none"
"EVID_40037332_PARP1_b37bbc3588e3"	"PARP1"	"PARP1"	"P09874"	"PARP1"	"8893_29"	"SomaScan"	"assay_specific_target"	"AD"	"AD"	"clinically diagnosed Alzheimer disease GWAS"	"Belbasis L"	"2025"	"Brain : a journal of neurology"	"40037332"	"10.1093/brain/awaf018"	"peer_reviewed"	"SomaScan"	"UKB-PPP 54219 or deCODE 35559 according to platform"	"European"	"cis_lead_pQTL"	"lead cis-pQTL per assay"	"rs878367"	"Wald ratio using lead cis-pQTL"	"-0.553412462908011"	"0.161721068249258"	"0.5749843459972349"	"0.41878996705807087"	"0.789433902785032"	"0.000621581187452362"	"Benjamini-Hochberg FDR"	"true"	"coloc.abf single-causal-variant"	"0.409305139782722"	"not_reported"	"not_reported"	"cross-platform comparison reported"	"partially_overlapping_cross_platform"	"higher_protein_lower_risk"	"AD GWAS reported in Table S1"	"likely_overlap_with_Wightman_2021_components"	"possible"	"Tier2"	"false"	"assay_specific_review_required"	"literature_source_universe_tier2"	"no_strong_colocalization_or_independent_replication"	"not_assessed"	"not_assessed"	"not_assessed"	"false_pending_alpha_and_reestimated_beta"	"full_text_and_source_table_verified"	"FDR-significant AD row; colocalization joined by assay ID."	"data_processed\literature_supplements_extracted\PMID40037332\awaf018_supplementary_data\brain-2024-00441-File011.xlsx"	"Table S2"	"1926"	"published_beta"	"high"	"partially_overlapping"	"AD_UKB_deCODE_cross_platform"	"not_applicable_to_published_beta"	"OR and CI derived from reported beta and SE"
"PMID40397384_SuppTable6_PCDHA4"	"PCDHA4"	"PCDHA4"	"not_reported"	"PCDHA4"	"not_reported"	"deCODE SomaScan"	"assay_specific_target"	"AD"	"AD"	"AD-EADB"	"Li Y"	"2025"	"Journal of Alzheimer's Disease"	"40397384"	"10.1177/13872877251345151"	"peer_reviewed"	"deCODE SomaScan"	"not_reported"	"European"	"mixed_or_not_explicitly_cis_only"	"study-selected genome-wide instruments"	"not_reported"	"IVW"	"-0.1596626762159705"	"0.0345518213454247"	"0.85243128582068"	"0.796614627448151"	"0.912158868301967"	"3.81963527612044e-06"	"Benjamini-Hochberg FDR"	"TRUE"	"not_reported"	"not_reported"	"not_reported"	"not_reported"	"not_reported"	"not_reported"	"higher_protein_lower_risk"	"AD-EADB"	"partially_overlapping_or_related"	"false"	"Tier2"	"FALSE"	"platform_mapping_required"	"literature_source_universe_tier2"	"no_colocalization_or_independent_replication;published_beta_not_same_assay_primary_analysis_beta"	"false"	"false"	"not_reported"	"false"	"full_text_and_source_table_verified"	"P adjusted significance"	"PMID40397384_supp2.xlsx"	"SuppTable6"	"5"	"published_beta"	"moderate"	"partially_overlapping"	"AD_deCODE SomaScan_2025"	"not_applicable_to_published_beta"	"not_reported"
"EVID_41630303_PCDHGA10_1d8db06c6063"	"PCDHGA10"	"PCDHGA10"	"not_reported"	"PCDHGA10"	"6321_65_PCDHGA10_PCDGA"	"deCODE SomaScan"	"assay_specific_target"	"AD"	"AD"	"FinnGen AD"	"Zhao YH"	"2026"	"Medicine"	"41630303"	"10.1097/md.0000000000045715"	"peer_reviewed"	"deCODE"	"35559"	"European"	"mixed_or_not_explicitly_cis_only"	"P<5e-8; LD clumped instruments"	"5 SNPs; IDs in Table S2"	"IVW"	"-0.324001545"	"0.124687497"	"0.723249125"	"0.566437213"	"0.923472691"	"0.009362967"	"study-reported FDR<0.05"	"true"	"not_reported"	"not_reported"	"not_reported"	"not_reported"	"not_reported"	"not_reported"	"higher_protein_lower_risk"	"FinnGen AD"	"different_outcome_GWAS_from_primary_analysis"	"false"	"Tier2"	"false"	"SomaScan assay review required"	"literature_source_universe_tier2"	"not_cis_only;mapping_not_high_confidence;no_strong_colocalization_or_independent_replication"	"not_assessed"	"not_assessed"	"not_assessed"	"false_pending_alpha_and_reestimated_beta"	"full_text_and_source_table_verified"	"Paper states these 39 rows passed FDR; row-level adjusted P is absent, so retained in Tier2 only."	"data_raw\literature_fulltext\PMID41630303_PMC12863894\supplements\medi-105-e45715-s001.xlsx"	"Table S3"	"39"	"published_beta"	"moderate"	"partially_overlapping"	"AD_deCODE_FinnGen_2026"	"not_applicable_to_published_beta"	"none"
"EVID_41630303_PEBP1_65f9ab4d107e"	"PEBP1"	"PEBP1"	"not_reported"	"PEBP1"	"4276_10_PEBP1_prostatic_binding_protein"	"deCODE SomaScan"	"assay_specific_target"	"AD"	"AD"	"FinnGen AD"	"Zhao YH"	"2026"	"Medicine"	"41630303"	"10.1097/md.0000000000045715"	"peer_reviewed"	"deCODE"	"35559"	"European"	"mixed_or_not_explicitly_cis_only"	"P<5e-8; LD clumped instruments"	"8 SNPs; IDs in Table S2"	"IVW"	"-0.170151724"	"0.052327262"	"0.843536822"	"0.761311132"	"0.934643328"	"0.001147235"	"study-reported FDR<0.05"	"true"	"not_reported"	"not_reported"	"not_reported"	"not_reported"	"not_reported"	"not_reported"	"higher_protein_lower_risk"	"FinnGen AD"	"different_outcome_GWAS_from_primary_analysis"	"false"	"Tier2"	"false"	"SomaScan assay review required"	"literature_source_universe_tier2"	"not_cis_only;mapping_not_high_confidence;no_strong_colocalization_or_independent_replication"	"not_assessed"	"not_assessed"	"not_assessed"	"false_pending_alpha_and_reestimated_beta"	"full_text_and_source_table_verified"	"Paper states these 39 rows passed FDR; row-level adjusted P is absent, so retained in Tier2 only."	"data_raw\literature_fulltext\PMID41630303_PMC12863894\supplements\medi-105-e45715-s001.xlsx"	"Table S3"	"15"	"published_beta"	"moderate"	"partially_overlapping"	"AD_deCODE_FinnGen_2026"	"not_applicable_to_published_beta"	"none"
"EVID_41630303_PHGDH_f3dc08f2dd13"	"PHGDH"	"PHGDH"	"not_reported"	"PHGDH"	"15548_35_PHGDH_SERA"	"deCODE SomaScan"	"assay_specific_target"	"AD"	"AD"	"FinnGen AD"	"Zhao YH"	"2026"	"Medicine"	"41630303"	"10.1097/md.0000000000045715"	"peer_reviewed"	"deCODE"	"35559"	"European"	"mixed_or_not_explicitly_cis_only"	"P<5e-8; LD clumped instruments"	"13 SNPs; IDs in Table S2"	"IVW"	"-0.554648891"	"0.136610178"	"0.574273858"	"0.43937376"	"0.75059208"	"4.91e-05"	"study-reported FDR<0.05"	"true"	"not_reported"	"not_reported"	"not_reported"	"not_reported"	"not_reported"	"not_reported"	"higher_protein_lower_risk"	"FinnGen AD"	"different_outcome_GWAS_from_primary_analysis"	"false"	"Tier2"	"false"	"SomaScan assay review required"	"literature_source_universe_tier2"	"not_cis_only;mapping_not_high_confidence;no_strong_colocalization_or_independent_replication"	"not_assessed"	"not_assessed"	"not_assessed"	"false_pending_alpha_and_reestimated_beta"	"full_text_and_source_table_verified"	"Paper states these 39 rows passed FDR; row-level adjusted P is absent, so retained in Tier2 only."	"data_raw\literature_fulltext\PMID41630303_PMC12863894\supplements\medi-105-e45715-s001.xlsx"	"Table S3"	"9"	"published_beta"	"moderate"	"partially_overlapping"	"AD_deCODE_FinnGen_2026"	"not_applicable_to_published_beta"	"none"
"EVID_40037332_PILRA_c04fcc5539cd"	"PILRA"	"PILRA"	"Q9UKJ1"	"PILRA"	"10816_150"	"SomaScan"	"assay_specific_target"	"AD"	"AD"	"clinically diagnosed Alzheimer disease GWAS"	"Belbasis L"	"2025"	"Brain : a journal of neurology"	"40037332"	"10.1093/brain/awaf018"	"peer_reviewed"	"SomaScan"	"UKB-PPP 54219 or deCODE 35559 according to platform"	"European"	"cis_lead_pQTL"	"lead cis-pQTL per assay"	"rs1859788"	"Wald ratio using lead cis-pQTL"	"-0.0579587438423645"	"0.00677339901477832"	"0.9436888796108731"	"0.9312433912933162"	"0.9563006941337063"	"1.16025304745146e-17"	"Benjamini-Hochberg FDR"	"true"	"coloc.abf single-causal-variant"	"0.994679212538602"	"not_reported"	"not_reported"	"cross-platform comparison reported"	"partially_overlapping_cross_platform"	"higher_protein_lower_risk"	"AD GWAS reported in Table S1"	"likely_overlap_with_Wightman_2021_components"	"possible"	"Tier1"	"false"	"assay_specific_review_required"	"primary_high_confidence_panel"	"NA"	"true"	"true"	"<external_resource_root>\UKB-PPP\syn51365303_European_discovery\PILRA_Q9UKJ1_OID21129_v1_Neurology.tar"	"true"	"full_text_and_source_table_verified"	"FDR-significant AD row; colocalization joined by assay ID."	"data_processed\literature_supplements_extracted\PMID40037332\awaf018_supplementary_data\brain-2024-00441-File011.xlsx"	"Table S2"	"1899"	"published_beta"	"high"	"partially_overlapping"	"AD_UKB_deCODE_cross_platform"	"not_applicable_to_published_beta"	"OR and CI derived from reported beta and SE"
"EVID_40037332_PILRA_4abe59628b08"	"PILRA"	"PILRA"	"Q9UKJ1"	"PILRA"	"OID21129"	"Olink"	"assay_specific_target"	"AD"	"AD"	"clinically diagnosed Alzheimer disease GWAS"	"Belbasis L"	"2025"	"Brain : a journal of neurology"	"40037332"	"10.1093/brain/awaf018"	"peer_reviewed"	"Olink"	"UKB-PPP 54219 or deCODE 35559 according to platform"	"European"	"cis_lead_pQTL"	"lead cis-pQTL per assay"	"rs1859788"	"Wald ratio using lead cis-pQTL"	"0.0752683872773435"	"0.00879630555166829"	"1.0781734801015828"	"1.059744274340373"	"1.0969231741477614"	"1.16025304745146e-17"	"Benjamini-Hochberg FDR"	"true"	"coloc.abf single-causal-variant"	"0.99467919849473"	"not_reported"	"not_reported"	"cross-platform comparison reported"	"partially_overlapping_cross_platform"	"higher_protein_higher_risk"	"AD GWAS reported in Table S1"	"likely_overlap_with_Wightman_2021_components"	"possible"	"Tier1"	"false"	"assay_specific_review_required"	"primary_high_confidence_panel"	"NA"	"true"	"true"	"<external_resource_root>\UKB-PPP\syn51365303_European_discovery\PILRA_Q9UKJ1_OID21129_v1_Neurology.tar"	"true"	"full_text_and_source_table_verified"	"FDR-significant AD row; colocalization joined by assay ID."	"data_processed\literature_supplements_extracted\PMID40037332\awaf018_supplementary_data\brain-2024-00441-File011.xlsx"	"Table S2"	"11"	"published_beta"	"high"	"partially_overlapping"	"AD_UKB_deCODE_cross_platform"	"not_applicable_to_published_beta"	"OR and CI derived from reported beta and SE"
"EVID_40050982_PILRA_66c9573b2555"	"PILRA"	"PILRA"	"Q9UKJ1"	"PILRA"	"Q9UKJ1"	"UKB-PPP Olink"	"UniProt-mapped protein"	"AD"	"AD"	"Bellenguez et al. 2022 AD discovery; FinnGen R11 replication"	"Zhan H"	"2025"	"Journal of translational medicine"	"40050982"	"10.1186/s12967-025-06317-5"	"peer_reviewed"	"UKB-PPP cis-pQTL"	"34557 European participants"	"European"	"cis_pQTL"	"cis-pQTL; discovery MR with Bellenguez AD; FinnGen R11 outcome replication"	"rs118107707;rs143258652;rs148092638;rs221789;rs76909436;rs7792939"	"Inverse variance weighted"	"0.058268908123975824"	"not_reported_directly"	"1.06"	"1.03"	"1.1"	"0.0006290166049576"	"Benjamini-Hochberg FDR in discovery; P<0.00208 replication threshold"	"true"	"coloc.abf in discovery and replication"	"0.9947"	"not_reported"	"not_reported"	"FinnGen R11 AD"	"independent_outcome_replication_corrected_same_direction"	"higher_protein_higher_risk"	"Bellenguez 2022 discovery; FinnGen R11 replication"	"Bellenguez_partially_overlaps_Wightman_components; FinnGen_independent_of_primary_AD_outcome_GWAS"	"partially_overlapping_discovery_with_independent_outcome_replication"	"Tier1"	"false"	"Olink assay review required"	"primary_high_confidence_panel"	"NA"	"true"	"true"	"<external_resource_root>\UKB-PPP\syn51365303_European_discovery\PILRA_Q9UKJ1_OID21129_v1_Neurology.tar"	"true"	"full_text_and_source_table_verified"	"Replication P=0.00146020772482174; replication PP.H4=0.9949."	"data_raw\literature_fulltext\PMID40050982_PMC11884171\supplements\12967_2025_6317_MOESM1_ESM.xlsx"	"Table S2"	"64"	"published_beta"	"high"	"independent_outcome_replication"	"AD_UKB_PPP_Bellenguez_FinnGen"	"not_applicable_to_published_beta"	"logOR derived from rounded reported OR; not eligible for mediation beta"
"EVID_41350740_PILRA_290e17ad5eca"	"PILRA isoform FDF03-M14"	"PILRA"	"not_reported"	"PILRA isoform FDF03-M14"	"deCODE protein label requires cross-platform mapping"	"deCODE SomaScan"	"PILRA isoform FDF03-M14"	"AD"	"AD"	"European AD meta-analysis; AD GWAS 1"	"Liu X"	"2025"	"Alzheimer's research & therapy"	"41350740"	"10.1186/s13195-025-01901-9"	"peer_reviewed"	"deCODE"	"35559"	"European"	"cis_pQTL"	"cis-pQTL within +/-1 Mb; P<5e-8; MHC excluded; r2<0.001"	"reported in Table S3"	"Wald ratio"	"-0.046"	"0.008307692"	"0.955041962"	"0.939616865"	"0.970720283"	"3.08e-08"	"Benjamini-Hochberg FDR"	"true"	"Bayesian coloc within +/-1 Mb"	"0.993"	"reported in Table S24"	"0.2536509"	"IGAP; FinnGen; ARIC; INTERVAL as available"	"independent_external_replication_reported"	"higher_protein_lower_risk"	"AD GWAS 1 (398058 participants)"	"partially_overlaps_or_reuses_components_of_Wightman_2021"	"possible"	"Tier1"	"false"	"SomaScan assay mapping review required"	"primary_high_confidence_panel"	"NA"	"false"	"false"	"not_available_or_target_mapping_unresolved"	"false"	"full_text_and_source_table_verified"	"Source-paper tier was not copied automatically; raw FDR, colocalization and replication fields drive study-specific evidence tiering."	"data_raw\literature_fulltext\PMID41350740_PMC12681122\supplements\13195_2025_1901_MOESM1_ESM.xlsx"	"Table S6"	"6"	"published_beta"	"high"	"partially_overlapping"	"AD_deCODE_multiomics_2025"	"not_applicable_to_published_beta"	"none"
"EVID_41350740_PILRA_907ea888b4cd"	"PILRA isoform FDF03-deltaTM"	"PILRA"	"not_reported"	"PILRA isoform FDF03-deltaTM"	"deCODE protein label requires cross-platform mapping"	"deCODE SomaScan"	"PILRA isoform FDF03-deltaTM"	"AD"	"AD"	"European AD meta-analysis; AD GWAS 1"	"Liu X"	"2025"	"Alzheimer's research & therapy"	"41350740"	"10.1186/s13195-025-01901-9"	"peer_reviewed"	"deCODE"	"35559"	"European"	"cis_pQTL"	"cis-pQTL within +/-1 Mb; P<5e-8; MHC excluded; r2<0.001"	"reported in Table S3"	"Wald ratio"	"-0.045648855"	"0.008244275"	"0.955377379"	"0.940063706"	"0.970940513"	"3.08e-08"	"Benjamini-Hochberg FDR"	"true"	"Bayesian coloc within +/-1 Mb"	"0.993"	"reported in Table S24"	"0.2536509"	"IGAP; FinnGen; ARIC; INTERVAL as available"	"independent_external_replication_reported"	"higher_protein_lower_risk"	"AD GWAS 1 (398058 participants)"	"partially_overlaps_or_reuses_components_of_Wightman_2021"	"possible"	"Tier1"	"false"	"SomaScan assay mapping review required"	"primary_high_confidence_panel"	"NA"	"false"	"false"	"not_available_or_target_mapping_unresolved"	"false"	"full_text_and_source_table_verified"	"Source-paper tier was not copied automatically; raw FDR, colocalization and replication fields drive study-specific evidence tiering."	"data_raw\literature_fulltext\PMID41350740_PMC12681122\supplements\13195_2025_1901_MOESM1_ESM.xlsx"	"Table S6"	"7"	"published_beta"	"high"	"partially_overlapping"	"AD_deCODE_multiomics_2025"	"not_applicable_to_published_beta"	"none"
"EVID_41630303_PILRA_092a4885ad64"	"PILRA"	"PILRA"	"not_reported"	"PILRA"	"10816_150_PILRA_PILRA_isoform_FDF03_M14"	"deCODE SomaScan"	"assay_specific_target"	"AD"	"AD"	"FinnGen AD"	"Zhao YH"	"2026"	"Medicine"	"41630303"	"10.1097/md.0000000000045715"	"peer_reviewed"	"deCODE"	"35559"	"European"	"mixed_or_not_explicitly_cis_only"	"P<5e-8; LD clumped instruments"	"26 SNPs; IDs in Table S2"	"IVW"	"-0.059083748"	"0.019353738"	"0.942627823"	"0.907540511"	"0.97907168"	"0.002266913"	"study-reported FDR<0.05"	"true"	"not_reported"	"not_reported"	"not_reported"	"not_reported"	"not_reported"	"not_reported"	"higher_protein_lower_risk"	"FinnGen AD"	"different_outcome_GWAS_from_primary_analysis"	"false"	"Tier2"	"false"	"SomaScan assay review required"	"literature_source_universe_tier2"	"not_cis_only;mapping_not_high_confidence;no_strong_colocalization_or_independent_replication"	"not_assessed"	"not_assessed"	"<external_resource_root>\UKB-PPP\syn51365303_European_discovery\PILRA_Q9UKJ1_OID21129_v1_Neurology.tar"	"false_pending_alpha_and_reestimated_beta"	"full_text_and_source_table_verified"	"Paper states these 39 rows passed FDR; row-level adjusted P is absent, so retained in Tier2 only."	"data_raw\literature_fulltext\PMID41630303_PMC12863894\supplements\medi-105-e45715-s001.xlsx"	"Table S3"	"21"	"published_beta"	"moderate"	"partially_overlapping"	"AD_deCODE_FinnGen_2026"	"not_applicable_to_published_beta"	"none"
"PMID42384774_SeqId_10816_150"	"PILRA"	"PILRA"	"mapping_unresolved"	"PILRA"	"SeqId_10816_150"	"SomaScan cis-PWAS"	"aptamer_specific_target"	"AD"	"AD"	"AD dementia GWAS"	"Walker KA"	"2026"	"Science Translational Medicine"	"42384774"	"10.1126/scitranslmed.adx4852"	"peer_reviewed"	"published plasma cis-pQTL prediction models"	"not_reported"	"European American"	"cis_prediction_model"	"not_reported"	"not_reported"	"proteome-wide association study"	"not_reported"	"not_reported"	"not_reported"	"not_reported"	"not_reported"	"4.71e-18"	"study Bonferroni threshold"	"TRUE"	"not_reported"	"not_reported"	"not_reported"	"not_reported"	"not_reported"	"not_reported"	"negative_PWAS_Z"	"published AD GWAS"	"likely_overlap"	"false"	"Tier2"	"FALSE"	"SomaScan_cross_platform_review_required"	"literature_source_universe_tier2"	"PWAS_Z_not_standardized_beta;same_assay_alpha_beta_not_available"	"false"	"false"	"not_available_for_same_SomaScan_assay"	"false"	"full_text_and_source_table_verified"	"Bonferroni-significant PWAS candidate; retained as external evidence and not interpreted as a de novo discovery in the present analysis."	"adx4852_tables_s1_to_s30.xlsx"	"ST 1. AD PWAS Results"	"11"	"published_PWAS_Z_not_beta"	"moderate"	"partially_overlapping"	"AD_plasma_cis_PWAS_2026"	"not_applicable_to_PWAS_Z"	"PWAS.Z=-8.6601; no beta/SE conversion performed."
"PMID42384774_SeqId_6402_8"	"PILRA"	"PILRA"	"mapping_unresolved"	"PILRA"	"SeqId_6402_8"	"SomaScan cis-PWAS"	"aptamer_specific_target"	"AD"	"AD"	"AD dementia GWAS"	"Walker KA"	"2026"	"Science Translational Medicine"	"42384774"	"10.1126/scitranslmed.adx4852"	"peer_reviewed"	"published plasma cis-pQTL prediction models"	"not_reported"	"European American"	"cis_prediction_model"	"not_reported"	"not_reported"	"proteome-wide association study"	"not_reported"	"not_reported"	"not_reported"	"not_reported"	"not_reported"	"6.62e-18"	"study Bonferroni threshold"	"TRUE"	"not_reported"	"not_reported"	"not_reported"	"not_reported"	"not_reported"	"not_reported"	"negative_PWAS_Z"	"published AD GWAS"	"likely_overlap"	"false"	"Tier2"	"FALSE"	"SomaScan_cross_platform_review_required"	"literature_source_universe_tier2"	"PWAS_Z_not_standardized_beta;same_assay_alpha_beta_not_available"	"false"	"false"	"not_available_for_same_SomaScan_assay"	"false"	"full_text_and_source_table_verified"	"Bonferroni-significant PWAS candidate; retained as external evidence and not interpreted as a de novo discovery in the present analysis."	"adx4852_tables_s1_to_s30.xlsx"	"ST 1. AD PWAS Results"	"12"	"published_PWAS_Z_not_beta"	"moderate"	"partially_overlapping"	"AD_plasma_cis_PWAS_2026"	"not_applicable_to_PWAS_Z"	"PWAS.Z=-8.6213; no beta/SE conversion performed."
"EVID_40037332_PILRB_018bb1fd770c"	"PILRB"	"PILRB"	"Q9UKJ0"	"PILRB"	"OID20197"	"Olink"	"assay_specific_target"	"AD"	"AD"	"clinically diagnosed Alzheimer disease GWAS"	"Belbasis L"	"2025"	"Brain : a journal of neurology"	"40037332"	"10.1093/brain/awaf018"	"peer_reviewed"	"Olink"	"UKB-PPP 54219 or deCODE 35559 according to platform"	"European"	"cis_lead_pQTL"	"lead cis-pQTL per assay"	"rs1859788"	"Wald ratio using lead cis-pQTL"	"0.0656752867297544"	"0.00767519951157821"	"1.067879906085426"	"1.051935599974124"	"1.0840658818363686"	"1.16025304745144e-17"	"Benjamini-Hochberg FDR"	"true"	"coloc.abf single-causal-variant"	"0.99467919849473"	"not_reported"	"not_reported"	"cross-platform comparison reported"	"partially_overlapping_cross_platform"	"higher_protein_higher_risk"	"AD GWAS reported in Table S1"	"likely_overlap_with_Wightman_2021_components"	"possible"	"Tier1"	"false"	"assay_specific_review_required"	"primary_high_confidence_panel"	"NA"	"true"	"true"	"<external_resource_root>\UKB-PPP\syn51365303_European_discovery\PILRB_Q9UKJ0_OID20197_v1_Cardiometabolic.tar"	"true"	"full_text_and_source_table_verified"	"FDR-significant AD row; colocalization joined by assay ID."	"data_processed\literature_supplements_extracted\PMID40037332\awaf018_supplementary_data\brain-2024-00441-File011.xlsx"	"Table S2"	"10"	"published_beta"	"high"	"partially_overlapping"	"AD_UKB_deCODE_cross_platform"	"not_applicable_to_published_beta"	"OR and CI derived from reported beta and SE"
"EVID_40050982_PILRB_5c270164ad66"	"PILRB"	"PILRB"	"Q9UKJ0"	"PILRB"	"Q9UKJ0"	"UKB-PPP Olink"	"UniProt-mapped protein"	"AD"	"AD"	"Bellenguez et al. 2022 AD discovery; FinnGen R11 replication"	"Zhan H"	"2025"	"Journal of translational medicine"	"40050982"	"10.1186/s12967-025-06317-5"	"peer_reviewed"	"UKB-PPP cis-pQTL"	"34557 European participants"	"European"	"cis_pQTL"	"cis-pQTL; discovery MR with Bellenguez AD; FinnGen R11 outcome replication"	"rs10281471;rs117009535;rs13236076;rs145717836;rs2720393;rs77484847"	"Inverse variance weighted"	"0.0769610411361284"	"not_reported_directly"	"1.08"	"1.05"	"0.11"	"9.75944890380494e-09"	"Benjamini-Hochberg FDR in discovery; P<0.00208 replication threshold"	"true"	"coloc.abf in discovery and replication"	"0.9947"	"not_reported"	"not_reported"	"FinnGen R11 AD"	"independent_outcome_replication_corrected_same_direction"	"higher_protein_higher_risk"	"Bellenguez 2022 discovery; FinnGen R11 replication"	"Bellenguez_partially_overlaps_Wightman_components; FinnGen_independent_of_primary_AD_outcome_GWAS"	"partially_overlapping_discovery_with_independent_outcome_replication"	"Tier1"	"false"	"Olink assay review required"	"primary_high_confidence_panel"	"NA"	"true"	"true"	"<external_resource_root>\UKB-PPP\syn51365303_European_discovery\PILRB_Q9UKJ0_OID20197_v1_Cardiometabolic.tar"	"true"	"full_text_and_source_table_verified"	"Replication P=3.52418874309067e-05; replication PP.H4=0.9949."	"data_raw\literature_fulltext\PMID40050982_PMC11884171\supplements\12967_2025_6317_MOESM1_ESM.xlsx"	"Table S2"	"14"	"published_beta"	"high"	"independent_outcome_replication"	"AD_UKB_PPP_Bellenguez_FinnGen"	"not_applicable_to_published_beta"	"logOR derived from rounded reported OR; not eligible for mediation beta"
"EVID_40037332_PLOD2_bf8dc050b276"	"PLOD2"	"PLOD2"	"O00469"	"PLOD2"	"6923_1"	"SomaScan"	"assay_specific_target"	"AD"	"AD"	"clinically diagnosed Alzheimer disease GWAS"	"Belbasis L"	"2025"	"Brain : a journal of neurology"	"40037332"	"10.1093/brain/awaf018"	"peer_reviewed"	"SomaScan"	"UKB-PPP 54219 or deCODE 35559 according to platform"	"European"	"cis_lead_pQTL"	"lead cis-pQTL per assay"	"rs148118826"	"Wald ratio using lead cis-pQTL"	"-0.52552739982524"	"0.131194607414804"	"0.5912434604272996"	"0.45718423450853934"	"0.7646126071556791"	"6.18317733737273e-05"	"Benjamini-Hochberg FDR"	"true"	"coloc.abf single-causal-variant"	"0.93968959798413"	"not_reported"	"not_reported"	"cross-platform comparison reported"	"partially_overlapping_cross_platform"	"higher_protein_lower_risk"	"AD GWAS reported in Table S1"	"likely_overlap_with_Wightman_2021_components"	"possible"	"Tier1"	"false"	"assay_specific_review_required"	"primary_high_confidence_panel"	"NA"	"false"	"false"	"not_available_or_target_mapping_unresolved"	"false"	"full_text_and_source_table_verified"	"FDR-significant AD row; colocalization joined by assay ID."	"data_processed\literature_supplements_extracted\PMID40037332\awaf018_supplementary_data\brain-2024-00441-File011.xlsx"	"Table S2"	"1913"	"published_beta"	"high"	"partially_overlapping"	"AD_UKB_deCODE_cross_platform"	"not_applicable_to_published_beta"	"OR and CI derived from reported beta and SE"
"EVID_40037332_PRSS53_973430d202b7"	"PRSS53"	"PRSS53"	"Q2L4Q9"	"PRSS53"	"OID31093"	"Olink"	"assay_specific_target"	"AD"	"AD"	"clinically diagnosed Alzheimer disease GWAS"	"Belbasis L"	"2025"	"Brain : a journal of neurology"	"40037332"	"10.1093/brain/awaf018"	"peer_reviewed"	"Olink"	"UKB-PPP 54219 or deCODE 35559 according to platform"	"European"	"cis_lead_pQTL"	"lead cis-pQTL per assay"	"rs4468641"	"Wald ratio using lead cis-pQTL"	"-0.0423685726875233"	"0.00949056028200521"	"0.9585164324817019"	"0.9408513982464237"	"0.9765131380469213"	"8.0336303954979e-06"	"Benjamini-Hochberg FDR"	"true"	"coloc.abf single-causal-variant"	"0.00235010036976843"	"not_reported"	"not_reported"	"cross-platform comparison reported"	"partially_overlapping_cross_platform"	"higher_protein_lower_risk"	"AD GWAS reported in Table S1"	"likely_overlap_with_Wightman_2021_components"	"possible"	"Tier2"	"false"	"assay_specific_review_required"	"literature_source_universe_tier2"	"no_strong_colocalization_or_independent_replication"	"not_assessed"	"not_assessed"	"not_assessed"	"false_pending_alpha_and_reestimated_beta"	"full_text_and_source_table_verified"	"FDR-significant AD row; colocalization joined by assay ID."	"data_processed\literature_supplements_extracted\PMID40037332\awaf018_supplementary_data\brain-2024-00441-File011.xlsx"	"Table S2"	"27"	"published_beta"	"high"	"partially_overlapping"	"AD_UKB_deCODE_cross_platform"	"not_applicable_to_published_beta"	"OR and CI derived from reported beta and SE"
"EVID_40037332_PRSS8_5b0fc45ef407"	"PRSS8"	"PRSS8"	"Q16651"	"PRSS8"	"OID20763"	"Olink"	"assay_specific_target"	"AD"	"AD"	"clinically diagnosed Alzheimer disease GWAS"	"Belbasis L"	"2025"	"Brain : a journal of neurology"	"40037332"	"10.1093/brain/awaf018"	"peer_reviewed"	"Olink"	"UKB-PPP 54219 or deCODE 35559 according to platform"	"European"	"cis_lead_pQTL"	"lead cis-pQTL per assay"	"rs889555"	"Wald ratio using lead cis-pQTL"	"-0.482894233111753"	"0.0791772526363414"	"0.6169950775720383"	"0.5283049272303"	"0.7205742481787936"	"1.06800119949768e-09"	"Benjamini-Hochberg FDR"	"true"	"coloc.abf single-causal-variant"	"0.984843891737627"	"not_reported"	"not_reported"	"cross-platform comparison reported"	"partially_overlapping_cross_platform"	"higher_protein_lower_risk"	"AD GWAS reported in Table S1"	"likely_overlap_with_Wightman_2021_components"	"possible"	"Tier1"	"false"	"assay_specific_review_required"	"primary_high_confidence_panel"	"NA"	"true"	"true"	"<external_resource_root>\UKB-PPP\syn51365303_European_discovery\PRSS8_Q16651_OID20763_v1_Inflammation.tar"	"true"	"full_text_and_source_table_verified"	"FDR-significant AD row; colocalization joined by assay ID."	"data_processed\literature_supplements_extracted\PMID40037332\awaf018_supplementary_data\brain-2024-00441-File011.xlsx"	"Table S2"	"17"	"published_beta"	"high"	"partially_overlapping"	"AD_UKB_deCODE_cross_platform"	"not_applicable_to_published_beta"	"OR and CI derived from reported beta and SE"
"EVID_40050982_PRSS8_fd3b55642647"	"PRSS8"	"PRSS8"	"Q16651"	"PRSS8"	"Q16651"	"UKB-PPP Olink"	"UniProt-mapped protein"	"AD"	"AD"	"Bellenguez et al. 2022 AD discovery; FinnGen R11 replication"	"Zhan H"	"2025"	"Journal of translational medicine"	"40050982"	"10.1186/s12967-025-06317-5"	"peer_reviewed"	"UKB-PPP cis-pQTL"	"34557 European participants"	"European"	"cis_pQTL"	"cis-pQTL; discovery MR with Bellenguez AD; FinnGen R11 outcome replication"	"rs889555"	"Wald ratio"	"-0.4780358009429998"	"not_reported_directly"	"0.62"	"0.53"	"0.72"	"1.06800119949768e-09"	"Benjamini-Hochberg FDR in discovery; P<0.00208 replication threshold"	"true"	"coloc.abf in discovery and replication"	"NA"	"not_reported"	"not_reported"	"FinnGen R11 AD"	"replication_not_corrected_or_direction_inconsistent"	"higher_protein_lower_risk"	"Bellenguez 2022 discovery; FinnGen R11 replication"	"Bellenguez_partially_overlaps_Wightman_components; FinnGen_independent_of_primary_AD_outcome_GWAS"	"partially_overlapping_discovery_with_independent_outcome_replication"	"Tier2"	"false"	"Olink assay review required"	"literature_source_universe_tier2"	"no_strong_colocalization_or_independent_replication"	"not_assessed"	"not_assessed"	"not_assessed"	"false_pending_alpha_and_reestimated_beta"	"full_text_and_source_table_verified"	"Replication P=0.0176580605080629; replication PP.H4=NA."	"data_raw\literature_fulltext\PMID40050982_PMC11884171\supplements\12967_2025_6317_MOESM1_ESM.xlsx"	"Table S2"	"13"	"published_beta"	"high"	"partially_overlapping"	"AD_UKB_PPP_Bellenguez_FinnGen"	"not_applicable_to_published_beta"	"logOR derived from rounded reported OR; not eligible for mediation beta"
"PMID40452368_UKB-PPP_PRSS8"	"PRSS8"	"PRSS8"	"not_reported"	"PRSS8"	"not_reported"	"UKB-PPP Olink"	"assay_specific_target"	"AD"	"AD"	"AD GWAS"	"Yu K"	"2025"	"Journal of Alzheimer's Disease"	"40452368"	"10.1177/13872877251344572"	"peer_reviewed"	"UKB-PPP"	"not_reported"	"European"	"mixed_or_not_explicitly_cis_only"	"not_reported"	"not_reported"	"study-reported MR"	"-0.4828943588372994"	"not_reported"	"0.616995"	"0.53"	"0.72"	"1.07e-09"	"study Bonferroni threshold"	"TRUE"	"not_reported"	"not_reported"	"not_reported"	"not_reported"	"not_reported"	"not_reported"	"higher_protein_lower_risk"	"published AD GWAS"	"partially_overlapping_or_related"	"false"	"Tier2"	"FALSE"	"platform_mapping_required"	"literature_source_universe_tier2"	"published_cross_platform_beta_not_same_assay_primary_analysis_beta;highest_tier_requires_colocalization_or_replication_review"	"false"	"false"	"not_reported"	"false"	"full_text_and_source_table_verified"	"Study-Bonferroni-significant protein-outcome association; same dataset reports GRN/CR1 colocalization support."	"PMID40452368_supp5.xlsx"	"Supplemental Table 3"	"27"	"published_beta"	"moderate"	"partially_overlapping"	"AD_UKB-PPP_2025"	"not_applicable_to_published_beta"	"not_reported"
"EVID_41630303_PSD2_93bd7d313ace"	"PSD2"	"PSD2"	"not_reported"	"PSD2"	"9118_7_PSD2_PSD2"	"deCODE SomaScan"	"assay_specific_target"	"AD"	"AD"	"FinnGen AD"	"Zhao YH"	"2026"	"Medicine"	"41630303"	"10.1097/md.0000000000045715"	"peer_reviewed"	"deCODE"	"35559"	"European"	"mixed_or_not_explicitly_cis_only"	"P<5e-8; LD clumped instruments"	"22 SNPs; IDs in Table S2"	"IVW"	"-0.352032422"	"0.088541098"	"0.703257321"	"0.591216516"	"0.836530858"	"7.01e-05"	"study-reported FDR<0.05"	"true"	"not_reported"	"not_reported"	"not_reported"	"not_reported"	"not_reported"	"not_reported"	"higher_protein_lower_risk"	"FinnGen AD"	"different_outcome_GWAS_from_primary_analysis"	"false"	"Tier2"	"false"	"SomaScan assay review required"	"literature_source_universe_tier2"	"not_cis_only;mapping_not_high_confidence;no_strong_colocalization_or_independent_replication"	"not_assessed"	"not_assessed"	"not_assessed"	"false_pending_alpha_and_reestimated_beta"	"full_text_and_source_table_verified"	"Paper states these 39 rows passed FDR; row-level adjusted P is absent, so retained in Tier2 only."	"data_raw\literature_fulltext\PMID41630303_PMC12863894\supplements\medi-105-e45715-s001.xlsx"	"Table S3"	"10"	"published_beta"	"moderate"	"partially_overlapping"	"AD_deCODE_FinnGen_2026"	"not_applicable_to_published_beta"	"none"
"EVID_41630303_PSME1_a9a36064bc6c"	"PSME1"	"PSME1"	"not_reported"	"PSME1"	"5918_5_PSME1_PSME1"	"deCODE SomaScan"	"assay_specific_target"	"AD"	"AD"	"FinnGen AD"	"Zhao YH"	"2026"	"Medicine"	"41630303"	"10.1097/md.0000000000045715"	"peer_reviewed"	"deCODE"	"35559"	"European"	"mixed_or_not_explicitly_cis_only"	"P<5e-8; LD clumped instruments"	"3 SNPs; IDs in Table S2"	"IVW"	"-1.200535683"	"0.21846021"	"0.301032911"	"0.196180977"	"0.461924569"	"3.9e-08"	"study-reported FDR<0.05"	"true"	"not_reported"	"not_reported"	"not_reported"	"not_reported"	"not_reported"	"not_reported"	"higher_protein_lower_risk"	"FinnGen AD"	"different_outcome_GWAS_from_primary_analysis"	"false"	"Tier2"	"false"	"SomaScan assay review required"	"literature_source_universe_tier2"	"not_cis_only;mapping_not_high_confidence;no_strong_colocalization_or_independent_replication"	"not_assessed"	"not_assessed"	"not_assessed"	"false_pending_alpha_and_reestimated_beta"	"full_text_and_source_table_verified"	"Paper states these 39 rows passed FDR; row-level adjusted P is absent, so retained in Tier2 only."	"data_raw\literature_fulltext\PMID41630303_PMC12863894\supplements\medi-105-e45715-s001.xlsx"	"Table S3"	"7"	"published_beta"	"moderate"	"partially_overlapping"	"AD_deCODE_FinnGen_2026"	"not_applicable_to_published_beta"	"none"
"EVID_40037332_PVR_1bc4d4465d88"	"PVR"	"PVR"	"P15151"	"PVR"	"OID21011"	"Olink"	"assay_specific_target"	"AD"	"AD"	"clinically diagnosed Alzheimer disease GWAS"	"Belbasis L"	"2025"	"Brain : a journal of neurology"	"40037332"	"10.1093/brain/awaf018"	"peer_reviewed"	"Olink"	"UKB-PPP 54219 or deCODE 35559 according to platform"	"European"	"cis_lead_pQTL"	"lead cis-pQTL per assay"	"rs2301274"	"Wald ratio using lead cis-pQTL"	"0.085452804492376"	"0.0130976768790397"	"1.089210154304843"	"1.0616044096552095"	"1.1175337531106289"	"6.83326780035207e-11"	"Benjamini-Hochberg FDR"	"true"	"coloc.abf single-causal-variant"	"1.30167543269089e-98"	"not_reported"	"not_reported"	"cross-platform comparison reported"	"partially_overlapping_cross_platform"	"higher_protein_higher_risk"	"AD GWAS reported in Table S1"	"likely_overlap_with_Wightman_2021_components"	"possible"	"Tier2"	"false"	"assay_specific_review_required"	"literature_source_universe_tier2"	"no_strong_colocalization_or_independent_replication"	"not_assessed"	"not_assessed"	"not_assessed"	"false_pending_alpha_and_reestimated_beta"	"full_text_and_source_table_verified"	"FDR-significant AD row; colocalization joined by assay ID."	"data_processed\literature_supplements_extracted\PMID40037332\awaf018_supplementary_data\brain-2024-00441-File011.xlsx"	"Table S2"	"15"	"published_beta"	"high"	"partially_overlapping"	"AD_UKB_deCODE_cross_platform"	"not_applicable_to_published_beta"	"OR and CI derived from reported beta and SE"
"PMID42384774_SeqId_6245_4"	"PVRL2"	"PVRL2"	"mapping_unresolved"	"PVRL2"	"SeqId_6245_4"	"SomaScan cis-PWAS"	"aptamer_specific_target"	"AD"	"AD"	"AD dementia GWAS"	"Walker KA"	"2026"	"Science Translational Medicine"	"42384774"	"10.1126/scitranslmed.adx4852"	"peer_reviewed"	"published plasma cis-pQTL prediction models"	"not_reported"	"European American"	"cis_prediction_model"	"not_reported"	"not_reported"	"proteome-wide association study"	"not_reported"	"not_reported"	"not_reported"	"not_reported"	"not_reported"	"7.69e-13"	"study Bonferroni threshold"	"TRUE"	"not_reported"	"not_reported"	"not_reported"	"not_reported"	"not_reported"	"not_reported"	"positive_PWAS_Z"	"published AD GWAS"	"likely_overlap"	"false"	"Tier2"	"TRUE"	"SomaScan_cross_platform_review_required"	"literature_source_universe_tier2"	"PWAS_Z_not_standardized_beta;same_assay_alpha_beta_not_available"	"false"	"false"	"not_available_for_same_SomaScan_assay"	"false"	"full_text_and_source_table_verified"	"Bonferroni-significant PWAS candidate; retained as external evidence and not interpreted as a de novo discovery in the present analysis."	"adx4852_tables_s1_to_s30.xlsx"	"ST 1. AD PWAS Results"	"14"	"published_PWAS_Z_not_beta"	"moderate"	"partially_overlapping"	"AD_plasma_cis_PWAS_2026"	"not_applicable_to_PWAS_Z"	"PWAS.Z=7.16655; no beta/SE conversion performed."
"PMID40452368_UKB-PPP_PYDC1"	"PYDC1"	"PYDC1"	"not_reported"	"PYDC1"	"not_reported"	"UKB-PPP Olink"	"assay_specific_target"	"AD"	"AD"	"AD GWAS"	"Yu K"	"2025"	"Journal of Alzheimer's Disease"	"40452368"	"10.1177/13872877251344572"	"peer_reviewed"	"UKB-PPP"	"not_reported"	"European"	"mixed_or_not_explicitly_cis_only"	"not_reported"	"not_reported"	"study-reported MR"	"0.1677771308945353"	"not_reported"	"1.182673"	"1.11"	"1.26"	"4.81e-07"	"study Bonferroni threshold"	"TRUE"	"not_reported"	"not_reported"	"not_reported"	"not_reported"	"not_reported"	"not_reported"	"higher_protein_higher_risk"	"published AD GWAS"	"partially_overlapping_or_related"	"false"	"Tier2"	"FALSE"	"platform_mapping_required"	"literature_source_universe_tier2"	"published_cross_platform_beta_not_same_assay_primary_analysis_beta;highest_tier_requires_colocalization_or_replication_review"	"false"	"false"	"not_reported"	"false"	"full_text_and_source_table_verified"	"Study-Bonferroni-significant protein-outcome association; same dataset reports GRN/CR1 colocalization support."	"PMID40452368_supp5.xlsx"	"Supplemental Table 3"	"28"	"published_beta"	"moderate"	"partially_overlapping"	"AD_UKB-PPP_2025"	"not_applicable_to_published_beta"	"not_reported"
"EVID_41630303_RARRES2_c269fefabf7f"	"RARRES2"	"RARRES2"	"not_reported"	"RARRES2"	"3079_62_RARRES2_TIG2"	"deCODE SomaScan"	"assay_specific_target"	"AD"	"AD"	"FinnGen AD"	"Zhao YH"	"2026"	"Medicine"	"41630303"	"10.1097/md.0000000000045715"	"peer_reviewed"	"deCODE"	"35559"	"European"	"mixed_or_not_explicitly_cis_only"	"P<5e-8; LD clumped instruments"	"8 SNPs; IDs in Table S2"	"IVW"	"-0.155014418"	"0.057995154"	"0.85640283"	"0.76438406"	"0.959499086"	"0.007520187"	"study-reported FDR<0.05"	"true"	"not_reported"	"not_reported"	"not_reported"	"not_reported"	"not_reported"	"not_reported"	"higher_protein_lower_risk"	"FinnGen AD"	"different_outcome_GWAS_from_primary_analysis"	"false"	"Tier2"	"false"	"SomaScan assay review required"	"literature_source_universe_tier2"	"not_cis_only;mapping_not_high_confidence;no_strong_colocalization_or_independent_replication"	"not_assessed"	"not_assessed"	"not_assessed"	"false_pending_alpha_and_reestimated_beta"	"full_text_and_source_table_verified"	"Paper states these 39 rows passed FDR; row-level adjusted P is absent, so retained in Tier2 only."	"data_raw\literature_fulltext\PMID41630303_PMC12863894\supplements\medi-105-e45715-s001.xlsx"	"Table S3"	"33"	"published_beta"	"moderate"	"partially_overlapping"	"AD_deCODE_FinnGen_2026"	"not_applicable_to_published_beta"	"none"
"EVID_41630303_RNASET2_f82d8df0d72f"	"RNASET2"	"RNASET2"	"not_reported"	"RNASET2"	"16913_8_RNASET2_RNT2"	"deCODE SomaScan"	"assay_specific_target"	"AD"	"AD"	"FinnGen AD"	"Zhao YH"	"2026"	"Medicine"	"41630303"	"10.1097/md.0000000000045715"	"peer_reviewed"	"deCODE"	"35559"	"European"	"mixed_or_not_explicitly_cis_only"	"P<5e-8; LD clumped instruments"	"8 SNPs; IDs in Table S2"	"IVW"	"-0.117273728"	"0.039090253"	"0.889341722"	"0.823747997"	"0.960158569"	"0.002699123"	"study-reported FDR<0.05"	"true"	"not_reported"	"not_reported"	"not_reported"	"not_reported"	"not_reported"	"not_reported"	"higher_protein_lower_risk"	"FinnGen AD"	"different_outcome_GWAS_from_primary_analysis"	"false"	"Tier2"	"false"	"SomaScan assay review required"	"literature_source_universe_tier2"	"not_cis_only;mapping_not_high_confidence;no_strong_colocalization_or_independent_replication"	"not_assessed"	"not_assessed"	"not_assessed"	"false_pending_alpha_and_reestimated_beta"	"full_text_and_source_table_verified"	"Paper states these 39 rows passed FDR; row-level adjusted P is absent, so retained in Tier2 only."	"data_raw\literature_fulltext\PMID41630303_PMC12863894\supplements\medi-105-e45715-s001.xlsx"	"Table S3"	"25"	"published_beta"	"moderate"	"partially_overlapping"	"AD_deCODE_FinnGen_2026"	"not_applicable_to_published_beta"	"none"
"EVID_41630303_S100A13_671378b51dd5"	"S100A13"	"S100A13"	"not_reported"	"S100A13"	"7223_60_S100A13_S100A13"	"deCODE SomaScan"	"assay_specific_target"	"AD"	"AD"	"FinnGen AD"	"Zhao YH"	"2026"	"Medicine"	"41630303"	"10.1097/md.0000000000045715"	"peer_reviewed"	"deCODE"	"35559"	"European"	"mixed_or_not_explicitly_cis_only"	"P<5e-8; LD clumped instruments"	"10 SNPs; IDs in Table S2"	"IVW"	"-0.329654927"	"0.077958341"	"0.719171857"	"0.617267206"	"0.837899949"	"2.35e-05"	"study-reported FDR<0.05"	"true"	"not_reported"	"not_reported"	"not_reported"	"not_reported"	"not_reported"	"not_reported"	"higher_protein_lower_risk"	"FinnGen AD"	"different_outcome_GWAS_from_primary_analysis"	"false"	"Tier2"	"false"	"SomaScan assay review required"	"literature_source_universe_tier2"	"not_cis_only;mapping_not_high_confidence;no_strong_colocalization_or_independent_replication"	"not_assessed"	"not_assessed"	"not_assessed"	"false_pending_alpha_and_reestimated_beta"	"full_text_and_source_table_verified"	"Paper states these 39 rows passed FDR; row-level adjusted P is absent, so retained in Tier2 only."	"data_raw\literature_fulltext\PMID41630303_PMC12863894\supplements\medi-105-e45715-s001.xlsx"	"Table S3"	"8"	"published_beta"	"moderate"	"partially_overlapping"	"AD_deCODE_FinnGen_2026"	"not_applicable_to_published_beta"	"none"
"PMID42384774_SeqId_10419_1"	"SCARA5"	"SCARA5"	"mapping_unresolved"	"SCARA5"	"SeqId_10419_1"	"SomaScan cis-PWAS"	"aptamer_specific_target"	"AD"	"AD"	"AD dementia GWAS"	"Walker KA"	"2026"	"Science Translational Medicine"	"42384774"	"10.1126/scitranslmed.adx4852"	"peer_reviewed"	"published plasma cis-pQTL prediction models"	"not_reported"	"European American"	"cis_prediction_model"	"not_reported"	"not_reported"	"proteome-wide association study"	"not_reported"	"not_reported"	"not_reported"	"not_reported"	"not_reported"	"2.72e-05"	"study Bonferroni threshold"	"TRUE"	"not_reported"	"not_reported"	"not_reported"	"not_reported"	"not_reported"	"not_reported"	"negative_PWAS_Z"	"published AD GWAS"	"likely_overlap"	"false"	"Tier2"	"FALSE"	"SomaScan_cross_platform_review_required"	"literature_source_universe_tier2"	"PWAS_Z_not_standardized_beta;same_assay_alpha_beta_not_available"	"false"	"false"	"not_available_for_same_SomaScan_assay"	"false"	"full_text_and_source_table_verified"	"Bonferroni-significant PWAS candidate; retained as external evidence and not interpreted as a de novo discovery in the present analysis."	"adx4852_tables_s1_to_s30.xlsx"	"ST 1. AD PWAS Results"	"26"	"published_PWAS_Z_not_beta"	"moderate"	"partially_overlapping"	"AD_plasma_cis_PWAS_2026"	"not_applicable_to_PWAS_Z"	"PWAS.Z=-4.196; no beta/SE conversion performed."
"EVID_40050982_SERPINB1_24cecbc9ad6b"	"SERPINB1"	"SERPINB1"	"P30740"	"SERPINB1"	"P30740"	"UKB-PPP Olink"	"UniProt-mapped protein"	"AD"	"AD"	"Bellenguez et al. 2022 AD discovery; FinnGen R11 replication"	"Zhan H"	"2025"	"Journal of translational medicine"	"40050982"	"10.1186/s12967-025-06317-5"	"peer_reviewed"	"UKB-PPP cis-pQTL"	"34557 European participants"	"European"	"cis_pQTL"	"cis-pQTL; discovery MR with Bellenguez AD; FinnGen R11 outcome replication"	"rs2293772;rs6925835"	"Inverse variance weighted"	"-0.2876820724517809"	"not_reported_directly"	"0.75"	"0.65"	"0.88"	"0.0002313699360625"	"Benjamini-Hochberg FDR in discovery; P<0.00208 replication threshold"	"true"	"coloc.abf in discovery and replication"	"NA"	"not_reported"	"not_reported"	"FinnGen R11 AD"	"replication_not_corrected_or_direction_inconsistent"	"higher_protein_lower_risk"	"Bellenguez 2022 discovery; FinnGen R11 replication"	"Bellenguez_partially_overlaps_Wightman_components; FinnGen_independent_of_primary_AD_outcome_GWAS"	"partially_overlapping_discovery_with_independent_outcome_replication"	"Tier2"	"false"	"Olink assay review required"	"literature_source_universe_tier2"	"no_strong_colocalization_or_independent_replication"	"not_assessed"	"not_assessed"	"not_assessed"	"false_pending_alpha_and_reestimated_beta"	"full_text_and_source_table_verified"	"Replication P=0.319770401932615; replication PP.H4=NA."	"data_raw\literature_fulltext\PMID40050982_PMC11884171\supplements\12967_2025_6317_MOESM1_ESM.xlsx"	"Table S2"	"53"	"published_beta"	"high"	"partially_overlapping"	"AD_UKB_PPP_Bellenguez_FinnGen"	"not_applicable_to_published_beta"	"logOR derived from rounded reported OR; not eligible for mediation beta"
"EVID_40037332_SERPINF2_68e2967c6b8e"	"SERPINF2"	"SERPINF2"	"P08697"	"SERPINF2"	"3024_18"	"SomaScan"	"assay_specific_target"	"AD"	"AD"	"clinically diagnosed Alzheimer disease GWAS"	"Belbasis L"	"2025"	"Brain : a journal of neurology"	"40037332"	"10.1093/brain/awaf018"	"peer_reviewed"	"SomaScan"	"UKB-PPP 54219 or deCODE 35559 according to platform"	"European"	"cis_lead_pQTL"	"lead cis-pQTL per assay"	"rs11078596"	"Wald ratio using lead cis-pQTL"	"-0.222479721900347"	"0.0614136732329084"	"0.8005312398378969"	"0.7097442951888475"	"0.9029311969120993"	"0.000291609837055174"	"Benjamini-Hochberg FDR"	"true"	"coloc.abf single-causal-variant"	"0.375983464422326"	"not_reported"	"not_reported"	"cross-platform comparison reported"	"partially_overlapping_cross_platform"	"higher_protein_lower_risk"	"AD GWAS reported in Table S1"	"likely_overlap_with_Wightman_2021_components"	"possible"	"Tier2"	"false"	"assay_specific_review_required"	"literature_source_universe_tier2"	"no_strong_colocalization_or_independent_replication"	"not_assessed"	"not_assessed"	"not_assessed"	"false_pending_alpha_and_reestimated_beta"	"full_text_and_source_table_verified"	"FDR-significant AD row; colocalization joined by assay ID."	"data_processed\literature_supplements_extracted\PMID40037332\awaf018_supplementary_data\brain-2024-00441-File011.xlsx"	"Table S2"	"1921"	"published_beta"	"high"	"partially_overlapping"	"AD_UKB_deCODE_cross_platform"	"not_applicable_to_published_beta"	"OR and CI derived from reported beta and SE"
"EVID_40037332_SERPINF2_1c14c83a7342"	"SERPINF2"	"SERPINF2"	"P08697"	"SERPINF2"	"OID30779"	"Olink"	"assay_specific_target"	"AD"	"AD"	"clinically diagnosed Alzheimer disease GWAS"	"Belbasis L"	"2025"	"Brain : a journal of neurology"	"40037332"	"10.1093/brain/awaf018"	"peer_reviewed"	"Olink"	"UKB-PPP 54219 or deCODE 35559 according to platform"	"European"	"cis_lead_pQTL"	"lead cis-pQTL per assay"	"rs11078597"	"Wald ratio using lead cis-pQTL"	"-0.193320767483446"	"0.0507467014644048"	"0.8242175495427904"	"0.7461830732728378"	"0.9104127302093425"	"0.000139234698544715"	"Benjamini-Hochberg FDR"	"true"	"coloc.abf single-causal-variant"	"0.39467964625247"	"not_reported"	"not_reported"	"cross-platform comparison reported"	"partially_overlapping_cross_platform"	"higher_protein_lower_risk"	"AD GWAS reported in Table S1"	"likely_overlap_with_Wightman_2021_components"	"possible"	"Tier2"	"false"	"assay_specific_review_required"	"literature_source_universe_tier2"	"no_strong_colocalization_or_independent_replication"	"not_assessed"	"not_assessed"	"not_assessed"	"false_pending_alpha_and_reestimated_beta"	"full_text_and_source_table_verified"	"FDR-significant AD row; colocalization joined by assay ID."	"data_processed\literature_supplements_extracted\PMID40037332\awaf018_supplementary_data\brain-2024-00441-File011.xlsx"	"Table S2"	"37"	"published_beta"	"high"	"partially_overlapping"	"AD_UKB_deCODE_cross_platform"	"not_applicable_to_published_beta"	"OR and CI derived from reported beta and SE"
"EVID_40050982_SERPINF2_9a059e3d9d36"	"SERPINF2"	"SERPINF2"	"P08697"	"SERPINF2"	"P08697"	"UKB-PPP Olink"	"UniProt-mapped protein"	"AD"	"AD"	"Bellenguez et al. 2022 AD discovery; FinnGen R11 replication"	"Zhan H"	"2025"	"Journal of translational medicine"	"40050982"	"10.1186/s12967-025-06317-5"	"peer_reviewed"	"UKB-PPP cis-pQTL"	"34557 European participants"	"European"	"cis_pQTL"	"cis-pQTL; discovery MR with Bellenguez AD; FinnGen R11 outcome replication"	"rs11078597"	"Wald ratio"	"-0.19845093872383832"	"not_reported_directly"	"0.82"	"0.75"	"0.91"	"0.0001392346985447"	"Benjamini-Hochberg FDR in discovery; P<0.00208 replication threshold"	"true"	"coloc.abf in discovery and replication"	"0.4655"	"not_reported"	"not_reported"	"FinnGen R11 AD"	"independent_outcome_replication_corrected_same_direction"	"higher_protein_lower_risk"	"Bellenguez 2022 discovery; FinnGen R11 replication"	"Bellenguez_partially_overlaps_Wightman_components; FinnGen_independent_of_primary_AD_outcome_GWAS"	"partially_overlapping_discovery_with_independent_outcome_replication"	"Tier1"	"false"	"Olink assay review required"	"primary_high_confidence_panel"	"NA"	"true"	"true"	"<external_resource_root>\UKB-PPP\syn51365303_European_discovery\SERPINF2_P08697_OID30779_v1_Inflammation_II.tar"	"true"	"full_text_and_source_table_verified"	"Replication P=0.000287314898862718; replication PP.H4=0.5772."	"data_raw\literature_fulltext\PMID40050982_PMC11884171\supplements\12967_2025_6317_MOESM1_ESM.xlsx"	"Table S2"	"47"	"published_beta"	"high"	"independent_outcome_replication"	"AD_UKB_PPP_Bellenguez_FinnGen"	"not_applicable_to_published_beta"	"logOR derived from rounded reported OR; not eligible for mediation beta"
"EVID_40037332_SEZ6L2_731564a23e56"	"SEZ6L2"	"SEZ6L2"	"Q6UXD5"	"SEZ6L2"	"OID21289"	"Olink"	"assay_specific_target"	"AD"	"AD"	"clinically diagnosed Alzheimer disease GWAS"	"Belbasis L"	"2025"	"Brain : a journal of neurology"	"40037332"	"10.1093/brain/awaf018"	"peer_reviewed"	"Olink"	"UKB-PPP 54219 or deCODE 35559 according to platform"	"European"	"cis_lead_pQTL"	"lead cis-pQTL per assay"	"rs113443718"	"Wald ratio using lead cis-pQTL"	"-0.244918103581233"	"0.0555229957740831"	"0.7827686415653833"	"0.7020552493338621"	"0.8727614340886918"	"1.02841525409535e-05"	"Benjamini-Hochberg FDR"	"true"	"coloc.abf single-causal-variant"	"0.000162999035252921"	"not_reported"	"not_reported"	"cross-platform comparison reported"	"partially_overlapping_cross_platform"	"higher_protein_lower_risk"	"AD GWAS reported in Table S1"	"likely_overlap_with_Wightman_2021_components"	"possible"	"Tier2"	"false"	"assay_specific_review_required"	"literature_source_universe_tier2"	"no_strong_colocalization_or_independent_replication"	"not_assessed"	"not_assessed"	"not_assessed"	"false_pending_alpha_and_reestimated_beta"	"full_text_and_source_table_verified"	"FDR-significant AD row; colocalization joined by assay ID."	"data_processed\literature_supplements_extracted\PMID40037332\awaf018_supplementary_data\brain-2024-00441-File011.xlsx"	"Table S2"	"29"	"published_beta"	"high"	"partially_overlapping"	"AD_UKB_deCODE_cross_platform"	"not_applicable_to_published_beta"	"OR and CI derived from reported beta and SE"
"PMID40452368_UKB-PPP_SEZ6L2"	"SEZ6L2"	"SEZ6L2"	"not_reported"	"SEZ6L2"	"not_reported"	"UKB-PPP Olink"	"assay_specific_target"	"AD"	"AD"	"AD GWAS"	"Yu K"	"2025"	"Journal of Alzheimer's Disease"	"40452368"	"10.1177/13872877251344572"	"peer_reviewed"	"UKB-PPP"	"not_reported"	"European"	"mixed_or_not_explicitly_cis_only"	"not_reported"	"not_reported"	"study-reported MR"	"-0.24491764567513455"	"not_reported"	"0.782769"	"0.7"	"0.87"	"1.03e-05"	"study Bonferroni threshold"	"TRUE"	"not_reported"	"not_reported"	"not_reported"	"not_reported"	"not_reported"	"not_reported"	"higher_protein_lower_risk"	"published AD GWAS"	"partially_overlapping_or_related"	"false"	"Tier2"	"FALSE"	"platform_mapping_required"	"literature_source_universe_tier2"	"published_cross_platform_beta_not_same_assay_primary_analysis_beta;highest_tier_requires_colocalization_or_replication_review"	"false"	"false"	"not_reported"	"false"	"full_text_and_source_table_verified"	"Study-Bonferroni-significant protein-outcome association; same dataset reports GRN/CR1 colocalization support."	"PMID40452368_supp5.xlsx"	"Supplemental Table 3"	"29"	"published_beta"	"moderate"	"partially_overlapping"	"AD_UKB-PPP_2025"	"not_applicable_to_published_beta"	"not_reported"
"EVID_40037332_SIGLEC9_9124e9631bd0"	"SIGLEC9"	"SIGLEC9"	"Q9Y336"	"SIGLEC9"	"3007_7"	"SomaScan"	"assay_specific_target"	"AD"	"AD"	"clinically diagnosed Alzheimer disease GWAS"	"Belbasis L"	"2025"	"Brain : a journal of neurology"	"40037332"	"10.1093/brain/awaf018"	"peer_reviewed"	"SomaScan"	"UKB-PPP 54219 or deCODE 35559 according to platform"	"European"	"cis_lead_pQTL"	"lead cis-pQTL per assay"	"rs2075803"	"Wald ratio using lead cis-pQTL"	"0.0292397660818713"	"0.00714749837556855"	"1.0296714451687594"	"1.0153472470092961"	"1.0441977245900922"	"4.29685550509902e-05"	"Benjamini-Hochberg FDR"	"true"	"coloc.abf single-causal-variant"	"0.903214163470401"	"not_reported"	"not_reported"	"cross-platform comparison reported"	"partially_overlapping_cross_platform"	"higher_protein_higher_risk"	"AD GWAS reported in Table S1"	"likely_overlap_with_Wightman_2021_components"	"possible"	"Tier1"	"false"	"assay_specific_review_required"	"primary_high_confidence_panel"	"NA"	"true"	"true"	"<external_resource_root>\UKB-PPP\syn51365303_European_discovery\SIGLEC9_Q9Y336_OID21390_v1_Oncology.tar"	"true"	"full_text_and_source_table_verified"	"FDR-significant AD row; colocalization joined by assay ID."	"data_processed\literature_supplements_extracted\PMID40037332\awaf018_supplementary_data\brain-2024-00441-File011.xlsx"	"Table S2"	"1912"	"published_beta"	"high"	"partially_overlapping"	"AD_UKB_deCODE_cross_platform"	"not_applicable_to_published_beta"	"OR and CI derived from reported beta and SE"
"EVID_40037332_SIGLEC9_ce268737719c"	"SIGLEC9"	"SIGLEC9"	"Q9Y336"	"SIGLEC9"	"OID21390"	"Olink"	"assay_specific_target"	"AD"	"AD"	"clinically diagnosed Alzheimer disease GWAS"	"Belbasis L"	"2025"	"Brain : a journal of neurology"	"40037332"	"10.1093/brain/awaf018"	"peer_reviewed"	"Olink"	"UKB-PPP 54219 or deCODE 35559 according to platform"	"European"	"cis_lead_pQTL"	"lead cis-pQTL per assay"	"rs2075803"	"Wald ratio using lead cis-pQTL"	"0.0628113304661124"	"0.0153538807806052"	"1.0648259200682284"	"1.0332588340425892"	"1.0973574119980989"	"4.29685550509902e-05"	"Benjamini-Hochberg FDR"	"true"	"coloc.abf single-causal-variant"	"0.89189043985681"	"not_reported"	"not_reported"	"cross-platform comparison reported"	"partially_overlapping_cross_platform"	"higher_protein_higher_risk"	"AD GWAS reported in Table S1"	"likely_overlap_with_Wightman_2021_components"	"possible"	"Tier1"	"false"	"assay_specific_review_required"	"primary_high_confidence_panel"	"NA"	"true"	"true"	"<external_resource_root>\UKB-PPP\syn51365303_European_discovery\SIGLEC9_Q9Y336_OID21390_v1_Oncology.tar"	"true"	"full_text_and_source_table_verified"	"FDR-significant AD row; colocalization joined by assay ID."	"data_processed\literature_supplements_extracted\PMID40037332\awaf018_supplementary_data\brain-2024-00441-File011.xlsx"	"Table S2"	"33"	"published_beta"	"high"	"partially_overlapping"	"AD_UKB_deCODE_cross_platform"	"not_applicable_to_published_beta"	"OR and CI derived from reported beta and SE"
"EVID_40037332_SIRPA_b31f89b82dad"	"SIRPA"	"SIRPA"	"P78324"	"SIRPA"	"5430_66"	"SomaScan"	"assay_specific_target"	"AD"	"AD"	"clinically diagnosed Alzheimer disease GWAS"	"Belbasis L"	"2025"	"Brain : a journal of neurology"	"40037332"	"10.1093/brain/awaf018"	"peer_reviewed"	"SomaScan"	"UKB-PPP 54219 or deCODE 35559 according to platform"	"European"	"cis_lead_pQTL"	"lead cis-pQTL per assay"	"rs6136376"	"Wald ratio using lead cis-pQTL"	"0.0296818109862276"	"0.00680702865284153"	"1.030126706799886"	"1.016474263298429"	"1.043962518656343"	"1.29786272357344e-05"	"Benjamini-Hochberg FDR"	"true"	"coloc.abf single-causal-variant"	"0.934128004852655"	"not_reported"	"not_reported"	"cross-platform comparison reported"	"partially_overlapping_cross_platform"	"higher_protein_higher_risk"	"AD GWAS reported in Table S1"	"likely_overlap_with_Wightman_2021_components"	"possible"	"Tier1"	"false"	"assay_specific_review_required"	"primary_high_confidence_panel"	"NA"	"true"	"true"	"<external_resource_root>\UKB-PPP\syn51365303_European_discovery\SIRPA_P78324_OID20304_v1_Cardiometabolic.tar"	"true"	"full_text_and_source_table_verified"	"FDR-significant AD row; colocalization joined by assay ID."	"data_processed\literature_supplements_extracted\PMID40037332\awaf018_supplementary_data\brain-2024-00441-File011.xlsx"	"Table S2"	"1910"	"published_beta"	"high"	"partially_overlapping"	"AD_UKB_deCODE_cross_platform"	"not_applicable_to_published_beta"	"OR and CI derived from reported beta and SE"
"EVID_40037332_SIRPA_242348c5c792"	"SIRPA"	"SIRPA"	"P78324"	"SIRPA"	"OID20304"	"Olink"	"assay_specific_target"	"AD"	"AD"	"clinically diagnosed Alzheimer disease GWAS"	"Belbasis L"	"2025"	"Brain : a journal of neurology"	"40037332"	"10.1093/brain/awaf018"	"peer_reviewed"	"Olink"	"UKB-PPP 54219 or deCODE 35559 according to platform"	"European"	"cis_lead_pQTL"	"lead cis-pQTL per assay"	"rs6136377"	"Wald ratio using lead cis-pQTL"	"0.0303079416531604"	"0.00696920583468395"	"1.0307719026892277"	"1.0167876534020777"	"1.0449484824275501"	"1.36861253811155e-05"	"Benjamini-Hochberg FDR"	"true"	"coloc.abf single-causal-variant"	"0.928338878745819"	"not_reported"	"not_reported"	"cross-platform comparison reported"	"partially_overlapping_cross_platform"	"higher_protein_higher_risk"	"AD GWAS reported in Table S1"	"likely_overlap_with_Wightman_2021_components"	"possible"	"Tier1"	"false"	"assay_specific_review_required"	"primary_high_confidence_panel"	"NA"	"true"	"true"	"<external_resource_root>\UKB-PPP\syn51365303_European_discovery\SIRPA_P78324_OID20304_v1_Cardiometabolic.tar"	"true"	"full_text_and_source_table_verified"	"FDR-significant AD row; colocalization joined by assay ID."	"data_processed\literature_supplements_extracted\PMID40037332\awaf018_supplementary_data\brain-2024-00441-File011.xlsx"	"Table S2"	"31"	"published_beta"	"high"	"partially_overlapping"	"AD_UKB_deCODE_cross_platform"	"not_applicable_to_published_beta"	"OR and CI derived from reported beta and SE"
"PMID42384774_SeqId_5430_66"	"SIRPA"	"SIRPA"	"mapping_unresolved"	"SIRPA"	"SeqId_5430_66"	"SomaScan cis-PWAS"	"aptamer_specific_target"	"AD"	"AD"	"AD dementia GWAS"	"Walker KA"	"2026"	"Science Translational Medicine"	"42384774"	"10.1126/scitranslmed.adx4852"	"peer_reviewed"	"published plasma cis-pQTL prediction models"	"not_reported"	"European American"	"cis_prediction_model"	"not_reported"	"not_reported"	"proteome-wide association study"	"not_reported"	"not_reported"	"not_reported"	"not_reported"	"not_reported"	"9.81e-06"	"study Bonferroni threshold"	"TRUE"	"not_reported"	"not_reported"	"not_reported"	"not_reported"	"not_reported"	"not_reported"	"positive_PWAS_Z"	"published AD GWAS"	"likely_overlap"	"false"	"Tier2"	"FALSE"	"SomaScan_cross_platform_review_required"	"literature_source_universe_tier2"	"PWAS_Z_not_standardized_beta;same_assay_alpha_beta_not_available"	"false"	"false"	"not_available_for_same_SomaScan_assay"	"false"	"full_text_and_source_table_verified"	"Bonferroni-significant PWAS candidate; retained as external evidence and not interpreted as a de novo discovery in the present analysis."	"adx4852_tables_s1_to_s30.xlsx"	"ST 1. AD PWAS Results"	"24"	"published_PWAS_Z_not_beta"	"moderate"	"partially_overlapping"	"AD_plasma_cis_PWAS_2026"	"not_applicable_to_PWAS_Z"	"PWAS.Z=4.4213; no beta/SE conversion performed."
"EVID_41630303_SLC35G2_45975441d819"	"SLC35G2"	"SLC35G2"	"not_reported"	"SLC35G2"	"13501_10_SLC35G2_S35G2"	"deCODE SomaScan"	"assay_specific_target"	"AD"	"AD"	"FinnGen AD"	"Zhao YH"	"2026"	"Medicine"	"41630303"	"10.1097/md.0000000000045715"	"peer_reviewed"	"deCODE"	"35559"	"European"	"mixed_or_not_explicitly_cis_only"	"P<5e-8; LD clumped instruments"	"14 SNPs; IDs in Table S2"	"IVW"	"0.109123791"	"0.040853235"	"1.115300406"	"1.02947756"	"1.20827791"	"0.007559918"	"study-reported FDR<0.05"	"true"	"not_reported"	"not_reported"	"not_reported"	"not_reported"	"not_reported"	"not_reported"	"higher_protein_higher_risk"	"FinnGen AD"	"different_outcome_GWAS_from_primary_analysis"	"false"	"Tier2"	"false"	"SomaScan assay review required"	"literature_source_universe_tier2"	"not_cis_only;mapping_not_high_confidence;no_strong_colocalization_or_independent_replication"	"not_assessed"	"not_assessed"	"not_assessed"	"false_pending_alpha_and_reestimated_beta"	"full_text_and_source_table_verified"	"Paper states these 39 rows passed FDR; row-level adjusted P is absent, so retained in Tier2 only."	"data_raw\literature_fulltext\PMID41630303_PMC12863894\supplements\medi-105-e45715-s001.xlsx"	"Table S3"	"34"	"published_beta"	"moderate"	"partially_overlapping"	"AD_deCODE_FinnGen_2026"	"not_applicable_to_published_beta"	"none"
"EVID_41630303_SMAP1_a46d24dc5289"	"SMAP1"	"SMAP1"	"not_reported"	"SMAP1"	"11649_3_SMAP1_SMAP1"	"deCODE SomaScan"	"assay_specific_target"	"AD"	"AD"	"FinnGen AD"	"Zhao YH"	"2026"	"Medicine"	"41630303"	"10.1097/md.0000000000045715"	"peer_reviewed"	"deCODE"	"35559"	"European"	"mixed_or_not_explicitly_cis_only"	"P<5e-8; LD clumped instruments"	"10 SNPs; IDs in Table S2"	"IVW"	"0.171347606"	"0.057477387"	"1.186903252"	"1.060448494"	"1.328437295"	"0.002871862"	"study-reported FDR<0.05"	"true"	"not_reported"	"not_reported"	"not_reported"	"not_reported"	"not_reported"	"not_reported"	"higher_protein_higher_risk"	"FinnGen AD"	"different_outcome_GWAS_from_primary_analysis"	"false"	"Tier2"	"false"	"SomaScan assay review required"	"literature_source_universe_tier2"	"not_cis_only;mapping_not_high_confidence;no_strong_colocalization_or_independent_replication"	"not_assessed"	"not_assessed"	"not_assessed"	"false_pending_alpha_and_reestimated_beta"	"full_text_and_source_table_verified"	"Paper states these 39 rows passed FDR; row-level adjusted P is absent, so retained in Tier2 only."	"data_raw\literature_fulltext\PMID41630303_PMC12863894\supplements\medi-105-e45715-s001.xlsx"	"Table S3"	"26"	"published_beta"	"moderate"	"partially_overlapping"	"AD_deCODE_FinnGen_2026"	"not_applicable_to_published_beta"	"none"
"EVID_40037332_ST13_afc30c604c26"	"ST13"	"ST13"	"P50502"	"ST13"	"18387_7"	"SomaScan"	"assay_specific_target"	"AD"	"AD"	"clinically diagnosed Alzheimer disease GWAS"	"Belbasis L"	"2025"	"Brain : a journal of neurology"	"40037332"	"10.1093/brain/awaf018"	"peer_reviewed"	"SomaScan"	"UKB-PPP 54219 or deCODE 35559 according to platform"	"European"	"cis_lead_pQTL"	"lead cis-pQTL per assay"	"rs5758150"	"Wald ratio using lead cis-pQTL"	"0.576335877862595"	"0.15648854961832"	"1.7795061426568375"	"1.3094645597067902"	"2.4182724826569397"	"0.000230571357471913"	"Benjamini-Hochberg FDR"	"true"	"coloc.abf single-causal-variant"	"0.635174807517823"	"not_reported"	"not_reported"	"cross-platform comparison reported"	"partially_overlapping_cross_platform"	"higher_protein_higher_risk"	"AD GWAS reported in Table S1"	"likely_overlap_with_Wightman_2021_components"	"possible"	"Tier2"	"false"	"assay_specific_review_required"	"literature_source_universe_tier2"	"no_strong_colocalization_or_independent_replication"	"not_assessed"	"not_assessed"	"not_assessed"	"false_pending_alpha_and_reestimated_beta"	"full_text_and_source_table_verified"	"FDR-significant AD row; colocalization joined by assay ID."	"data_processed\literature_supplements_extracted\PMID40037332\awaf018_supplementary_data\brain-2024-00441-File011.xlsx"	"Table S2"	"1918"	"published_beta"	"high"	"partially_overlapping"	"AD_UKB_deCODE_cross_platform"	"not_applicable_to_published_beta"	"OR and CI derived from reported beta and SE"
"EVID_40037332_ST13_1092c76e10ff"	"ST13"	"ST13"	"P50502"	"ST13"	"OID30624"	"Olink"	"assay_specific_target"	"AD"	"AD"	"clinically diagnosed Alzheimer disease GWAS"	"Belbasis L"	"2025"	"Brain : a journal of neurology"	"40037332"	"10.1093/brain/awaf018"	"peer_reviewed"	"Olink"	"UKB-PPP 54219 or deCODE 35559 according to platform"	"European"	"cis_lead_pQTL"	"lead cis-pQTL per assay"	"rs1005402"	"Wald ratio using lead cis-pQTL"	"0.565794477474887"	"0.150260172706445"	"1.7608461797773531"	"1.3116482323298762"	"2.363880187090216"	"0.000166261303386942"	"Benjamini-Hochberg FDR"	"true"	"coloc.abf single-causal-variant"	"0.699576525375798"	"not_reported"	"not_reported"	"cross-platform comparison reported"	"partially_overlapping_cross_platform"	"higher_protein_higher_risk"	"AD GWAS reported in Table S1"	"likely_overlap_with_Wightman_2021_components"	"possible"	"Tier2"	"false"	"assay_specific_review_required"	"literature_source_universe_tier2"	"no_strong_colocalization_or_independent_replication"	"not_assessed"	"not_assessed"	"not_assessed"	"false_pending_alpha_and_reestimated_beta"	"full_text_and_source_table_verified"	"FDR-significant AD row; colocalization joined by assay ID."	"data_processed\literature_supplements_extracted\PMID40037332\awaf018_supplementary_data\brain-2024-00441-File011.xlsx"	"Table S2"	"39"	"published_beta"	"high"	"partially_overlapping"	"AD_UKB_deCODE_cross_platform"	"not_applicable_to_published_beta"	"OR and CI derived from reported beta and SE"
"EVID_40050982_ST13_65733815e726"	"ST13"	"ST13"	"P50502"	"ST13"	"P50502"	"UKB-PPP Olink"	"UniProt-mapped protein"	"AD"	"AD"	"Bellenguez et al. 2022 AD discovery; FinnGen R11 replication"	"Zhan H"	"2025"	"Journal of translational medicine"	"40050982"	"10.1186/s12967-025-06317-5"	"peer_reviewed"	"UKB-PPP cis-pQTL"	"34557 European participants"	"European"	"cis_pQTL"	"cis-pQTL; discovery MR with Bellenguez AD; FinnGen R11 outcome replication"	"rs1005402"	"Wald ratio"	"0.5653138090500605"	"not_reported_directly"	"1.76"	"1.31"	"2.36"	"0.0001662613033869"	"Benjamini-Hochberg FDR in discovery; P<0.00208 replication threshold"	"true"	"coloc.abf in discovery and replication"	"NA"	"not_reported"	"not_reported"	"FinnGen R11 AD"	"replication_not_corrected_or_direction_inconsistent"	"higher_protein_higher_risk"	"Bellenguez 2022 discovery; FinnGen R11 replication"	"Bellenguez_partially_overlaps_Wightman_components; FinnGen_independent_of_primary_AD_outcome_GWAS"	"partially_overlapping_discovery_with_independent_outcome_replication"	"Tier2"	"false"	"Olink assay review required"	"literature_source_universe_tier2"	"no_strong_colocalization_or_independent_replication"	"not_assessed"	"not_assessed"	"not_assessed"	"false_pending_alpha_and_reestimated_beta"	"full_text_and_source_table_verified"	"Replication P=0.0651163567668022; replication PP.H4=NA."	"data_raw\literature_fulltext\PMID40050982_PMC11884171\supplements\12967_2025_6317_MOESM1_ESM.xlsx"	"Table S2"	"51"	"published_beta"	"high"	"partially_overlapping"	"AD_UKB_PPP_Bellenguez_FinnGen"	"not_applicable_to_published_beta"	"logOR derived from rounded reported OR; not eligible for mediation beta"
"EVID_40037332_SULT1A3_bc10b86d5e0c"	"SULT1A3"	"SULT1A3"	"P0DMM9"	"SULT1A3"	"13944_3"	"SomaScan"	"assay_specific_target"	"AD"	"AD"	"clinically diagnosed Alzheimer disease GWAS"	"Belbasis L"	"2025"	"Brain : a journal of neurology"	"40037332"	"10.1093/brain/awaf018"	"peer_reviewed"	"SomaScan"	"UKB-PPP 54219 or deCODE 35559 according to platform"	"European"	"cis_lead_pQTL"	"lead cis-pQTL per assay"	"rs148788997"	"Wald ratio using lead cis-pQTL"	"0.222278998467041"	"0.0648952478283086"	"1.2489197759637067"	"1.099751574267808"	"1.4183208674483767"	"0.000614354116095424"	"Benjamini-Hochberg FDR"	"true"	"coloc.abf single-causal-variant"	"4.7832037808039e-06"	"not_reported"	"not_reported"	"cross-platform comparison reported"	"partially_overlapping_cross_platform"	"higher_protein_higher_risk"	"AD GWAS reported in Table S1"	"likely_overlap_with_Wightman_2021_components"	"possible"	"Tier2"	"false"	"assay_specific_review_required"	"literature_source_universe_tier2"	"no_strong_colocalization_or_independent_replication"	"not_assessed"	"not_assessed"	"not_assessed"	"false_pending_alpha_and_reestimated_beta"	"full_text_and_source_table_verified"	"FDR-significant AD row; colocalization joined by assay ID."	"data_processed\literature_supplements_extracted\PMID40037332\awaf018_supplementary_data\brain-2024-00441-File011.xlsx"	"Table S2"	"1925"	"published_beta"	"high"	"partially_overlapping"	"AD_UKB_deCODE_cross_platform"	"not_applicable_to_published_beta"	"OR and CI derived from reported beta and SE"
"EVID_41630303_TGM1_58c71b21ebe1"	"TGM1"	"TGM1"	"not_reported"	"TGM1"	"11242_33_TGM1_TGM1"	"deCODE SomaScan"	"assay_specific_target"	"AD"	"AD"	"FinnGen AD"	"Zhao YH"	"2026"	"Medicine"	"41630303"	"10.1097/md.0000000000045715"	"peer_reviewed"	"deCODE"	"35559"	"European"	"mixed_or_not_explicitly_cis_only"	"P<5e-8; LD clumped instruments"	"3 SNPs; IDs in Table S2"	"IVW"	"-0.532709167"	"0.173290033"	"0.587012498"	"0.417964979"	"0.824431927"	"0.002111457"	"study-reported FDR<0.05"	"true"	"not_reported"	"not_reported"	"not_reported"	"not_reported"	"not_reported"	"not_reported"	"higher_protein_lower_risk"	"FinnGen AD"	"different_outcome_GWAS_from_primary_analysis"	"false"	"Tier2"	"false"	"SomaScan assay review required"	"literature_source_universe_tier2"	"not_cis_only;mapping_not_high_confidence;no_strong_colocalization_or_independent_replication"	"not_assessed"	"not_assessed"	"not_assessed"	"false_pending_alpha_and_reestimated_beta"	"full_text_and_source_table_verified"	"Paper states these 39 rows passed FDR; row-level adjusted P is absent, so retained in Tier2 only."	"data_raw\literature_fulltext\PMID41630303_PMC12863894\supplements\medi-105-e45715-s001.xlsx"	"Table S3"	"19"	"published_beta"	"moderate"	"partially_overlapping"	"AD_deCODE_FinnGen_2026"	"not_applicable_to_published_beta"	"none"
"EVID_40037332_TMEM106B_53d0ace41151"	"TMEM106B"	"TMEM106B"	"Q9NUM4"	"TMEM106B"	"8687_26"	"SomaScan"	"assay_specific_target"	"AD"	"AD"	"clinically diagnosed Alzheimer disease GWAS"	"Belbasis L"	"2025"	"Brain : a journal of neurology"	"40037332"	"10.1093/brain/awaf018"	"peer_reviewed"	"SomaScan"	"UKB-PPP 54219 or deCODE 35559 according to platform"	"European"	"cis_lead_pQTL"	"lead cis-pQTL per assay"	"rs3173615"	"Wald ratio using lead cis-pQTL"	"0.364695340501792"	"0.0734767025089605"	"1.4400752087199338"	"1.2469256023166744"	"1.6631438178162339"	"6.92644925457065e-07"	"Benjamini-Hochberg FDR"	"true"	"coloc.abf single-causal-variant"	"0.961999895833214"	"not_reported"	"not_reported"	"cross-platform comparison reported"	"partially_overlapping_cross_platform"	"higher_protein_higher_risk"	"AD GWAS reported in Table S1"	"likely_overlap_with_Wightman_2021_components"	"possible"	"Tier1"	"false"	"assay_specific_review_required"	"primary_high_confidence_panel"	"NA"	"false"	"false"	"not_available_or_target_mapping_unresolved"	"false"	"full_text_and_source_table_verified"	"FDR-significant AD row; colocalization joined by assay ID."	"data_processed\literature_supplements_extracted\PMID40037332\awaf018_supplementary_data\brain-2024-00441-File011.xlsx"	"Table S2"	"1903"	"published_beta"	"high"	"partially_overlapping"	"AD_UKB_deCODE_cross_platform"	"not_applicable_to_published_beta"	"OR and CI derived from reported beta and SE"
"PMID40452368_deCODE_TMEM106B"	"TMEM106B"	"TMEM106B"	"not_reported"	"TMEM106B"	"not_reported"	"deCODE SomaScan"	"assay_specific_target"	"AD"	"AD"	"AD GWAS"	"Yu K"	"2025"	"Journal of Alzheimer's Disease"	"40452368"	"10.1177/13872877251344572"	"peer_reviewed"	"deCODE"	"not_reported"	"European"	"mixed_or_not_explicitly_cis_only"	"not_reported"	"not_reported"	"study-reported MR"	"0.3646951955649529"	"not_reported"	"1.440075"	"1.25"	"1.66"	"6.93e-07"	"study Bonferroni threshold"	"TRUE"	"not_reported"	"not_reported"	"not_reported"	"not_reported"	"not_reported"	"not_reported"	"higher_protein_higher_risk"	"published AD GWAS"	"partially_overlapping_or_related"	"false"	"Tier2"	"FALSE"	"platform_mapping_required"	"literature_source_universe_tier2"	"published_cross_platform_beta_not_same_assay_primary_analysis_beta;highest_tier_requires_colocalization_or_replication_review"	"false"	"false"	"not_reported"	"false"	"full_text_and_source_table_verified"	"Study-Bonferroni-significant protein-outcome association; same dataset reports GRN/CR1 colocalization support."	"PMID40452368_supp5.xlsx"	"Supplemental Table 3"	"11"	"published_beta"	"moderate"	"partially_overlapping"	"AD_deCODE_2025"	"not_applicable_to_published_beta"	"not_reported"
"EVID_41630303_TNFAIP3_6a67cdfa70b1"	"TNFAIP3"	"TNFAIP3"	"not_reported"	"TNFAIP3"	"14009_65_TNFAIP3_TNFAIP3"	"deCODE SomaScan"	"assay_specific_target"	"AD"	"AD"	"FinnGen AD"	"Zhao YH"	"2026"	"Medicine"	"41630303"	"10.1097/md.0000000000045715"	"peer_reviewed"	"deCODE"	"35559"	"European"	"mixed_or_not_explicitly_cis_only"	"P<5e-8; LD clumped instruments"	"3 SNPs; IDs in Table S2"	"IVW"	"-0.343383395"	"0.119761642"	"0.709366192"	"0.56095409"	"0.89704381"	"0.004140904"	"study-reported FDR<0.05"	"true"	"not_reported"	"not_reported"	"not_reported"	"not_reported"	"not_reported"	"not_reported"	"higher_protein_lower_risk"	"FinnGen AD"	"different_outcome_GWAS_from_primary_analysis"	"false"	"Tier2"	"false"	"SomaScan assay review required"	"literature_source_universe_tier2"	"not_cis_only;mapping_not_high_confidence;no_strong_colocalization_or_independent_replication"	"not_assessed"	"not_assessed"	"not_assessed"	"false_pending_alpha_and_reestimated_beta"	"full_text_and_source_table_verified"	"Paper states these 39 rows passed FDR; row-level adjusted P is absent, so retained in Tier2 only."	"data_raw\literature_fulltext\PMID41630303_PMC12863894\supplements\medi-105-e45715-s001.xlsx"	"Table S3"	"30"	"published_beta"	"moderate"	"partially_overlapping"	"AD_deCODE_FinnGen_2026"	"not_applicable_to_published_beta"	"none"
"PMID40397384_SuppTable6_TNFSF13B"	"TNFSF13B"	"TNFSF13B"	"not_reported"	"TNFSF13B"	"not_reported"	"deCODE SomaScan"	"assay_specific_target"	"AD"	"AD"	"AD-EADB"	"Li Y"	"2025"	"Journal of Alzheimer's Disease"	"40397384"	"10.1177/13872877251345151"	"peer_reviewed"	"deCODE SomaScan"	"not_reported"	"European"	"mixed_or_not_explicitly_cis_only"	"study-selected genome-wide instruments"	"not_reported"	"IVW"	"-0.21033325354590712"	"0.0458777660980514"	"0.810314160901864"	"0.740630317381123"	"0.886554363153629"	"4.54759237549811e-06"	"Benjamini-Hochberg FDR"	"TRUE"	"not_reported"	"not_reported"	"not_reported"	"not_reported"	"not_reported"	"not_reported"	"higher_protein_lower_risk"	"AD-EADB"	"partially_overlapping_or_related"	"false"	"Tier2"	"FALSE"	"platform_mapping_required"	"literature_source_universe_tier2"	"no_colocalization_or_independent_replication;published_beta_not_same_assay_primary_analysis_beta"	"false"	"false"	"not_reported"	"false"	"full_text_and_source_table_verified"	"P adjusted significance"	"PMID40397384_supp2.xlsx"	"SuppTable6"	"6"	"published_beta"	"moderate"	"partially_overlapping"	"AD_deCODE SomaScan_2025"	"not_applicable_to_published_beta"	"not_reported"
"PMID40397384_SuppTable6_TOM1L1"	"TOM1L1"	"TOM1L1"	"not_reported"	"TOM1L1"	"not_reported"	"deCODE SomaScan"	"assay_specific_target"	"AD"	"AD"	"AD-EADB"	"Li Y"	"2025"	"Journal of Alzheimer's Disease"	"40397384"	"10.1177/13872877251345151"	"peer_reviewed"	"deCODE SomaScan"	"not_reported"	"European"	"mixed_or_not_explicitly_cis_only"	"study-selected genome-wide instruments"	"not_reported"	"IVW"	"-0.26069815792729883"	"0.0671564164068981"	"0.770513457897571"	"0.675484725426966"	"0.878911049285396"	"0.00010362023622918"	"Benjamini-Hochberg FDR"	"TRUE"	"not_reported"	"not_reported"	"not_reported"	"not_reported"	"not_reported"	"not_reported"	"higher_protein_lower_risk"	"AD-EADB"	"partially_overlapping_or_related"	"false"	"Tier2"	"FALSE"	"platform_mapping_required"	"literature_source_universe_tier2"	"no_colocalization_or_independent_replication;published_beta_not_same_assay_primary_analysis_beta"	"false"	"false"	"not_reported"	"false"	"full_text_and_source_table_verified"	"P adjusted significance"	"PMID40397384_supp2.xlsx"	"SuppTable6"	"11"	"published_beta"	"moderate"	"partially_overlapping"	"AD_deCODE SomaScan_2025"	"not_applicable_to_published_beta"	"not_reported"
"EVID_40037332_TREM2_915b6408f69c"	"TREM2"	"TREM2"	"Q9NZC2"	"TREM2"	"16300_4"	"SomaScan"	"assay_specific_target"	"AD"	"AD"	"clinically diagnosed Alzheimer disease GWAS"	"Belbasis L"	"2025"	"Brain : a journal of neurology"	"40037332"	"10.1093/brain/awaf018"	"peer_reviewed"	"SomaScan"	"UKB-PPP 54219 or deCODE 35559 according to platform"	"European"	"cis_lead_pQTL"	"lead cis-pQTL per assay"	"rs143332484"	"Wald ratio using lead cis-pQTL"	"-0.232571071105859"	"0.0261347049419614"	"0.7924934239612211"	"0.7529209078218331"	"0.8341458186341095"	"5.63845072664226e-19"	"Benjamini-Hochberg FDR"	"true"	"coloc.abf single-causal-variant"	"0.000791235470013011"	"not_reported"	"not_reported"	"cross-platform comparison reported"	"partially_overlapping_cross_platform"	"higher_protein_lower_risk"	"AD GWAS reported in Table S1"	"likely_overlap_with_Wightman_2021_components"	"possible"	"Tier2"	"false"	"assay_specific_review_required"	"literature_source_universe_tier2"	"no_strong_colocalization_or_independent_replication"	"not_assessed"	"not_assessed"	"<external_resource_root>\ukbppp_proteins\trem2_q9nzc2_oid20731_v1_inflammation.tar"	"false_pending_alpha_and_reestimated_beta"	"full_text_and_source_table_verified"	"FDR-significant AD row; colocalization joined by assay ID."	"data_processed\literature_supplements_extracted\PMID40037332\awaf018_supplementary_data\brain-2024-00441-File011.xlsx"	"Table S2"	"1898"	"published_beta"	"high"	"partially_overlapping"	"AD_UKB_deCODE_cross_platform"	"not_applicable_to_published_beta"	"OR and CI derived from reported beta and SE"
"EVID_40037332_TREM2_0468e923b610"	"TREM2"	"TREM2"	"Q9NZC2"	"TREM2"	"OID20731"	"Olink"	"assay_specific_target"	"AD"	"AD"	"clinically diagnosed Alzheimer disease GWAS"	"Belbasis L"	"2025"	"Brain : a journal of neurology"	"40037332"	"10.1093/brain/awaf018"	"peer_reviewed"	"Olink"	"UKB-PPP 54219 or deCODE 35559 according to platform"	"European"	"cis_lead_pQTL"	"lead cis-pQTL per assay"	"rs143332484"	"Wald ratio using lead cis-pQTL"	"-0.22564047232094"	"0.0253558928848397"	"0.798004954966071"	"0.7593154142408552"	"0.838665851116785"	"5.63845072664226e-19"	"Benjamini-Hochberg FDR"	"true"	"coloc.abf single-causal-variant"	"0.000661522789338919"	"not_reported"	"not_reported"	"cross-platform comparison reported"	"partially_overlapping_cross_platform"	"higher_protein_lower_risk"	"AD GWAS reported in Table S1"	"likely_overlap_with_Wightman_2021_components"	"possible"	"Tier2"	"false"	"assay_specific_review_required"	"literature_source_universe_tier2"	"no_strong_colocalization_or_independent_replication"	"not_assessed"	"not_assessed"	"<external_resource_root>\ukbppp_proteins\trem2_q9nzc2_oid20731_v1_inflammation.tar"	"false_pending_alpha_and_reestimated_beta"	"full_text_and_source_table_verified"	"FDR-significant AD row; colocalization joined by assay ID."	"data_processed\literature_supplements_extracted\PMID40037332\awaf018_supplementary_data\brain-2024-00441-File011.xlsx"	"Table S2"	"9"	"published_beta"	"high"	"partially_overlapping"	"AD_UKB_deCODE_cross_platform"	"not_applicable_to_published_beta"	"OR and CI derived from reported beta and SE"
"PMID40452368_deCODE_TREM2"	"TREM2"	"TREM2"	"not_reported"	"TREM2"	"not_reported"	"deCODE SomaScan"	"assay_specific_target"	"AD"	"AD"	"AD GWAS"	"Yu K"	"2025"	"Journal of Alzheimer's Disease"	"40452368"	"10.1177/13872877251344572"	"peer_reviewed"	"deCODE"	"not_reported"	"European"	"mixed_or_not_explicitly_cis_only"	"not_reported"	"not_reported"	"study-reported MR"	"-0.2676337237136007"	"not_reported"	"0.765188"	"0.72"	"0.82"	"8.23e-16"	"study Bonferroni threshold"	"TRUE"	"not_reported"	"not_reported"	"not_reported"	"not_reported"	"not_reported"	"not_reported"	"higher_protein_lower_risk"	"published AD GWAS"	"partially_overlapping_or_related"	"false"	"Tier2"	"FALSE"	"platform_mapping_required"	"literature_source_universe_tier2"	"published_cross_platform_beta_not_same_assay_primary_analysis_beta;highest_tier_requires_colocalization_or_replication_review"	"false"	"false"	"not_reported"	"false"	"full_text_and_source_table_verified"	"Study-Bonferroni-significant protein-outcome association; same dataset reports GRN/CR1 colocalization support."	"PMID40452368_supp5.xlsx"	"Supplemental Table 3"	"12"	"published_beta"	"moderate"	"partially_overlapping"	"AD_deCODE_2025"	"not_applicable_to_published_beta"	"not_reported"
"EVID_41350740_TREM2_0cde229f08e9"	"TREM2"	"TREM2"	"not_reported"	"TREM2"	"deCODE protein label requires cross-platform mapping"	"deCODE SomaScan"	"not_reported"	"AD"	"AD"	"European AD meta-analysis; AD GWAS 1"	"Liu X"	"2025"	"Alzheimer's research & therapy"	"41350740"	"10.1186/s13195-025-01901-9"	"peer_reviewed"	"deCODE"	"35559"	"European"	"cis_pQTL"	"cis-pQTL within +/-1 Mb; P<5e-8; MHC excluded; r2<0.001"	"reported in Table S3"	"Wald ratio"	"-0.514490502409639"	"0.0743508228915663"	"0.597805097296538"	"0.516738613613172"	"0.691589374083915"	"4.523814283138e-12"	"Benjamini-Hochberg FDR"	"true"	"Bayesian coloc within +/-1 Mb"	"0.998"	"reported in Table S24"	"NA"	"IGAP; FinnGen; ARIC; INTERVAL as available"	"independent_external_replication_reported"	"higher_protein_lower_risk"	"AD GWAS 1 (398058 participants)"	"partially_overlaps_or_reuses_components_of_Wightman_2021"	"possible"	"Tier1"	"false"	"SomaScan assay mapping review required"	"primary_high_confidence_panel"	"NA"	"true"	"true"	"<external_resource_root>\ukbppp_proteins\trem2_q9nzc2_oid20731_v1_inflammation.tar"	"true"	"full_text_and_source_table_verified"	"Source-paper tier was not copied automatically; raw FDR, colocalization and replication fields drive study-specific evidence tiering."	"data_raw\literature_fulltext\PMID41350740_PMC12681122\supplements\13195_2025_1901_MOESM1_ESM.xlsx"	"Table S6"	"168"	"published_beta"	"high"	"partially_overlapping"	"AD_deCODE_multiomics_2025"	"not_applicable_to_published_beta"	"none"
"EVID_41350740_TREM2_a10c1bf7f4dc"	"TREM2"	"TREM2"	"not_reported"	"TREM2"	"deCODE protein label requires cross-platform mapping"	"deCODE SomaScan"	"not_reported"	"AD"	"AD"	"European AD meta-analysis; AD GWAS 1"	"Liu X"	"2025"	"Alzheimer's research & therapy"	"41350740"	"10.1186/s13195-025-01901-9"	"peer_reviewed"	"deCODE"	"35559"	"European"	"cis_pQTL"	"cis-pQTL within +/-1 Mb; P<5e-8; MHC excluded; r2<0.001"	"reported in Table S3"	"Wald ratio"	"-0.421024096"	"0.060301205"	"0.656374285"	"0.583206206"	"0.73872191"	"2.91e-12"	"Benjamini-Hochberg FDR"	"true"	"Bayesian coloc within +/-1 Mb"	"0.998"	"reported in Table S24"	"NA"	"IGAP; FinnGen; ARIC; INTERVAL as available"	"independent_external_replication_reported"	"higher_protein_lower_risk"	"AD GWAS 1 (398058 participants)"	"partially_overlaps_or_reuses_components_of_Wightman_2021"	"possible"	"Tier1"	"false"	"SomaScan assay mapping review required"	"primary_high_confidence_panel"	"NA"	"true"	"true"	"<external_resource_root>\ukbppp_proteins\trem2_q9nzc2_oid20731_v1_inflammation.tar"	"true"	"full_text_and_source_table_verified"	"Source-paper tier was not copied automatically; raw FDR, colocalization and replication fields drive study-specific evidence tiering."	"data_raw\literature_fulltext\PMID41350740_PMC12681122\supplements\13195_2025_1901_MOESM1_ESM.xlsx"	"Table S6"	"5"	"published_beta"	"high"	"partially_overlapping"	"AD_deCODE_multiomics_2025"	"not_applicable_to_published_beta"	"none"
"PMID42384774_SeqId_16300_4"	"TREM2"	"TREM2"	"mapping_unresolved"	"TREM2"	"SeqId_16300_4"	"SomaScan cis-PWAS"	"aptamer_specific_target"	"AD"	"AD"	"AD dementia GWAS"	"Walker KA"	"2026"	"Science Translational Medicine"	"42384774"	"10.1126/scitranslmed.adx4852"	"peer_reviewed"	"published plasma cis-pQTL prediction models"	"not_reported"	"European American"	"cis_prediction_model"	"not_reported"	"not_reported"	"proteome-wide association study"	"not_reported"	"not_reported"	"not_reported"	"not_reported"	"not_reported"	"8.15e-25"	"study Bonferroni threshold"	"TRUE"	"not_reported"	"not_reported"	"not_reported"	"not_reported"	"not_reported"	"not_reported"	"negative_PWAS_Z"	"published AD GWAS"	"likely_overlap"	"false"	"Tier2"	"FALSE"	"SomaScan_cross_platform_review_required"	"literature_source_universe_tier2"	"PWAS_Z_not_standardized_beta;same_assay_alpha_beta_not_available"	"false"	"false"	"not_available_for_same_SomaScan_assay"	"false"	"full_text_and_source_table_verified"	"Bonferroni-significant PWAS candidate; retained as external evidence and not interpreted as a de novo discovery in the present analysis."	"adx4852_tables_s1_to_s30.xlsx"	"ST 1. AD PWAS Results"	"9"	"published_PWAS_Z_not_beta"	"moderate"	"partially_overlapping"	"AD_plasma_cis_PWAS_2026"	"not_applicable_to_PWAS_Z"	"PWAS.Z=-10.286; no beta/SE conversion performed."
"EVID_40037332_TREML2_899c3d423cd8"	"TREML2"	"TREML2"	"Q5T2D2"	"TREML2"	"OID21120"	"Olink"	"assay_specific_target"	"AD"	"AD"	"clinically diagnosed Alzheimer disease GWAS"	"Belbasis L"	"2025"	"Brain : a journal of neurology"	"40037332"	"10.1093/brain/awaf018"	"peer_reviewed"	"Olink"	"UKB-PPP 54219 or deCODE 35559 according to platform"	"European"	"cis_lead_pQTL"	"lead cis-pQTL per assay"	"rs11759347"	"Wald ratio using lead cis-pQTL"	"0.14862570116456"	"0.0309636877426167"	"1.1602386319556761"	"1.0919191904761756"	"1.232832699364258"	"1.58665630395119e-06"	"Benjamini-Hochberg FDR"	"true"	"coloc.abf single-causal-variant"	"4.05685491840819e-16"	"not_reported"	"not_reported"	"cross-platform comparison reported"	"partially_overlapping_cross_platform"	"higher_protein_higher_risk"	"AD GWAS reported in Table S1"	"likely_overlap_with_Wightman_2021_components"	"possible"	"Tier2"	"false"	"assay_specific_review_required"	"literature_source_universe_tier2"	"no_strong_colocalization_or_independent_replication"	"not_assessed"	"not_assessed"	"not_assessed"	"false_pending_alpha_and_reestimated_beta"	"full_text_and_source_table_verified"	"FDR-significant AD row; colocalization joined by assay ID."	"data_processed\literature_supplements_extracted\PMID40037332\awaf018_supplementary_data\brain-2024-00441-File011.xlsx"	"Table S2"	"22"	"published_beta"	"high"	"partially_overlapping"	"AD_UKB_deCODE_cross_platform"	"not_applicable_to_published_beta"	"OR and CI derived from reported beta and SE"
"EVID_40050982_TXNDC15_53164fad363b"	"TXNDC15"	"TXNDC15"	"Q96J42"	"TXNDC15"	"Q96J42"	"UKB-PPP Olink"	"UniProt-mapped protein"	"AD"	"AD"	"Bellenguez et al. 2022 AD discovery; FinnGen R11 replication"	"Zhan H"	"2025"	"Journal of translational medicine"	"40050982"	"10.1186/s12967-025-06317-5"	"peer_reviewed"	"UKB-PPP cis-pQTL"	"34557 European participants"	"European"	"cis_pQTL"	"cis-pQTL; discovery MR with Bellenguez AD; FinnGen R11 outcome replication"	"rs1016344;rs114483286;rs11960589;rs7718271;rs78567060"	"Inverse variance weighted"	"0.04879016416943204"	"not_reported_directly"	"1.05"	"1.02"	"1.08"	"0.0005837964863179"	"Benjamini-Hochberg FDR in discovery; P<0.00208 replication threshold"	"true"	"coloc.abf in discovery and replication"	"NA"	"not_reported"	"not_reported"	"FinnGen R11 AD"	"replication_not_corrected_or_direction_inconsistent"	"higher_protein_higher_risk"	"Bellenguez 2022 discovery; FinnGen R11 replication"	"Bellenguez_partially_overlaps_Wightman_components; FinnGen_independent_of_primary_AD_outcome_GWAS"	"partially_overlapping_discovery_with_independent_outcome_replication"	"Tier2"	"false"	"Olink assay review required"	"literature_source_universe_tier2"	"no_strong_colocalization_or_independent_replication"	"not_assessed"	"not_assessed"	"not_assessed"	"false_pending_alpha_and_reestimated_beta"	"full_text_and_source_table_verified"	"Replication P=0.677393023498609; replication PP.H4=NA."	"data_raw\literature_fulltext\PMID40050982_PMC11884171\supplements\12967_2025_6317_MOESM1_ESM.xlsx"	"Table S2"	"59"	"published_beta"	"high"	"partially_overlapping"	"AD_UKB_PPP_Bellenguez_FinnGen"	"not_applicable_to_published_beta"	"logOR derived from rounded reported OR; not eligible for mediation beta"
"EVID_40037332_UBASH3B_6af6523d66c6"	"UBASH3B"	"UBASH3B"	"Q8TF42"	"UBASH3B"	"12558_3"	"SomaScan"	"assay_specific_target"	"AD"	"AD"	"clinically diagnosed Alzheimer disease GWAS"	"Belbasis L"	"2025"	"Brain : a journal of neurology"	"40037332"	"10.1093/brain/awaf018"	"peer_reviewed"	"SomaScan"	"UKB-PPP 54219 or deCODE 35559 according to platform"	"European"	"cis_lead_pQTL"	"lead cis-pQTL per assay"	"rs11218734"	"Wald ratio using lead cis-pQTL"	"-0.26766917293233"	"0.0699248120300751"	"0.7651608751639989"	"0.6671623866103096"	"0.8775542156331292"	"0.000129211328383436"	"Benjamini-Hochberg FDR"	"true"	"coloc.abf single-causal-variant"	"0.440379439673513"	"not_reported"	"not_reported"	"cross-platform comparison reported"	"partially_overlapping_cross_platform"	"higher_protein_lower_risk"	"AD GWAS reported in Table S1"	"likely_overlap_with_Wightman_2021_components"	"possible"	"Tier2"	"false"	"assay_specific_review_required"	"literature_source_universe_tier2"	"no_strong_colocalization_or_independent_replication"	"not_assessed"	"not_assessed"	"not_assessed"	"false_pending_alpha_and_reestimated_beta"	"full_text_and_source_table_verified"	"FDR-significant AD row; colocalization joined by assay ID."	"data_processed\literature_supplements_extracted\PMID40037332\awaf018_supplementary_data\brain-2024-00441-File011.xlsx"	"Table S2"	"1916"	"published_beta"	"high"	"partially_overlapping"	"AD_UKB_deCODE_cross_platform"	"not_applicable_to_published_beta"	"OR and CI derived from reported beta and SE"
"EVID_41630303_ULK3_2fe274f03451"	"ULK3"	"ULK3"	"not_reported"	"ULK3"	"12437_18_ULK3_ULK3"	"deCODE SomaScan"	"assay_specific_target"	"AD"	"AD"	"FinnGen AD"	"Zhao YH"	"2026"	"Medicine"	"41630303"	"10.1097/md.0000000000045715"	"peer_reviewed"	"deCODE"	"35559"	"European"	"mixed_or_not_explicitly_cis_only"	"P<5e-8; LD clumped instruments"	"4 SNPs; IDs in Table S2"	"IVW"	"-0.361309203"	"0.12169264"	"0.696763524"	"0.548906711"	"0.884447936"	"0.002987406"	"study-reported FDR<0.05"	"true"	"not_reported"	"not_reported"	"not_reported"	"not_reported"	"not_reported"	"not_reported"	"higher_protein_lower_risk"	"FinnGen AD"	"different_outcome_GWAS_from_primary_analysis"	"false"	"Tier2"	"false"	"SomaScan assay review required"	"literature_source_universe_tier2"	"not_cis_only;mapping_not_high_confidence;no_strong_colocalization_or_independent_replication"	"not_assessed"	"not_assessed"	"not_assessed"	"false_pending_alpha_and_reestimated_beta"	"full_text_and_source_table_verified"	"Paper states these 39 rows passed FDR; row-level adjusted P is absent, so retained in Tier2 only."	"data_raw\literature_fulltext\PMID41630303_PMC12863894\supplements\medi-105-e45715-s001.xlsx"	"Table S3"	"27"	"published_beta"	"moderate"	"partially_overlapping"	"AD_deCODE_FinnGen_2026"	"not_applicable_to_published_beta"	"none"
"EVID_41630303_UPP1_d8a36b737829"	"UPP1"	"UPP1"	"not_reported"	"UPP1"	"19448_104_UPP1_UPP1"	"deCODE SomaScan"	"assay_specific_target"	"AD"	"AD"	"FinnGen AD"	"Zhao YH"	"2026"	"Medicine"	"41630303"	"10.1097/md.0000000000045715"	"peer_reviewed"	"deCODE"	"35559"	"European"	"mixed_or_not_explicitly_cis_only"	"P<5e-8; LD clumped instruments"	"3 SNPs; IDs in Table S2"	"IVW"	"-0.331258015"	"0.124573371"	"0.718019885"	"0.562467558"	"0.916590741"	"0.007834044"	"study-reported FDR<0.05"	"true"	"not_reported"	"not_reported"	"not_reported"	"not_reported"	"not_reported"	"not_reported"	"higher_protein_lower_risk"	"FinnGen AD"	"different_outcome_GWAS_from_primary_analysis"	"false"	"Tier2"	"false"	"SomaScan assay review required"	"literature_source_universe_tier2"	"not_cis_only;mapping_not_high_confidence;no_strong_colocalization_or_independent_replication"	"not_assessed"	"not_assessed"	"not_assessed"	"false_pending_alpha_and_reestimated_beta"	"full_text_and_source_table_verified"	"Paper states these 39 rows passed FDR; row-level adjusted P is absent, so retained in Tier2 only."	"data_raw\literature_fulltext\PMID41630303_PMC12863894\supplements\medi-105-e45715-s001.xlsx"	"Table S3"	"35"	"published_beta"	"moderate"	"partially_overlapping"	"AD_deCODE_FinnGen_2026"	"not_applicable_to_published_beta"	"none"
"PMID40397384_SuppTable6_VPS29"	"VPS29"	"VPS29"	"not_reported"	"VPS29"	"not_reported"	"deCODE SomaScan"	"assay_specific_target"	"AD"	"AD"	"AD-EADB"	"Li Y"	"2025"	"Journal of Alzheimer's Disease"	"40397384"	"10.1177/13872877251345151"	"peer_reviewed"	"deCODE SomaScan"	"not_reported"	"European"	"mixed_or_not_explicitly_cis_only"	"study-selected genome-wide instruments"	"not_reported"	"IVW"	"-0.1273966659365189"	"0.0268999114918222"	"0.880384384829952"	"0.835169573711488"	"0.928047057088032"	"2.18030137933491e-06"	"Benjamini-Hochberg FDR"	"TRUE"	"not_reported"	"not_reported"	"not_reported"	"not_reported"	"not_reported"	"not_reported"	"higher_protein_lower_risk"	"AD-EADB"	"partially_overlapping_or_related"	"false"	"Tier2"	"FALSE"	"platform_mapping_required"	"literature_source_universe_tier2"	"no_colocalization_or_independent_replication;published_beta_not_same_assay_primary_analysis_beta"	"false"	"false"	"not_reported"	"false"	"full_text_and_source_table_verified"	"P adjusted significance"	"PMID40397384_supp2.xlsx"	"SuppTable6"	"4"	"published_beta"	"moderate"	"partially_overlapping"	"AD_deCODE SomaScan_2025"	"not_applicable_to_published_beta"	"not_reported"
"EVID_40037332_ZBTB16_fbd54da8e9e5"	"ZBTB16"	"ZBTB16"	"Q05516"	"ZBTB16"	"OID21205"	"Olink"	"assay_specific_target"	"AD"	"AD"	"clinically diagnosed Alzheimer disease GWAS"	"Belbasis L"	"2025"	"Brain : a journal of neurology"	"40037332"	"10.1093/brain/awaf018"	"peer_reviewed"	"Olink"	"UKB-PPP 54219 or deCODE 35559 according to platform"	"European"	"cis_lead_pQTL"	"lead cis-pQTL per assay"	"rs73000929"	"Wald ratio using lead cis-pQTL"	"0.107874738529945"	"0.0282892404632392"	"1.1139082068677515"	"1.0538265017476625"	"1.1774153442427238"	"0.00013713570427121"	"Benjamini-Hochberg FDR"	"true"	"coloc.abf single-causal-variant"	"0.896160011333513"	"not_reported"	"not_reported"	"cross-platform comparison reported"	"partially_overlapping_cross_platform"	"higher_protein_higher_risk"	"AD GWAS reported in Table S1"	"likely_overlap_with_Wightman_2021_components"	"possible"	"Tier1"	"false"	"assay_specific_review_required"	"primary_high_confidence_panel"	"NA"	"true"	"true"	"<external_resource_root>\UKB-PPP\syn51365303_European_discovery\ZBTB16_Q05516_OID21205_v1_Oncology.tar"	"true"	"full_text_and_source_table_verified"	"FDR-significant AD row; colocalization joined by assay ID."	"data_processed\literature_supplements_extracted\PMID40037332\awaf018_supplementary_data\brain-2024-00441-File011.xlsx"	"Table S2"	"36"	"published_beta"	"high"	"partially_overlapping"	"AD_UKB_deCODE_cross_platform"	"not_applicable_to_published_beta"	"OR and CI derived from reported beta and SE"
"EVID_38903171_ABO_7ad38dcfc2ea"	"ABO"	"ABO"	"not_reported"	"ABO"	"ENSG00000175164"	"UKB-PPP_Olink"	"not_reported"	"AMD"	"any_AMD"	"FinnGen R10 any_AMD"	"Pu KL"	"2024"	"Frontiers in neurology"	"38903171"	"10.3389/fneur.2024.1400557"	"peer_reviewed"	"UKB-PPP_Olink"	"54219"	"European"	"top_cis_pQTL"	"top cis-pQTL within +/-1 Mb; P<5e-8; SMR"	"rs115478735"	"SMR"	"0.060827"	"0.0176926"	"1.0627150485798744"	"not_reported"	"not_reported"	"0.0005860255"	"Benjamini-Hochberg FDR"	"true"	"coloc.abf single-causal-variant"	"0.106891192322444"	"0.0005860255"	"0.448372"	"cross-platform and FinnGen replication tables reported"	"partially_overlapping_cross_platform"	"higher_protein_higher_risk"	"FinnGen_R10_H7_AMD"	"same_FinnGen_resource_different_release_R10_vs_R12"	"true_different_release"	"Tier2"	"false"	"requires_platform_review"	"literature_source_universe_tier2"	"no_strong_colocalization_or_independent_replication"	"not_assessed"	"not_assessed"	"not_assessed"	"false_pending_alpha_and_reestimated_beta"	"full_text_and_source_table_verified"	"Only FDR<0.05 and HEIDI>0.01 rows retained; colocalization joined by reported gene label."	"data_raw\literature_fulltext\PMID38903171_PMC11187347\supplements\Table_1.XLSX"	"Supplementary Table 6"	"861"	"published_beta"	"high"	"partially_overlapping"	"AMD_FinnGen_UKB_deCODE"	"not_applicable_to_published_beta"	"OR=exp(reported SMR beta)"
"EVID_40327005_ABO_5d1c741b8350"	"ABO"	"ABO"	"not_reported"	"ABO"	"gene-level label only"	"UKB-PPP Olink"	"not_reported"	"AMD"	"any_AMD"	"any_AMD"	"Chen C"	"2025"	"Translational vision science & technology"	"40327005"	"10.1167/tvst.14.5.8"	"peer_reviewed"	"UKB-PPP Olink"	"54219"	"European"	"top_cis_pQTL_SMR"	"top cis-pQTL used in SMR"	"rs115478735"	"SMR"	"0.0748326"	"0.0182545"	"1.0777037281795752"	"not_reported"	"not_reported"	"4.142086e-05"	"Benjamini-Hochberg FDR"	"true"	"not_reported"	"not_reported"	"4.142086e-05"	"0.31777"	"cross-platform comparison"	"partially_overlapping_cross_platform"	"higher_protein_higher_risk"	"study-specific AMD GWAS"	"requires_manual_verification"	"unclear"	"Tier2"	"false"	"requires_platform_review"	"literature_source_universe_tier2"	"mapping_not_high_confidence;no_strong_colocalization_or_independent_replication"	"not_assessed"	"not_assessed"	"not_assessed"	"false_pending_alpha_and_reestimated_beta"	"full_text_and_source_table_verified"	"Corrected SMR row; no colocalization table was reported."	"data_raw\literature_fulltext\PMID40327005_PMC12063708\supplements\tvst-14-5-8_s003.xlsx"	"Supplementary table 2"	"762"	"published_beta"	"moderate"	"partially_overlapping"	"AMD_multi_platform_2025"	"not_applicable_to_published_beta"	"OR=exp(reported SMR beta)"
"EVID_38903171_ACADSB_ce1521eb1377"	"ACADSB"	"ACADSB"	"not_reported"	"ACADSB"	"ENSG00000196177"	"deCODE"	"not_reported"	"AMD"	"any_AMD"	"FinnGen R10 any_AMD"	"Pu KL"	"2024"	"Frontiers in neurology"	"38903171"	"10.3389/fneur.2024.1400557"	"peer_reviewed"	"deCODE"	"35559"	"European"	"top_cis_pQTL"	"top cis-pQTL within +/-1 Mb; P<5e-8; SMR"	"rs7913063"	"SMR"	"-0.59952"	"0.165801"	"0.5490751289125689"	"not_reported"	"not_reported"	"0.0002993127"	"Benjamini-Hochberg FDR"	"true"	"coloc.abf single-causal-variant"	"3.12e-32"	"0.0002993127"	"0.01547458"	"cross-platform and FinnGen replication tables reported"	"partially_overlapping_cross_platform"	"higher_protein_lower_risk"	"FinnGen_R10_H7_AMD"	"same_FinnGen_resource_different_release_R10_vs_R12"	"true_different_release"	"Tier2"	"false"	"requires_platform_review"	"literature_source_universe_tier2"	"no_strong_colocalization_or_independent_replication"	"not_assessed"	"not_assessed"	"not_assessed"	"false_pending_alpha_and_reestimated_beta"	"full_text_and_source_table_verified"	"Only FDR<0.05 and HEIDI>0.01 rows retained; colocalization joined by reported gene label."	"data_raw\literature_fulltext\PMID38903171_PMC11187347\supplements\Table_1.XLSX"	"Supplementary Table 2"	"973"	"published_beta"	"high"	"partially_overlapping"	"AMD_FinnGen_UKB_deCODE"	"not_applicable_to_published_beta"	"OR=exp(reported SMR beta)"
"EVID_40327005_AGER_48fcb3ab3ee8"	"AGER"	"AGER"	"not_reported"	"AGER"	"gene-level label only"	"UKB-PPP Olink"	"not_reported"	"AMD"	"any_AMD"	"any_AMD"	"Chen C"	"2025"	"Translational vision science & technology"	"40327005"	"10.1167/tvst.14.5.8"	"peer_reviewed"	"UKB-PPP Olink"	"54219"	"European"	"top_cis_pQTL_SMR"	"top cis-pQTL used in SMR"	"rs204993"	"SMR"	"-0.489383"	"0.123598"	"0.613004501303679"	"not_reported"	"not_reported"	"7.511216e-05"	"Benjamini-Hochberg FDR"	"true"	"not_reported"	"not_reported"	"7.511216e-05"	"0.01268765"	"cross-platform comparison"	"partially_overlapping_cross_platform"	"higher_protein_lower_risk"	"study-specific AMD GWAS"	"requires_manual_verification"	"unclear"	"Tier2"	"false"	"requires_platform_review"	"literature_source_universe_tier2"	"mapping_not_high_confidence;no_strong_colocalization_or_independent_replication"	"not_assessed"	"not_assessed"	"not_assessed"	"false_pending_alpha_and_reestimated_beta"	"full_text_and_source_table_verified"	"Corrected SMR row; no colocalization table was reported."	"data_raw\literature_fulltext\PMID40327005_PMC12063708\supplements\tvst-14-5-8_s003.xlsx"	"Supplementary table 2"	"84"	"published_beta"	"moderate"	"partially_overlapping"	"AMD_multi_platform_2025"	"not_applicable_to_published_beta"	"OR=exp(reported SMR beta)"
"EVID_38903171_BRD2_5e34b621f878"	"BRD2"	"BRD2"	"not_reported"	"BRD2"	"ENSG00000204256"	"deCODE"	"not_reported"	"AMD"	"any_AMD"	"FinnGen R10 any_AMD"	"Pu KL"	"2024"	"Frontiers in neurology"	"38903171"	"10.3389/fneur.2024.1400557"	"peer_reviewed"	"deCODE"	"35559"	"European"	"top_cis_pQTL"	"top cis-pQTL within +/-1 Mb; P<5e-8; SMR"	"rs147168394"	"SMR"	"-2.06003"	"0.600697"	"0.12745014633307764"	"not_reported"	"not_reported"	"0.000604919"	"Benjamini-Hochberg FDR"	"true"	"coloc.abf single-causal-variant"	"0.795643571"	"0.000604919"	"0.01528055"	"cross-platform and FinnGen replication tables reported"	"partially_overlapping_cross_platform"	"higher_protein_lower_risk"	"FinnGen_R10_H7_AMD"	"same_FinnGen_resource_different_release_R10_vs_R12"	"true_different_release"	"Tier1"	"false"	"requires_platform_review"	"primary_high_confidence_panel"	"NA"	"true"	"true"	"<external_resource_root>\UKB-PPP\syn51365303_European_discovery\BRD2_P25440_OID30826_v1_Neurology_II.tar"	"false"	"full_text_and_source_table_verified"	"Only FDR<0.05 and HEIDI>0.01 rows retained; colocalization joined by reported gene label."	"data_raw\literature_fulltext\PMID38903171_PMC11187347\supplements\Table_1.XLSX"	"Supplementary Table 2"	"632"	"published_beta"	"high"	"partially_overlapping"	"AMD_FinnGen_UKB_deCODE"	"not_applicable_to_published_beta"	"OR=exp(reported SMR beta)"
"EVID_39408566_C3_e3641415e4e4"	"C3"	"C3"	"not_reported"	"C3"	"SeqId_2683_1"	"deCODE SomaScan"	"assay_specific_target"	"AMD"	"any_AMD"	"age-related macular degeneration GWAS"	"Mo Q"	"2024"	"International journal of molecular sciences"	"39408566"	"10.3390/ijms251910236"	"peer_reviewed"	"deCODE"	"35559"	"European"	"requires_instrument_level_review"	"genome-wide significant pQTLs; details in study methods"	"1.0 SNPs; IDs in instrument table"	"IVW"	"0.503"	"0.1463"	"1.6536"	"1.2413"	"2.2028"	"0.000587459805237375"	"Benjamini-Hochberg FDR"	"true"	"coloc.abf single-causal-variant"	"NA"	"not_reported"	"not_reported"	"not_reported"	"not_reported"	"higher_protein_higher_risk"	"ocular disease GWAS listed in Table S1"	"requires_manual_verification"	"unclear"	"Tier2"	"false"	"SomaScan assay review required"	"literature_source_universe_tier2"	"not_cis_only;no_strong_colocalization_or_independent_replication"	"not_assessed"	"not_assessed"	"not_assessed"	"false_pending_alpha_and_reestimated_beta"	"full_text_and_source_table_verified"	"AMD plasma MR row passing study FDR; colocalization joined by SeqId assay target."	"data_processed\literature_supplements_extracted\PMID39408566\ijms-25-10236-s001\ijms-3215465-supplementary.xlsx"	"S4_plasma_MR-IVW"	"13"	"published_beta"	"high"	"partially_overlapping"	"AMD_ocular_proteome_2024"	"not_applicable_to_published_beta"	"none"
"EVID_39408566_C3_f7d33a5e6969"	"C3"	"C3"	"not_reported"	"C3"	"SeqId_2754_50"	"deCODE SomaScan"	"assay_specific_target"	"AMD"	"any_AMD"	"age-related macular degeneration GWAS"	"Mo Q"	"2024"	"International journal of molecular sciences"	"39408566"	"10.3390/ijms251910236"	"peer_reviewed"	"deCODE"	"35559"	"European"	"requires_instrument_level_review"	"genome-wide significant pQTLs; details in study methods"	"1.0 SNPs; IDs in instrument table"	"IVW"	"0.4826"	"0.1404"	"1.6203"	"1.2305"	"2.1336"	"0.000587459805237375"	"Benjamini-Hochberg FDR"	"true"	"coloc.abf single-causal-variant"	"NA"	"not_reported"	"not_reported"	"not_reported"	"not_reported"	"higher_protein_higher_risk"	"ocular disease GWAS listed in Table S1"	"requires_manual_verification"	"unclear"	"Tier2"	"false"	"SomaScan assay review required"	"literature_source_universe_tier2"	"not_cis_only;no_strong_colocalization_or_independent_replication"	"not_assessed"	"not_assessed"	"not_assessed"	"false_pending_alpha_and_reestimated_beta"	"full_text_and_source_table_verified"	"AMD plasma MR row passing study FDR; colocalization joined by SeqId assay target."	"data_processed\literature_supplements_extracted\PMID39408566\ijms-25-10236-s001\ijms-3215465-supplementary.xlsx"	"S4_plasma_MR-IVW"	"14"	"published_beta"	"high"	"partially_overlapping"	"AMD_ocular_proteome_2024"	"not_applicable_to_published_beta"	"none"
"EVID_39408566_C3_1cf399d63a02"	"C3"	"C3"	"not_reported"	"C3"	"SeqId_5803_24"	"deCODE SomaScan"	"assay_specific_target"	"AMD"	"any_AMD"	"age-related macular degeneration GWAS"	"Mo Q"	"2024"	"International journal of molecular sciences"	"39408566"	"10.3390/ijms251910236"	"peer_reviewed"	"deCODE"	"35559"	"European"	"requires_instrument_level_review"	"genome-wide significant pQTLs; details in study methods"	"2.0 SNPs; IDs in instrument table"	"IVW"	"0.716"	"0.2729"	"2.0462"	"1.1984"	"3.4935"	"0.00871064939945045"	"Benjamini-Hochberg FDR"	"true"	"coloc.abf single-causal-variant"	"0.99976255058245"	"not_reported"	"not_reported"	"not_reported"	"not_reported"	"higher_protein_higher_risk"	"ocular disease GWAS listed in Table S1"	"requires_manual_verification"	"unclear"	"Tier2"	"false"	"SomaScan assay review required"	"literature_source_universe_tier2"	"not_cis_only"	"not_assessed"	"not_assessed"	"not_assessed"	"false_pending_alpha_and_reestimated_beta"	"full_text_and_source_table_verified"	"AMD plasma MR row passing study FDR; colocalization joined by SeqId assay target."	"data_processed\literature_supplements_extracted\PMID39408566\ijms-25-10236-s001\ijms-3215465-supplementary.xlsx"	"S4_plasma_MR-IVW"	"17"	"published_beta"	"high"	"partially_overlapping"	"AMD_ocular_proteome_2024"	"not_applicable_to_published_beta"	"none"
"EVID_40327005_C3_5d3feb106980"	"C3"	"C3"	"not_reported"	"C3"	"gene-level label only"	"deCODE"	"not_reported"	"AMD"	"any_AMD"	"any_AMD"	"Chen C"	"2025"	"Translational vision science & technology"	"40327005"	"10.1167/tvst.14.5.8"	"peer_reviewed"	"deCODE"	"35559"	"European"	"top_cis_pQTL_SMR"	"top cis-pQTL used in SMR"	"rs11085197"	"SMR"	"-1.98915"	"0.266491"	"0.13681166595236932"	"not_reported"	"not_reported"	"8.378763e-14"	"Benjamini-Hochberg FDR"	"true"	"not_reported"	"not_reported"	"8.378763e-14"	"0.04412806"	"cross-platform comparison"	"partially_overlapping_cross_platform"	"higher_protein_lower_risk"	"study-specific AMD GWAS"	"requires_manual_verification"	"unclear"	"Tier2"	"false"	"requires_platform_review"	"literature_source_universe_tier2"	"mapping_not_high_confidence;no_strong_colocalization_or_independent_replication"	"not_assessed"	"not_assessed"	"not_assessed"	"false_pending_alpha_and_reestimated_beta"	"full_text_and_source_table_verified"	"Corrected SMR row; no colocalization table was reported."	"data_raw\literature_fulltext\PMID40327005_PMC12063708\supplements\tvst-14-5-8_s003.xlsx"	"Supplementary table 1"	"162"	"published_beta"	"moderate"	"partially_overlapping"	"AMD_multi_platform_2025"	"not_applicable_to_published_beta"	"OR=exp(reported SMR beta)"
"EVID_40327005_C3_ab3b4d2ce79e"	"C3"	"C3"	"not_reported"	"C3"	"gene-level label only"	"deCODE"	"not_reported"	"AMD"	"any_AMD"	"any_AMD"	"Chen C"	"2025"	"Translational vision science & technology"	"40327005"	"10.1167/tvst.14.5.8"	"peer_reviewed"	"deCODE"	"35559"	"European"	"top_cis_pQTL_SMR"	"top cis-pQTL used in SMR"	"rs10408682"	"SMR"	"0.936505"	"0.243825"	"2.551049900191714"	"not_reported"	"not_reported"	"0.0001225907"	"Benjamini-Hochberg FDR"	"true"	"not_reported"	"not_reported"	"0.0001225907"	"0.02272977"	"cross-platform comparison"	"partially_overlapping_cross_platform"	"higher_protein_higher_risk"	"study-specific AMD GWAS"	"requires_manual_verification"	"unclear"	"Tier2"	"false"	"requires_platform_review"	"literature_source_universe_tier2"	"mapping_not_high_confidence;no_strong_colocalization_or_independent_replication"	"not_assessed"	"not_assessed"	"not_assessed"	"false_pending_alpha_and_reestimated_beta"	"full_text_and_source_table_verified"	"Corrected SMR row; no colocalization table was reported."	"data_raw\literature_fulltext\PMID40327005_PMC12063708\supplements\tvst-14-5-8_s003.xlsx"	"Supplementary table 1"	"120"	"published_beta"	"moderate"	"partially_overlapping"	"AMD_multi_platform_2025"	"not_applicable_to_published_beta"	"OR=exp(reported SMR beta)"
"EVID_40327005_C3_f869865c0fb9"	"C3"	"C3"	"not_reported"	"C3"	"gene-level label only"	"deCODE"	"not_reported"	"AMD"	"any_AMD"	"any_AMD"	"Chen C"	"2025"	"Translational vision science & technology"	"40327005"	"10.1167/tvst.14.5.8"	"peer_reviewed"	"deCODE"	"35559"	"European"	"top_cis_pQTL_SMR"	"top cis-pQTL used in SMR"	"rs10408682"	"SMR"	"1.11161"	"0.302283"	"3.0392476462423024"	"not_reported"	"not_reported"	"0.0002356566"	"Benjamini-Hochberg FDR"	"true"	"not_reported"	"not_reported"	"0.0002356566"	"0.02111541"	"cross-platform comparison"	"partially_overlapping_cross_platform"	"higher_protein_higher_risk"	"study-specific AMD GWAS"	"requires_manual_verification"	"unclear"	"Tier2"	"false"	"requires_platform_review"	"literature_source_universe_tier2"	"mapping_not_high_confidence;no_strong_colocalization_or_independent_replication"	"not_assessed"	"not_assessed"	"not_assessed"	"false_pending_alpha_and_reestimated_beta"	"full_text_and_source_table_verified"	"Corrected SMR row; no colocalization table was reported."	"data_raw\literature_fulltext\PMID40327005_PMC12063708\supplements\tvst-14-5-8_s003.xlsx"	"Supplementary table 1"	"114"	"published_beta"	"moderate"	"partially_overlapping"	"AMD_multi_platform_2025"	"not_applicable_to_published_beta"	"OR=exp(reported SMR beta)"
"EVID_39408566_C5_8ee68cd7d2cf"	"C5"	"C5"	"not_reported"	"C5"	"SeqId_2851_63"	"deCODE SomaScan"	"assay_specific_target"	"AMD"	"any_AMD"	"age-related macular degeneration GWAS"	"Mo Q"	"2024"	"International journal of molecular sciences"	"39408566"	"10.3390/ijms251910236"	"peer_reviewed"	"deCODE"	"35559"	"European"	"requires_instrument_level_review"	"genome-wide significant pQTLs; details in study methods"	"5.0 SNPs; IDs in instrument table"	"IVW"	"0.1944"	"0.066"	"1.2146"	"1.0673"	"1.3823"	"0.00321413485921969"	"Benjamini-Hochberg FDR"	"true"	"coloc.abf single-causal-variant"	"NA"	"not_reported"	"not_reported"	"not_reported"	"not_reported"	"higher_protein_higher_risk"	"ocular disease GWAS listed in Table S1"	"requires_manual_verification"	"unclear"	"Tier2"	"false"	"SomaScan assay review required"	"literature_source_universe_tier2"	"not_cis_only;no_strong_colocalization_or_independent_replication"	"not_assessed"	"not_assessed"	"not_assessed"	"false_pending_alpha_and_reestimated_beta"	"full_text_and_source_table_verified"	"AMD plasma MR row passing study FDR; colocalization joined by SeqId assay target."	"data_processed\literature_supplements_extracted\PMID39408566\ijms-25-10236-s001\ijms-3215465-supplementary.xlsx"	"S4_plasma_MR-IVW"	"15"	"published_beta"	"high"	"partially_overlapping"	"AMD_ocular_proteome_2024"	"not_applicable_to_published_beta"	"none"
"EVID_38903171_CFD_cc8f2b77753f"	"CFD"	"CFD"	"not_reported"	"CFD"	"ENSG00000197766"	"UKB-PPP_Olink"	"not_reported"	"AMD"	"any_AMD"	"FinnGen R10 any_AMD"	"Pu KL"	"2024"	"Frontiers in neurology"	"38903171"	"10.3389/fneur.2024.1400557"	"peer_reviewed"	"UKB-PPP_Olink"	"54219"	"European"	"top_cis_pQTL"	"top cis-pQTL within +/-1 Mb; P<5e-8; SMR"	"rs71335276"	"SMR"	"0.43169"	"0.117793"	"1.5398576852808818"	"not_reported"	"not_reported"	"0.0002475132"	"Benjamini-Hochberg FDR"	"true"	"coloc.abf single-causal-variant"	"0.643430507586725"	"0.0002475132"	"0.7418576"	"cross-platform and FinnGen replication tables reported"	"partially_overlapping_cross_platform"	"higher_protein_higher_risk"	"FinnGen_R10_H7_AMD"	"same_FinnGen_resource_different_release_R10_vs_R12"	"true_different_release"	"Tier2"	"false"	"requires_platform_review"	"literature_source_universe_tier2"	"no_strong_colocalization_or_independent_replication"	"not_assessed"	"not_assessed"	"not_assessed"	"false_pending_alpha_and_reestimated_beta"	"full_text_and_source_table_verified"	"Only FDR<0.05 and HEIDI>0.01 rows retained; colocalization joined by reported gene label."	"data_raw\literature_fulltext\PMID38903171_PMC11187347\supplements\Table_1.XLSX"	"Supplementary Table 6"	"1041"	"published_beta"	"high"	"partially_overlapping"	"AMD_FinnGen_UKB_deCODE"	"not_applicable_to_published_beta"	"OR=exp(reported SMR beta)"
"EVID_38903171_COL10A1_2052f3ec1e7a"	"COL10A1"	"COL10A1"	"not_reported"	"COL10A1"	"ENSG00000123500"	"deCODE"	"not_reported"	"AMD"	"any_AMD"	"FinnGen R10 any_AMD"	"Pu KL"	"2024"	"Frontiers in neurology"	"38903171"	"10.3389/fneur.2024.1400557"	"peer_reviewed"	"deCODE"	"35559"	"European"	"top_cis_pQTL"	"top cis-pQTL within +/-1 Mb; P<5e-8; SMR"	"rs9488842"	"SMR"	"0.387059"	"0.0774514"	"1.4726433746691554"	"not_reported"	"not_reported"	"5.809729e-07"	"Benjamini-Hochberg FDR"	"true"	"coloc.abf single-causal-variant"	"0.6736132"	"5.809729e-07"	"0.2329045"	"cross-platform and FinnGen replication tables reported"	"partially_overlapping_cross_platform"	"higher_protein_higher_risk"	"FinnGen_R10_H7_AMD"	"same_FinnGen_resource_different_release_R10_vs_R12"	"true_different_release"	"Tier2"	"false"	"requires_platform_review"	"literature_source_universe_tier2"	"no_strong_colocalization_or_independent_replication"	"not_assessed"	"not_assessed"	"not_assessed"	"false_pending_alpha_and_reestimated_beta"	"full_text_and_source_table_verified"	"Only FDR<0.05 and HEIDI>0.01 rows retained; colocalization joined by reported gene label."	"data_raw\literature_fulltext\PMID38903171_PMC11187347\supplements\Table_1.XLSX"	"Supplementary Table 2"	"670"	"published_beta"	"high"	"partially_overlapping"	"AMD_FinnGen_UKB_deCODE"	"not_applicable_to_published_beta"	"OR=exp(reported SMR beta)"
"EVID_40327005_COL10A1_5012568599f2"	"COL10A1"	"COL10A1"	"not_reported"	"COL10A1"	"gene-level label only"	"deCODE"	"not_reported"	"AMD"	"any_AMD"	"any_AMD"	"Chen C"	"2025"	"Translational vision science & technology"	"40327005"	"10.1167/tvst.14.5.8"	"peer_reviewed"	"deCODE"	"35559"	"European"	"top_cis_pQTL_SMR"	"top cis-pQTL used in SMR"	"rs9488842"	"SMR"	"0.358627"	"0.0797863"	"1.4313628036614738"	"not_reported"	"not_reported"	"6.962228e-06"	"Benjamini-Hochberg FDR"	"true"	"not_reported"	"not_reported"	"6.962228e-06"	"0.1674564"	"cross-platform comparison"	"partially_overlapping_cross_platform"	"higher_protein_higher_risk"	"study-specific AMD GWAS"	"requires_manual_verification"	"unclear"	"Tier2"	"false"	"requires_platform_review"	"literature_source_universe_tier2"	"mapping_not_high_confidence;no_strong_colocalization_or_independent_replication"	"not_assessed"	"not_assessed"	"not_assessed"	"false_pending_alpha_and_reestimated_beta"	"full_text_and_source_table_verified"	"Corrected SMR row; no colocalization table was reported."	"data_raw\literature_fulltext\PMID40327005_PMC12063708\supplements\tvst-14-5-8_s003.xlsx"	"Supplementary table 1"	"395"	"published_beta"	"moderate"	"partially_overlapping"	"AMD_multi_platform_2025"	"not_applicable_to_published_beta"	"OR=exp(reported SMR beta)"
"EVID_40327005_CSK_1ee514af1e41"	"CSK"	"CSK"	"not_reported"	"CSK"	"gene-level label only"	"deCODE"	"not_reported"	"AMD"	"any_AMD"	"any_AMD"	"Chen C"	"2025"	"Translational vision science & technology"	"40327005"	"10.1167/tvst.14.5.8"	"peer_reviewed"	"deCODE"	"35559"	"European"	"top_cis_pQTL_SMR"	"top cis-pQTL used in SMR"	"rs4886619"	"SMR"	"-0.952212"	"0.282686"	"0.3858864977644619"	"not_reported"	"not_reported"	"0.000755932"	"Benjamini-Hochberg FDR"	"true"	"not_reported"	"not_reported"	"0.000755932"	"0.07278325"	"cross-platform comparison"	"partially_overlapping_cross_platform"	"higher_protein_lower_risk"	"study-specific AMD GWAS"	"requires_manual_verification"	"unclear"	"Tier2"	"false"	"requires_platform_review"	"literature_source_universe_tier2"	"mapping_not_high_confidence;no_strong_colocalization_or_independent_replication"	"not_assessed"	"not_assessed"	"not_assessed"	"false_pending_alpha_and_reestimated_beta"	"full_text_and_source_table_verified"	"Corrected SMR row; no colocalization table was reported."	"data_raw\literature_fulltext\PMID40327005_PMC12063708\supplements\tvst-14-5-8_s003.xlsx"	"Supplementary table 1"	"217"	"published_beta"	"moderate"	"partially_overlapping"	"AMD_multi_platform_2025"	"not_applicable_to_published_beta"	"OR=exp(reported SMR beta)"
"EVID_40327005_DPEP2_4d3d71508850"	"DPEP2"	"DPEP2"	"not_reported"	"DPEP2"	"gene-level label only"	"UKB-PPP Olink"	"not_reported"	"AMD"	"any_AMD"	"any_AMD"	"Chen C"	"2025"	"Translational vision science & technology"	"40327005"	"10.1167/tvst.14.5.8"	"peer_reviewed"	"UKB-PPP Olink"	"54219"	"European"	"top_cis_pQTL_SMR"	"top cis-pQTL used in SMR"	"rs73594556"	"SMR"	"0.435859"	"0.114295"	"1.546290752381666"	"not_reported"	"not_reported"	"0.0001370293"	"Benjamini-Hochberg FDR"	"true"	"not_reported"	"not_reported"	"0.0001370293"	"0.269187"	"cross-platform comparison"	"partially_overlapping_cross_platform"	"higher_protein_higher_risk"	"study-specific AMD GWAS"	"requires_manual_verification"	"unclear"	"Tier2"	"false"	"requires_platform_review"	"literature_source_universe_tier2"	"mapping_not_high_confidence;no_strong_colocalization_or_independent_replication"	"not_assessed"	"not_assessed"	"not_assessed"	"false_pending_alpha_and_reestimated_beta"	"full_text_and_source_table_verified"	"Corrected SMR row; no colocalization table was reported."	"data_raw\literature_fulltext\PMID40327005_PMC12063708\supplements\tvst-14-5-8_s003.xlsx"	"Supplementary table 2"	"666"	"published_beta"	"moderate"	"partially_overlapping"	"AMD_multi_platform_2025"	"not_applicable_to_published_beta"	"OR=exp(reported SMR beta)"
"EVID_39408566_IGFBP7_f40a5660b9dc"	"IGFBP7"	"IGFBP7"	"not_reported"	"IGFBP7"	"SeqId_3320_49"	"deCODE SomaScan"	"assay_specific_target"	"AMD"	"any_AMD"	"age-related macular degeneration GWAS"	"Mo Q"	"2024"	"International journal of molecular sciences"	"39408566"	"10.3390/ijms251910236"	"peer_reviewed"	"deCODE"	"35559"	"European"	"requires_instrument_level_review"	"genome-wide significant pQTLs; details in study methods"	"6.0 SNPs; IDs in instrument table"	"IVW"	"-0.1301"	"0.0315"	"0.878"	"0.8254"	"0.9341"	"3.74560656564028e-05"	"Benjamini-Hochberg FDR"	"true"	"coloc.abf single-causal-variant"	"0.753678594553602"	"not_reported"	"not_reported"	"not_reported"	"not_reported"	"higher_protein_lower_risk"	"ocular disease GWAS listed in Table S1"	"requires_manual_verification"	"unclear"	"Tier2"	"false"	"SomaScan assay review required"	"literature_source_universe_tier2"	"not_cis_only;no_strong_colocalization_or_independent_replication"	"not_assessed"	"not_assessed"	"not_assessed"	"false_pending_alpha_and_reestimated_beta"	"full_text_and_source_table_verified"	"AMD plasma MR row passing study FDR; colocalization joined by SeqId assay target."	"data_processed\literature_supplements_extracted\PMID39408566\ijms-25-10236-s001\ijms-3215465-supplementary.xlsx"	"S4_plasma_MR-IVW"	"16"	"published_beta"	"high"	"partially_overlapping"	"AMD_ocular_proteome_2024"	"not_applicable_to_published_beta"	"none"
"EVID_38903171_IL20RB_1429c8a61ca7"	"IL20RB"	"IL20RB"	"not_reported"	"IL20RB"	"ENSG00000174564"	"UKB-PPP_Olink"	"not_reported"	"AMD"	"any_AMD"	"FinnGen R10 any_AMD"	"Pu KL"	"2024"	"Frontiers in neurology"	"38903171"	"10.3389/fneur.2024.1400557"	"peer_reviewed"	"UKB-PPP_Olink"	"54219"	"European"	"top_cis_pQTL"	"top cis-pQTL within +/-1 Mb; P<5e-8; SMR"	"rs1682359"	"SMR"	"0.561832"	"0.142358"	"1.7538826719360279"	"not_reported"	"not_reported"	"7.926204e-05"	"Benjamini-Hochberg FDR"	"true"	"coloc.abf single-causal-variant"	"0.884393634164524"	"7.926204e-05"	"0.08622533"	"cross-platform and FinnGen replication tables reported"	"partially_overlapping_cross_platform"	"higher_protein_higher_risk"	"FinnGen_R10_H7_AMD"	"same_FinnGen_resource_different_release_R10_vs_R12"	"true_different_release"	"Tier1"	"false"	"requires_platform_review"	"primary_high_confidence_panel"	"NA"	"true"	"true"	"<external_resource_root>\UKB-PPP\syn51365303_European_discovery\IL20RB_Q6UXL0_OID30461_v1_Inflammation_II.tar"	"false"	"full_text_and_source_table_verified"	"Only FDR<0.05 and HEIDI>0.01 rows retained; colocalization joined by reported gene label."	"data_raw\literature_fulltext\PMID38903171_PMC11187347\supplements\Table_1.XLSX"	"Supplementary Table 6"	"689"	"published_beta"	"high"	"partially_overlapping"	"AMD_FinnGen_UKB_deCODE"	"not_applicable_to_published_beta"	"OR=exp(reported SMR beta)"
"EVID_40327005_IL20RB_117af9b82a15"	"IL20RB"	"IL20RB"	"not_reported"	"IL20RB"	"gene-level label only"	"UKB-PPP Olink"	"not_reported"	"AMD"	"any_AMD"	"any_AMD"	"Chen C"	"2025"	"Translational vision science & technology"	"40327005"	"10.1167/tvst.14.5.8"	"peer_reviewed"	"UKB-PPP Olink"	"54219"	"European"	"top_cis_pQTL_SMR"	"top cis-pQTL used in SMR"	"rs747842"	"SMR"	"0.567484"	"0.148885"	"1.7638236836329924"	"not_reported"	"not_reported"	"0.0001380855"	"Benjamini-Hochberg FDR"	"true"	"not_reported"	"not_reported"	"0.0001380855"	"0.1760398"	"cross-platform comparison"	"partially_overlapping_cross_platform"	"higher_protein_higher_risk"	"study-specific AMD GWAS"	"requires_manual_verification"	"unclear"	"Tier2"	"false"	"requires_platform_review"	"literature_source_universe_tier2"	"mapping_not_high_confidence;no_strong_colocalization_or_independent_replication"	"not_assessed"	"not_assessed"	"<external_resource_root>\UKB-PPP\syn51365303_European_discovery\IL20RB_Q6UXL0_OID30461_v1_Inflammation_II.tar"	"false_pending_alpha_and_reestimated_beta"	"full_text_and_source_table_verified"	"Corrected SMR row; no colocalization table was reported."	"data_raw\literature_fulltext\PMID40327005_PMC12063708\supplements\tvst-14-5-8_s003.xlsx"	"Supplementary table 2"	"468"	"published_beta"	"moderate"	"partially_overlapping"	"AMD_multi_platform_2025"	"not_applicable_to_published_beta"	"OR=exp(reported SMR beta)"
"EVID_40327005_LBP_23640bed69c2"	"LBP"	"LBP"	"not_reported"	"LBP"	"gene-level label only"	"deCODE"	"not_reported"	"AMD"	"any_AMD"	"any_AMD"	"Chen C"	"2025"	"Translational vision science & technology"	"40327005"	"10.1167/tvst.14.5.8"	"peer_reviewed"	"deCODE"	"35559"	"European"	"top_cis_pQTL_SMR"	"top cis-pQTL used in SMR"	"rs2232613"	"SMR"	"0.0764512"	"0.0225105"	"1.0794495119156409"	"not_reported"	"not_reported"	"0.0006831556"	"Benjamini-Hochberg FDR"	"true"	"not_reported"	"not_reported"	"0.0006831556"	"0.7363446"	"cross-platform comparison"	"partially_overlapping_cross_platform"	"higher_protein_higher_risk"	"study-specific AMD GWAS"	"requires_manual_verification"	"unclear"	"Tier2"	"false"	"requires_platform_review"	"literature_source_universe_tier2"	"mapping_not_high_confidence;no_strong_colocalization_or_independent_replication"	"not_assessed"	"not_assessed"	"<external_resource_root>\UKB-PPP\syn51365303_European_discovery\LBP_P18428_OID20355_v1_Cardiometabolic.tar"	"false_pending_alpha_and_reestimated_beta"	"full_text_and_source_table_verified"	"Corrected SMR row; no colocalization table was reported."	"data_raw\literature_fulltext\PMID40327005_PMC12063708\supplements\tvst-14-5-8_s003.xlsx"	"Supplementary table 1"	"1392"	"published_beta"	"moderate"	"partially_overlapping"	"AMD_multi_platform_2025"	"not_applicable_to_published_beta"	"OR=exp(reported SMR beta)"
"EVID_38903171_LTA_a64617bed9ee"	"LTA"	"LTA"	"not_reported"	"LTA"	"ENSG00000226979"	"deCODE"	"not_reported"	"AMD"	"any_AMD"	"FinnGen R10 any_AMD"	"Pu KL"	"2024"	"Frontiers in neurology"	"38903171"	"10.3389/fneur.2024.1400557"	"peer_reviewed"	"deCODE"	"35559"	"European"	"top_cis_pQTL"	"top cis-pQTL within +/-1 Mb; P<5e-8; SMR"	"rs147906938"	"SMR"	"-2.91436"	"0.698289"	"0.054238732716188724"	"not_reported"	"not_reported"	"2.998533e-05"	"Benjamini-Hochberg FDR"	"true"	"coloc.abf single-causal-variant"	"0.070775885"	"2.998533e-05"	"0.02634714"	"cross-platform and FinnGen replication tables reported"	"partially_overlapping_cross_platform"	"higher_protein_lower_risk"	"FinnGen_R10_H7_AMD"	"same_FinnGen_resource_different_release_R10_vs_R12"	"true_different_release"	"Tier2"	"false"	"requires_platform_review"	"literature_source_universe_tier2"	"no_strong_colocalization_or_independent_replication"	"not_assessed"	"not_assessed"	"not_assessed"	"false_pending_alpha_and_reestimated_beta"	"full_text_and_source_table_verified"	"Only FDR<0.05 and HEIDI>0.01 rows retained; colocalization joined by reported gene label."	"data_raw\literature_fulltext\PMID38903171_PMC11187347\supplements\Table_1.XLSX"	"Supplementary Table 2"	"615"	"published_beta"	"high"	"partially_overlapping"	"AMD_FinnGen_UKB_deCODE"	"not_applicable_to_published_beta"	"OR=exp(reported SMR beta)"
"EVID_40327005_LTA_f1a36462e97a"	"LTA"	"LTA"	"not_reported"	"LTA"	"gene-level label only"	"deCODE"	"not_reported"	"AMD"	"any_AMD"	"any_AMD"	"Chen C"	"2025"	"Translational vision science & technology"	"40327005"	"10.1167/tvst.14.5.8"	"peer_reviewed"	"deCODE"	"35559"	"European"	"top_cis_pQTL_SMR"	"top cis-pQTL used in SMR"	"rs147906938"	"SMR"	"-2.69367"	"0.67631"	"0.06763227290633637"	"not_reported"	"not_reported"	"6.808337e-05"	"Benjamini-Hochberg FDR"	"true"	"not_reported"	"not_reported"	"6.808337e-05"	"0.06608409"	"cross-platform comparison"	"partially_overlapping_cross_platform"	"higher_protein_lower_risk"	"study-specific AMD GWAS"	"requires_manual_verification"	"unclear"	"Tier2"	"false"	"requires_platform_review"	"literature_source_universe_tier2"	"mapping_not_high_confidence;no_strong_colocalization_or_independent_replication"	"not_assessed"	"not_assessed"	"not_assessed"	"false_pending_alpha_and_reestimated_beta"	"full_text_and_source_table_verified"	"Corrected SMR row; no colocalization table was reported."	"data_raw\literature_fulltext\PMID40327005_PMC12063708\supplements\tvst-14-5-8_s003.xlsx"	"Supplementary table 1"	"205"	"published_beta"	"moderate"	"partially_overlapping"	"AMD_multi_platform_2025"	"not_applicable_to_published_beta"	"OR=exp(reported SMR beta)"
"EVID_40327005_MPIG6B_74dd667e201b"	"MPIG6B"	"MPIG6B"	"not_reported"	"MPIG6B"	"gene-level label only"	"deCODE"	"not_reported"	"AMD"	"any_AMD"	"any_AMD"	"Chen C"	"2025"	"Translational vision science & technology"	"40327005"	"10.1167/tvst.14.5.8"	"peer_reviewed"	"deCODE"	"35559"	"European"	"top_cis_pQTL_SMR"	"top cis-pQTL used in SMR"	"rs188302747"	"SMR"	"-2.1741"	"0.604468"	"0.11371044703417614"	"not_reported"	"not_reported"	"0.0003222541"	"Benjamini-Hochberg FDR"	"true"	"not_reported"	"not_reported"	"0.0003222541"	"0.03385382"	"cross-platform comparison"	"partially_overlapping_cross_platform"	"higher_protein_lower_risk"	"study-specific AMD GWAS"	"requires_manual_verification"	"unclear"	"Tier2"	"false"	"requires_platform_review"	"literature_source_universe_tier2"	"mapping_not_high_confidence;no_strong_colocalization_or_independent_replication"	"not_assessed"	"not_assessed"	"not_assessed"	"false_pending_alpha_and_reestimated_beta"	"full_text_and_source_table_verified"	"Corrected SMR row; no colocalization table was reported."	"data_raw\literature_fulltext\PMID40327005_PMC12063708\supplements\tvst-14-5-8_s003.xlsx"	"Supplementary table 1"	"141"	"published_beta"	"moderate"	"partially_overlapping"	"AMD_multi_platform_2025"	"not_applicable_to_published_beta"	"OR=exp(reported SMR beta)"
"EVID_39408566_NEK7_3a7f83f82358"	"NEK7"	"NEK7"	"not_reported"	"NEK7"	"SeqId_12703_6"	"deCODE SomaScan"	"assay_specific_target"	"AMD"	"any_AMD"	"age-related macular degeneration GWAS"	"Mo Q"	"2024"	"International journal of molecular sciences"	"39408566"	"10.3390/ijms251910236"	"peer_reviewed"	"deCODE"	"35559"	"European"	"requires_instrument_level_review"	"genome-wide significant pQTLs; details in study methods"	"2.0 SNPs; IDs in instrument table"	"IVW"	"0.3104"	"0.0801"	"1.3639"	"1.1658"	"1.5957"	"0.000106168891058848"	"Benjamini-Hochberg FDR"	"true"	"coloc.abf single-causal-variant"	"NA"	"not_reported"	"not_reported"	"not_reported"	"not_reported"	"higher_protein_higher_risk"	"ocular disease GWAS listed in Table S1"	"requires_manual_verification"	"unclear"	"Tier2"	"false"	"SomaScan assay review required"	"literature_source_universe_tier2"	"not_cis_only;no_strong_colocalization_or_independent_replication"	"not_assessed"	"not_assessed"	"not_assessed"	"false_pending_alpha_and_reestimated_beta"	"full_text_and_source_table_verified"	"AMD plasma MR row passing study FDR; colocalization joined by SeqId assay target."	"data_processed\literature_supplements_extracted\PMID39408566\ijms-25-10236-s001\ijms-3215465-supplementary.xlsx"	"S4_plasma_MR-IVW"	"12"	"published_beta"	"high"	"partially_overlapping"	"AMD_ocular_proteome_2024"	"not_applicable_to_published_beta"	"none"
"EVID_38903171_PAXX_2565b45573f3"	"PAXX"	"PAXX"	"not_reported"	"PAXX"	"ENSG00000148362"	"UKB-PPP_Olink"	"not_reported"	"AMD"	"any_AMD"	"FinnGen R10 any_AMD"	"Pu KL"	"2024"	"Frontiers in neurology"	"38903171"	"10.3389/fneur.2024.1400557"	"peer_reviewed"	"UKB-PPP_Olink"	"54219"	"European"	"top_cis_pQTL"	"top cis-pQTL within +/-1 Mb; P<5e-8; SMR"	"rs7470867"	"SMR"	"-0.350089"	"0.100142"	"0.7046253752695628"	"not_reported"	"not_reported"	"0.0004724538"	"Benjamini-Hochberg FDR"	"true"	"coloc.abf single-causal-variant"	"0.0123068601230782"	"0.0004724538"	"0.9229855"	"cross-platform and FinnGen replication tables reported"	"partially_overlapping_cross_platform"	"higher_protein_lower_risk"	"FinnGen_R10_H7_AMD"	"same_FinnGen_resource_different_release_R10_vs_R12"	"true_different_release"	"Tier2"	"false"	"requires_platform_review"	"literature_source_universe_tier2"	"no_strong_colocalization_or_independent_replication"	"not_assessed"	"not_assessed"	"not_assessed"	"false_pending_alpha_and_reestimated_beta"	"full_text_and_source_table_verified"	"Only FDR<0.05 and HEIDI>0.01 rows retained; colocalization joined by reported gene label."	"data_raw\literature_fulltext\PMID38903171_PMC11187347\supplements\Table_1.XLSX"	"Supplementary Table 6"	"866"	"published_beta"	"high"	"partially_overlapping"	"AMD_FinnGen_UKB_deCODE"	"not_applicable_to_published_beta"	"OR=exp(reported SMR beta)"
"EVID_38903171_PILRA_52c78f1b160e"	"PILRA"	"PILRA"	"not_reported"	"PILRA"	"ENSG00000085514"	"UKB-PPP_Olink"	"not_reported"	"AMD"	"any_AMD"	"FinnGen R10 any_AMD"	"Pu KL"	"2024"	"Frontiers in neurology"	"38903171"	"10.3389/fneur.2024.1400557"	"peer_reviewed"	"UKB-PPP_Olink"	"54219"	"European"	"top_cis_pQTL"	"top cis-pQTL within +/-1 Mb; P<5e-8; SMR"	"rs1859788"	"SMR"	"0.0586684"	"0.0168087"	"1.0604235459845428"	"not_reported"	"not_reported"	"0.0004823885"	"Benjamini-Hochberg FDR"	"true"	"coloc.abf single-causal-variant"	"0.57454957086202"	"0.0004823885"	"0.9405295"	"cross-platform and FinnGen replication tables reported"	"partially_overlapping_cross_platform"	"higher_protein_higher_risk"	"FinnGen_R10_H7_AMD"	"same_FinnGen_resource_different_release_R10_vs_R12"	"true_different_release"	"Tier2"	"false"	"requires_platform_review"	"literature_source_universe_tier2"	"no_strong_colocalization_or_independent_replication"	"not_assessed"	"not_assessed"	"not_assessed"	"false_pending_alpha_and_reestimated_beta"	"full_text_and_source_table_verified"	"Only FDR<0.05 and HEIDI>0.01 rows retained; colocalization joined by reported gene label."	"data_raw\literature_fulltext\PMID38903171_PMC11187347\supplements\Table_1.XLSX"	"Supplementary Table 6"	"1287"	"published_beta"	"high"	"partially_overlapping"	"AMD_FinnGen_UKB_deCODE"	"not_applicable_to_published_beta"	"OR=exp(reported SMR beta)"
"EVID_38903171_PILRA_c8197446772a"	"PILRA"	"PILRA"	"not_reported"	"PILRA"	"ENSG00000085514"	"deCODE"	"not_reported"	"AMD"	"any_AMD"	"FinnGen R10 any_AMD"	"Pu KL"	"2024"	"Frontiers in neurology"	"38903171"	"10.3389/fneur.2024.1400557"	"peer_reviewed"	"deCODE"	"35559"	"European"	"top_cis_pQTL"	"top cis-pQTL within +/-1 Mb; P<5e-8; SMR"	"rs1859788"	"SMR"	"-0.0451763"	"0.0129387"	"0.9558289543331884"	"not_reported"	"not_reported"	"0.0004802251"	"Benjamini-Hochberg FDR"	"true"	"coloc.abf single-causal-variant"	"0.013100611"	"0.0004802251"	"0.9447652"	"cross-platform and FinnGen replication tables reported"	"partially_overlapping_cross_platform"	"higher_protein_lower_risk"	"FinnGen_R10_H7_AMD"	"same_FinnGen_resource_different_release_R10_vs_R12"	"true_different_release"	"Tier2"	"false"	"requires_platform_review"	"literature_source_universe_tier2"	"no_strong_colocalization_or_independent_replication"	"not_assessed"	"not_assessed"	"not_assessed"	"false_pending_alpha_and_reestimated_beta"	"full_text_and_source_table_verified"	"Only FDR<0.05 and HEIDI>0.01 rows retained; colocalization joined by reported gene label."	"data_raw\literature_fulltext\PMID38903171_PMC11187347\supplements\Table_1.XLSX"	"Supplementary Table 2"	"740"	"published_beta"	"high"	"partially_overlapping"	"AMD_FinnGen_UKB_deCODE"	"not_applicable_to_published_beta"	"OR=exp(reported SMR beta)"
"EVID_39408566_PILRA_02f5a320dd59"	"PILRA"	"PILRA"	"not_reported"	"PILRA"	"SeqId_10816_150"	"deCODE SomaScan"	"assay_specific_target"	"AMD"	"any_AMD"	"age-related macular degeneration GWAS"	"Mo Q"	"2024"	"International journal of molecular sciences"	"39408566"	"10.3390/ijms251910236"	"peer_reviewed"	"deCODE"	"35559"	"European"	"requires_instrument_level_review"	"genome-wide significant pQTLs; details in study methods"	"17.0 SNPs; IDs in instrument table"	"IVW"	"-0.0628"	"0.0192"	"0.9392"	"0.9045"	"0.9751"	"0.00106821372703598"	"Benjamini-Hochberg FDR"	"true"	"coloc.abf single-causal-variant"	"0.866016929948079"	"not_reported"	"not_reported"	"not_reported"	"not_reported"	"higher_protein_lower_risk"	"ocular disease GWAS listed in Table S1"	"requires_manual_verification"	"unclear"	"Tier2"	"false"	"SomaScan assay review required"	"literature_source_universe_tier2"	"not_cis_only"	"not_assessed"	"not_assessed"	"<external_resource_root>\UKB-PPP\syn51365303_European_discovery\PILRA_Q9UKJ1_OID21129_v1_Neurology.tar"	"false_pending_alpha_and_reestimated_beta"	"full_text_and_source_table_verified"	"AMD plasma MR row passing study FDR; colocalization joined by SeqId assay target."	"data_processed\literature_supplements_extracted\PMID39408566\ijms-25-10236-s001\ijms-3215465-supplementary.xlsx"	"S4_plasma_MR-IVW"	"11"	"published_beta"	"high"	"partially_overlapping"	"AMD_ocular_proteome_2024"	"not_applicable_to_published_beta"	"none"
"EVID_39408566_PILRA_a12d2ab4d6e6"	"PILRA"	"PILRA"	"not_reported"	"PILRA"	"SeqId_6402_8"	"deCODE SomaScan"	"assay_specific_target"	"AMD"	"any_AMD"	"age-related macular degeneration GWAS"	"Mo Q"	"2024"	"International journal of molecular sciences"	"39408566"	"10.3390/ijms251910236"	"peer_reviewed"	"deCODE"	"35559"	"European"	"requires_instrument_level_review"	"genome-wide significant pQTLs; details in study methods"	"10.0 SNPs; IDs in instrument table"	"IVW"	"-0.0532"	"0.0214"	"0.9482"	"0.9093"	"0.9888"	"0.0128223429176167"	"Benjamini-Hochberg FDR"	"true"	"coloc.abf single-causal-variant"	"NA"	"not_reported"	"not_reported"	"not_reported"	"not_reported"	"higher_protein_lower_risk"	"ocular disease GWAS listed in Table S1"	"requires_manual_verification"	"unclear"	"Tier2"	"false"	"SomaScan assay review required"	"literature_source_universe_tier2"	"not_cis_only;no_strong_colocalization_or_independent_replication"	"not_assessed"	"not_assessed"	"<external_resource_root>\UKB-PPP\syn51365303_European_discovery\PILRA_Q9UKJ1_OID21129_v1_Neurology.tar"	"false_pending_alpha_and_reestimated_beta"	"full_text_and_source_table_verified"	"AMD plasma MR row passing study FDR; colocalization joined by SeqId assay target."	"data_processed\literature_supplements_extracted\PMID39408566\ijms-25-10236-s001\ijms-3215465-supplementary.xlsx"	"S4_plasma_MR-IVW"	"18"	"published_beta"	"high"	"partially_overlapping"	"AMD_ocular_proteome_2024"	"not_applicable_to_published_beta"	"none"
"EVID_40327005_PTPN9_518aa6a1273c"	"PTPN9"	"PTPN9"	"not_reported"	"PTPN9"	"gene-level label only"	"deCODE"	"not_reported"	"AMD"	"any_AMD"	"any_AMD"	"Chen C"	"2025"	"Translational vision science & technology"	"40327005"	"10.1167/tvst.14.5.8"	"peer_reviewed"	"deCODE"	"35559"	"European"	"top_cis_pQTL_SMR"	"top cis-pQTL used in SMR"	"rs111647176"	"SMR"	"-0.957328"	"0.276958"	"0.38391734383261833"	"not_reported"	"not_reported"	"0.0005470645"	"Benjamini-Hochberg FDR"	"true"	"not_reported"	"not_reported"	"0.0005470645"	"0.4325144"	"cross-platform comparison"	"partially_overlapping_cross_platform"	"higher_protein_lower_risk"	"study-specific AMD GWAS"	"requires_manual_verification"	"unclear"	"Tier2"	"false"	"requires_platform_review"	"literature_source_universe_tier2"	"mapping_not_high_confidence;no_strong_colocalization_or_independent_replication"	"not_assessed"	"not_assessed"	"not_assessed"	"false_pending_alpha_and_reestimated_beta"	"full_text_and_source_table_verified"	"Corrected SMR row; no colocalization table was reported."	"data_raw\literature_fulltext\PMID40327005_PMC12063708\supplements\tvst-14-5-8_s003.xlsx"	"Supplementary table 1"	"884"	"published_beta"	"moderate"	"partially_overlapping"	"AMD_multi_platform_2025"	"not_applicable_to_published_beta"	"OR=exp(reported SMR beta)"
"EVID_40327005_RPS10_1305c60190f9"	"RPS10"	"RPS10"	"not_reported"	"RPS10"	"gene-level label only"	"deCODE"	"not_reported"	"AMD"	"any_AMD"	"any_AMD"	"Chen C"	"2025"	"Translational vision science & technology"	"40327005"	"10.1167/tvst.14.5.8"	"peer_reviewed"	"deCODE"	"35559"	"European"	"top_cis_pQTL_SMR"	"top cis-pQTL used in SMR"	"rs147168394"	"SMR"	"-1.12272"	"0.27234"	"0.32539351946230155"	"not_reported"	"not_reported"	"3.747907e-05"	"Benjamini-Hochberg FDR"	"true"	"not_reported"	"not_reported"	"3.747907e-05"	"0.2437457"	"cross-platform comparison"	"partially_overlapping_cross_platform"	"higher_protein_lower_risk"	"study-specific AMD GWAS"	"requires_manual_verification"	"unclear"	"Tier2"	"false"	"requires_platform_review"	"literature_source_universe_tier2"	"mapping_not_high_confidence;no_strong_colocalization_or_independent_replication"	"not_assessed"	"not_assessed"	"not_assessed"	"false_pending_alpha_and_reestimated_beta"	"full_text_and_source_table_verified"	"Corrected SMR row; no colocalization table was reported."	"data_raw\literature_fulltext\PMID40327005_PMC12063708\supplements\tvst-14-5-8_s003.xlsx"	"Supplementary table 1"	"534"	"published_beta"	"moderate"	"partially_overlapping"	"AMD_multi_platform_2025"	"not_applicable_to_published_beta"	"OR=exp(reported SMR beta)"
"EVID_38903171_SFTA2_de40226993cf"	"SFTA2"	"SFTA2"	"not_reported"	"SFTA2"	"ENSG00000196260"	"deCODE"	"not_reported"	"AMD"	"any_AMD"	"FinnGen R10 any_AMD"	"Pu KL"	"2024"	"Frontiers in neurology"	"38903171"	"10.3389/fneur.2024.1400557"	"peer_reviewed"	"deCODE"	"35559"	"European"	"top_cis_pQTL"	"top cis-pQTL within +/-1 Mb; P<5e-8; SMR"	"rs547154"	"SMR"	"-3.74772"	"0.557746"	"0.023571427490369095"	"not_reported"	"not_reported"	"1.8246e-11"	"Benjamini-Hochberg FDR"	"true"	"coloc.abf single-causal-variant"	"1.59e-10"	"1.8246e-11"	"0.03131082"	"cross-platform and FinnGen replication tables reported"	"partially_overlapping_cross_platform"	"higher_protein_lower_risk"	"FinnGen_R10_H7_AMD"	"same_FinnGen_resource_different_release_R10_vs_R12"	"true_different_release"	"Tier2"	"false"	"requires_platform_review"	"literature_source_universe_tier2"	"no_strong_colocalization_or_independent_replication"	"not_assessed"	"not_assessed"	"not_assessed"	"false_pending_alpha_and_reestimated_beta"	"full_text_and_source_table_verified"	"Only FDR<0.05 and HEIDI>0.01 rows retained; colocalization joined by reported gene label."	"data_raw\literature_fulltext\PMID38903171_PMC11187347\supplements\Table_1.XLSX"	"Supplementary Table 2"	"612"	"published_beta"	"high"	"partially_overlapping"	"AMD_FinnGen_UKB_deCODE"	"not_applicable_to_published_beta"	"OR=exp(reported SMR beta)"
"EVID_38903171_TGFB1_9b161a0a144a"	"TGFB1"	"TGFB1"	"not_reported"	"TGFB1"	"ENSG00000105329"	"UKB-PPP_Olink"	"not_reported"	"AMD"	"any_AMD"	"FinnGen R10 any_AMD"	"Pu KL"	"2024"	"Frontiers in neurology"	"38903171"	"10.3389/fneur.2024.1400557"	"peer_reviewed"	"UKB-PPP_Olink"	"54219"	"European"	"top_cis_pQTL"	"top cis-pQTL within +/-1 Mb; P<5e-8; SMR"	"rs73045269"	"SMR"	"-0.307121"	"0.0669422"	"0.7355615925696566"	"not_reported"	"not_reported"	"4.47838e-06"	"Benjamini-Hochberg FDR"	"true"	"coloc.abf single-causal-variant"	"0.994417265521493"	"4.47838e-06"	"0.9048022"	"cross-platform and FinnGen replication tables reported"	"partially_overlapping_cross_platform"	"higher_protein_lower_risk"	"FinnGen_R10_H7_AMD"	"same_FinnGen_resource_different_release_R10_vs_R12"	"true_different_release"	"Tier1"	"false"	"requires_platform_review"	"primary_high_confidence_panel"	"NA"	"true"	"true"	"<external_resource_root>\ukbppp_proteins\tgfb1_p01137_oid20621_v1_inflammation.tar"	"true"	"full_text_and_source_table_verified"	"Only FDR<0.05 and HEIDI>0.01 rows retained; colocalization joined by reported gene label."	"data_raw\literature_fulltext\PMID38903171_PMC11187347\supplements\Table_1.XLSX"	"Supplementary Table 6"	"1064"	"published_beta"	"high"	"partially_overlapping"	"AMD_FinnGen_UKB_deCODE"	"not_applicable_to_published_beta"	"OR=exp(reported SMR beta)"
"EVID_40327005_TGFB1_d5fa6c3d3430"	"TGFB1"	"TGFB1"	"not_reported"	"TGFB1"	"gene-level label only"	"UKB-PPP Olink"	"not_reported"	"AMD"	"any_AMD"	"any_AMD"	"Chen C"	"2025"	"Translational vision science & technology"	"40327005"	"10.1167/tvst.14.5.8"	"peer_reviewed"	"UKB-PPP Olink"	"54219"	"European"	"top_cis_pQTL_SMR"	"top cis-pQTL used in SMR"	"rs73045269"	"SMR"	"-0.289669"	"0.0691996"	"0.7485112838142091"	"not_reported"	"not_reported"	"2.839165e-05"	"Benjamini-Hochberg FDR"	"true"	"not_reported"	"not_reported"	"2.839165e-05"	"0.7358307"	"cross-platform comparison"	"partially_overlapping_cross_platform"	"higher_protein_lower_risk"	"study-specific AMD GWAS"	"requires_manual_verification"	"unclear"	"Tier2"	"false"	"requires_platform_review"	"literature_source_universe_tier2"	"mapping_not_high_confidence;no_strong_colocalization_or_independent_replication"	"not_assessed"	"not_assessed"	"<external_resource_root>\ukbppp_proteins\tgfb1_p01137_oid20621_v1_inflammation.tar"	"false_pending_alpha_and_reestimated_beta"	"full_text_and_source_table_verified"	"Corrected SMR row; no colocalization table was reported."	"data_raw\literature_fulltext\PMID40327005_PMC12063708\supplements\tvst-14-5-8_s003.xlsx"	"Supplementary table 2"	"1551"	"published_beta"	"moderate"	"partially_overlapping"	"AMD_multi_platform_2025"	"not_applicable_to_published_beta"	"OR=exp(reported SMR beta)"
"EVID_38903171_TNFRSF10A_6671f28111ea"	"TNFRSF10A"	"TNFRSF10A"	"not_reported"	"TNFRSF10A"	"ENSG00000104689"	"UKB-PPP_Olink"	"not_reported"	"AMD"	"any_AMD"	"FinnGen R10 any_AMD"	"Pu KL"	"2024"	"Frontiers in neurology"	"38903171"	"10.3389/fneur.2024.1400557"	"peer_reviewed"	"UKB-PPP_Olink"	"54219"	"European"	"top_cis_pQTL"	"top cis-pQTL within +/-1 Mb; P<5e-8; SMR"	"rs13278062"	"SMR"	"-0.123609"	"0.0335648"	"0.8837253099353345"	"not_reported"	"not_reported"	"0.0002307729"	"Benjamini-Hochberg FDR"	"true"	"coloc.abf single-causal-variant"	"0.785307652906549"	"0.0002307729"	"0.154871"	"cross-platform and FinnGen replication tables reported"	"partially_overlapping_cross_platform"	"higher_protein_lower_risk"	"FinnGen_R10_H7_AMD"	"same_FinnGen_resource_different_release_R10_vs_R12"	"true_different_release"	"Tier1"	"false"	"requires_platform_review"	"primary_high_confidence_panel"	"NA"	"true"	"true"	"<external_resource_root>\UKB-PPP\syn51365303_European_discovery\TNFRSF10A_O00220_OID20967_v1_Neurology.tar"	"true"	"full_text_and_source_table_verified"	"Only FDR<0.05 and HEIDI>0.01 rows retained; colocalization joined by reported gene label."	"data_raw\literature_fulltext\PMID38903171_PMC11187347\supplements\Table_1.XLSX"	"Supplementary Table 6"	"1302"	"published_beta"	"high"	"partially_overlapping"	"AMD_FinnGen_UKB_deCODE"	"not_applicable_to_published_beta"	"OR=exp(reported SMR beta)"
"EVID_38903171_TNFSF14_efa39b48a4f9"	"TNFSF14"	"TNFSF14"	"not_reported"	"TNFSF14"	"ENSG00000125735"	"UKB-PPP_Olink"	"not_reported"	"AMD"	"any_AMD"	"FinnGen R10 any_AMD"	"Pu KL"	"2024"	"Frontiers in neurology"	"38903171"	"10.3389/fneur.2024.1400557"	"peer_reviewed"	"UKB-PPP_Olink"	"54219"	"European"	"top_cis_pQTL"	"top cis-pQTL within +/-1 Mb; P<5e-8; SMR"	"rs344560"	"SMR"	"0.219995"	"0.0627157"	"1.2460705002193038"	"not_reported"	"not_reported"	"0.0004518175"	"Benjamini-Hochberg FDR"	"true"	"coloc.abf single-causal-variant"	"5.82182155899548e-28"	"0.0004518175"	"0.03271347"	"cross-platform and FinnGen replication tables reported"	"partially_overlapping_cross_platform"	"higher_protein_higher_risk"	"FinnGen_R10_H7_AMD"	"same_FinnGen_resource_different_release_R10_vs_R12"	"true_different_release"	"Tier2"	"false"	"requires_platform_review"	"literature_source_universe_tier2"	"no_strong_colocalization_or_independent_replication"	"not_assessed"	"not_assessed"	"not_assessed"	"false_pending_alpha_and_reestimated_beta"	"full_text_and_source_table_verified"	"Only FDR<0.05 and HEIDI>0.01 rows retained; colocalization joined by reported gene label."	"data_raw\literature_fulltext\PMID38903171_PMC11187347\supplements\Table_1.XLSX"	"Supplementary Table 6"	"1496"	"published_beta"	"high"	"partially_overlapping"	"AMD_FinnGen_UKB_deCODE"	"not_applicable_to_published_beta"	"OR=exp(reported SMR beta)"
"EVID_40327005_TNFSF14_6ec8fcea13da"	"TNFSF14"	"TNFSF14"	"not_reported"	"TNFSF14"	"gene-level label only"	"UKB-PPP Olink"	"not_reported"	"AMD"	"any_AMD"	"any_AMD"	"Chen C"	"2025"	"Translational vision science & technology"	"40327005"	"10.1167/tvst.14.5.8"	"peer_reviewed"	"UKB-PPP Olink"	"54219"	"European"	"top_cis_pQTL_SMR"	"top cis-pQTL used in SMR"	"rs344560"	"SMR"	"0.242172"	"0.0648222"	"1.2740133042604032"	"not_reported"	"not_reported"	"0.0001870189"	"Benjamini-Hochberg FDR"	"true"	"not_reported"	"not_reported"	"0.0001870189"	"0.01211356"	"cross-platform comparison"	"partially_overlapping_cross_platform"	"higher_protein_higher_risk"	"study-specific AMD GWAS"	"requires_manual_verification"	"unclear"	"Tier2"	"false"	"requires_platform_review"	"literature_source_universe_tier2"	"mapping_not_high_confidence;no_strong_colocalization_or_independent_replication"	"not_assessed"	"not_assessed"	"not_assessed"	"false_pending_alpha_and_reestimated_beta"	"full_text_and_source_table_verified"	"Corrected SMR row; no colocalization table was reported."	"data_raw\literature_fulltext\PMID40327005_PMC12063708\supplements\tvst-14-5-8_s003.xlsx"	"Supplementary table 2"	"82"	"published_beta"	"moderate"	"partially_overlapping"	"AMD_multi_platform_2025"	"not_applicable_to_published_beta"	"OR=exp(reported SMR beta)"
"EVID_39408566_TPST1_cfbfedae1922"	"TPST1"	"TPST1"	"not_reported"	"TPST1"	"SeqId_7928_183"	"deCODE SomaScan"	"assay_specific_target"	"AMD"	"any_AMD"	"age-related macular degeneration GWAS"	"Mo Q"	"2024"	"International journal of molecular sciences"	"39408566"	"10.3390/ijms251910236"	"peer_reviewed"	"deCODE"	"35559"	"European"	"requires_instrument_level_review"	"genome-wide significant pQTLs; details in study methods"	"6.0 SNPs; IDs in instrument table"	"IVW"	"-0.1136"	"0.0341"	"0.8926"	"0.8349"	"0.9543"	"0.000870214193228163"	"Benjamini-Hochberg FDR"	"true"	"coloc.abf single-causal-variant"	"NA"	"not_reported"	"not_reported"	"not_reported"	"not_reported"	"higher_protein_lower_risk"	"ocular disease GWAS listed in Table S1"	"requires_manual_verification"	"unclear"	"Tier2"	"false"	"SomaScan assay review required"	"literature_source_universe_tier2"	"not_cis_only;no_strong_colocalization_or_independent_replication"	"not_assessed"	"not_assessed"	"not_assessed"	"false_pending_alpha_and_reestimated_beta"	"full_text_and_source_table_verified"	"AMD plasma MR row passing study FDR; colocalization joined by SeqId assay target."	"data_processed\literature_supplements_extracted\PMID39408566\ijms-25-10236-s001\ijms-3215465-supplementary.xlsx"	"S4_plasma_MR-IVW"	"19"	"published_beta"	"high"	"partially_overlapping"	"AMD_ocular_proteome_2024"	"not_applicable_to_published_beta"	"none"
"EVID_40327005_VTCN1_bc1fde10f54c"	"VTCN1"	"VTCN1"	"not_reported"	"VTCN1"	"gene-level label only"	"UKB-PPP Olink"	"not_reported"	"AMD"	"any_AMD"	"any_AMD"	"Chen C"	"2025"	"Translational vision science & technology"	"40327005"	"10.1167/tvst.14.5.8"	"peer_reviewed"	"UKB-PPP Olink"	"54219"	"European"	"top_cis_pQTL_SMR"	"top cis-pQTL used in SMR"	"rs56174814"	"SMR"	"1.0006"	"0.271039"	"2.7199132869447222"	"not_reported"	"not_reported"	"0.0002227377"	"Benjamini-Hochberg FDR"	"true"	"not_reported"	"not_reported"	"0.0002227377"	"0.10253"	"cross-platform comparison"	"partially_overlapping_cross_platform"	"higher_protein_higher_risk"	"study-specific AMD GWAS"	"requires_manual_verification"	"unclear"	"Tier2"	"false"	"requires_platform_review"	"literature_source_universe_tier2"	"mapping_not_high_confidence;no_strong_colocalization_or_independent_replication"	"not_assessed"	"not_assessed"	"not_assessed"	"false_pending_alpha_and_reestimated_beta"	"full_text_and_source_table_verified"	"Corrected SMR row; no colocalization table was reported."	"data_raw\literature_fulltext\PMID40327005_PMC12063708\supplements\tvst-14-5-8_s003.xlsx"	"Supplementary table 2"	"311"	"published_beta"	"moderate"	"partially_overlapping"	"AMD_multi_platform_2025"	"not_applicable_to_published_beta"	"OR=exp(reported SMR beta)"
"EVID_38903171_WARS1_6215e8227380"	"WARS1"	"WARS1"	"not_reported"	"WARS1"	"ENSG00000140105"	"deCODE"	"not_reported"	"AMD"	"any_AMD"	"FinnGen R10 any_AMD"	"Pu KL"	"2024"	"Frontiers in neurology"	"38903171"	"10.3389/fneur.2024.1400557"	"peer_reviewed"	"deCODE"	"35559"	"European"	"top_cis_pQTL"	"top cis-pQTL within +/-1 Mb; P<5e-8; SMR"	"rs2273804"	"SMR"	"0.391055"	"0.0760557"	"1.4785398308675943"	"not_reported"	"not_reported"	"2.722747e-07"	"Benjamini-Hochberg FDR"	"true"	"coloc.abf single-causal-variant"	"NA"	"2.722747e-07"	"0.5509619"	"cross-platform and FinnGen replication tables reported"	"partially_overlapping_cross_platform"	"higher_protein_higher_risk"	"FinnGen_R10_H7_AMD"	"same_FinnGen_resource_different_release_R10_vs_R12"	"true_different_release"	"Tier2"	"false"	"requires_platform_review"	"literature_source_universe_tier2"	"no_strong_colocalization_or_independent_replication"	"not_assessed"	"not_assessed"	"not_assessed"	"false_pending_alpha_and_reestimated_beta"	"full_text_and_source_table_verified"	"Only FDR<0.05 and HEIDI>0.01 rows retained; colocalization joined by reported gene label."	"data_raw\literature_fulltext\PMID38903171_PMC11187347\supplements\Table_1.XLSX"	"Supplementary Table 2"	"1245"	"published_beta"	"high"	"partially_overlapping"	"AMD_FinnGen_UKB_deCODE"	"not_applicable_to_published_beta"	"OR=exp(reported SMR beta)"
"EVID_38903171_WARS1_83aa1b0e0886"	"WARS1"	"WARS1"	"not_reported"	"WARS1"	"ENSG00000140105"	"UKB-PPP_Olink"	"not_reported"	"AMD"	"any_AMD"	"FinnGen R10 any_AMD"	"Pu KL"	"2024"	"Frontiers in neurology"	"38903171"	"10.3389/fneur.2024.1400557"	"peer_reviewed"	"UKB-PPP_Olink"	"54219"	"European"	"top_cis_pQTL"	"top cis-pQTL within +/-1 Mb; P<5e-8; SMR"	"rs2273804"	"SMR"	"0.387191"	"0.0750034"	"1.4728377764248455"	"not_reported"	"not_reported"	"2.439289e-07"	"Benjamini-Hochberg FDR"	"true"	"coloc.abf single-causal-variant"	"NA"	"2.439289e-07"	"0.1490884"	"cross-platform and FinnGen replication tables reported"	"partially_overlapping_cross_platform"	"higher_protein_higher_risk"	"FinnGen_R10_H7_AMD"	"same_FinnGen_resource_different_release_R10_vs_R12"	"true_different_release"	"Tier2"	"false"	"requires_platform_review"	"literature_source_universe_tier2"	"no_strong_colocalization_or_independent_replication"	"not_assessed"	"not_assessed"	"not_assessed"	"false_pending_alpha_and_reestimated_beta"	"full_text_and_source_table_verified"	"Only FDR<0.05 and HEIDI>0.01 rows retained; colocalization joined by reported gene label."	"data_raw\literature_fulltext\PMID38903171_PMC11187347\supplements\Table_1.XLSX"	"Supplementary Table 6"	"1428"	"published_beta"	"high"	"partially_overlapping"	"AMD_FinnGen_UKB_deCODE"	"not_applicable_to_published_beta"	"OR=exp(reported SMR beta)"
"EVID_39408566_WARS1_67feb66d995a"	"WARS1"	"WARS1"	"not_reported"	"WARS1"	"SeqId_9870_17"	"deCODE SomaScan"	"assay_specific_target"	"AMD"	"any_AMD"	"age-related macular degeneration GWAS"	"Mo Q"	"2024"	"International journal of molecular sciences"	"39408566"	"10.3390/ijms251910236"	"peer_reviewed"	"deCODE"	"35559"	"European"	"requires_instrument_level_review"	"genome-wide significant pQTLs; details in study methods"	"4.0 SNPs; IDs in instrument table"	"IVW"	"0.1704"	"0.0328"	"1.1858"	"1.112"	"1.2646"	"2.04330316395699e-07"	"Benjamini-Hochberg FDR"	"true"	"coloc.abf single-causal-variant"	"0.936095639892469"	"not_reported"	"not_reported"	"not_reported"	"not_reported"	"higher_protein_higher_risk"	"ocular disease GWAS listed in Table S1"	"requires_manual_verification"	"unclear"	"Tier2"	"false"	"SomaScan assay review required"	"literature_source_universe_tier2"	"not_cis_only"	"not_assessed"	"not_assessed"	"not_assessed"	"false_pending_alpha_and_reestimated_beta"	"full_text_and_source_table_verified"	"AMD plasma MR row passing study FDR; colocalization joined by SeqId assay target."	"data_processed\literature_supplements_extracted\PMID39408566\ijms-25-10236-s001\ijms-3215465-supplementary.xlsx"	"S4_plasma_MR-IVW"	"20"	"published_beta"	"high"	"partially_overlapping"	"AMD_ocular_proteome_2024"	"not_applicable_to_published_beta"	"none"
"EVID_40327005_WARS1_d920466f46d1"	"WARS1"	"WARS1"	"not_reported"	"WARS1"	"gene-level label only"	"UKB-PPP Olink"	"not_reported"	"AMD"	"any_AMD"	"any_AMD"	"Chen C"	"2025"	"Translational vision science & technology"	"40327005"	"10.1167/tvst.14.5.8"	"peer_reviewed"	"UKB-PPP Olink"	"54219"	"European"	"top_cis_pQTL_SMR"	"top cis-pQTL used in SMR"	"rs2273804"	"SMR"	"0.446337"	"0.077791"	"1.5625779665882422"	"not_reported"	"not_reported"	"9.600226e-09"	"Benjamini-Hochberg FDR"	"true"	"not_reported"	"not_reported"	"9.600226e-09"	"0.2034055"	"cross-platform comparison"	"partially_overlapping_cross_platform"	"higher_protein_higher_risk"	"study-specific AMD GWAS"	"requires_manual_verification"	"unclear"	"Tier2"	"false"	"requires_platform_review"	"literature_source_universe_tier2"	"mapping_not_high_confidence;no_strong_colocalization_or_independent_replication"	"not_assessed"	"not_assessed"	"not_assessed"	"false_pending_alpha_and_reestimated_beta"	"full_text_and_source_table_verified"	"Corrected SMR row; no colocalization table was reported."	"data_raw\literature_fulltext\PMID40327005_PMC12063708\supplements\tvst-14-5-8_s003.xlsx"	"Supplementary table 2"	"521"	"published_beta"	"moderate"	"partially_overlapping"	"AMD_multi_platform_2025"	"not_applicable_to_published_beta"	"OR=exp(reported SMR beta)"
"EVID_40327005_WARS1_f29f5117e17c"	"WARS1"	"WARS1"	"not_reported"	"WARS1"	"gene-level label only"	"deCODE"	"not_reported"	"AMD"	"any_AMD"	"any_AMD"	"Chen C"	"2025"	"Translational vision science & technology"	"40327005"	"10.1167/tvst.14.5.8"	"peer_reviewed"	"deCODE"	"35559"	"European"	"top_cis_pQTL_SMR"	"top cis-pQTL used in SMR"	"rs2273804"	"SMR"	"0.450792"	"0.0789563"	"1.5695547807438446"	"not_reported"	"not_reported"	"1.133852e-08"	"Benjamini-Hochberg FDR"	"true"	"not_reported"	"not_reported"	"1.133852e-08"	"0.6539499"	"cross-platform comparison"	"partially_overlapping_cross_platform"	"higher_protein_higher_risk"	"study-specific AMD GWAS"	"requires_manual_verification"	"unclear"	"Tier2"	"false"	"requires_platform_review"	"literature_source_universe_tier2"	"mapping_not_high_confidence;no_strong_colocalization_or_independent_replication"	"not_assessed"	"not_assessed"	"not_assessed"	"false_pending_alpha_and_reestimated_beta"	"full_text_and_source_table_verified"	"Corrected SMR row; no colocalization table was reported."	"data_raw\literature_fulltext\PMID40327005_PMC12063708\supplements\tvst-14-5-8_s003.xlsx"	"Supplementary table 1"	"1260"	"published_beta"	"moderate"	"partially_overlapping"	"AMD_multi_platform_2025"	"not_applicable_to_published_beta"	"OR=exp(reported SMR beta)"
"EVID_38903171_ACADSB_5401877e2b99"	"ACADSB"	"ACADSB"	"not_reported"	"ACADSB"	"ENSG00000196177"	"UKB-PPP_Olink"	"not_reported"	"AMD"	"dry_AMD"	"FinnGen R10 dry_AMD"	"Pu KL"	"2024"	"Frontiers in neurology"	"38903171"	"10.3389/fneur.2024.1400557"	"peer_reviewed"	"UKB-PPP_Olink"	"54219"	"European"	"top_cis_pQTL"	"top cis-pQTL within +/-1 Mb; P<5e-8; SMR"	"rs7913063"	"SMR"	"-0.346049"	"0.0864711"	"0.7074778198439884"	"not_reported"	"not_reported"	"6.28352e-05"	"Benjamini-Hochberg FDR"	"true"	"coloc.abf single-causal-variant"	"5.62e-161"	"6.28352e-05"	"0.01156345"	"cross-platform and FinnGen replication tables reported"	"partially_overlapping_cross_platform"	"higher_protein_lower_risk"	"FinnGen_R10_DRY_AMD"	"same_FinnGen_resource_different_release_R10_vs_R12"	"true_different_release"	"Tier2"	"false"	"requires_platform_review"	"literature_source_universe_tier2"	"no_strong_colocalization_or_independent_replication"	"not_assessed"	"not_assessed"	"not_assessed"	"false_pending_alpha_and_reestimated_beta"	"full_text_and_source_table_verified"	"Only FDR<0.05 and HEIDI>0.01 rows retained; colocalization joined by reported gene label."	"data_raw\literature_fulltext\PMID38903171_PMC11187347\supplements\Table_1.XLSX"	"Supplementary Table 7"	"308"	"published_beta"	"high"	"partially_overlapping"	"AMD_FinnGen_UKB_deCODE"	"not_applicable_to_published_beta"	"OR=exp(reported SMR beta)"
"EVID_38903171_ACADSB_be6d83b0697c"	"ACADSB"	"ACADSB"	"not_reported"	"ACADSB"	"ENSG00000196177"	"deCODE"	"not_reported"	"AMD"	"dry_AMD"	"FinnGen R10 dry_AMD"	"Pu KL"	"2024"	"Frontiers in neurology"	"38903171"	"10.3389/fneur.2024.1400557"	"peer_reviewed"	"deCODE"	"35559"	"European"	"top_cis_pQTL"	"top cis-pQTL within +/-1 Mb; P<5e-8; SMR"	"rs7913063"	"SMR"	"-0.767872"	"0.199469"	"0.46399940921510524"	"not_reported"	"not_reported"	"0.0001183196"	"Benjamini-Hochberg FDR"	"true"	"coloc.abf single-causal-variant"	"3.12497833457991e-32"	"0.0001183196"	"0.05366329"	"cross-platform and FinnGen replication tables reported"	"partially_overlapping_cross_platform"	"higher_protein_lower_risk"	"FinnGen_R10_DRY_AMD"	"same_FinnGen_resource_different_release_R10_vs_R12"	"true_different_release"	"Tier2"	"false"	"requires_platform_review"	"literature_source_universe_tier2"	"no_strong_colocalization_or_independent_replication"	"not_assessed"	"not_assessed"	"not_assessed"	"false_pending_alpha_and_reestimated_beta"	"full_text_and_source_table_verified"	"Only FDR<0.05 and HEIDI>0.01 rows retained; colocalization joined by reported gene label."	"data_raw\literature_fulltext\PMID38903171_PMC11187347\supplements\Table_1.XLSX"	"Supplementary Table 3"	"973"	"published_beta"	"high"	"partially_overlapping"	"AMD_FinnGen_UKB_deCODE"	"not_applicable_to_published_beta"	"OR=exp(reported SMR beta)"
"EVID_41064534_ANXA2_16fd5714dee2"	"ANXA2"	"ANXA2"	"not_reported"	"ANXA2"	"mapping_requires_source_pQTL_table"	"UKB-PPP Olink discovery; deCODE where indicated"	"not_reported"	"AMD"	"dry_AMD"	"FinnGen R11 dry AMD discovery; MVP dry AMD replication"	"Hou J"	"2025"	"Journal of ophthalmology"	"41064534"	"10.1155/joph/3972293"	"peer_reviewed"	"UKB-PPP and/or deCODE"	"54219 and/or 35559"	"European"	"cis_pQTL"	"cis-pQTL within 1 Mb; P<5e-8; r2<0.1"	"reported in instrument supplements"	"Inverse variance weighted"	"-0.101308896"	"0.0216031353465199"	"0.9036538547084688"	"0.8661899598667985"	"0.9427381139987452"	"2.73811921444112e-06"	"Benjamini-Hochberg FDR in discovery and replication"	"true"	"not_reported"	"not_reported"	"not_reported"	"not_reported"	"UKB_MVP"	"independent_outcome_replication_corrected_same_direction"	"higher_protein_lower_risk"	"FinnGen R11 and MVP"	"same_FinnGen_resource_different_release_R11_vs_R12"	"true_discovery_different_release; independent_MVP_replication"	"Tier2"	"false"	"requires_platform_review"	"literature_source_universe_tier2"	"mapping_not_high_confidence"	"not_assessed"	"not_assessed"	"not_assessed"	"false_pending_alpha_and_reestimated_beta"	"full_text_and_source_table_verified"	"Replication beta=-0.073808522; replication FDR=0.000225333348712605. Table title alone was not treated as proof of replication."	"data_raw\literature_fulltext\PMID41064534_PMC12503973\supplements\3972293.f6.xlsx"	"Supplementary_table6"	"3"	"published_beta"	"moderate"	"independent_outcome_for_replication"	"DryAMD_FinnGen_R11_MVP"	"not_applicable_to_published_beta"	"OR and CI derived from discovery beta and SE"
"EVID_41064534_APOE_f7f08477f5f0"	"APOE"	"APOE"	"not_reported"	"APOE"	"mapping_requires_source_pQTL_table"	"UKB-PPP Olink discovery; deCODE where indicated"	"not_reported"	"AMD"	"dry_AMD"	"FinnGen R11 dry AMD discovery; MVP dry AMD replication"	"Hou J"	"2025"	"Journal of ophthalmology"	"41064534"	"10.1155/joph/3972293"	"peer_reviewed"	"UKB-PPP and/or deCODE"	"54219 and/or 35559"	"European"	"cis_pQTL"	"cis-pQTL within 1 Mb; P<5e-8; r2<0.1"	"reported in instrument supplements"	"Weighted median"	"0.169994961454595"	"0.0266729423268474"	"1.185298879123099"	"1.124924581220399"	"1.2489134438917693"	"1.84990001218079e-10"	"Benjamini-Hochberg FDR in discovery and replication"	"true"	"not_reported"	"not_reported"	"not_reported"	"not_reported"	"UKB_MVP"	"independent_outcome_replication_corrected_same_direction"	"higher_protein_higher_risk"	"FinnGen R11 and MVP"	"same_FinnGen_resource_different_release_R11_vs_R12"	"true_discovery_different_release; independent_MVP_replication"	"Tier2"	"true"	"requires_platform_review"	"protein_outcome_evidence_excluded_from_APOE_mediation"	"APOE_protein_default_exclusion_due_to_cis_circularity"	"false"	"false"	"not_available_or_target_mapping_unresolved"	"false_pending_alpha_and_reestimated_beta"	"full_text_and_source_table_verified"	"Replication beta=0.0741234421389844; replication FDR=1.08308192997639e-06. Table title alone was not treated as proof of replication."	"data_raw\literature_fulltext\PMID41064534_PMC12503973\supplements\3972293.f6.xlsx"	"Supplementary_table6"	"4"	"published_beta"	"moderate"	"independent_outcome_for_replication"	"DryAMD_FinnGen_R11_MVP"	"not_applicable_to_published_beta"	"OR and CI derived from discovery beta and SE"
"EVID_40327005_C3_081483d74e2a"	"C3"	"C3"	"not_reported"	"C3"	"gene-level label only"	"deCODE"	"not_reported"	"AMD"	"dry_AMD"	"dry_AMD"	"Chen C"	"2025"	"Translational vision science & technology"	"40327005"	"10.1167/tvst.14.5.8"	"peer_reviewed"	"deCODE"	"35559"	"European"	"top_cis_pQTL_SMR"	"top cis-pQTL used in SMR"	"rs11085197"	"SMR"	"-2.09219"	"0.299784"	"0.12341655738154533"	"not_reported"	"not_reported"	"2.973471e-12"	"Benjamini-Hochberg FDR"	"true"	"not_reported"	"not_reported"	"2.973471e-12"	"0.03529321"	"cross-platform comparison"	"partially_overlapping_cross_platform"	"higher_protein_lower_risk"	"study-specific AMD GWAS"	"requires_manual_verification"	"unclear"	"Tier2"	"false"	"requires_platform_review"	"literature_source_universe_tier2"	"mapping_not_high_confidence;no_strong_colocalization_or_independent_replication"	"not_assessed"	"not_assessed"	"not_assessed"	"false_pending_alpha_and_reestimated_beta"	"full_text_and_source_table_verified"	"Corrected SMR row; no colocalization table was reported."	"data_raw\literature_fulltext\PMID40327005_PMC12063708\supplements\tvst-14-5-8_s003.xlsx"	"Supplementary table 5"	"135"	"published_beta"	"moderate"	"partially_overlapping"	"AMD_multi_platform_2025"	"not_applicable_to_published_beta"	"OR=exp(reported SMR beta)"
"EVID_40327005_C3_5e9999d3b534"	"C3"	"C3"	"not_reported"	"C3"	"gene-level label only"	"UKB-PPP Olink"	"not_reported"	"AMD"	"dry_AMD"	"dry_AMD"	"Chen C"	"2025"	"Translational vision science & technology"	"40327005"	"10.1167/tvst.14.5.8"	"peer_reviewed"	"UKB-PPP Olink"	"54219"	"European"	"top_cis_pQTL_SMR"	"top cis-pQTL used in SMR"	"rs11569470"	"SMR"	"0.728233"	"0.15937"	"2.071417177833817"	"not_reported"	"not_reported"	"4.890339e-06"	"Benjamini-Hochberg FDR"	"true"	"not_reported"	"not_reported"	"4.890339e-06"	"0.01424649"	"cross-platform comparison"	"partially_overlapping_cross_platform"	"higher_protein_higher_risk"	"study-specific AMD GWAS"	"requires_manual_verification"	"unclear"	"Tier2"	"false"	"requires_platform_review"	"literature_source_universe_tier2"	"mapping_not_high_confidence;no_strong_colocalization_or_independent_replication"	"not_assessed"	"not_assessed"	"not_assessed"	"false_pending_alpha_and_reestimated_beta"	"full_text_and_source_table_verified"	"Corrected SMR row; no colocalization table was reported."	"data_raw\literature_fulltext\PMID40327005_PMC12063708\supplements\tvst-14-5-8_s003.xlsx"	"Supplementary table 6"	"83"	"published_beta"	"moderate"	"partially_overlapping"	"AMD_multi_platform_2025"	"not_applicable_to_published_beta"	"OR=exp(reported SMR beta)"
"EVID_40327005_C3_bc81c4de7067"	"C3"	"C3"	"not_reported"	"C3"	"gene-level label only"	"deCODE"	"not_reported"	"AMD"	"dry_AMD"	"dry_AMD"	"Chen C"	"2025"	"Translational vision science & technology"	"40327005"	"10.1167/tvst.14.5.8"	"peer_reviewed"	"deCODE"	"35559"	"European"	"top_cis_pQTL_SMR"	"top cis-pQTL used in SMR"	"rs10408682"	"SMR"	"1.46346"	"0.371893"	"4.320883952678276"	"not_reported"	"not_reported"	"8.314055e-05"	"Benjamini-Hochberg FDR"	"true"	"not_reported"	"not_reported"	"8.314055e-05"	"0.02730066"	"cross-platform comparison"	"partially_overlapping_cross_platform"	"higher_protein_higher_risk"	"study-specific AMD GWAS"	"requires_manual_verification"	"unclear"	"Tier2"	"false"	"requires_platform_review"	"literature_source_universe_tier2"	"mapping_not_high_confidence;no_strong_colocalization_or_independent_replication"	"not_assessed"	"not_assessed"	"not_assessed"	"false_pending_alpha_and_reestimated_beta"	"full_text_and_source_table_verified"	"Corrected SMR row; no colocalization table was reported."	"data_raw\literature_fulltext\PMID40327005_PMC12063708\supplements\tvst-14-5-8_s003.xlsx"	"Supplementary table 5"	"108"	"published_beta"	"moderate"	"partially_overlapping"	"AMD_multi_platform_2025"	"not_applicable_to_published_beta"	"OR=exp(reported SMR beta)"
"EVID_40327005_C3_d19236b61e13"	"C3"	"C3"	"not_reported"	"C3"	"gene-level label only"	"deCODE"	"not_reported"	"AMD"	"dry_AMD"	"dry_AMD"	"Chen C"	"2025"	"Translational vision science & technology"	"40327005"	"10.1167/tvst.14.5.8"	"peer_reviewed"	"deCODE"	"35559"	"European"	"top_cis_pQTL_SMR"	"top cis-pQTL used in SMR"	"rs10408682"	"SMR"	"1.47052"	"0.373159"	"4.351497331454621"	"not_reported"	"not_reported"	"8.123458e-05"	"Benjamini-Hochberg FDR"	"true"	"not_reported"	"not_reported"	"8.123458e-05"	"0.03184003"	"cross-platform comparison"	"partially_overlapping_cross_platform"	"higher_protein_higher_risk"	"study-specific AMD GWAS"	"requires_manual_verification"	"unclear"	"Tier2"	"false"	"requires_platform_review"	"literature_source_universe_tier2"	"mapping_not_high_confidence;no_strong_colocalization_or_independent_replication"	"not_assessed"	"not_assessed"	"not_assessed"	"false_pending_alpha_and_reestimated_beta"	"full_text_and_source_table_verified"	"Corrected SMR row; no colocalization table was reported."	"data_raw\literature_fulltext\PMID40327005_PMC12063708\supplements\tvst-14-5-8_s003.xlsx"	"Supplementary table 5"	"124"	"published_beta"	"moderate"	"partially_overlapping"	"AMD_multi_platform_2025"	"not_applicable_to_published_beta"	"OR=exp(reported SMR beta)"
"EVID_40327005_C3_fde13531b3f7"	"C3"	"C3"	"not_reported"	"C3"	"gene-level label only"	"deCODE"	"not_reported"	"AMD"	"dry_AMD"	"dry_AMD"	"Chen C"	"2025"	"Translational vision science & technology"	"40327005"	"10.1167/tvst.14.5.8"	"peer_reviewed"	"deCODE"	"35559"	"European"	"top_cis_pQTL_SMR"	"top cis-pQTL used in SMR"	"rs10408682"	"SMR"	"1.23888"	"0.298958"	"3.4517453442339847"	"not_reported"	"not_reported"	"3.412932e-05"	"Benjamini-Hochberg FDR"	"true"	"not_reported"	"not_reported"	"3.412932e-05"	"0.04030135"	"cross-platform comparison"	"partially_overlapping_cross_platform"	"higher_protein_higher_risk"	"study-specific AMD GWAS"	"requires_manual_verification"	"unclear"	"Tier2"	"false"	"requires_platform_review"	"literature_source_universe_tier2"	"mapping_not_high_confidence;no_strong_colocalization_or_independent_replication"	"not_assessed"	"not_assessed"	"not_assessed"	"false_pending_alpha_and_reestimated_beta"	"full_text_and_source_table_verified"	"Corrected SMR row; no colocalization table was reported."	"data_raw\literature_fulltext\PMID40327005_PMC12063708\supplements\tvst-14-5-8_s003.xlsx"	"Supplementary table 5"	"145"	"published_beta"	"moderate"	"partially_overlapping"	"AMD_multi_platform_2025"	"not_applicable_to_published_beta"	"OR=exp(reported SMR beta)"
"EVID_41064534_C3_6a826b29ace9"	"C3"	"C3"	"not_reported"	"C3"	"mapping_requires_source_pQTL_table"	"UKB-PPP Olink discovery; deCODE where indicated"	"not_reported"	"AMD"	"dry_AMD"	"FinnGen R11 dry AMD discovery; MVP dry AMD replication"	"Hou J"	"2025"	"Journal of ophthalmology"	"41064534"	"10.1155/joph/3972293"	"peer_reviewed"	"UKB-PPP and/or deCODE"	"54219 and/or 35559"	"European"	"cis_pQTL"	"cis-pQTL within 1 Mb; P<5e-8; r2<0.1"	"reported in instrument supplements"	"Wald ratio"	"0.711877031012548"	"0.136595167016056"	"2.0378127086866087"	"1.5591651280241952"	"2.663400149891123"	"1.87236181736722e-07"	"Benjamini-Hochberg FDR in discovery and replication"	"false"	"not_reported"	"not_reported"	"not_reported"	"not_reported"	"Decode_FinnGen"	"replication_not_corrected_or_direction_inconsistent"	"higher_protein_higher_risk"	"FinnGen R11 and MVP"	"same_FinnGen_resource_different_release_R11_vs_R12"	"true_discovery_different_release; independent_MVP_replication"	"Tier2"	"false"	"requires_platform_review"	"literature_source_universe_tier2"	"not_multiple_testing_corrected;mapping_not_high_confidence;no_strong_colocalization_or_independent_replication"	"not_assessed"	"not_assessed"	"not_assessed"	"false_pending_alpha_and_reestimated_beta"	"full_text_and_source_table_verified"	"Replication beta=-0.166958202; replication FDR=0.987599866048273. Table title alone was not treated as proof of replication."	"data_raw\literature_fulltext\PMID41064534_PMC12503973\supplements\3972293.f6.xlsx"	"Supplementary_table6"	"5"	"published_beta"	"moderate"	"independent_outcome_for_replication"	"DryAMD_FinnGen_R11_MVP"	"not_applicable_to_published_beta"	"OR and CI derived from discovery beta and SE"
"EVID_40327005_CD300LG_bdca61e54b7b"	"CD300LG"	"CD300LG"	"not_reported"	"CD300LG"	"gene-level label only"	"UKB-PPP Olink"	"not_reported"	"AMD"	"dry_AMD"	"dry_AMD"	"Chen C"	"2025"	"Translational vision science & technology"	"40327005"	"10.1167/tvst.14.5.8"	"peer_reviewed"	"UKB-PPP Olink"	"54219"	"European"	"top_cis_pQTL_SMR"	"top cis-pQTL used in SMR"	"rs72836561"	"SMR"	"0.189022"	"0.0529681"	"1.2080675296762045"	"not_reported"	"not_reported"	"0.0003588866"	"Benjamini-Hochberg FDR"	"true"	"not_reported"	"not_reported"	"0.0003588866"	"0.5875586"	"cross-platform comparison"	"partially_overlapping_cross_platform"	"higher_protein_higher_risk"	"study-specific AMD GWAS"	"requires_manual_verification"	"unclear"	"Tier2"	"false"	"requires_platform_review"	"literature_source_universe_tier2"	"mapping_not_high_confidence;no_strong_colocalization_or_independent_replication"	"not_assessed"	"not_assessed"	"not_assessed"	"false_pending_alpha_and_reestimated_beta"	"full_text_and_source_table_verified"	"Corrected SMR row; no colocalization table was reported."	"data_raw\literature_fulltext\PMID40327005_PMC12063708\supplements\tvst-14-5-8_s003.xlsx"	"Supplementary table 6"	"1236"	"published_beta"	"moderate"	"partially_overlapping"	"AMD_multi_platform_2025"	"not_applicable_to_published_beta"	"OR=exp(reported SMR beta)"
"EVID_41064534_CFHR2_1eda53c21933"	"CFHR2"	"CFHR2"	"not_reported"	"CFHR2"	"mapping_requires_source_pQTL_table"	"UKB-PPP Olink discovery; deCODE where indicated"	"not_reported"	"AMD"	"dry_AMD"	"FinnGen R11 dry AMD discovery; MVP dry AMD replication"	"Hou J"	"2025"	"Journal of ophthalmology"	"41064534"	"10.1155/joph/3972293"	"peer_reviewed"	"UKB-PPP and/or deCODE"	"54219 and/or 35559"	"European"	"cis_pQTL"	"cis-pQTL within 1 Mb; P<5e-8; r2<0.1"	"reported in instrument supplements"	"Weighted median"	"0.304564464190812"	"0.0332134738605858"	"1.356034272889173"	"1.2705705549152175"	"1.447246626436081"	"4.73427597347018e-20"	"Benjamini-Hochberg FDR in discovery and replication"	"true"	"not_reported"	"not_reported"	"not_reported"	"not_reported"	"UKB_MVP"	"independent_outcome_replication_corrected_same_direction"	"higher_protein_higher_risk"	"FinnGen R11 and MVP"	"same_FinnGen_resource_different_release_R11_vs_R12"	"true_discovery_different_release; independent_MVP_replication"	"Tier2"	"true"	"requires_platform_review"	"literature_source_universe_tier2"	"mapping_not_high_confidence;high_complexity_locus_requires_downgrade"	"not_assessed"	"not_assessed"	"not_assessed"	"false_pending_alpha_and_reestimated_beta"	"full_text_and_source_table_verified"	"Replication beta=0.1927351873129; replication FDR=8.25950006899172e-10. Table title alone was not treated as proof of replication."	"data_raw\literature_fulltext\PMID41064534_PMC12503973\supplements\3972293.f6.xlsx"	"Supplementary_table6"	"6"	"published_beta"	"moderate"	"independent_outcome_for_replication"	"DryAMD_FinnGen_R11_MVP"	"not_applicable_to_published_beta"	"OR and CI derived from discovery beta and SE"
"EVID_38903171_COL10A1_8fc3799f8f1e"	"COL10A1"	"COL10A1"	"not_reported"	"COL10A1"	"ENSG00000123500"	"deCODE"	"not_reported"	"AMD"	"dry_AMD"	"FinnGen R10 dry_AMD"	"Pu KL"	"2024"	"Frontiers in neurology"	"38903171"	"10.3389/fneur.2024.1400557"	"peer_reviewed"	"deCODE"	"35559"	"European"	"top_cis_pQTL"	"top cis-pQTL within +/-1 Mb; P<5e-8; SMR"	"rs9488842"	"SMR"	"0.379699"	"0.091012"	"1.4618445080083822"	"not_reported"	"not_reported"	"3.019786e-05"	"Benjamini-Hochberg FDR"	"true"	"coloc.abf single-causal-variant"	"0.236271298602639"	"3.019786e-05"	"0.1116278"	"cross-platform and FinnGen replication tables reported"	"partially_overlapping_cross_platform"	"higher_protein_higher_risk"	"FinnGen_R10_DRY_AMD"	"same_FinnGen_resource_different_release_R10_vs_R12"	"true_different_release"	"Tier2"	"false"	"requires_platform_review"	"literature_source_universe_tier2"	"no_strong_colocalization_or_independent_replication"	"not_assessed"	"not_assessed"	"not_assessed"	"false_pending_alpha_and_reestimated_beta"	"full_text_and_source_table_verified"	"Only FDR<0.05 and HEIDI>0.01 rows retained; colocalization joined by reported gene label."	"data_raw\literature_fulltext\PMID38903171_PMC11187347\supplements\Table_1.XLSX"	"Supplementary Table 3"	"670"	"published_beta"	"high"	"partially_overlapping"	"AMD_FinnGen_UKB_deCODE"	"not_applicable_to_published_beta"	"OR=exp(reported SMR beta)"
"EVID_40327005_COL10A1_ecf3401bce05"	"COL10A1"	"COL10A1"	"not_reported"	"COL10A1"	"gene-level label only"	"deCODE"	"not_reported"	"AMD"	"dry_AMD"	"dry_AMD"	"Chen C"	"2025"	"Translational vision science & technology"	"40327005"	"10.1167/tvst.14.5.8"	"peer_reviewed"	"deCODE"	"35559"	"European"	"top_cis_pQTL_SMR"	"top cis-pQTL used in SMR"	"rs9488842"	"SMR"	"0.324858"	"0.0943544"	"1.3838341275821586"	"not_reported"	"not_reported"	"0.0005753881"	"Benjamini-Hochberg FDR"	"true"	"not_reported"	"not_reported"	"0.0005753881"	"0.06066421"	"cross-platform comparison"	"partially_overlapping_cross_platform"	"higher_protein_higher_risk"	"study-specific AMD GWAS"	"requires_manual_verification"	"unclear"	"Tier2"	"false"	"requires_platform_review"	"literature_source_universe_tier2"	"mapping_not_high_confidence;no_strong_colocalization_or_independent_replication"	"not_assessed"	"not_assessed"	"not_assessed"	"false_pending_alpha_and_reestimated_beta"	"full_text_and_source_table_verified"	"Corrected SMR row; no colocalization table was reported."	"data_raw\literature_fulltext\PMID40327005_PMC12063708\supplements\tvst-14-5-8_s003.xlsx"	"Supplementary table 5"	"191"	"published_beta"	"moderate"	"partially_overlapping"	"AMD_multi_platform_2025"	"not_applicable_to_published_beta"	"OR=exp(reported SMR beta)"
"EVID_38903171_DPEP2_60fdd1ae896f"	"DPEP2"	"DPEP2"	"not_reported"	"DPEP2"	"ENSG00000167261"	"UKB-PPP_Olink"	"not_reported"	"AMD"	"dry_AMD"	"FinnGen R10 dry_AMD"	"Pu KL"	"2024"	"Frontiers in neurology"	"38903171"	"10.3389/fneur.2024.1400557"	"peer_reviewed"	"UKB-PPP_Olink"	"54219"	"European"	"top_cis_pQTL"	"top cis-pQTL within +/-1 Mb; P<5e-8; SMR"	"rs73594556"	"SMR"	"0.50396"	"0.130199"	"1.6552631513067744"	"not_reported"	"not_reported"	"0.0001085286"	"Benjamini-Hochberg FDR"	"true"	"coloc.abf single-causal-variant"	"0.007678821"	"0.0001085286"	"0.4176149"	"cross-platform and FinnGen replication tables reported"	"partially_overlapping_cross_platform"	"higher_protein_higher_risk"	"FinnGen_R10_DRY_AMD"	"same_FinnGen_resource_different_release_R10_vs_R12"	"true_different_release"	"Tier2"	"false"	"requires_platform_review"	"literature_source_universe_tier2"	"no_strong_colocalization_or_independent_replication"	"not_assessed"	"not_assessed"	"not_assessed"	"false_pending_alpha_and_reestimated_beta"	"full_text_and_source_table_verified"	"Only FDR<0.05 and HEIDI>0.01 rows retained; colocalization joined by reported gene label."	"data_raw\literature_fulltext\PMID38903171_PMC11187347\supplements\Table_1.XLSX"	"Supplementary Table 7"	"1900"	"published_beta"	"high"	"partially_overlapping"	"AMD_FinnGen_UKB_deCODE"	"not_applicable_to_published_beta"	"OR=exp(reported SMR beta)"
"EVID_40327005_DPEP2_84e20bf3651b"	"DPEP2"	"DPEP2"	"not_reported"	"DPEP2"	"gene-level label only"	"UKB-PPP Olink"	"not_reported"	"AMD"	"dry_AMD"	"dry_AMD"	"Chen C"	"2025"	"Translational vision science & technology"	"40327005"	"10.1167/tvst.14.5.8"	"peer_reviewed"	"UKB-PPP Olink"	"54219"	"European"	"top_cis_pQTL_SMR"	"top cis-pQTL used in SMR"	"rs73594556"	"SMR"	"0.496236"	"0.135205"	"1.6425271484882507"	"not_reported"	"not_reported"	"0.0002423137"	"Benjamini-Hochberg FDR"	"true"	"not_reported"	"not_reported"	"0.0002423137"	"0.7140052"	"cross-platform comparison"	"partially_overlapping_cross_platform"	"higher_protein_higher_risk"	"study-specific AMD GWAS"	"requires_manual_verification"	"unclear"	"Tier2"	"false"	"requires_platform_review"	"literature_source_universe_tier2"	"mapping_not_high_confidence;no_strong_colocalization_or_independent_replication"	"not_assessed"	"not_assessed"	"not_assessed"	"false_pending_alpha_and_reestimated_beta"	"full_text_and_source_table_verified"	"Corrected SMR row; no colocalization table was reported."	"data_raw\literature_fulltext\PMID40327005_PMC12063708\supplements\tvst-14-5-8_s003.xlsx"	"Supplementary table 6"	"1450"	"published_beta"	"moderate"	"partially_overlapping"	"AMD_multi_platform_2025"	"not_applicable_to_published_beta"	"OR=exp(reported SMR beta)"
"EVID_41064534_ECM1_485d6e9cf082"	"ECM1"	"ECM1"	"not_reported"	"ECM1"	"mapping_requires_source_pQTL_table"	"UKB-PPP Olink discovery; deCODE where indicated"	"not_reported"	"AMD"	"dry_AMD"	"FinnGen R11 dry AMD discovery; MVP dry AMD replication"	"Hou J"	"2025"	"Journal of ophthalmology"	"41064534"	"10.1155/joph/3972293"	"peer_reviewed"	"UKB-PPP and/or deCODE"	"54219 and/or 35559"	"European"	"cis_pQTL"	"cis-pQTL within 1 Mb; P<5e-8; r2<0.1"	"reported in instrument supplements"	"Inverse variance weighted"	"0.0880662882366621"	"0.0164960489107804"	"1.0920605103944847"	"1.0573164343920636"	"1.127946298355593"	"9.36519625810362e-08"	"Benjamini-Hochberg FDR in discovery and replication"	"true"	"not_reported"	"not_reported"	"not_reported"	"not_reported"	"Decode_FinnGen"	"independent_outcome_replication_corrected_same_direction"	"higher_protein_higher_risk"	"FinnGen R11 and MVP"	"same_FinnGen_resource_different_release_R11_vs_R12"	"true_discovery_different_release; independent_MVP_replication"	"Tier2"	"false"	"requires_platform_review"	"literature_source_universe_tier2"	"mapping_not_high_confidence"	"not_assessed"	"not_assessed"	"not_assessed"	"false_pending_alpha_and_reestimated_beta"	"full_text_and_source_table_verified"	"Replication beta=0.0755628666862163; replication FDR=0.00215815299854033. Table title alone was not treated as proof of replication."	"data_raw\literature_fulltext\PMID41064534_PMC12503973\supplements\3972293.f6.xlsx"	"Supplementary_table6"	"7"	"published_beta"	"moderate"	"independent_outcome_for_replication"	"DryAMD_FinnGen_R11_MVP"	"not_applicable_to_published_beta"	"OR and CI derived from discovery beta and SE"
"EVID_41064534_F13B_cb73664ea68a"	"F13B"	"F13B"	"not_reported"	"F13B"	"mapping_requires_source_pQTL_table"	"UKB-PPP Olink discovery; deCODE where indicated"	"not_reported"	"AMD"	"dry_AMD"	"FinnGen R11 dry AMD discovery; MVP dry AMD replication"	"Hou J"	"2025"	"Journal of ophthalmology"	"41064534"	"10.1155/joph/3972293"	"peer_reviewed"	"UKB-PPP and/or deCODE"	"54219 and/or 35559"	"European"	"cis_pQTL"	"cis-pQTL within 1 Mb; P<5e-8; r2<0.1"	"reported in instrument supplements"	"Weighted median"	"0.611387882192407"	"0.0703770468472703"	"1.8429874741017667"	"1.6055218924652155"	"2.1155755306959163"	"3.71091798462916e-18"	"Benjamini-Hochberg FDR in discovery and replication"	"true"	"not_reported"	"not_reported"	"not_reported"	"not_reported"	"UKB_MVP"	"independent_outcome_replication_corrected_same_direction"	"higher_protein_higher_risk"	"FinnGen R11 and MVP"	"same_FinnGen_resource_different_release_R11_vs_R12"	"true_discovery_different_release; independent_MVP_replication"	"Tier2"	"false"	"requires_platform_review"	"literature_source_universe_tier2"	"mapping_not_high_confidence"	"not_assessed"	"not_assessed"	"not_assessed"	"false_pending_alpha_and_reestimated_beta"	"full_text_and_source_table_verified"	"Replication beta=0.332488048208614; replication FDR=0.000438856734074985. Table title alone was not treated as proof of replication."	"data_raw\literature_fulltext\PMID41064534_PMC12503973\supplements\3972293.f6.xlsx"	"Supplementary_table6"	"8"	"published_beta"	"moderate"	"independent_outcome_for_replication"	"DryAMD_FinnGen_R11_MVP"	"not_applicable_to_published_beta"	"OR and CI derived from discovery beta and SE"
"EVID_38903171_HSPA1L_db6bc47ebcd7"	"HSPA1L"	"HSPA1L"	"not_reported"	"HSPA1L"	"ENSG00000204390"	"deCODE"	"not_reported"	"AMD"	"dry_AMD"	"FinnGen R10 dry_AMD"	"Pu KL"	"2024"	"Frontiers in neurology"	"38903171"	"10.3389/fneur.2024.1400557"	"peer_reviewed"	"deCODE"	"35559"	"European"	"top_cis_pQTL"	"top cis-pQTL within +/-1 Mb; P<5e-8; SMR"	"rs550671"	"SMR"	"-1.8581"	"0.229579"	"0.15596868953283863"	"not_reported"	"not_reported"	"5.796855e-16"	"Benjamini-Hochberg FDR"	"true"	"coloc.abf single-causal-variant"	"4.9459036375643e-20"	"5.796855e-16"	"0.0137869"	"cross-platform and FinnGen replication tables reported"	"partially_overlapping_cross_platform"	"higher_protein_lower_risk"	"FinnGen_R10_DRY_AMD"	"same_FinnGen_resource_different_release_R10_vs_R12"	"true_different_release"	"Tier2"	"false"	"requires_platform_review"	"literature_source_universe_tier2"	"no_strong_colocalization_or_independent_replication"	"not_assessed"	"not_assessed"	"not_assessed"	"false_pending_alpha_and_reestimated_beta"	"full_text_and_source_table_verified"	"Only FDR<0.05 and HEIDI>0.01 rows retained; colocalization joined by reported gene label."	"data_raw\literature_fulltext\PMID38903171_PMC11187347\supplements\Table_1.XLSX"	"Supplementary Table 3"	"621"	"published_beta"	"high"	"partially_overlapping"	"AMD_FinnGen_UKB_deCODE"	"not_applicable_to_published_beta"	"OR=exp(reported SMR beta)"
"EVID_40327005_HSPA1L_8221194bbdb7"	"HSPA1L"	"HSPA1L"	"not_reported"	"HSPA1L"	"gene-level label only"	"deCODE"	"not_reported"	"AMD"	"dry_AMD"	"dry_AMD"	"Chen C"	"2025"	"Translational vision science & technology"	"40327005"	"10.1167/tvst.14.5.8"	"peer_reviewed"	"deCODE"	"35559"	"European"	"top_cis_pQTL_SMR"	"top cis-pQTL used in SMR"	"rs550671"	"SMR"	"-1.85147"	"0.236379"	"0.15700619748282893"	"not_reported"	"not_reported"	"4.777323e-15"	"Benjamini-Hochberg FDR"	"true"	"not_reported"	"not_reported"	"4.777323e-15"	"0.0136238"	"cross-platform comparison"	"partially_overlapping_cross_platform"	"higher_protein_lower_risk"	"study-specific AMD GWAS"	"requires_manual_verification"	"unclear"	"Tier2"	"false"	"requires_platform_review"	"literature_source_universe_tier2"	"mapping_not_high_confidence;no_strong_colocalization_or_independent_replication"	"not_assessed"	"not_assessed"	"not_assessed"	"false_pending_alpha_and_reestimated_beta"	"full_text_and_source_table_verified"	"Corrected SMR row; no colocalization table was reported."	"data_raw\literature_fulltext\PMID40327005_PMC12063708\supplements\tvst-14-5-8_s003.xlsx"	"Supplementary table 5"	"79"	"published_beta"	"moderate"	"partially_overlapping"	"AMD_multi_platform_2025"	"not_applicable_to_published_beta"	"OR=exp(reported SMR beta)"
"EVID_38903171_IL20RB_ec7ac41d3cdd"	"IL20RB"	"IL20RB"	"not_reported"	"IL20RB"	"ENSG00000174564"	"UKB-PPP_Olink"	"not_reported"	"AMD"	"dry_AMD"	"FinnGen R10 dry_AMD"	"Pu KL"	"2024"	"Frontiers in neurology"	"38903171"	"10.3389/fneur.2024.1400557"	"peer_reviewed"	"UKB-PPP_Olink"	"54219"	"European"	"top_cis_pQTL"	"top cis-pQTL within +/-1 Mb; P<5e-8; SMR"	"rs1682359"	"SMR"	"0.727655"	"0.169213"	"2.0702202446520417"	"not_reported"	"not_reported"	"1.706132e-05"	"Benjamini-Hochberg FDR"	"true"	"coloc.abf single-causal-variant"	"0.937392152"	"1.706132e-05"	"0.07193208"	"cross-platform and FinnGen replication tables reported"	"partially_overlapping_cross_platform"	"higher_protein_higher_risk"	"FinnGen_R10_DRY_AMD"	"same_FinnGen_resource_different_release_R10_vs_R12"	"true_different_release"	"Tier1"	"false"	"requires_platform_review"	"primary_high_confidence_panel"	"NA"	"true"	"true"	"<external_resource_root>\UKB-PPP\syn51365303_European_discovery\IL20RB_Q6UXL0_OID30461_v1_Inflammation_II.tar"	"false"	"full_text_and_source_table_verified"	"Only FDR<0.05 and HEIDI>0.01 rows retained; colocalization joined by reported gene label."	"data_raw\literature_fulltext\PMID38903171_PMC11187347\supplements\Table_1.XLSX"	"Supplementary Table 7"	"689"	"published_beta"	"high"	"partially_overlapping"	"AMD_FinnGen_UKB_deCODE"	"not_applicable_to_published_beta"	"OR=exp(reported SMR beta)"
"EVID_40327005_IL20RB_0494ddb3675e"	"IL20RB"	"IL20RB"	"not_reported"	"IL20RB"	"gene-level label only"	"UKB-PPP Olink"	"not_reported"	"AMD"	"dry_AMD"	"dry_AMD"	"Chen C"	"2025"	"Translational vision science & technology"	"40327005"	"10.1167/tvst.14.5.8"	"peer_reviewed"	"UKB-PPP Olink"	"54219"	"European"	"top_cis_pQTL_SMR"	"top cis-pQTL used in SMR"	"rs747842"	"SMR"	"0.746748"	"0.17828"	"2.1101267146050997"	"not_reported"	"not_reported"	"2.806437e-05"	"Benjamini-Hochberg FDR"	"true"	"not_reported"	"not_reported"	"2.806437e-05"	"0.1338655"	"cross-platform comparison"	"partially_overlapping_cross_platform"	"higher_protein_higher_risk"	"study-specific AMD GWAS"	"requires_manual_verification"	"unclear"	"Tier2"	"false"	"requires_platform_review"	"literature_source_universe_tier2"	"mapping_not_high_confidence;no_strong_colocalization_or_independent_replication"	"not_assessed"	"not_assessed"	"<external_resource_root>\UKB-PPP\syn51365303_European_discovery\IL20RB_Q6UXL0_OID30461_v1_Inflammation_II.tar"	"false_pending_alpha_and_reestimated_beta"	"full_text_and_source_table_verified"	"Corrected SMR row; no colocalization table was reported."	"data_raw\literature_fulltext\PMID40327005_PMC12063708\supplements\tvst-14-5-8_s003.xlsx"	"Supplementary table 6"	"376"	"published_beta"	"moderate"	"partially_overlapping"	"AMD_multi_platform_2025"	"not_applicable_to_published_beta"	"OR=exp(reported SMR beta)"
"EVID_38903171_LTA_17703e6e25a4"	"LTA"	"LTA"	"not_reported"	"LTA"	"ENSG00000226979"	"deCODE"	"not_reported"	"AMD"	"dry_AMD"	"FinnGen R10 dry_AMD"	"Pu KL"	"2024"	"Frontiers in neurology"	"38903171"	"10.3389/fneur.2024.1400557"	"peer_reviewed"	"deCODE"	"35559"	"European"	"top_cis_pQTL"	"top cis-pQTL within +/-1 Mb; P<5e-8; SMR"	"rs147906938"	"SMR"	"-2.84923"	"0.747421"	"0.05788887815426317"	"not_reported"	"not_reported"	"0.0001377998"	"Benjamini-Hochberg FDR"	"true"	"coloc.abf single-causal-variant"	"0.0707694646901922"	"0.0001377998"	"0.04305563"	"cross-platform and FinnGen replication tables reported"	"partially_overlapping_cross_platform"	"higher_protein_lower_risk"	"FinnGen_R10_DRY_AMD"	"same_FinnGen_resource_different_release_R10_vs_R12"	"true_different_release"	"Tier2"	"false"	"requires_platform_review"	"literature_source_universe_tier2"	"no_strong_colocalization_or_independent_replication"	"not_assessed"	"not_assessed"	"not_assessed"	"false_pending_alpha_and_reestimated_beta"	"full_text_and_source_table_verified"	"Only FDR<0.05 and HEIDI>0.01 rows retained; colocalization joined by reported gene label."	"data_raw\literature_fulltext\PMID38903171_PMC11187347\supplements\Table_1.XLSX"	"Supplementary Table 3"	"615"	"published_beta"	"high"	"partially_overlapping"	"AMD_FinnGen_UKB_deCODE"	"not_applicable_to_published_beta"	"OR=exp(reported SMR beta)"
"EVID_40327005_LTA_34fccad89825"	"LTA"	"LTA"	"not_reported"	"LTA"	"gene-level label only"	"deCODE"	"not_reported"	"AMD"	"dry_AMD"	"dry_AMD"	"Chen C"	"2025"	"Translational vision science & technology"	"40327005"	"10.1167/tvst.14.5.8"	"peer_reviewed"	"deCODE"	"35559"	"European"	"top_cis_pQTL_SMR"	"top cis-pQTL used in SMR"	"rs147906938"	"SMR"	"-2.57544"	"0.728094"	"0.07612032248718793"	"not_reported"	"not_reported"	"0.000404338"	"Benjamini-Hochberg FDR"	"true"	"not_reported"	"not_reported"	"0.000404338"	"0.1050271"	"cross-platform comparison"	"partially_overlapping_cross_platform"	"higher_protein_lower_risk"	"study-specific AMD GWAS"	"requires_manual_verification"	"unclear"	"Tier2"	"false"	"requires_platform_review"	"literature_source_universe_tier2"	"mapping_not_high_confidence;no_strong_colocalization_or_independent_replication"	"not_assessed"	"not_assessed"	"not_assessed"	"false_pending_alpha_and_reestimated_beta"	"full_text_and_source_table_verified"	"Corrected SMR row; no colocalization table was reported."	"data_raw\literature_fulltext\PMID40327005_PMC12063708\supplements\tvst-14-5-8_s003.xlsx"	"Supplementary table 5"	"284"	"published_beta"	"moderate"	"partially_overlapping"	"AMD_multi_platform_2025"	"not_applicable_to_published_beta"	"OR=exp(reported SMR beta)"
"EVID_41064534_MASP1_1be9ab3b9e10"	"MASP1"	"MASP1"	"not_reported"	"MASP1"	"mapping_requires_source_pQTL_table"	"UKB-PPP Olink discovery; deCODE where indicated"	"not_reported"	"AMD"	"dry_AMD"	"FinnGen R11 dry AMD discovery; MVP dry AMD replication"	"Hou J"	"2025"	"Journal of ophthalmology"	"41064534"	"10.1155/joph/3972293"	"peer_reviewed"	"UKB-PPP and/or deCODE"	"54219 and/or 35559"	"European"	"cis_pQTL"	"cis-pQTL within 1 Mb; P<5e-8; r2<0.1"	"reported in instrument supplements"	"Inverse variance weighted"	"0.207278527848134"	"0.0476901904509853"	"1.2303252038937906"	"1.1205344450415766"	"1.3508733390878784"	"1.38418082317874e-05"	"Benjamini-Hochberg FDR in discovery and replication"	"false"	"not_reported"	"not_reported"	"not_reported"	"not_reported"	"Decode_MVP"	"replication_not_corrected_or_direction_inconsistent"	"higher_protein_higher_risk"	"FinnGen R11 and MVP"	"same_FinnGen_resource_different_release_R11_vs_R12"	"true_discovery_different_release; independent_MVP_replication"	"Tier2"	"false"	"requires_platform_review"	"literature_source_universe_tier2"	"not_multiple_testing_corrected;mapping_not_high_confidence;no_strong_colocalization_or_independent_replication"	"not_assessed"	"not_assessed"	"not_assessed"	"false_pending_alpha_and_reestimated_beta"	"full_text_and_source_table_verified"	"Replication beta=0.265430595812561; replication FDR=0.0729891356998783. Table title alone was not treated as proof of replication."	"data_raw\literature_fulltext\PMID41064534_PMC12503973\supplements\3972293.f6.xlsx"	"Supplementary_table6"	"9"	"published_beta"	"moderate"	"independent_outcome_for_replication"	"DryAMD_FinnGen_R11_MVP"	"not_applicable_to_published_beta"	"OR and CI derived from discovery beta and SE"
"EVID_40327005_MSLN_7addd0c43250"	"MSLN"	"MSLN"	"not_reported"	"MSLN"	"gene-level label only"	"UKB-PPP Olink"	"not_reported"	"AMD"	"dry_AMD"	"dry_AMD"	"Chen C"	"2025"	"Translational vision science & technology"	"40327005"	"10.1167/tvst.14.5.8"	"peer_reviewed"	"UKB-PPP Olink"	"54219"	"European"	"top_cis_pQTL_SMR"	"top cis-pQTL used in SMR"	"rs3764246"	"SMR"	"0.121266"	"0.0330726"	"1.1289251665260664"	"not_reported"	"not_reported"	"0.0002457337"	"Benjamini-Hochberg FDR"	"true"	"not_reported"	"not_reported"	"0.0002457337"	"0.8266247"	"cross-platform comparison"	"partially_overlapping_cross_platform"	"higher_protein_higher_risk"	"study-specific AMD GWAS"	"requires_manual_verification"	"unclear"	"Tier2"	"false"	"requires_platform_review"	"literature_source_universe_tier2"	"mapping_not_high_confidence;no_strong_colocalization_or_independent_replication"	"not_assessed"	"not_assessed"	"not_assessed"	"false_pending_alpha_and_reestimated_beta"	"full_text_and_source_table_verified"	"Corrected SMR row; no colocalization table was reported."	"data_raw\literature_fulltext\PMID40327005_PMC12063708\supplements\tvst-14-5-8_s003.xlsx"	"Supplementary table 6"	"1653"	"published_beta"	"moderate"	"partially_overlapping"	"AMD_multi_platform_2025"	"not_applicable_to_published_beta"	"OR=exp(reported SMR beta)"
"EVID_40327005_NME2_6a9c8ffdf2df"	"NME2"	"NME2"	"not_reported"	"NME2"	"gene-level label only"	"deCODE"	"not_reported"	"AMD"	"dry_AMD"	"dry_AMD"	"Chen C"	"2025"	"Translational vision science & technology"	"40327005"	"10.1167/tvst.14.5.8"	"peer_reviewed"	"deCODE"	"35559"	"European"	"top_cis_pQTL_SMR"	"top cis-pQTL used in SMR"	"rs145372333"	"SMR"	"-0.414844"	"0.119845"	"0.6604433018242113"	"not_reported"	"not_reported"	"0.0005371653"	"Benjamini-Hochberg FDR"	"true"	"not_reported"	"not_reported"	"0.0005371653"	"0.01427236"	"cross-platform comparison"	"partially_overlapping_cross_platform"	"higher_protein_lower_risk"	"study-specific AMD GWAS"	"requires_manual_verification"	"unclear"	"Tier2"	"false"	"requires_platform_review"	"literature_source_universe_tier2"	"mapping_not_high_confidence;no_strong_colocalization_or_independent_replication"	"not_assessed"	"not_assessed"	"not_assessed"	"false_pending_alpha_and_reestimated_beta"	"full_text_and_source_table_verified"	"Corrected SMR row; no colocalization table was reported."	"data_raw\literature_fulltext\PMID40327005_PMC12063708\supplements\tvst-14-5-8_s003.xlsx"	"Supplementary table 5"	"81"	"published_beta"	"moderate"	"partially_overlapping"	"AMD_multi_platform_2025"	"not_applicable_to_published_beta"	"OR=exp(reported SMR beta)"
"EVID_38903171_PAXX_00248f038350"	"PAXX"	"PAXX"	"not_reported"	"PAXX"	"ENSG00000148362"	"UKB-PPP_Olink"	"not_reported"	"AMD"	"dry_AMD"	"FinnGen R10 dry_AMD"	"Pu KL"	"2024"	"Frontiers in neurology"	"38903171"	"10.3389/fneur.2024.1400557"	"peer_reviewed"	"UKB-PPP_Olink"	"54219"	"European"	"top_cis_pQTL"	"top cis-pQTL within +/-1 Mb; P<5e-8; SMR"	"rs7470867"	"SMR"	"-0.406366"	"0.118172"	"0.666066342526287"	"not_reported"	"not_reported"	"0.0005843715"	"Benjamini-Hochberg FDR"	"true"	"coloc.abf single-causal-variant"	"0.023297934"	"0.0005843715"	"0.7348008"	"cross-platform and FinnGen replication tables reported"	"partially_overlapping_cross_platform"	"higher_protein_lower_risk"	"FinnGen_R10_DRY_AMD"	"same_FinnGen_resource_different_release_R10_vs_R12"	"true_different_release"	"Tier2"	"false"	"requires_platform_review"	"literature_source_universe_tier2"	"no_strong_colocalization_or_independent_replication"	"not_assessed"	"not_assessed"	"not_assessed"	"false_pending_alpha_and_reestimated_beta"	"full_text_and_source_table_verified"	"Only FDR<0.05 and HEIDI>0.01 rows retained; colocalization joined by reported gene label."	"data_raw\literature_fulltext\PMID38903171_PMC11187347\supplements\Table_1.XLSX"	"Supplementary Table 7"	"866"	"published_beta"	"high"	"partially_overlapping"	"AMD_FinnGen_UKB_deCODE"	"not_applicable_to_published_beta"	"OR=exp(reported SMR beta)"
"EVID_41064534_PILRA_4c9856cd0961"	"PILRA"	"PILRA"	"not_reported"	"PILRA"	"mapping_requires_source_pQTL_table"	"UKB-PPP Olink discovery; deCODE where indicated"	"not_reported"	"AMD"	"dry_AMD"	"FinnGen R11 dry AMD discovery; MVP dry AMD replication"	"Hou J"	"2025"	"Journal of ophthalmology"	"41064534"	"10.1155/joph/3972293"	"peer_reviewed"	"UKB-PPP and/or deCODE"	"54219 and/or 35559"	"European"	"cis_pQTL"	"cis-pQTL within 1 Mb; P<5e-8; r2<0.1"	"reported in instrument supplements"	"Inverse variance weighted"	"0.0567841495781835"	"0.0115357389288111"	"1.058427323752624"	"1.034764744910741"	"1.0826310088123232"	"8.54654554818338e-07"	"Benjamini-Hochberg FDR in discovery and replication"	"true"	"not_reported"	"not_reported"	"not_reported"	"not_reported"	"UKB_MVP"	"independent_outcome_replication_corrected_same_direction"	"higher_protein_higher_risk"	"FinnGen R11 and MVP"	"same_FinnGen_resource_different_release_R11_vs_R12"	"true_discovery_different_release; independent_MVP_replication"	"Tier2"	"false"	"requires_platform_review"	"literature_source_universe_tier2"	"mapping_not_high_confidence"	"not_assessed"	"not_assessed"	"not_assessed"	"false_pending_alpha_and_reestimated_beta"	"full_text_and_source_table_verified"	"Replication beta=0.0872907987478197; replication FDR=8.25950006899172e-10. Table title alone was not treated as proof of replication."	"data_raw\literature_fulltext\PMID41064534_PMC12503973\supplements\3972293.f6.xlsx"	"Supplementary_table6"	"10"	"published_beta"	"moderate"	"independent_outcome_for_replication"	"DryAMD_FinnGen_R11_MVP"	"not_applicable_to_published_beta"	"OR and CI derived from discovery beta and SE"
"EVID_41064534_PILRB_35ef9d99fe6c"	"PILRB"	"PILRB"	"not_reported"	"PILRB"	"mapping_requires_source_pQTL_table"	"UKB-PPP Olink discovery; deCODE where indicated"	"not_reported"	"AMD"	"dry_AMD"	"FinnGen R11 dry AMD discovery; MVP dry AMD replication"	"Hou J"	"2025"	"Journal of ophthalmology"	"41064534"	"10.1155/joph/3972293"	"peer_reviewed"	"UKB-PPP and/or deCODE"	"54219 and/or 35559"	"European"	"cis_pQTL"	"cis-pQTL within 1 Mb; P<5e-8; r2<0.1"	"reported in instrument supplements"	"Inverse variance weighted"	"0.0461060124526766"	"0.0099760743245971"	"1.0471854197674317"	"1.0269085762469785"	"1.0678626401010338"	"3.8068362328179e-06"	"Benjamini-Hochberg FDR in discovery and replication"	"true"	"not_reported"	"not_reported"	"not_reported"	"not_reported"	"UKB_MVP"	"independent_outcome_replication_corrected_same_direction"	"higher_protein_higher_risk"	"FinnGen R11 and MVP"	"same_FinnGen_resource_different_release_R11_vs_R12"	"true_discovery_different_release; independent_MVP_replication"	"Tier2"	"false"	"requires_platform_review"	"literature_source_universe_tier2"	"mapping_not_high_confidence"	"not_assessed"	"not_assessed"	"not_assessed"	"false_pending_alpha_and_reestimated_beta"	"full_text_and_source_table_verified"	"Replication beta=0.0509366323951806; replication FDR=0.000962352175999419. Table title alone was not treated as proof of replication."	"data_raw\literature_fulltext\PMID41064534_PMC12503973\supplements\3972293.f6.xlsx"	"Supplementary_table6"	"11"	"published_beta"	"moderate"	"independent_outcome_for_replication"	"DryAMD_FinnGen_R11_MVP"	"not_applicable_to_published_beta"	"OR and CI derived from discovery beta and SE"
"EVID_40327005_RPS10_ced4faa89926"	"RPS10"	"RPS10"	"not_reported"	"RPS10"	"gene-level label only"	"deCODE"	"not_reported"	"AMD"	"dry_AMD"	"dry_AMD"	"Chen C"	"2025"	"Translational vision science & technology"	"40327005"	"10.1167/tvst.14.5.8"	"peer_reviewed"	"deCODE"	"35559"	"European"	"top_cis_pQTL_SMR"	"top cis-pQTL used in SMR"	"rs147168394"	"SMR"	"-1.13667"	"0.323042"	"0.3208857943494422"	"not_reported"	"not_reported"	"0.00043377"	"Benjamini-Hochberg FDR"	"true"	"not_reported"	"not_reported"	"0.00043377"	"0.4511095"	"cross-platform comparison"	"partially_overlapping_cross_platform"	"higher_protein_lower_risk"	"study-specific AMD GWAS"	"requires_manual_verification"	"unclear"	"Tier2"	"false"	"requires_platform_review"	"literature_source_universe_tier2"	"mapping_not_high_confidence;no_strong_colocalization_or_independent_replication"	"not_assessed"	"not_assessed"	"not_assessed"	"false_pending_alpha_and_reestimated_beta"	"full_text_and_source_table_verified"	"Corrected SMR row; no colocalization table was reported."	"data_raw\literature_fulltext\PMID40327005_PMC12063708\supplements\tvst-14-5-8_s003.xlsx"	"Supplementary table 5"	"889"	"published_beta"	"moderate"	"partially_overlapping"	"AMD_multi_platform_2025"	"not_applicable_to_published_beta"	"OR=exp(reported SMR beta)"
"EVID_38903171_SFTA2_23c94841bd1f"	"SFTA2"	"SFTA2"	"not_reported"	"SFTA2"	"ENSG00000196260"	"deCODE"	"not_reported"	"AMD"	"dry_AMD"	"FinnGen R10 dry_AMD"	"Pu KL"	"2024"	"Frontiers in neurology"	"38903171"	"10.3389/fneur.2024.1400557"	"peer_reviewed"	"deCODE"	"35559"	"European"	"top_cis_pQTL"	"top cis-pQTL within +/-1 Mb; P<5e-8; SMR"	"rs547154"	"SMR"	"-3.73329"	"0.590234"	"0.023914029114948002"	"not_reported"	"not_reported"	"2.53065e-10"	"Benjamini-Hochberg FDR"	"true"	"coloc.abf single-causal-variant"	"3.83333623524257e-09"	"2.53065e-10"	"0.1138985"	"cross-platform and FinnGen replication tables reported"	"partially_overlapping_cross_platform"	"higher_protein_lower_risk"	"FinnGen_R10_DRY_AMD"	"same_FinnGen_resource_different_release_R10_vs_R12"	"true_different_release"	"Tier2"	"false"	"requires_platform_review"	"literature_source_universe_tier2"	"no_strong_colocalization_or_independent_replication"	"not_assessed"	"not_assessed"	"not_assessed"	"false_pending_alpha_and_reestimated_beta"	"full_text_and_source_table_verified"	"Only FDR<0.05 and HEIDI>0.01 rows retained; colocalization joined by reported gene label."	"data_raw\literature_fulltext\PMID38903171_PMC11187347\supplements\Table_1.XLSX"	"Supplementary Table 3"	"612"	"published_beta"	"high"	"partially_overlapping"	"AMD_FinnGen_UKB_deCODE"	"not_applicable_to_published_beta"	"OR=exp(reported SMR beta)"
"EVID_41064534_SIGLEC7_18273ceb09a1"	"SIGLEC7"	"SIGLEC7"	"not_reported"	"SIGLEC7"	"mapping_requires_source_pQTL_table"	"UKB-PPP Olink discovery; deCODE where indicated"	"not_reported"	"AMD"	"dry_AMD"	"FinnGen R11 dry AMD discovery; MVP dry AMD replication"	"Hou J"	"2025"	"Journal of ophthalmology"	"41064534"	"10.1155/joph/3972293"	"peer_reviewed"	"UKB-PPP and/or deCODE"	"54219 and/or 35559"	"European"	"cis_pQTL"	"cis-pQTL within 1 Mb; P<5e-8; r2<0.1"	"reported in instrument supplements"	"Inverse variance weighted"	"0.157654009369383"	"0.0348106597890084"	"1.1707610522691907"	"1.0935454413894046"	"1.253428883365782"	"5.92914513101474e-06"	"Benjamini-Hochberg FDR in discovery and replication"	"true"	"not_reported"	"not_reported"	"not_reported"	"not_reported"	"Decode_FinnGen"	"independent_outcome_replication_corrected_same_direction"	"higher_protein_higher_risk"	"FinnGen R11 and MVP"	"same_FinnGen_resource_different_release_R11_vs_R12"	"true_discovery_different_release; independent_MVP_replication"	"Tier2"	"false"	"requires_platform_review"	"literature_source_universe_tier2"	"mapping_not_high_confidence"	"not_assessed"	"not_assessed"	"not_assessed"	"false_pending_alpha_and_reestimated_beta"	"full_text_and_source_table_verified"	"Replication beta=0.174219648583017; replication FDR=0.0336990577218776. Table title alone was not treated as proof of replication."	"data_raw\literature_fulltext\PMID41064534_PMC12503973\supplements\3972293.f6.xlsx"	"Supplementary_table6"	"12"	"published_beta"	"moderate"	"independent_outcome_for_replication"	"DryAMD_FinnGen_R11_MVP"	"not_applicable_to_published_beta"	"OR and CI derived from discovery beta and SE"
"EVID_41064534_TLR1_6761015b1644"	"TLR1"	"TLR1"	"not_reported"	"TLR1"	"mapping_requires_source_pQTL_table"	"UKB-PPP Olink discovery; deCODE where indicated"	"not_reported"	"AMD"	"dry_AMD"	"FinnGen R11 dry AMD discovery; MVP dry AMD replication"	"Hou J"	"2025"	"Journal of ophthalmology"	"41064534"	"10.1155/joph/3972293"	"peer_reviewed"	"UKB-PPP and/or deCODE"	"54219 and/or 35559"	"European"	"cis_pQTL"	"cis-pQTL within 1 Mb; P<5e-8; r2<0.1"	"reported in instrument supplements"	"Inverse variance weighted"	"0.118505846689834"	"0.0280983496611564"	"1.1258134563648334"	"1.0654881823892004"	"1.1895541963591276"	"2.46984626049049e-05"	"Benjamini-Hochberg FDR in discovery and replication"	"false"	"not_reported"	"not_reported"	"not_reported"	"not_reported"	"UKB_MVP"	"replication_not_corrected_or_direction_inconsistent"	"higher_protein_higher_risk"	"FinnGen R11 and MVP"	"same_FinnGen_resource_different_release_R11_vs_R12"	"true_discovery_different_release; independent_MVP_replication"	"Tier2"	"false"	"requires_platform_review"	"literature_source_universe_tier2"	"not_multiple_testing_corrected;mapping_not_high_confidence;no_strong_colocalization_or_independent_replication"	"not_assessed"	"not_assessed"	"not_assessed"	"false_pending_alpha_and_reestimated_beta"	"full_text_and_source_table_verified"	"Replication beta=0.0832664009220772; replication FDR=0.108198615598208. Table title alone was not treated as proof of replication."	"data_raw\literature_fulltext\PMID41064534_PMC12503973\supplements\3972293.f6.xlsx"	"Supplementary_table6"	"13"	"published_beta"	"moderate"	"independent_outcome_for_replication"	"DryAMD_FinnGen_R11_MVP"	"not_applicable_to_published_beta"	"OR and CI derived from discovery beta and SE"
"EVID_40327005_UBD_8240b7876076"	"UBD"	"UBD"	"not_reported"	"UBD"	"gene-level label only"	"deCODE"	"not_reported"	"AMD"	"dry_AMD"	"dry_AMD"	"Chen C"	"2025"	"Translational vision science & technology"	"40327005"	"10.1167/tvst.14.5.8"	"peer_reviewed"	"deCODE"	"35559"	"European"	"top_cis_pQTL_SMR"	"top cis-pQTL used in SMR"	"rs12524498"	"SMR"	"-2.01339"	"0.515547"	"0.1335352220980453"	"not_reported"	"not_reported"	"9.408832e-05"	"Benjamini-Hochberg FDR"	"true"	"not_reported"	"not_reported"	"9.408832e-05"	"0.04254086"	"cross-platform comparison"	"partially_overlapping_cross_platform"	"higher_protein_lower_risk"	"study-specific AMD GWAS"	"requires_manual_verification"	"unclear"	"Tier2"	"false"	"requires_platform_review"	"literature_source_universe_tier2"	"mapping_not_high_confidence;no_strong_colocalization_or_independent_replication"	"not_assessed"	"not_assessed"	"not_assessed"	"false_pending_alpha_and_reestimated_beta"	"full_text_and_source_table_verified"	"Corrected SMR row; no colocalization table was reported."	"data_raw\literature_fulltext\PMID40327005_PMC12063708\supplements\tvst-14-5-8_s003.xlsx"	"Supplementary table 5"	"152"	"published_beta"	"moderate"	"partially_overlapping"	"AMD_multi_platform_2025"	"not_applicable_to_published_beta"	"OR=exp(reported SMR beta)"
"EVID_38903171_WARS1_a6e9aa060583"	"WARS1"	"WARS1"	"not_reported"	"WARS1"	"ENSG00000140105"	"deCODE"	"not_reported"	"AMD"	"dry_AMD"	"FinnGen R10 dry_AMD"	"Pu KL"	"2024"	"Frontiers in neurology"	"38903171"	"10.3389/fneur.2024.1400557"	"peer_reviewed"	"deCODE"	"35559"	"European"	"top_cis_pQTL"	"top cis-pQTL within +/-1 Mb; P<5e-8; SMR"	"rs2273804"	"SMR"	"0.370286"	"0.0892799"	"1.4481487259782135"	"not_reported"	"not_reported"	"3.361599e-05"	"Benjamini-Hochberg FDR"	"true"	"coloc.abf single-causal-variant"	"NA"	"3.361599e-05"	"0.7077509"	"cross-platform and FinnGen replication tables reported"	"partially_overlapping_cross_platform"	"higher_protein_higher_risk"	"FinnGen_R10_DRY_AMD"	"same_FinnGen_resource_different_release_R10_vs_R12"	"true_different_release"	"Tier2"	"false"	"requires_platform_review"	"literature_source_universe_tier2"	"no_strong_colocalization_or_independent_replication"	"not_assessed"	"not_assessed"	"not_assessed"	"false_pending_alpha_and_reestimated_beta"	"full_text_and_source_table_verified"	"Only FDR<0.05 and HEIDI>0.01 rows retained; colocalization joined by reported gene label."	"data_raw\literature_fulltext\PMID38903171_PMC11187347\supplements\Table_1.XLSX"	"Supplementary Table 3"	"1245"	"published_beta"	"high"	"partially_overlapping"	"AMD_FinnGen_UKB_deCODE"	"not_applicable_to_published_beta"	"OR=exp(reported SMR beta)"
"EVID_38903171_WARS1_bda5a90387c4"	"WARS1"	"WARS1"	"not_reported"	"WARS1"	"ENSG00000140105"	"UKB-PPP_Olink"	"not_reported"	"AMD"	"dry_AMD"	"FinnGen R10 dry_AMD"	"Pu KL"	"2024"	"Frontiers in neurology"	"38903171"	"10.3389/fneur.2024.1400557"	"peer_reviewed"	"UKB-PPP_Olink"	"54219"	"European"	"top_cis_pQTL"	"top cis-pQTL within +/-1 Mb; P<5e-8; SMR"	"rs2273804"	"SMR"	"0.366627"	"0.0881681"	"1.4428596320881193"	"not_reported"	"not_reported"	"3.206644e-05"	"Benjamini-Hochberg FDR"	"true"	"coloc.abf single-causal-variant"	"NA"	"3.206644e-05"	"0.1772276"	"cross-platform and FinnGen replication tables reported"	"partially_overlapping_cross_platform"	"higher_protein_higher_risk"	"FinnGen_R10_DRY_AMD"	"same_FinnGen_resource_different_release_R10_vs_R12"	"true_different_release"	"Tier2"	"false"	"requires_platform_review"	"literature_source_universe_tier2"	"no_strong_colocalization_or_independent_replication"	"not_assessed"	"not_assessed"	"not_assessed"	"false_pending_alpha_and_reestimated_beta"	"full_text_and_source_table_verified"	"Only FDR<0.05 and HEIDI>0.01 rows retained; colocalization joined by reported gene label."	"data_raw\literature_fulltext\PMID38903171_PMC11187347\supplements\Table_1.XLSX"	"Supplementary Table 7"	"1428"	"published_beta"	"high"	"partially_overlapping"	"AMD_FinnGen_UKB_deCODE"	"not_applicable_to_published_beta"	"OR=exp(reported SMR beta)"
"EVID_40327005_WARS1_14f45aac239b"	"WARS1"	"WARS1"	"not_reported"	"WARS1"	"gene-level label only"	"deCODE"	"not_reported"	"AMD"	"dry_AMD"	"dry_AMD"	"Chen C"	"2025"	"Translational vision science & technology"	"40327005"	"10.1167/tvst.14.5.8"	"peer_reviewed"	"deCODE"	"35559"	"European"	"top_cis_pQTL_SMR"	"top cis-pQTL used in SMR"	"rs2273804"	"SMR"	"0.431352"	"0.0932272"	"1.5393373013330984"	"not_reported"	"not_reported"	"3.711922e-06"	"Benjamini-Hochberg FDR"	"true"	"not_reported"	"not_reported"	"3.711922e-06"	"0.8049123"	"cross-platform comparison"	"partially_overlapping_cross_platform"	"higher_protein_higher_risk"	"study-specific AMD GWAS"	"requires_manual_verification"	"unclear"	"Tier2"	"false"	"requires_platform_review"	"literature_source_universe_tier2"	"mapping_not_high_confidence;no_strong_colocalization_or_independent_replication"	"not_assessed"	"not_assessed"	"not_assessed"	"false_pending_alpha_and_reestimated_beta"	"full_text_and_source_table_verified"	"Corrected SMR row; no colocalization table was reported."	"data_raw\literature_fulltext\PMID40327005_PMC12063708\supplements\tvst-14-5-8_s003.xlsx"	"Supplementary table 5"	"1461"	"published_beta"	"moderate"	"partially_overlapping"	"AMD_multi_platform_2025"	"not_applicable_to_published_beta"	"OR=exp(reported SMR beta)"
"EVID_40327005_WARS1_52a45f43dcd0"	"WARS1"	"WARS1"	"not_reported"	"WARS1"	"gene-level label only"	"UKB-PPP Olink"	"not_reported"	"AMD"	"dry_AMD"	"dry_AMD"	"Chen C"	"2025"	"Translational vision science & technology"	"40327005"	"10.1167/tvst.14.5.8"	"peer_reviewed"	"UKB-PPP Olink"	"54219"	"European"	"top_cis_pQTL_SMR"	"top cis-pQTL used in SMR"	"rs2273804"	"SMR"	"0.42709"	"0.0920076"	"1.5327906066710035"	"not_reported"	"not_reported"	"3.452275e-06"	"Benjamini-Hochberg FDR"	"true"	"not_reported"	"not_reported"	"3.452275e-06"	"0.1167541"	"cross-platform comparison"	"partially_overlapping_cross_platform"	"higher_protein_higher_risk"	"study-specific AMD GWAS"	"requires_manual_verification"	"unclear"	"Tier2"	"false"	"requires_platform_review"	"literature_source_universe_tier2"	"mapping_not_high_confidence;no_strong_colocalization_or_independent_replication"	"not_assessed"	"not_assessed"	"not_assessed"	"false_pending_alpha_and_reestimated_beta"	"full_text_and_source_table_verified"	"Corrected SMR row; no colocalization table was reported."	"data_raw\literature_fulltext\PMID40327005_PMC12063708\supplements\tvst-14-5-8_s003.xlsx"	"Supplementary table 6"	"333"	"published_beta"	"moderate"	"partially_overlapping"	"AMD_multi_platform_2025"	"not_applicable_to_published_beta"	"OR=exp(reported SMR beta)"
"EVID_40327005_APOE_e308582d0aec"	"APOE"	"APOE"	"not_reported"	"APOE"	"gene-level label only"	"UKB-PPP Olink"	"not_reported"	"AMD"	"early_AMD"	"early_AMD"	"Chen C"	"2025"	"Translational vision science & technology"	"40327005"	"10.1167/tvst.14.5.8"	"peer_reviewed"	"UKB-PPP Olink"	"54219"	"European"	"top_cis_pQTL_SMR"	"top cis-pQTL used in SMR"	"rs429358"	"SMR"	"0.101286"	"0.0209745"	"1.1065930821317835"	"not_reported"	"not_reported"	"1.372332e-06"	"Benjamini-Hochberg FDR"	"true"	"not_reported"	"not_reported"	"1.372332e-06"	"0.02664789"	"cross-platform comparison"	"partially_overlapping_cross_platform"	"higher_protein_higher_risk"	"study-specific AMD GWAS"	"requires_manual_verification"	"unclear"	"Tier2"	"true"	"requires_platform_review"	"protein_outcome_evidence_excluded_from_APOE_mediation"	"APOE_protein_default_exclusion_due_to_cis_circularity"	"false"	"false"	"not_available_or_target_mapping_unresolved"	"false_pending_alpha_and_reestimated_beta"	"full_text_and_source_table_verified"	"Corrected SMR row; no colocalization table was reported."	"data_raw\literature_fulltext\PMID40327005_PMC12063708\supplements\tvst-14-5-8_s003.xlsx"	"Supplementary table 4"	"82"	"published_beta"	"moderate"	"partially_overlapping"	"AMD_multi_platform_2025"	"not_applicable_to_published_beta"	"OR=exp(reported SMR beta)"
"EVID_40327005_C3_3bfd347ce686"	"C3"	"C3"	"not_reported"	"C3"	"gene-level label only"	"deCODE"	"not_reported"	"AMD"	"early_AMD"	"early_AMD"	"Chen C"	"2025"	"Translational vision science & technology"	"40327005"	"10.1167/tvst.14.5.8"	"peer_reviewed"	"deCODE"	"35559"	"European"	"top_cis_pQTL_SMR"	"top cis-pQTL used in SMR"	"rs11085197"	"SMR"	"-1.06936"	"0.199846"	"0.3432281131329876"	"not_reported"	"not_reported"	"8.749437e-08"	"Benjamini-Hochberg FDR"	"true"	"not_reported"	"not_reported"	"8.749437e-08"	"0.2024497"	"cross-platform comparison"	"partially_overlapping_cross_platform"	"higher_protein_lower_risk"	"study-specific AMD GWAS"	"requires_manual_verification"	"unclear"	"Tier2"	"false"	"requires_platform_review"	"literature_source_universe_tier2"	"mapping_not_high_confidence;no_strong_colocalization_or_independent_replication"	"not_assessed"	"not_assessed"	"not_assessed"	"false_pending_alpha_and_reestimated_beta"	"full_text_and_source_table_verified"	"Corrected SMR row; no colocalization table was reported."	"data_raw\literature_fulltext\PMID40327005_PMC12063708\supplements\tvst-14-5-8_s003.xlsx"	"Supplementary table 3"	"382"	"published_beta"	"moderate"	"partially_overlapping"	"AMD_multi_platform_2025"	"not_applicable_to_published_beta"	"OR=exp(reported SMR beta)"
"EVID_40327005_C3_5dabc4d757a6"	"C3"	"C3"	"not_reported"	"C3"	"gene-level label only"	"deCODE"	"not_reported"	"AMD"	"early_AMD"	"early_AMD"	"Chen C"	"2025"	"Translational vision science & technology"	"40327005"	"10.1167/tvst.14.5.8"	"peer_reviewed"	"deCODE"	"35559"	"European"	"top_cis_pQTL_SMR"	"top cis-pQTL used in SMR"	"rs10408682"	"SMR"	"1.10264"	"0.25666"	"3.0121075003861435"	"not_reported"	"not_reported"	"1.738194e-05"	"Benjamini-Hochberg FDR"	"true"	"not_reported"	"not_reported"	"1.738194e-05"	"0.2099764"	"cross-platform comparison"	"partially_overlapping_cross_platform"	"higher_protein_higher_risk"	"study-specific AMD GWAS"	"requires_manual_verification"	"unclear"	"Tier2"	"false"	"requires_platform_review"	"literature_source_universe_tier2"	"mapping_not_high_confidence;no_strong_colocalization_or_independent_replication"	"not_assessed"	"not_assessed"	"not_assessed"	"false_pending_alpha_and_reestimated_beta"	"full_text_and_source_table_verified"	"Corrected SMR row; no colocalization table was reported."	"data_raw\literature_fulltext\PMID40327005_PMC12063708\supplements\tvst-14-5-8_s003.xlsx"	"Supplementary table 3"	"395"	"published_beta"	"moderate"	"partially_overlapping"	"AMD_multi_platform_2025"	"not_applicable_to_published_beta"	"OR=exp(reported SMR beta)"
"EVID_40327005_C3_6138df1a1ff3"	"C3"	"C3"	"not_reported"	"C3"	"gene-level label only"	"deCODE"	"not_reported"	"AMD"	"early_AMD"	"early_AMD"	"Chen C"	"2025"	"Translational vision science & technology"	"40327005"	"10.1167/tvst.14.5.8"	"peer_reviewed"	"deCODE"	"35559"	"European"	"top_cis_pQTL_SMR"	"top cis-pQTL used in SMR"	"rs10408682"	"SMR"	"1.30252"	"0.320447"	"3.6785549557652226"	"not_reported"	"not_reported"	"4.809349e-05"	"Benjamini-Hochberg FDR"	"true"	"not_reported"	"not_reported"	"4.809349e-05"	"0.1173245"	"cross-platform comparison"	"partially_overlapping_cross_platform"	"higher_protein_higher_risk"	"study-specific AMD GWAS"	"requires_manual_verification"	"unclear"	"Tier2"	"false"	"requires_platform_review"	"literature_source_universe_tier2"	"mapping_not_high_confidence;no_strong_colocalization_or_independent_replication"	"not_assessed"	"not_assessed"	"not_assessed"	"false_pending_alpha_and_reestimated_beta"	"full_text_and_source_table_verified"	"Corrected SMR row; no colocalization table was reported."	"data_raw\literature_fulltext\PMID40327005_PMC12063708\supplements\tvst-14-5-8_s003.xlsx"	"Supplementary table 3"	"230"	"published_beta"	"moderate"	"partially_overlapping"	"AMD_multi_platform_2025"	"not_applicable_to_published_beta"	"OR=exp(reported SMR beta)"
"EVID_40327005_C3_64a015fe52f3"	"C3"	"C3"	"not_reported"	"C3"	"gene-level label only"	"UKB-PPP Olink"	"not_reported"	"AMD"	"early_AMD"	"early_AMD"	"Chen C"	"2025"	"Translational vision science & technology"	"40327005"	"10.1167/tvst.14.5.8"	"peer_reviewed"	"UKB-PPP Olink"	"54219"	"European"	"top_cis_pQTL_SMR"	"top cis-pQTL used in SMR"	"rs11569470"	"SMR"	"0.660135"	"0.136028"	"1.9350535489987644"	"not_reported"	"not_reported"	"1.216431e-06"	"Benjamini-Hochberg FDR"	"true"	"not_reported"	"not_reported"	"1.216431e-06"	"0.3744166"	"cross-platform comparison"	"partially_overlapping_cross_platform"	"higher_protein_higher_risk"	"study-specific AMD GWAS"	"requires_manual_verification"	"unclear"	"Tier2"	"false"	"requires_platform_review"	"literature_source_universe_tier2"	"mapping_not_high_confidence;no_strong_colocalization_or_independent_replication"	"not_assessed"	"not_assessed"	"not_assessed"	"false_pending_alpha_and_reestimated_beta"	"full_text_and_source_table_verified"	"Corrected SMR row; no colocalization table was reported."	"data_raw\literature_fulltext\PMID40327005_PMC12063708\supplements\tvst-14-5-8_s003.xlsx"	"Supplementary table 4"	"811"	"published_beta"	"moderate"	"partially_overlapping"	"AMD_multi_platform_2025"	"not_applicable_to_published_beta"	"OR=exp(reported SMR beta)"
"EVID_40327005_C3_cb17d23eadfe"	"C3"	"C3"	"not_reported"	"C3"	"gene-level label only"	"deCODE"	"not_reported"	"AMD"	"early_AMD"	"early_AMD"	"Chen C"	"2025"	"Translational vision science & technology"	"40327005"	"10.1167/tvst.14.5.8"	"peer_reviewed"	"deCODE"	"35559"	"European"	"top_cis_pQTL_SMR"	"top cis-pQTL used in SMR"	"rs11569415"	"SMR"	"1.14767"	"0.207716"	"3.150842886312636"	"not_reported"	"not_reported"	"3.291284e-08"	"Benjamini-Hochberg FDR"	"true"	"not_reported"	"not_reported"	"3.291284e-08"	"0.8238482"	"cross-platform comparison"	"partially_overlapping_cross_platform"	"higher_protein_higher_risk"	"study-specific AMD GWAS"	"requires_manual_verification"	"unclear"	"Tier2"	"false"	"requires_platform_review"	"literature_source_universe_tier2"	"mapping_not_high_confidence;no_strong_colocalization_or_independent_replication"	"not_assessed"	"not_assessed"	"not_assessed"	"false_pending_alpha_and_reestimated_beta"	"full_text_and_source_table_verified"	"Corrected SMR row; no colocalization table was reported."	"data_raw\literature_fulltext\PMID40327005_PMC12063708\supplements\tvst-14-5-8_s003.xlsx"	"Supplementary table 3"	"1501"	"published_beta"	"moderate"	"partially_overlapping"	"AMD_multi_platform_2025"	"not_applicable_to_published_beta"	"OR=exp(reported SMR beta)"
"EVID_40327005_C3_cfbf578dc537"	"C3"	"C3"	"not_reported"	"C3"	"gene-level label only"	"deCODE"	"not_reported"	"AMD"	"early_AMD"	"early_AMD"	"Chen C"	"2025"	"Translational vision science & technology"	"40327005"	"10.1167/tvst.14.5.8"	"peer_reviewed"	"deCODE"	"35559"	"European"	"top_cis_pQTL_SMR"	"top cis-pQTL used in SMR"	"rs10408682"	"SMR"	"1.30881"	"0.321508"	"3.70176598860836"	"not_reported"	"not_reported"	"4.684414e-05"	"Benjamini-Hochberg FDR"	"true"	"not_reported"	"not_reported"	"4.684414e-05"	"0.2297563"	"cross-platform comparison"	"partially_overlapping_cross_platform"	"higher_protein_higher_risk"	"study-specific AMD GWAS"	"requires_manual_verification"	"unclear"	"Tier2"	"false"	"requires_platform_review"	"literature_source_universe_tier2"	"mapping_not_high_confidence;no_strong_colocalization_or_independent_replication"	"not_assessed"	"not_assessed"	"not_assessed"	"false_pending_alpha_and_reestimated_beta"	"full_text_and_source_table_verified"	"Corrected SMR row; no colocalization table was reported."	"data_raw\literature_fulltext\PMID40327005_PMC12063708\supplements\tvst-14-5-8_s003.xlsx"	"Supplementary table 3"	"444"	"published_beta"	"moderate"	"partially_overlapping"	"AMD_multi_platform_2025"	"not_applicable_to_published_beta"	"OR=exp(reported SMR beta)"
"EVID_40327005_CASP10_664977e4a92c"	"CASP10"	"CASP10"	"not_reported"	"CASP10"	"gene-level label only"	"UKB-PPP Olink"	"not_reported"	"AMD"	"early_AMD"	"early_AMD"	"Chen C"	"2025"	"Translational vision science & technology"	"40327005"	"10.1167/tvst.14.5.8"	"peer_reviewed"	"UKB-PPP Olink"	"54219"	"European"	"top_cis_pQTL_SMR"	"top cis-pQTL used in SMR"	"rs7576306"	"SMR"	"-0.288811"	"0.0778137"	"0.7491537820880658"	"not_reported"	"not_reported"	"0.000205977"	"Benjamini-Hochberg FDR"	"true"	"not_reported"	"not_reported"	"0.000205977"	"0.02104273"	"cross-platform comparison"	"partially_overlapping_cross_platform"	"higher_protein_lower_risk"	"study-specific AMD GWAS"	"requires_manual_verification"	"unclear"	"Tier2"	"false"	"requires_platform_review"	"literature_source_universe_tier2"	"mapping_not_high_confidence;no_strong_colocalization_or_independent_replication"	"not_assessed"	"not_assessed"	"not_assessed"	"false_pending_alpha_and_reestimated_beta"	"full_text_and_source_table_verified"	"Corrected SMR row; no colocalization table was reported."	"data_raw\literature_fulltext\PMID40327005_PMC12063708\supplements\tvst-14-5-8_s003.xlsx"	"Supplementary table 4"	"73"	"published_beta"	"moderate"	"partially_overlapping"	"AMD_multi_platform_2025"	"not_applicable_to_published_beta"	"OR=exp(reported SMR beta)"
"EVID_40327005_CD46_2ac9703175c8"	"CD46"	"CD46"	"not_reported"	"CD46"	"gene-level label only"	"deCODE"	"not_reported"	"AMD"	"early_AMD"	"early_AMD"	"Chen C"	"2025"	"Translational vision science & technology"	"40327005"	"10.1167/tvst.14.5.8"	"peer_reviewed"	"deCODE"	"35559"	"European"	"top_cis_pQTL_SMR"	"top cis-pQTL used in SMR"	"rs10746399"	"SMR"	"-0.245204"	"0.0622813"	"0.7825448828014754"	"not_reported"	"not_reported"	"8.249188e-05"	"Benjamini-Hochberg FDR"	"true"	"not_reported"	"not_reported"	"8.249188e-05"	"0.3021107"	"cross-platform comparison"	"partially_overlapping_cross_platform"	"higher_protein_lower_risk"	"study-specific AMD GWAS"	"requires_manual_verification"	"unclear"	"Tier2"	"false"	"requires_platform_review"	"literature_source_universe_tier2"	"mapping_not_high_confidence;no_strong_colocalization_or_independent_replication"	"not_assessed"	"not_assessed"	"not_assessed"	"false_pending_alpha_and_reestimated_beta"	"full_text_and_source_table_verified"	"Corrected SMR row; no colocalization table was reported."	"data_raw\literature_fulltext\PMID40327005_PMC12063708\supplements\tvst-14-5-8_s003.xlsx"	"Supplementary table 3"	"562"	"published_beta"	"moderate"	"partially_overlapping"	"AMD_multi_platform_2025"	"not_applicable_to_published_beta"	"OR=exp(reported SMR beta)"
"EVID_40327005_CDSN_513f5b7bacfb"	"CDSN"	"CDSN"	"not_reported"	"CDSN"	"gene-level label only"	"UKB-PPP Olink"	"not_reported"	"AMD"	"early_AMD"	"early_AMD"	"Chen C"	"2025"	"Translational vision science & technology"	"40327005"	"10.1167/tvst.14.5.8"	"peer_reviewed"	"UKB-PPP Olink"	"54219"	"European"	"top_cis_pQTL_SMR"	"top cis-pQTL used in SMR"	"rs3095306"	"SMR"	"0.135047"	"0.022874"	"1.1445905788443398"	"not_reported"	"not_reported"	"3.548607e-09"	"Benjamini-Hochberg FDR"	"true"	"not_reported"	"not_reported"	"3.548607e-09"	"0.03633467"	"cross-platform comparison"	"partially_overlapping_cross_platform"	"higher_protein_higher_risk"	"study-specific AMD GWAS"	"requires_manual_verification"	"unclear"	"Tier2"	"false"	"requires_platform_review"	"literature_source_universe_tier2"	"mapping_not_high_confidence;no_strong_colocalization_or_independent_replication"	"not_assessed"	"not_assessed"	"not_assessed"	"false_pending_alpha_and_reestimated_beta"	"full_text_and_source_table_verified"	"Corrected SMR row; no colocalization table was reported."	"data_raw\literature_fulltext\PMID40327005_PMC12063708\supplements\tvst-14-5-8_s003.xlsx"	"Supplementary table 4"	"106"	"published_beta"	"moderate"	"partially_overlapping"	"AMD_multi_platform_2025"	"not_applicable_to_published_beta"	"OR=exp(reported SMR beta)"
"EVID_40327005_CFB_952cff187f99"	"CFB"	"CFB"	"not_reported"	"CFB"	"gene-level label only"	"deCODE"	"not_reported"	"AMD"	"early_AMD"	"early_AMD"	"Chen C"	"2025"	"Translational vision science & technology"	"40327005"	"10.1167/tvst.14.5.8"	"peer_reviewed"	"deCODE"	"35559"	"European"	"top_cis_pQTL_SMR"	"top cis-pQTL used in SMR"	"rs547154"	"SMR"	"-0.389764"	"0.0447381"	"0.6772166787767094"	"not_reported"	"not_reported"	"2.982426e-18"	"Benjamini-Hochberg FDR"	"true"	"not_reported"	"not_reported"	"2.982426e-18"	"0.09029817"	"cross-platform comparison"	"partially_overlapping_cross_platform"	"higher_protein_lower_risk"	"study-specific AMD GWAS"	"requires_manual_verification"	"unclear"	"Tier2"	"false"	"requires_platform_review"	"literature_source_universe_tier2"	"mapping_not_high_confidence;no_strong_colocalization_or_independent_replication"	"not_assessed"	"not_assessed"	"not_assessed"	"false_pending_alpha_and_reestimated_beta"	"full_text_and_source_table_verified"	"Corrected SMR row; no colocalization table was reported."	"data_raw\literature_fulltext\PMID40327005_PMC12063708\supplements\tvst-14-5-8_s003.xlsx"	"Supplementary table 3"	"171"	"published_beta"	"moderate"	"partially_overlapping"	"AMD_multi_platform_2025"	"not_applicable_to_published_beta"	"OR=exp(reported SMR beta)"
"EVID_40327005_MCEMP1_6bd1c66077a7"	"MCEMP1"	"MCEMP1"	"not_reported"	"MCEMP1"	"gene-level label only"	"deCODE"	"not_reported"	"AMD"	"early_AMD"	"early_AMD"	"Chen C"	"2025"	"Translational vision science & technology"	"40327005"	"10.1167/tvst.14.5.8"	"peer_reviewed"	"deCODE"	"35559"	"European"	"top_cis_pQTL_SMR"	"top cis-pQTL used in SMR"	"rs1047286"	"SMR"	"-1.74842"	"0.386045"	"0.1740487233000146"	"not_reported"	"not_reported"	"5.924825e-06"	"Benjamini-Hochberg FDR"	"true"	"not_reported"	"not_reported"	"5.924825e-06"	"0.3322956"	"cross-platform comparison"	"partially_overlapping_cross_platform"	"higher_protein_lower_risk"	"study-specific AMD GWAS"	"requires_manual_verification"	"unclear"	"Tier2"	"false"	"requires_platform_review"	"literature_source_universe_tier2"	"mapping_not_high_confidence;no_strong_colocalization_or_independent_replication"	"not_assessed"	"not_assessed"	"not_assessed"	"false_pending_alpha_and_reestimated_beta"	"full_text_and_source_table_verified"	"Corrected SMR row; no colocalization table was reported."	"data_raw\literature_fulltext\PMID40327005_PMC12063708\supplements\tvst-14-5-8_s003.xlsx"	"Supplementary table 3"	"628"	"published_beta"	"moderate"	"partially_overlapping"	"AMD_multi_platform_2025"	"not_applicable_to_published_beta"	"OR=exp(reported SMR beta)"
"EVID_40327005_TNFRSF10A_4cbb628ff84a"	"TNFRSF10A"	"TNFRSF10A"	"not_reported"	"TNFRSF10A"	"gene-level label only"	"UKB-PPP Olink"	"not_reported"	"AMD"	"early_AMD"	"early_AMD"	"Chen C"	"2025"	"Translational vision science & technology"	"40327005"	"10.1167/tvst.14.5.8"	"peer_reviewed"	"UKB-PPP Olink"	"54219"	"European"	"top_cis_pQTL_SMR"	"top cis-pQTL used in SMR"	"rs13278062"	"SMR"	"-0.173241"	"0.0308354"	"0.8409349251045404"	"not_reported"	"not_reported"	"1.928817e-08"	"Benjamini-Hochberg FDR"	"true"	"not_reported"	"not_reported"	"1.928817e-08"	"0.02913823"	"cross-platform comparison"	"partially_overlapping_cross_platform"	"higher_protein_lower_risk"	"study-specific AMD GWAS"	"requires_manual_verification"	"unclear"	"Tier2"	"false"	"requires_platform_review"	"literature_source_universe_tier2"	"mapping_not_high_confidence;no_strong_colocalization_or_independent_replication"	"not_assessed"	"not_assessed"	"<external_resource_root>\UKB-PPP\syn51365303_European_discovery\TNFRSF10A_O00220_OID20967_v1_Neurology.tar"	"false_pending_alpha_and_reestimated_beta"	"full_text_and_source_table_verified"	"Corrected SMR row; no colocalization table was reported."	"data_raw\literature_fulltext\PMID40327005_PMC12063708\supplements\tvst-14-5-8_s003.xlsx"	"Supplementary table 4"	"89"	"published_beta"	"moderate"	"partially_overlapping"	"AMD_multi_platform_2025"	"not_applicable_to_published_beta"	"OR=exp(reported SMR beta)"
"EVID_40327005_TNFSF14_f49f90fb541c"	"TNFSF14"	"TNFSF14"	"not_reported"	"TNFSF14"	"gene-level label only"	"deCODE"	"not_reported"	"AMD"	"early_AMD"	"early_AMD"	"Chen C"	"2025"	"Translational vision science & technology"	"40327005"	"10.1167/tvst.14.5.8"	"peer_reviewed"	"deCODE"	"35559"	"European"	"top_cis_pQTL_SMR"	"top cis-pQTL used in SMR"	"rs1047286"	"SMR"	"-1.58083"	"0.334852"	"0.20580420980187109"	"not_reported"	"not_reported"	"2.347065e-06"	"Benjamini-Hochberg FDR"	"true"	"not_reported"	"not_reported"	"2.347065e-06"	"0.460206"	"cross-platform comparison"	"partially_overlapping_cross_platform"	"higher_protein_lower_risk"	"study-specific AMD GWAS"	"requires_manual_verification"	"unclear"	"Tier2"	"false"	"requires_platform_review"	"literature_source_universe_tier2"	"mapping_not_high_confidence;no_strong_colocalization_or_independent_replication"	"not_assessed"	"not_assessed"	"not_assessed"	"false_pending_alpha_and_reestimated_beta"	"full_text_and_source_table_verified"	"Corrected SMR row; no colocalization table was reported."	"data_raw\literature_fulltext\PMID40327005_PMC12063708\supplements\tvst-14-5-8_s003.xlsx"	"Supplementary table 3"	"850"	"published_beta"	"moderate"	"partially_overlapping"	"AMD_multi_platform_2025"	"not_applicable_to_published_beta"	"OR=exp(reported SMR beta)"
"EVID_38903171_ABO_5243eb96c9d4"	"ABO"	"ABO"	"not_reported"	"ABO"	"ENSG00000175164"	"UKB-PPP_Olink"	"not_reported"	"AMD"	"wet_AMD"	"FinnGen R10 wet_AMD"	"Pu KL"	"2024"	"Frontiers in neurology"	"38903171"	"10.3389/fneur.2024.1400557"	"peer_reviewed"	"UKB-PPP_Olink"	"54219"	"European"	"top_cis_pQTL"	"top cis-pQTL within +/-1 Mb; P<5e-8; SMR"	"rs115478735"	"SMR"	"0.0796906"	"0.0233589"	"1.08295195050152"	"not_reported"	"not_reported"	"0.0006459123"	"Benjamini-Hochberg FDR"	"true"	"coloc.abf single-causal-variant"	"0.161867376137866"	"0.0006459123"	"0.4621099"	"cross-platform and FinnGen replication tables reported"	"partially_overlapping_cross_platform"	"higher_protein_higher_risk"	"FinnGen_R10_WET_AMD"	"same_FinnGen_resource_different_release_R10_vs_R12"	"true_different_release"	"Tier2"	"false"	"requires_platform_review"	"literature_source_universe_tier2"	"no_strong_colocalization_or_independent_replication"	"not_assessed"	"not_assessed"	"not_assessed"	"false_pending_alpha_and_reestimated_beta"	"full_text_and_source_table_verified"	"Only FDR<0.05 and HEIDI>0.01 rows retained; colocalization joined by reported gene label."	"data_raw\literature_fulltext\PMID38903171_PMC11187347\supplements\Table_1.XLSX"	"Supplementary Table 8"	"861"	"published_beta"	"high"	"partially_overlapping"	"AMD_FinnGen_UKB_deCODE"	"not_applicable_to_published_beta"	"OR=exp(reported SMR beta)"
"EVID_40327005_ABO_3fa1faed5027"	"ABO"	"ABO"	"not_reported"	"ABO"	"gene-level label only"	"UKB-PPP Olink"	"not_reported"	"AMD"	"wet_AMD"	"wet_AMD"	"Chen C"	"2025"	"Translational vision science & technology"	"40327005"	"10.1167/tvst.14.5.8"	"peer_reviewed"	"UKB-PPP Olink"	"54219"	"European"	"top_cis_pQTL_SMR"	"top cis-pQTL used in SMR"	"rs115478735"	"SMR"	"0.086618"	"0.0240521"	"1.090480036770495"	"not_reported"	"not_reported"	"0.0003166674"	"Benjamini-Hochberg FDR"	"true"	"not_reported"	"not_reported"	"0.0003166674"	"0.3132782"	"cross-platform comparison"	"partially_overlapping_cross_platform"	"higher_protein_higher_risk"	"study-specific AMD GWAS"	"requires_manual_verification"	"unclear"	"Tier2"	"false"	"requires_platform_review"	"literature_source_universe_tier2"	"mapping_not_high_confidence;no_strong_colocalization_or_independent_replication"	"not_assessed"	"not_assessed"	"not_assessed"	"false_pending_alpha_and_reestimated_beta"	"full_text_and_source_table_verified"	"Corrected SMR row; no colocalization table was reported."	"data_raw\literature_fulltext\PMID40327005_PMC12063708\supplements\tvst-14-5-8_s003.xlsx"	"Supplementary table 8"	"709"	"published_beta"	"moderate"	"partially_overlapping"	"AMD_multi_platform_2025"	"not_applicable_to_published_beta"	"OR=exp(reported SMR beta)"
"EVID_40327005_C3_0dcc16c4bc09"	"C3"	"C3"	"not_reported"	"C3"	"gene-level label only"	"deCODE"	"not_reported"	"AMD"	"wet_AMD"	"wet_AMD"	"Chen C"	"2025"	"Translational vision science & technology"	"40327005"	"10.1167/tvst.14.5.8"	"peer_reviewed"	"deCODE"	"35559"	"European"	"top_cis_pQTL_SMR"	"top cis-pQTL used in SMR"	"rs11085197"	"SMR"	"-1.91762"	"0.311382"	"0.14695630225006265"	"not_reported"	"not_reported"	"7.347878e-10"	"Benjamini-Hochberg FDR"	"true"	"not_reported"	"not_reported"	"7.347878e-10"	"0.1971942"	"cross-platform comparison"	"partially_overlapping_cross_platform"	"higher_protein_lower_risk"	"study-specific AMD GWAS"	"requires_manual_verification"	"unclear"	"Tier2"	"false"	"requires_platform_review"	"literature_source_universe_tier2"	"mapping_not_high_confidence;no_strong_colocalization_or_independent_replication"	"not_assessed"	"not_assessed"	"not_assessed"	"false_pending_alpha_and_reestimated_beta"	"full_text_and_source_table_verified"	"Corrected SMR row; no colocalization table was reported."	"data_raw\literature_fulltext\PMID40327005_PMC12063708\supplements\tvst-14-5-8_s003.xlsx"	"Supplementary table 7"	"14"	"published_beta"	"moderate"	"partially_overlapping"	"AMD_multi_platform_2025"	"not_applicable_to_published_beta"	"OR=exp(reported SMR beta)"
"EVID_38903171_CD226_00370ab23583"	"CD226"	"CD226"	"not_reported"	"CD226"	"ENSG00000150637"	"UKB-PPP_Olink"	"not_reported"	"AMD"	"wet_AMD"	"FinnGen R10 wet_AMD"	"Pu KL"	"2024"	"Frontiers in neurology"	"38903171"	"10.3389/fneur.2024.1400557"	"peer_reviewed"	"UKB-PPP_Olink"	"54219"	"European"	"top_cis_pQTL"	"top cis-pQTL within +/-1 Mb; P<5e-8; SMR"	"rs13381239"	"SMR"	"-0.282773"	"0.0785089"	"0.7536908562670911"	"not_reported"	"not_reported"	"0.000316021"	"Benjamini-Hochberg FDR"	"true"	"coloc.abf single-causal-variant"	"0.801391518741707"	"0.000316021"	"0.231396"	"cross-platform and FinnGen replication tables reported"	"partially_overlapping_cross_platform"	"higher_protein_lower_risk"	"FinnGen_R10_WET_AMD"	"same_FinnGen_resource_different_release_R10_vs_R12"	"true_different_release"	"Tier1"	"false"	"requires_platform_review"	"primary_high_confidence_panel"	"NA"	"true"	"true"	"<external_resource_root>\UKB-PPP\syn51365303_European_discovery\CD226_Q15762_OID30556_v1_Inflammation_II.tar"	"true"	"full_text_and_source_table_verified"	"Only FDR<0.05 and HEIDI>0.01 rows retained; colocalization joined by reported gene label."	"data_raw\literature_fulltext\PMID38903171_PMC11187347\supplements\Table_1.XLSX"	"Supplementary Table 8"	"1037"	"published_beta"	"high"	"partially_overlapping"	"AMD_FinnGen_UKB_deCODE"	"not_applicable_to_published_beta"	"OR=exp(reported SMR beta)"
"EVID_38903171_COL10A1_1c6b3340ab16"	"COL10A1"	"COL10A1"	"not_reported"	"COL10A1"	"ENSG00000123500"	"deCODE"	"not_reported"	"AMD"	"wet_AMD"	"FinnGen R10 wet_AMD"	"Pu KL"	"2024"	"Frontiers in neurology"	"38903171"	"10.3389/fneur.2024.1400557"	"peer_reviewed"	"deCODE"	"35559"	"European"	"top_cis_pQTL"	"top cis-pQTL within +/-1 Mb; P<5e-8; SMR"	"rs9488842"	"SMR"	"0.507353"	"0.103131"	"1.660888998030854"	"not_reported"	"not_reported"	"8.67563e-07"	"Benjamini-Hochberg FDR"	"true"	"coloc.abf single-causal-variant"	"0.955354937044279"	"8.67563e-07"	"0.4122534"	"cross-platform and FinnGen replication tables reported"	"partially_overlapping_cross_platform"	"higher_protein_higher_risk"	"FinnGen_R10_WET_AMD"	"same_FinnGen_resource_different_release_R10_vs_R12"	"true_different_release"	"Tier1"	"false"	"requires_platform_review"	"primary_high_confidence_panel"	"NA"	"false"	"false"	"not_available_or_target_mapping_unresolved"	"false"	"full_text_and_source_table_verified"	"Only FDR<0.05 and HEIDI>0.01 rows retained; colocalization joined by reported gene label."	"data_raw\literature_fulltext\PMID38903171_PMC11187347\supplements\Table_1.XLSX"	"Supplementary Table 4"	"670"	"published_beta"	"high"	"partially_overlapping"	"AMD_FinnGen_UKB_deCODE"	"not_applicable_to_published_beta"	"OR=exp(reported SMR beta)"
"EVID_40327005_COL10A1_c53cefea8609"	"COL10A1"	"COL10A1"	"not_reported"	"COL10A1"	"gene-level label only"	"deCODE"	"not_reported"	"AMD"	"wet_AMD"	"wet_AMD"	"Chen C"	"2025"	"Translational vision science & technology"	"40327005"	"10.1167/tvst.14.5.8"	"peer_reviewed"	"deCODE"	"35559"	"European"	"top_cis_pQTL_SMR"	"top cis-pQTL used in SMR"	"rs9488842"	"SMR"	"0.454041"	"0.105845"	"1.5746625573163828"	"not_reported"	"not_reported"	"1.789328e-05"	"Benjamini-Hochberg FDR"	"true"	"not_reported"	"not_reported"	"1.789328e-05"	"0.211751"	"cross-platform comparison"	"partially_overlapping_cross_platform"	"higher_protein_higher_risk"	"study-specific AMD GWAS"	"requires_manual_verification"	"unclear"	"Tier2"	"false"	"requires_platform_review"	"literature_source_universe_tier2"	"mapping_not_high_confidence;no_strong_colocalization_or_independent_replication"	"not_assessed"	"not_assessed"	"not_assessed"	"false_pending_alpha_and_reestimated_beta"	"full_text_and_source_table_verified"	"Corrected SMR row; no colocalization table was reported."	"data_raw\literature_fulltext\PMID40327005_PMC12063708\supplements\tvst-14-5-8_s003.xlsx"	"Supplementary table 7"	"20"	"published_beta"	"moderate"	"partially_overlapping"	"AMD_multi_platform_2025"	"not_applicable_to_published_beta"	"OR=exp(reported SMR beta)"
"EVID_38903171_CSF2_5cb3e8224e42"	"CSF2"	"CSF2"	"not_reported"	"CSF2"	"ENSG00000164400"	"UKB-PPP_Olink"	"not_reported"	"AMD"	"wet_AMD"	"FinnGen R10 wet_AMD"	"Pu KL"	"2024"	"Frontiers in neurology"	"38903171"	"10.3389/fneur.2024.1400557"	"peer_reviewed"	"UKB-PPP_Olink"	"54219"	"European"	"top_cis_pQTL"	"top cis-pQTL within +/-1 Mb; P<5e-8; SMR"	"rs25882"	"SMR"	"0.378571"	"0.0901149"	"1.4601964770675433"	"not_reported"	"not_reported"	"2.65756e-05"	"Benjamini-Hochberg FDR"	"true"	"coloc.abf single-causal-variant"	"0.954360659570385"	"2.65756e-05"	"0.1267674"	"cross-platform and FinnGen replication tables reported"	"partially_overlapping_cross_platform"	"higher_protein_higher_risk"	"FinnGen_R10_WET_AMD"	"same_FinnGen_resource_different_release_R10_vs_R12"	"true_different_release"	"Tier1"	"false"	"requires_platform_review"	"primary_high_confidence_panel"	"NA"	"true"	"true"	"<external_resource_root>\UKB-PPP\syn51365303_European_discovery\CSF2_P04141_OID30072_v1_Cardiometabolic_II.tar"	"true"	"full_text_and_source_table_verified"	"Only FDR<0.05 and HEIDI>0.01 rows retained; colocalization joined by reported gene label."	"data_raw\literature_fulltext\PMID38903171_PMC11187347\supplements\Table_1.XLSX"	"Supplementary Table 8"	"177"	"published_beta"	"high"	"partially_overlapping"	"AMD_FinnGen_UKB_deCODE"	"not_applicable_to_published_beta"	"OR=exp(reported SMR beta)"
"EVID_40327005_CSF2_6c9bc5a25b65"	"CSF2"	"CSF2"	"not_reported"	"CSF2"	"gene-level label only"	"UKB-PPP Olink"	"not_reported"	"AMD"	"wet_AMD"	"wet_AMD"	"Chen C"	"2025"	"Translational vision science & technology"	"40327005"	"10.1167/tvst.14.5.8"	"peer_reviewed"	"UKB-PPP Olink"	"54219"	"European"	"top_cis_pQTL_SMR"	"top cis-pQTL used in SMR"	"rs25882"	"SMR"	"0.358669"	"0.0929991"	"1.4314229221617074"	"not_reported"	"not_reported"	"0.0001149336"	"Benjamini-Hochberg FDR"	"true"	"not_reported"	"not_reported"	"0.0001149336"	"0.07134095"	"cross-platform comparison"	"partially_overlapping_cross_platform"	"higher_protein_higher_risk"	"study-specific AMD GWAS"	"requires_manual_verification"	"unclear"	"Tier2"	"false"	"requires_platform_review"	"literature_source_universe_tier2"	"mapping_not_high_confidence;no_strong_colocalization_or_independent_replication"	"not_assessed"	"not_assessed"	"<external_resource_root>\UKB-PPP\syn51365303_European_discovery\CSF2_P04141_OID30072_v1_Cardiometabolic_II.tar"	"false_pending_alpha_and_reestimated_beta"	"full_text_and_source_table_verified"	"Corrected SMR row; no colocalization table was reported."	"data_raw\literature_fulltext\PMID40327005_PMC12063708\supplements\tvst-14-5-8_s003.xlsx"	"Supplementary table 8"	"227"	"published_beta"	"moderate"	"partially_overlapping"	"AMD_multi_platform_2025"	"not_applicable_to_published_beta"	"OR=exp(reported SMR beta)"
"EVID_38903171_HSPA1L_d6409377ec5b"	"HSPA1L"	"HSPA1L"	"not_reported"	"HSPA1L"	"ENSG00000204390"	"deCODE"	"not_reported"	"AMD"	"wet_AMD"	"FinnGen R10 wet_AMD"	"Pu KL"	"2024"	"Frontiers in neurology"	"38903171"	"10.3389/fneur.2024.1400557"	"peer_reviewed"	"deCODE"	"35559"	"European"	"top_cis_pQTL"	"top cis-pQTL within +/-1 Mb; P<5e-8; SMR"	"rs550671"	"SMR"	"-1.9969"	"0.255342"	"0.13575547357316547"	"not_reported"	"not_reported"	"5.261241e-15"	"Benjamini-Hochberg FDR"	"true"	"coloc.abf single-causal-variant"	"3.228164364404e-18"	"5.261241e-15"	"0.04919936"	"cross-platform and FinnGen replication tables reported"	"partially_overlapping_cross_platform"	"higher_protein_lower_risk"	"FinnGen_R10_WET_AMD"	"same_FinnGen_resource_different_release_R10_vs_R12"	"true_different_release"	"Tier2"	"false"	"requires_platform_review"	"literature_source_universe_tier2"	"no_strong_colocalization_or_independent_replication"	"not_assessed"	"not_assessed"	"not_assessed"	"false_pending_alpha_and_reestimated_beta"	"full_text_and_source_table_verified"	"Only FDR<0.05 and HEIDI>0.01 rows retained; colocalization joined by reported gene label."	"data_raw\literature_fulltext\PMID38903171_PMC11187347\supplements\Table_1.XLSX"	"Supplementary Table 4"	"621"	"published_beta"	"high"	"partially_overlapping"	"AMD_FinnGen_UKB_deCODE"	"not_applicable_to_published_beta"	"OR=exp(reported SMR beta)"
"EVID_40327005_HSPA1L_aa17ef854a91"	"HSPA1L"	"HSPA1L"	"not_reported"	"HSPA1L"	"gene-level label only"	"deCODE"	"not_reported"	"AMD"	"wet_AMD"	"wet_AMD"	"Chen C"	"2025"	"Translational vision science & technology"	"40327005"	"10.1167/tvst.14.5.8"	"peer_reviewed"	"deCODE"	"35559"	"European"	"top_cis_pQTL_SMR"	"top cis-pQTL used in SMR"	"rs550671"	"SMR"	"-1.9622"	"0.260389"	"0.14054887302255803"	"not_reported"	"not_reported"	"4.85897e-14"	"Benjamini-Hochberg FDR"	"true"	"not_reported"	"not_reported"	"4.85897e-14"	"0.04991705"	"cross-platform comparison"	"partially_overlapping_cross_platform"	"higher_protein_lower_risk"	"study-specific AMD GWAS"	"requires_manual_verification"	"unclear"	"Tier2"	"false"	"requires_platform_review"	"literature_source_universe_tier2"	"mapping_not_high_confidence;no_strong_colocalization_or_independent_replication"	"not_assessed"	"not_assessed"	"not_assessed"	"false_pending_alpha_and_reestimated_beta"	"full_text_and_source_table_verified"	"Corrected SMR row; no colocalization table was reported."	"data_raw\literature_fulltext\PMID40327005_PMC12063708\supplements\tvst-14-5-8_s003.xlsx"	"Supplementary table 7"	"9"	"published_beta"	"moderate"	"partially_overlapping"	"AMD_multi_platform_2025"	"not_applicable_to_published_beta"	"OR=exp(reported SMR beta)"
"EVID_38903171_LBP_c8cc98d746a6"	"LBP"	"LBP"	"not_reported"	"LBP"	"ENSG00000129988"	"deCODE"	"not_reported"	"AMD"	"wet_AMD"	"FinnGen R10 wet_AMD"	"Pu KL"	"2024"	"Frontiers in neurology"	"38903171"	"10.3389/fneur.2024.1400557"	"peer_reviewed"	"deCODE"	"35559"	"European"	"top_cis_pQTL"	"top cis-pQTL within +/-1 Mb; P<5e-8; SMR"	"rs2232613"	"SMR"	"0.102173"	"0.0289292"	"1.107575065640938"	"not_reported"	"not_reported"	"0.0004127237"	"Benjamini-Hochberg FDR"	"true"	"coloc.abf single-causal-variant"	"0.750733151983999"	"0.0004127237"	"0.05601525"	"cross-platform and FinnGen replication tables reported"	"partially_overlapping_cross_platform"	"higher_protein_higher_risk"	"FinnGen_R10_WET_AMD"	"same_FinnGen_resource_different_release_R10_vs_R12"	"true_different_release"	"Tier1"	"false"	"requires_platform_review"	"primary_high_confidence_panel"	"NA"	"true"	"true"	"<external_resource_root>\UKB-PPP\syn51365303_European_discovery\LBP_P18428_OID20355_v1_Cardiometabolic.tar"	"true"	"full_text_and_source_table_verified"	"Only FDR<0.05 and HEIDI>0.01 rows retained; colocalization joined by reported gene label."	"data_raw\literature_fulltext\PMID38903171_PMC11187347\supplements\Table_1.XLSX"	"Supplementary Table 4"	"1646"	"published_beta"	"high"	"partially_overlapping"	"AMD_FinnGen_UKB_deCODE"	"not_applicable_to_published_beta"	"OR=exp(reported SMR beta)"
"EVID_40327005_LBP_8bcd1faca8e1"	"LBP"	"LBP"	"not_reported"	"LBP"	"gene-level label only"	"UKB-PPP Olink"	"not_reported"	"AMD"	"wet_AMD"	"wet_AMD"	"Chen C"	"2025"	"Translational vision science & technology"	"40327005"	"10.1167/tvst.14.5.8"	"peer_reviewed"	"UKB-PPP Olink"	"54219"	"European"	"top_cis_pQTL_SMR"	"top cis-pQTL used in SMR"	"rs2232613"	"SMR"	"0.101454"	"0.026548"	"1.106779005386698"	"not_reported"	"not_reported"	"0.0001326294"	"Benjamini-Hochberg FDR"	"true"	"not_reported"	"not_reported"	"0.0001326294"	"0.1239186"	"cross-platform comparison"	"partially_overlapping_cross_platform"	"higher_protein_higher_risk"	"study-specific AMD GWAS"	"requires_manual_verification"	"unclear"	"Tier2"	"false"	"requires_platform_review"	"literature_source_universe_tier2"	"mapping_not_high_confidence;no_strong_colocalization_or_independent_replication"	"not_assessed"	"not_assessed"	"<external_resource_root>\UKB-PPP\syn51365303_European_discovery\LBP_P18428_OID20355_v1_Cardiometabolic.tar"	"false_pending_alpha_and_reestimated_beta"	"full_text_and_source_table_verified"	"Corrected SMR row; no colocalization table was reported."	"data_raw\literature_fulltext\PMID40327005_PMC12063708\supplements\tvst-14-5-8_s003.xlsx"	"Supplementary table 8"	"358"	"published_beta"	"moderate"	"partially_overlapping"	"AMD_multi_platform_2025"	"not_applicable_to_published_beta"	"OR=exp(reported SMR beta)"
"EVID_40327005_LBP_967de599e193"	"LBP"	"LBP"	"not_reported"	"LBP"	"gene-level label only"	"deCODE"	"not_reported"	"AMD"	"wet_AMD"	"wet_AMD"	"Chen C"	"2025"	"Translational vision science & technology"	"40327005"	"10.1167/tvst.14.5.8"	"peer_reviewed"	"deCODE"	"35559"	"European"	"top_cis_pQTL_SMR"	"top cis-pQTL used in SMR"	"rs2232613"	"SMR"	"0.114692"	"0.0300045"	"1.1215279537604044"	"not_reported"	"not_reported"	"0.0001321119"	"Benjamini-Hochberg FDR"	"true"	"not_reported"	"not_reported"	"0.0001321119"	"0.07720388"	"cross-platform comparison"	"partially_overlapping_cross_platform"	"higher_protein_higher_risk"	"study-specific AMD GWAS"	"requires_manual_verification"	"unclear"	"Tier2"	"false"	"requires_platform_review"	"literature_source_universe_tier2"	"mapping_not_high_confidence;no_strong_colocalization_or_independent_replication"	"not_assessed"	"not_assessed"	"<external_resource_root>\UKB-PPP\syn51365303_European_discovery\LBP_P18428_OID20355_v1_Cardiometabolic.tar"	"false_pending_alpha_and_reestimated_beta"	"full_text_and_source_table_verified"	"Corrected SMR row; no colocalization table was reported."	"data_raw\literature_fulltext\PMID40327005_PMC12063708\supplements\tvst-14-5-8_s003.xlsx"	"Supplementary table 7"	"23"	"published_beta"	"moderate"	"partially_overlapping"	"AMD_multi_platform_2025"	"not_applicable_to_published_beta"	"OR=exp(reported SMR beta)"
"EVID_40327005_LTA_e0e3694e233b"	"LTA"	"LTA"	"not_reported"	"LTA"	"gene-level label only"	"deCODE"	"not_reported"	"AMD"	"wet_AMD"	"wet_AMD"	"Chen C"	"2025"	"Translational vision science & technology"	"40327005"	"10.1167/tvst.14.5.8"	"peer_reviewed"	"deCODE"	"35559"	"European"	"top_cis_pQTL_SMR"	"top cis-pQTL used in SMR"	"rs147906938"	"SMR"	"-3.46432"	"0.892772"	"0.03129427830197997"	"not_reported"	"not_reported"	"0.0001042819"	"Benjamini-Hochberg FDR"	"true"	"not_reported"	"not_reported"	"0.0001042819"	"0.02294008"	"cross-platform comparison"	"partially_overlapping_cross_platform"	"higher_protein_lower_risk"	"study-specific AMD GWAS"	"requires_manual_verification"	"unclear"	"Tier2"	"false"	"requires_platform_review"	"literature_source_universe_tier2"	"mapping_not_high_confidence;no_strong_colocalization_or_independent_replication"	"not_assessed"	"not_assessed"	"not_assessed"	"false_pending_alpha_and_reestimated_beta"	"full_text_and_source_table_verified"	"Corrected SMR row; no colocalization table was reported."	"data_raw\literature_fulltext\PMID40327005_PMC12063708\supplements\tvst-14-5-8_s003.xlsx"	"Supplementary table 7"	"22"	"published_beta"	"moderate"	"partially_overlapping"	"AMD_multi_platform_2025"	"not_applicable_to_published_beta"	"OR=exp(reported SMR beta)"
"EVID_40327005_MCEMP1_476d42cf9f3e"	"MCEMP1"	"MCEMP1"	"not_reported"	"MCEMP1"	"gene-level label only"	"deCODE"	"not_reported"	"AMD"	"wet_AMD"	"wet_AMD"	"Chen C"	"2025"	"Translational vision science & technology"	"40327005"	"10.1167/tvst.14.5.8"	"peer_reviewed"	"deCODE"	"35559"	"European"	"top_cis_pQTL_SMR"	"top cis-pQTL used in SMR"	"rs1047286"	"SMR"	"-3.12491"	"0.626958"	"0.04394088812538345"	"not_reported"	"not_reported"	"6.220789e-07"	"Benjamini-Hochberg FDR"	"true"	"not_reported"	"not_reported"	"6.220789e-07"	"0.02059585"	"cross-platform comparison"	"partially_overlapping_cross_platform"	"higher_protein_lower_risk"	"study-specific AMD GWAS"	"requires_manual_verification"	"unclear"	"Tier2"	"false"	"requires_platform_review"	"literature_source_universe_tier2"	"mapping_not_high_confidence;no_strong_colocalization_or_independent_replication"	"not_assessed"	"not_assessed"	"not_assessed"	"false_pending_alpha_and_reestimated_beta"	"full_text_and_source_table_verified"	"Corrected SMR row; no colocalization table was reported."	"data_raw\literature_fulltext\PMID40327005_PMC12063708\supplements\tvst-14-5-8_s003.xlsx"	"Supplementary table 7"	"16"	"published_beta"	"moderate"	"partially_overlapping"	"AMD_multi_platform_2025"	"not_applicable_to_published_beta"	"OR=exp(reported SMR beta)"
"EVID_40327005_PSMB9_f9ffc20c9f0c"	"PSMB9"	"PSMB9"	"not_reported"	"PSMB9"	"gene-level label only"	"deCODE"	"not_reported"	"AMD"	"wet_AMD"	"wet_AMD"	"Chen C"	"2025"	"Translational vision science & technology"	"40327005"	"10.1167/tvst.14.5.8"	"peer_reviewed"	"deCODE"	"35559"	"European"	"top_cis_pQTL_SMR"	"top cis-pQTL used in SMR"	"rs453821"	"SMR"	"-5.62756"	"1.18391"	"0.003597342142295384"	"not_reported"	"not_reported"	"2.000699e-06"	"Benjamini-Hochberg FDR"	"true"	"not_reported"	"not_reported"	"2.000699e-06"	"0.01058604"	"cross-platform comparison"	"partially_overlapping_cross_platform"	"higher_protein_lower_risk"	"study-specific AMD GWAS"	"requires_manual_verification"	"unclear"	"Tier2"	"false"	"requires_platform_review"	"literature_source_universe_tier2"	"mapping_not_high_confidence;no_strong_colocalization_or_independent_replication"	"not_assessed"	"not_assessed"	"not_assessed"	"false_pending_alpha_and_reestimated_beta"	"full_text_and_source_table_verified"	"Corrected SMR row; no colocalization table was reported."	"data_raw\literature_fulltext\PMID40327005_PMC12063708\supplements\tvst-14-5-8_s003.xlsx"	"Supplementary table 7"	"18"	"published_beta"	"moderate"	"partially_overlapping"	"AMD_multi_platform_2025"	"not_applicable_to_published_beta"	"OR=exp(reported SMR beta)"
"EVID_40327005_PTPN9_171b6f8d2592"	"PTPN9"	"PTPN9"	"not_reported"	"PTPN9"	"gene-level label only"	"deCODE"	"not_reported"	"AMD"	"wet_AMD"	"wet_AMD"	"Chen C"	"2025"	"Translational vision science & technology"	"40327005"	"10.1167/tvst.14.5.8"	"peer_reviewed"	"deCODE"	"35559"	"European"	"top_cis_pQTL_SMR"	"top cis-pQTL used in SMR"	"rs111647176"	"SMR"	"-1.3506"	"0.369871"	"0.25908476314341966"	"not_reported"	"not_reported"	"0.0002606586"	"Benjamini-Hochberg FDR"	"true"	"not_reported"	"not_reported"	"0.0002606586"	"0.6539757"	"cross-platform comparison"	"partially_overlapping_cross_platform"	"higher_protein_lower_risk"	"study-specific AMD GWAS"	"requires_manual_verification"	"unclear"	"Tier2"	"false"	"requires_platform_review"	"literature_source_universe_tier2"	"mapping_not_high_confidence;no_strong_colocalization_or_independent_replication"	"not_assessed"	"not_assessed"	"not_assessed"	"false_pending_alpha_and_reestimated_beta"	"full_text_and_source_table_verified"	"Corrected SMR row; no colocalization table was reported."	"data_raw\literature_fulltext\PMID40327005_PMC12063708\supplements\tvst-14-5-8_s003.xlsx"	"Supplementary table 7"	"26"	"published_beta"	"moderate"	"partially_overlapping"	"AMD_multi_platform_2025"	"not_applicable_to_published_beta"	"OR=exp(reported SMR beta)"
"EVID_38903171_SDF2_60e565bbf226"	"SDF2"	"SDF2"	"not_reported"	"SDF2"	"ENSG00000132581"	"deCODE"	"not_reported"	"AMD"	"wet_AMD"	"FinnGen R10 wet_AMD"	"Pu KL"	"2024"	"Frontiers in neurology"	"38903171"	"10.3389/fneur.2024.1400557"	"peer_reviewed"	"deCODE"	"35559"	"European"	"top_cis_pQTL"	"top cis-pQTL within +/-1 Mb; P<5e-8; SMR"	"rs704"	"SMR"	"0.314707"	"0.087975"	"1.369857883790838"	"not_reported"	"not_reported"	"0.0003472468"	"Benjamini-Hochberg FDR"	"true"	"coloc.abf single-causal-variant"	"0.763129146009799"	"0.0003472468"	"0.171591"	"cross-platform and FinnGen replication tables reported"	"partially_overlapping_cross_platform"	"higher_protein_higher_risk"	"FinnGen_R10_WET_AMD"	"same_FinnGen_resource_different_release_R10_vs_R12"	"true_different_release"	"Tier1"	"false"	"requires_platform_review"	"primary_high_confidence_panel"	"NA"	"false"	"false"	"not_available_or_target_mapping_unresolved"	"false"	"full_text_and_source_table_verified"	"Only FDR<0.05 and HEIDI>0.01 rows retained; colocalization joined by reported gene label."	"data_raw\literature_fulltext\PMID38903171_PMC11187347\supplements\Table_1.XLSX"	"Supplementary Table 4"	"1390"	"published_beta"	"high"	"partially_overlapping"	"AMD_FinnGen_UKB_deCODE"	"not_applicable_to_published_beta"	"OR=exp(reported SMR beta)"
"EVID_40327005_SDF2_ad5fe98f9181"	"SDF2"	"SDF2"	"not_reported"	"SDF2"	"gene-level label only"	"deCODE"	"not_reported"	"AMD"	"wet_AMD"	"wet_AMD"	"Chen C"	"2025"	"Translational vision science & technology"	"40327005"	"10.1167/tvst.14.5.8"	"peer_reviewed"	"deCODE"	"35559"	"European"	"top_cis_pQTL_SMR"	"top cis-pQTL used in SMR"	"rs704"	"SMR"	"0.344432"	"0.0910549"	"1.4111881371210873"	"not_reported"	"not_reported"	"0.0001551418"	"Benjamini-Hochberg FDR"	"true"	"not_reported"	"not_reported"	"0.0001551418"	"0.1775961"	"cross-platform comparison"	"partially_overlapping_cross_platform"	"higher_protein_higher_risk"	"study-specific AMD GWAS"	"requires_manual_verification"	"unclear"	"Tier2"	"false"	"requires_platform_review"	"literature_source_universe_tier2"	"mapping_not_high_confidence;no_strong_colocalization_or_independent_replication"	"not_assessed"	"not_assessed"	"not_assessed"	"false_pending_alpha_and_reestimated_beta"	"full_text_and_source_table_verified"	"Corrected SMR row; no colocalization table was reported."	"data_raw\literature_fulltext\PMID40327005_PMC12063708\supplements\tvst-14-5-8_s003.xlsx"	"Supplementary table 7"	"25"	"published_beta"	"moderate"	"partially_overlapping"	"AMD_multi_platform_2025"	"not_applicable_to_published_beta"	"OR=exp(reported SMR beta)"
"EVID_38903171_SFTA2_296c9c96e8c2"	"SFTA2"	"SFTA2"	"not_reported"	"SFTA2"	"ENSG00000196260"	"deCODE"	"not_reported"	"AMD"	"wet_AMD"	"FinnGen R10 wet_AMD"	"Pu KL"	"2024"	"Frontiers in neurology"	"38903171"	"10.3389/fneur.2024.1400557"	"peer_reviewed"	"deCODE"	"35559"	"European"	"top_cis_pQTL"	"top cis-pQTL within +/-1 Mb; P<5e-8; SMR"	"rs547154"	"SMR"	"-4.22788"	"0.668216"	"0.014583274341632573"	"not_reported"	"not_reported"	"2.497853e-10"	"Benjamini-Hochberg FDR"	"true"	"coloc.abf single-causal-variant"	"4.04618432708353e-05"	"2.497853e-10"	"0.01717861"	"cross-platform and FinnGen replication tables reported"	"partially_overlapping_cross_platform"	"higher_protein_lower_risk"	"FinnGen_R10_WET_AMD"	"same_FinnGen_resource_different_release_R10_vs_R12"	"true_different_release"	"Tier2"	"false"	"requires_platform_review"	"literature_source_universe_tier2"	"no_strong_colocalization_or_independent_replication"	"not_assessed"	"not_assessed"	"not_assessed"	"false_pending_alpha_and_reestimated_beta"	"full_text_and_source_table_verified"	"Only FDR<0.05 and HEIDI>0.01 rows retained; colocalization joined by reported gene label."	"data_raw\literature_fulltext\PMID38903171_PMC11187347\supplements\Table_1.XLSX"	"Supplementary Table 4"	"612"	"published_beta"	"high"	"partially_overlapping"	"AMD_FinnGen_UKB_deCODE"	"not_applicable_to_published_beta"	"OR=exp(reported SMR beta)"
"EVID_38903171_TGFB1_ba416b60fd48"	"TGFB1"	"TGFB1"	"not_reported"	"TGFB1"	"ENSG00000105329"	"UKB-PPP_Olink"	"not_reported"	"AMD"	"wet_AMD"	"FinnGen R10 wet_AMD"	"Pu KL"	"2024"	"Frontiers in neurology"	"38903171"	"10.3389/fneur.2024.1400557"	"peer_reviewed"	"UKB-PPP_Olink"	"54219"	"European"	"top_cis_pQTL"	"top cis-pQTL within +/-1 Mb; P<5e-8; SMR"	"rs73045269"	"SMR"	"-0.373253"	"0.0887437"	"0.6884910225785741"	"not_reported"	"not_reported"	"2.59963e-05"	"Benjamini-Hochberg FDR"	"true"	"coloc.abf single-causal-variant"	"0.979722199128645"	"2.59963e-05"	"0.2025819"	"cross-platform and FinnGen replication tables reported"	"partially_overlapping_cross_platform"	"higher_protein_lower_risk"	"FinnGen_R10_WET_AMD"	"same_FinnGen_resource_different_release_R10_vs_R12"	"true_different_release"	"Tier1"	"false"	"requires_platform_review"	"primary_high_confidence_panel"	"NA"	"true"	"true"	"<external_resource_root>\ukbppp_proteins\tgfb1_p01137_oid20621_v1_inflammation.tar"	"true"	"full_text_and_source_table_verified"	"Only FDR<0.05 and HEIDI>0.01 rows retained; colocalization joined by reported gene label."	"data_raw\literature_fulltext\PMID38903171_PMC11187347\supplements\Table_1.XLSX"	"Supplementary Table 8"	"1064"	"published_beta"	"high"	"partially_overlapping"	"AMD_FinnGen_UKB_deCODE"	"not_applicable_to_published_beta"	"OR=exp(reported SMR beta)"
"EVID_40327005_TGFB1_669f1ce027ef"	"TGFB1"	"TGFB1"	"not_reported"	"TGFB1"	"gene-level label only"	"UKB-PPP Olink"	"not_reported"	"AMD"	"wet_AMD"	"wet_AMD"	"Chen C"	"2025"	"Translational vision science & technology"	"40327005"	"10.1167/tvst.14.5.8"	"peer_reviewed"	"UKB-PPP Olink"	"54219"	"European"	"top_cis_pQTL_SMR"	"top cis-pQTL used in SMR"	"rs73045269"	"SMR"	"-0.399766"	"0.0921252"	"0.6704769192798654"	"not_reported"	"not_reported"	"1.428882e-05"	"Benjamini-Hochberg FDR"	"true"	"not_reported"	"not_reported"	"1.428882e-05"	"0.1471494"	"cross-platform comparison"	"partially_overlapping_cross_platform"	"higher_protein_lower_risk"	"study-specific AMD GWAS"	"requires_manual_verification"	"unclear"	"Tier2"	"false"	"requires_platform_review"	"literature_source_universe_tier2"	"mapping_not_high_confidence;no_strong_colocalization_or_independent_replication"	"not_assessed"	"not_assessed"	"<external_resource_root>\ukbppp_proteins\tgfb1_p01137_oid20621_v1_inflammation.tar"	"false_pending_alpha_and_reestimated_beta"	"full_text_and_source_table_verified"	"Corrected SMR row; no colocalization table was reported."	"data_raw\literature_fulltext\PMID40327005_PMC12063708\supplements\tvst-14-5-8_s003.xlsx"	"Supplementary table 8"	"398"	"published_beta"	"moderate"	"partially_overlapping"	"AMD_multi_platform_2025"	"not_applicable_to_published_beta"	"OR=exp(reported SMR beta)"
"EVID_38903171_TNFRSF10A_74ae0fcaf449"	"TNFRSF10A"	"TNFRSF10A"	"not_reported"	"TNFRSF10A"	"ENSG00000104689"	"UKB-PPP_Olink"	"not_reported"	"AMD"	"wet_AMD"	"FinnGen R10 wet_AMD"	"Pu KL"	"2024"	"Frontiers in neurology"	"38903171"	"10.3389/fneur.2024.1400557"	"peer_reviewed"	"UKB-PPP_Olink"	"54219"	"European"	"top_cis_pQTL"	"top cis-pQTL within +/-1 Mb; P<5e-8; SMR"	"rs13278062"	"SMR"	"-0.172421"	"0.0444198"	"0.8416247745427412"	"not_reported"	"not_reported"	"0.0001037588"	"Benjamini-Hochberg FDR"	"true"	"coloc.abf single-causal-variant"	"0.872751611412201"	"0.0001037588"	"0.1483808"	"cross-platform and FinnGen replication tables reported"	"partially_overlapping_cross_platform"	"higher_protein_lower_risk"	"FinnGen_R10_WET_AMD"	"same_FinnGen_resource_different_release_R10_vs_R12"	"true_different_release"	"Tier1"	"false"	"requires_platform_review"	"primary_high_confidence_panel"	"NA"	"true"	"true"	"<external_resource_root>\UKB-PPP\syn51365303_European_discovery\TNFRSF10A_O00220_OID20967_v1_Neurology.tar"	"true"	"full_text_and_source_table_verified"	"Only FDR<0.05 and HEIDI>0.01 rows retained; colocalization joined by reported gene label."	"data_raw\literature_fulltext\PMID38903171_PMC11187347\supplements\Table_1.XLSX"	"Supplementary Table 8"	"1302"	"published_beta"	"high"	"partially_overlapping"	"AMD_FinnGen_UKB_deCODE"	"not_applicable_to_published_beta"	"OR=exp(reported SMR beta)"
"EVID_40327005_TNFSF14_20cd8cb0dca6"	"TNFSF14"	"TNFSF14"	"not_reported"	"TNFSF14"	"gene-level label only"	"deCODE"	"not_reported"	"AMD"	"wet_AMD"	"wet_AMD"	"Chen C"	"2025"	"Translational vision science & technology"	"40327005"	"10.1167/tvst.14.5.8"	"peer_reviewed"	"deCODE"	"35559"	"European"	"top_cis_pQTL_SMR"	"top cis-pQTL used in SMR"	"rs1047286"	"SMR"	"-2.82538"	"0.538827"	"0.059286123821386226"	"not_reported"	"not_reported"	"1.574934e-07"	"Benjamini-Hochberg FDR"	"true"	"not_reported"	"not_reported"	"1.574934e-07"	"0.0833125"	"cross-platform comparison"	"partially_overlapping_cross_platform"	"higher_protein_lower_risk"	"study-specific AMD GWAS"	"requires_manual_verification"	"unclear"	"Tier2"	"false"	"requires_platform_review"	"literature_source_universe_tier2"	"mapping_not_high_confidence;no_strong_colocalization_or_independent_replication"	"not_assessed"	"not_assessed"	"not_assessed"	"false_pending_alpha_and_reestimated_beta"	"full_text_and_source_table_verified"	"Corrected SMR row; no colocalization table was reported."	"data_raw\literature_fulltext\PMID40327005_PMC12063708\supplements\tvst-14-5-8_s003.xlsx"	"Supplementary table 7"	"15"	"published_beta"	"moderate"	"partially_overlapping"	"AMD_multi_platform_2025"	"not_applicable_to_published_beta"	"OR=exp(reported SMR beta)"
"EVID_38903171_VARS1_c4efe12134cc"	"VARS1"	"VARS1"	"not_reported"	"VARS1"	"ENSG00000204394"	"deCODE"	"not_reported"	"AMD"	"wet_AMD"	"FinnGen R10 wet_AMD"	"Pu KL"	"2024"	"Frontiers in neurology"	"38903171"	"10.3389/fneur.2024.1400557"	"peer_reviewed"	"deCODE"	"35559"	"European"	"top_cis_pQTL"	"top cis-pQTL within +/-1 Mb; P<5e-8; SMR"	"rs550671"	"SMR"	"-2.20886"	"0.289329"	"0.10982577856539592"	"not_reported"	"not_reported"	"2.268534e-14"	"Benjamini-Hochberg FDR"	"true"	"coloc.abf single-causal-variant"	"NA"	"2.268534e-14"	"0.02338408"	"cross-platform and FinnGen replication tables reported"	"partially_overlapping_cross_platform"	"higher_protein_lower_risk"	"FinnGen_R10_WET_AMD"	"same_FinnGen_resource_different_release_R10_vs_R12"	"true_different_release"	"Tier2"	"false"	"requires_platform_review"	"literature_source_universe_tier2"	"no_strong_colocalization_or_independent_replication"	"not_assessed"	"not_assessed"	"not_assessed"	"false_pending_alpha_and_reestimated_beta"	"full_text_and_source_table_verified"	"Only FDR<0.05 and HEIDI>0.01 rows retained; colocalization joined by reported gene label."	"data_raw\literature_fulltext\PMID38903171_PMC11187347\supplements\Table_1.XLSX"	"Supplementary Table 4"	"620"	"published_beta"	"high"	"partially_overlapping"	"AMD_FinnGen_UKB_deCODE"	"not_applicable_to_published_beta"	"OR=exp(reported SMR beta)"
"EVID_40327005_VARS1_8331ca5b7a9c"	"VARS1"	"VARS1"	"not_reported"	"VARS1"	"gene-level label only"	"deCODE"	"not_reported"	"AMD"	"wet_AMD"	"wet_AMD"	"Chen C"	"2025"	"Translational vision science & technology"	"40327005"	"10.1167/tvst.14.5.8"	"peer_reviewed"	"deCODE"	"35559"	"European"	"top_cis_pQTL_SMR"	"top cis-pQTL used in SMR"	"rs550671"	"SMR"	"-2.17048"	"0.294552"	"0.11412282480587649"	"not_reported"	"not_reported"	"1.722466e-13"	"Benjamini-Hochberg FDR"	"true"	"not_reported"	"not_reported"	"1.722466e-13"	"0.03233359"	"cross-platform comparison"	"partially_overlapping_cross_platform"	"higher_protein_lower_risk"	"study-specific AMD GWAS"	"requires_manual_verification"	"unclear"	"Tier2"	"false"	"requires_platform_review"	"literature_source_universe_tier2"	"mapping_not_high_confidence;no_strong_colocalization_or_independent_replication"	"not_assessed"	"not_assessed"	"not_assessed"	"false_pending_alpha_and_reestimated_beta"	"full_text_and_source_table_verified"	"Corrected SMR row; no colocalization table was reported."	"data_raw\literature_fulltext\PMID40327005_PMC12063708\supplements\tvst-14-5-8_s003.xlsx"	"Supplementary table 7"	"10"	"published_beta"	"moderate"	"partially_overlapping"	"AMD_multi_platform_2025"	"not_applicable_to_published_beta"	"OR=exp(reported SMR beta)"
"EVID_38903171_VTN_554b8c719599"	"VTN"	"VTN"	"not_reported"	"VTN"	"ENSG00000109072"	"deCODE"	"not_reported"	"AMD"	"wet_AMD"	"FinnGen R10 wet_AMD"	"Pu KL"	"2024"	"Frontiers in neurology"	"38903171"	"10.3389/fneur.2024.1400557"	"peer_reviewed"	"deCODE"	"35559"	"European"	"top_cis_pQTL"	"top cis-pQTL within +/-1 Mb; P<5e-8; SMR"	"rs704"	"SMR"	"0.0576204"	"0.015991"	"1.0593128042386868"	"not_reported"	"not_reported"	"0.00031421"	"Benjamini-Hochberg FDR"	"true"	"coloc.abf single-causal-variant"	"0.770489896297159"	"0.00031421"	"0.3320924"	"cross-platform and FinnGen replication tables reported"	"partially_overlapping_cross_platform"	"higher_protein_higher_risk"	"FinnGen_R10_WET_AMD"	"same_FinnGen_resource_different_release_R10_vs_R12"	"true_different_release"	"Tier1"	"false"	"requires_platform_review"	"primary_high_confidence_panel"	"NA"	"false"	"false"	"not_available_or_target_mapping_unresolved"	"false"	"full_text_and_source_table_verified"	"Only FDR<0.05 and HEIDI>0.01 rows retained; colocalization joined by reported gene label."	"data_raw\literature_fulltext\PMID38903171_PMC11187347\supplements\Table_1.XLSX"	"Supplementary Table 4"	"1388"	"published_beta"	"high"	"partially_overlapping"	"AMD_FinnGen_UKB_deCODE"	"not_applicable_to_published_beta"	"OR=exp(reported SMR beta)"
"EVID_40327005_VTN_da7cf9827e06"	"VTN"	"VTN"	"not_reported"	"VTN"	"gene-level label only"	"deCODE"	"not_reported"	"AMD"	"wet_AMD"	"wet_AMD"	"Chen C"	"2025"	"Translational vision science & technology"	"40327005"	"10.1167/tvst.14.5.8"	"peer_reviewed"	"deCODE"	"35559"	"European"	"top_cis_pQTL_SMR"	"top cis-pQTL used in SMR"	"rs704"	"SMR"	"0.0630628"	"0.0165365"	"1.065093725017001"	"not_reported"	"not_reported"	"0.0001369894"	"Benjamini-Hochberg FDR"	"true"	"not_reported"	"not_reported"	"0.0001369894"	"0.2410181"	"cross-platform comparison"	"partially_overlapping_cross_platform"	"higher_protein_higher_risk"	"study-specific AMD GWAS"	"requires_manual_verification"	"unclear"	"Tier2"	"false"	"requires_platform_review"	"literature_source_universe_tier2"	"mapping_not_high_confidence;no_strong_colocalization_or_independent_replication"	"not_assessed"	"not_assessed"	"not_assessed"	"false_pending_alpha_and_reestimated_beta"	"full_text_and_source_table_verified"	"Corrected SMR row; no colocalization table was reported."	"data_raw\literature_fulltext\PMID40327005_PMC12063708\supplements\tvst-14-5-8_s003.xlsx"	"Supplementary table 7"	"24"	"published_beta"	"moderate"	"partially_overlapping"	"AMD_multi_platform_2025"	"not_applicable_to_published_beta"	"OR=exp(reported SMR beta)"
"EVID_38903171_WARS1_01d9382a14dc"	"WARS1"	"WARS1"	"not_reported"	"WARS1"	"ENSG00000140105"	"deCODE"	"not_reported"	"AMD"	"wet_AMD"	"FinnGen R10 wet_AMD"	"Pu KL"	"2024"	"Frontiers in neurology"	"38903171"	"10.3389/fneur.2024.1400557"	"peer_reviewed"	"deCODE"	"35559"	"European"	"top_cis_pQTL"	"top cis-pQTL within +/-1 Mb; P<5e-8; SMR"	"rs2273804"	"SMR"	"0.413301"	"0.0999962"	"1.511800009258355"	"not_reported"	"not_reported"	"3.578049e-05"	"Benjamini-Hochberg FDR"	"true"	"coloc.abf single-causal-variant"	"NA"	"3.578049e-05"	"0.838281"	"cross-platform and FinnGen replication tables reported"	"partially_overlapping_cross_platform"	"higher_protein_higher_risk"	"FinnGen_R10_WET_AMD"	"same_FinnGen_resource_different_release_R10_vs_R12"	"true_different_release"	"Tier2"	"false"	"requires_platform_review"	"literature_source_universe_tier2"	"no_strong_colocalization_or_independent_replication"	"not_assessed"	"not_assessed"	"not_assessed"	"false_pending_alpha_and_reestimated_beta"	"full_text_and_source_table_verified"	"Only FDR<0.05 and HEIDI>0.01 rows retained; colocalization joined by reported gene label."	"data_raw\literature_fulltext\PMID38903171_PMC11187347\supplements\Table_1.XLSX"	"Supplementary Table 4"	"1245"	"published_beta"	"high"	"partially_overlapping"	"AMD_FinnGen_UKB_deCODE"	"not_applicable_to_published_beta"	"OR=exp(reported SMR beta)"
"EVID_38903171_WARS1_28c28064801a"	"WARS1"	"WARS1"	"not_reported"	"WARS1"	"ENSG00000140105"	"UKB-PPP_Olink"	"not_reported"	"AMD"	"wet_AMD"	"FinnGen R10 wet_AMD"	"Pu KL"	"2024"	"Frontiers in neurology"	"38903171"	"10.3389/fneur.2024.1400557"	"peer_reviewed"	"UKB-PPP_Olink"	"54219"	"European"	"top_cis_pQTL"	"top cis-pQTL within +/-1 Mb; P<5e-8; SMR"	"rs2273804"	"SMR"	"0.409217"	"0.0987528"	"1.5056384085732806"	"not_reported"	"not_reported"	"3.415285e-05"	"Benjamini-Hochberg FDR"	"true"	"coloc.abf single-causal-variant"	"NA"	"3.415285e-05"	"0.9606953"	"cross-platform and FinnGen replication tables reported"	"partially_overlapping_cross_platform"	"higher_protein_higher_risk"	"FinnGen_R10_WET_AMD"	"same_FinnGen_resource_different_release_R10_vs_R12"	"true_different_release"	"Tier2"	"false"	"requires_platform_review"	"literature_source_universe_tier2"	"no_strong_colocalization_or_independent_replication"	"not_assessed"	"not_assessed"	"not_assessed"	"false_pending_alpha_and_reestimated_beta"	"full_text_and_source_table_verified"	"Only FDR<0.05 and HEIDI>0.01 rows retained; colocalization joined by reported gene label."	"data_raw\literature_fulltext\PMID38903171_PMC11187347\supplements\Table_1.XLSX"	"Supplementary Table 8"	"1428"	"published_beta"	"high"	"partially_overlapping"	"AMD_FinnGen_UKB_deCODE"	"not_applicable_to_published_beta"	"OR=exp(reported SMR beta)"
"EVID_40327005_WARS1_0cae854dba0a"	"WARS1"	"WARS1"	"not_reported"	"WARS1"	"gene-level label only"	"UKB-PPP Olink"	"not_reported"	"AMD"	"wet_AMD"	"wet_AMD"	"Chen C"	"2025"	"Translational vision science & technology"	"40327005"	"10.1167/tvst.14.5.8"	"peer_reviewed"	"UKB-PPP Olink"	"54219"	"European"	"top_cis_pQTL_SMR"	"top cis-pQTL used in SMR"	"rs2273804"	"SMR"	"0.471426"	"0.102251"	"1.6022774124853203"	"not_reported"	"not_reported"	"4.017389e-06"	"Benjamini-Hochberg FDR"	"true"	"not_reported"	"not_reported"	"4.017389e-06"	"0.9608898"	"cross-platform comparison"	"partially_overlapping_cross_platform"	"higher_protein_higher_risk"	"study-specific AMD GWAS"	"requires_manual_verification"	"unclear"	"Tier2"	"false"	"requires_platform_review"	"literature_source_universe_tier2"	"mapping_not_high_confidence;no_strong_colocalization_or_independent_replication"	"not_assessed"	"not_assessed"	"not_assessed"	"false_pending_alpha_and_reestimated_beta"	"full_text_and_source_table_verified"	"Corrected SMR row; no colocalization table was reported."	"data_raw\literature_fulltext\PMID40327005_PMC12063708\supplements\tvst-14-5-8_s003.xlsx"	"Supplementary table 8"	"1912"	"published_beta"	"moderate"	"partially_overlapping"	"AMD_multi_platform_2025"	"not_applicable_to_published_beta"	"OR=exp(reported SMR beta)"
"EVID_40327005_WARS1_7078c652d539"	"WARS1"	"WARS1"	"not_reported"	"WARS1"	"gene-level label only"	"deCODE"	"not_reported"	"AMD"	"wet_AMD"	"wet_AMD"	"Chen C"	"2025"	"Translational vision science & technology"	"40327005"	"10.1167/tvst.14.5.8"	"peer_reviewed"	"deCODE"	"35559"	"European"	"top_cis_pQTL_SMR"	"top cis-pQTL used in SMR"	"rs2273804"	"SMR"	"0.476131"	"0.103602"	"1.6098338903855007"	"not_reported"	"not_reported"	"4.311338e-06"	"Benjamini-Hochberg FDR"	"true"	"not_reported"	"not_reported"	"4.311338e-06"	"0.6327931"	"cross-platform comparison"	"partially_overlapping_cross_platform"	"higher_protein_higher_risk"	"study-specific AMD GWAS"	"requires_manual_verification"	"unclear"	"Tier2"	"false"	"requires_platform_review"	"literature_source_universe_tier2"	"mapping_not_high_confidence;no_strong_colocalization_or_independent_replication"	"not_assessed"	"not_assessed"	"not_assessed"	"false_pending_alpha_and_reestimated_beta"	"full_text_and_source_table_verified"	"Corrected SMR row; no colocalization table was reported."	"data_raw\literature_fulltext\PMID40327005_PMC12063708\supplements\tvst-14-5-8_s003.xlsx"	"Supplementary table 7"	"19"	"published_beta"	"moderate"	"partially_overlapping"	"AMD_multi_platform_2025"	"not_applicable_to_published_beta"	"OR=exp(reported SMR beta)"
